SMILES,type,EO,PO,CMC,AW_ST_CMC,Gamma_max,Area_min,Pi_CMC,pC20,source
CCCCCCCCC(O)CO,nonionic,0,0,0.0022999999999068293,,,,,,P2SURF; Single_Surfactant_CMC/total_smile_and_property.csv; experimental CMC dataset; logCMC(uM)=3.36172784 converted to mol/L; https://github.com/sandialabs/P2SURF
CCCCCCCCC(O)CCO,nonionic,0,0,0.0022999999999068293,,,,,,P2SURF; Single_Surfactant_CMC/total_smile_and_property.csv; experimental CMC dataset; logCMC(uM)=3.36172784 converted to mol/L; https://github.com/sandialabs/P2SURF
CCCCCCCCCCCCC(O)CCO,nonionic,0,0,1.299999999081526e-05,,,,,,P2SURF; Single_Surfactant_CMC/total_smile_and_property.csv; experimental CMC dataset; logCMC(uM)=1.11394335 converted to mol/L; https://github.com/sandialabs/P2SURF
CCCCCCCCOCCO,nonionic,1,0,0.004899999999678292,,,,,,P2SURF; Single_Surfactant_CMC/total_smile_and_property.csv; experimental CMC dataset; logCMC(uM)=3.69019608 converted to mol/L; https://github.com/sandialabs/P2SURF
CCCCCCCCOCCOCCOCCO,nonionic,3,0,0.007499999993235582,,,,,,P2SURF; Single_Surfactant_CMC/total_smile_and_property.csv; experimental CMC dataset; logCMC(uM)=3.87506126 converted to mol/L; https://github.com/sandialabs/P2SURF
CCCCCCCCOCCOCCOCCOCCOCCO,nonionic,5,0,0.009199999992679831,,,,,,P2SURF; Single_Surfactant_CMC/total_smile_and_property.csv; experimental CMC dataset; logCMC(uM)=3.96378783 converted to mol/L; https://github.com/sandialabs/P2SURF
CCCCCCCCOCCOCCOCCOCCOCCOCCO,nonionic,6,0,0.009900000009174093,,,,,,P2SURF; Single_Surfactant_CMC/total_smile_and_property.csv; experimental CMC dataset; logCMC(uM)=3.9956352 converted to mol/L; https://github.com/sandialabs/P2SURF
CCCCCCCCCCOCCOCCOCCOCCO,nonionic,4,0,0.0006800000004599625,,,,,,P2SURF; Single_Surfactant_CMC/total_smile_and_property.csv; experimental CMC dataset; logCMC(uM)=2.83250891 converted to mol/L; https://github.com/sandialabs/P2SURF
CCCCCCCCCCOCCOCCOCCOCCOCCO,nonionic,5,0,0.000759999999508625,,,,,,P2SURF; Single_Surfactant_CMC/total_smile_and_property.csv; experimental CMC dataset; logCMC(uM)=2.88081359 converted to mol/L; https://github.com/sandialabs/P2SURF
CCCCCCCCCCOCCOCCOCCOCCOCCOCCO,nonionic,6,0,0.0008999999990895758,,,,,,P2SURF; Single_Surfactant_CMC/total_smile_and_property.csv; experimental CMC dataset; logCMC(uM)=2.95424251 converted to mol/L; https://github.com/sandialabs/P2SURF
CCCCCCCCCCOCCOCCOCCOCCOCCOCCOCCOCCO,nonionic,8,0,0.001,,,,,,P2SURF; Single_Surfactant_CMC/total_smile_and_property.csv; experimental CMC dataset; logCMC(uM)=3 converted to mol/L; https://github.com/sandialabs/P2SURF
CCCCCCCCCCCOCCOCCOCCOCCOCCOCCOCCOCCO,nonionic,8,0,0.0003000000001936504,,,,,,P2SURF; Single_Surfactant_CMC/total_smile_and_property.csv; experimental CMC dataset; logCMC(uM)=2.47712126 converted to mol/L; https://github.com/sandialabs/P2SURF
CCCCCCCCCCCCOCCOCCO,nonionic,2,0,3.300000000927876e-05,,,,,,P2SURF; Single_Surfactant_CMC/total_smile_and_property.csv; experimental CMC dataset; logCMC(uM)=1.51851394 converted to mol/L; https://github.com/sandialabs/P2SURF
CCCCCCCCCCCCOCCOCCOCCO,nonionic,3,0,5.200000004372708e-05,,,,,,P2SURF; Single_Surfactant_CMC/total_smile_and_property.csv; experimental CMC dataset; logCMC(uM)=1.71600334 converted to mol/L; https://github.com/sandialabs/P2SURF
CCCCCCCCCCCCOCCOCCOCCOCCO,nonionic,4,0,6.400000000237447e-05,,,,,,P2SURF; Single_Surfactant_CMC/total_smile_and_property.csv; experimental CMC dataset; logCMC(uM)=1.80617997 converted to mol/L; https://github.com/sandialabs/P2SURF
CCCCCCCCCCCCOCCOCCOCCOCCOCCO,nonionic,5,0,6.400000000237447e-05,,,,,,P2SURF; Single_Surfactant_CMC/total_smile_and_property.csv; experimental CMC dataset; logCMC(uM)=1.80617997 converted to mol/L; https://github.com/sandialabs/P2SURF
CCCCCCCCCCCCOCCOCCOCCOCCOCCOCCOCCO,nonionic,7,0,8.199999992754979e-05,,,,,,P2SURF; Single_Surfactant_CMC/total_smile_and_property.csv; experimental CMC dataset; logCMC(uM)=1.91381385 converted to mol/L; https://github.com/sandialabs/P2SURF
CCCCCCCCCCCCOCCOCCOCCOCCOCCOCCOCCOCCO,nonionic,8,0,0.00010900000001490235,,,,,,P2SURF; Single_Surfactant_CMC/total_smile_and_property.csv; experimental CMC dataset; logCMC(uM)=2.0374265 converted to mol/L; https://github.com/sandialabs/P2SURF
CCCCCCCCCCCCCOCCOCCOCCOCCOCCO,nonionic,5,0,4.899999999678287e-05,,,,,,P2SURF; Single_Surfactant_CMC/total_smile_and_property.csv; experimental CMC dataset; logCMC(uM)=1.69019608 converted to mol/L; https://github.com/sandialabs/P2SURF
CCCCCCCCCCCCCOCCOCCOCCOCCOCCOCCOCCOCCO,nonionic,8,0,2.6999999990115812e-05,,,,,,P2SURF; Single_Surfactant_CMC/total_smile_and_property.csv; experimental CMC dataset; logCMC(uM)=1.43136376 converted to mol/L; https://github.com/sandialabs/P2SURF
CCCCCCCCCCCCCCOCCOCCOCCOCCOCCOCCO,nonionic,6,0,1e-05,,,,,,P2SURF; Single_Surfactant_CMC/total_smile_and_property.csv; experimental CMC dataset; logCMC(uM)=1 converted to mol/L; https://github.com/sandialabs/P2SURF
CCCCCCCCCCCCCCOCCOCCOCCOCCOCCOCCOCCOCCO,nonionic,8,0,8.999999990895758e-06,,,,,,P2SURF; Single_Surfactant_CMC/total_smile_and_property.csv; experimental CMC dataset; logCMC(uM)=0.954242509 converted to mol/L; https://github.com/sandialabs/P2SURF
CCCCCCCCCCCCCCCOCCOCCOCCOCCOCCOCCOCCOCCO,nonionic,8,0,3.4999999971771144e-06,,,,,,P2SURF; Single_Surfactant_CMC/total_smile_and_property.csv; experimental CMC dataset; logCMC(uM)=0.544068044 converted to mol/L; https://github.com/sandialabs/P2SURF
CCCCCCCCCCCCCCCCOCCOCCOCCOCCOCCOCCO,nonionic,6,0,1.6599999998468975e-06,,,,,,P2SURF; Single_Surfactant_CMC/total_smile_and_property.csv; experimental CMC dataset; logCMC(uM)=0.220108088 converted to mol/L; https://github.com/sandialabs/P2SURF
CCCCCCCCCCCCCCCCOCCOCCOCCOCCOCCOCCOCCO,nonionic,7,0,1.6999999985192859e-06,,,,,,P2SURF; Single_Surfactant_CMC/total_smile_and_property.csv; experimental CMC dataset; logCMC(uM)=0.230448921 converted to mol/L; https://github.com/sandialabs/P2SURF
CCCCCCCCCCCCCCCCOCCOCCOCCOCCOCCOCCOCCOCCOCCO,nonionic,9,0,2.1000000012866145e-06,,,,,,P2SURF; Single_Surfactant_CMC/total_smile_and_property.csv; experimental CMC dataset; logCMC(uM)=0.322219295 converted to mol/L; https://github.com/sandialabs/P2SURF
CCCCCCCCCCCCCCCCOCCOCCOCCOCCOCCOCCOCCOCCOCCOCCOCCOCCO,nonionic,12,0,2.2999999999068293e-06,,,,,,P2SURF; Single_Surfactant_CMC/total_smile_and_property.csv; experimental CMC dataset; logCMC(uM)=0.361727836 converted to mol/L; https://github.com/sandialabs/P2SURF
CCCCCCCCCCCCCCCCOCCOCCOCCOCCOCCOCCOCCOCCOCCOCCOCCOCCOCCOCCOCCO,nonionic,15,0,3.1000000011829645e-06,,,,,,P2SURF; Single_Surfactant_CMC/total_smile_and_property.csv; experimental CMC dataset; logCMC(uM)=0.491361694 converted to mol/L; https://github.com/sandialabs/P2SURF
CCCCCCCCCCCCCCCCOCCOCCOCCOCCOCCOCCOCCOCCOCCOCCOCCOCCOCCOCCOCCOCCOCCOCCOCCOCCOCCO,nonionic,21,0,3.899999999762034e-06,,,,,,P2SURF; Single_Surfactant_CMC/total_smile_and_property.csv; experimental CMC dataset; logCMC(uM)=0.591064607 converted to mol/L; https://github.com/sandialabs/P2SURF
CCCCCCCCCCCC(=O)N(CCO)CCO,nonionic,0,0,0.0002640000000791274,,,,,,P2SURF; Single_Surfactant_CMC/total_smile_and_property.csv; experimental CMC dataset; logCMC(uM)=2.42160393 converted to mol/L; https://github.com/sandialabs/P2SURF
OCCOCCOCCSCCC(F)(F)C(F)(F)C(F)(F)C(F)(F)C(F)(F)C(F)(F)F,nonionic,3,0,0.0025000000018879035,,,,,,P2SURF; Single_Surfactant_CMC/total_smile_and_property.csv; experimental CMC dataset; logCMC(uM)=3.39794001 converted to mol/L; https://github.com/sandialabs/P2SURF
OCCOCCOCCOCCSCCC(F)(F)C(F)(F)C(F)(F)C(F)(F)C(F)(F)C(F)(F)F,nonionic,4,0,0.0027999999977936303,,,,,,P2SURF; Single_Surfactant_CMC/total_smile_and_property.csv; experimental CMC dataset; logCMC(uM)=3.44715803 converted to mol/L; https://github.com/sandialabs/P2SURF
OCCOCCOCCOCCOCCOCCSCCC(F)(F)C(F)(F)C(F)(F)C(F)(F)C(F)(F)C(F)(F)F,nonionic,6,0,0.0036999999994292328,,,,,,P2SURF; Single_Surfactant_CMC/total_smile_and_property.csv; experimental CMC dataset; logCMC(uM)=3.56820172 converted to mol/L; https://github.com/sandialabs/P2SURF
OCCOCCOCCOCCOCCOCCOCCOCCSCCC(F)(F)C(F)(F)C(F)(F)C(F)(F)C(F)(F)C(F)(F)F,nonionic,8,0,0.0047999999958488575,,,,,,P2SURF; Single_Surfactant_CMC/total_smile_and_property.csv; experimental CMC dataset; logCMC(uM)=3.68124124 converted to mol/L; https://github.com/sandialabs/P2SURF
CCCCCCNC(=O)C(O)C(O)C(OC1OC(CO)C(O)C(O)C1O)C(O)CO,nonionic,0,0,0.08299999992812687,,,,,,P2SURF; Single_Surfactant_CMC/total_smile_and_property.csv; experimental CMC dataset; logCMC(uM)=4.91907809 converted to mol/L; https://github.com/sandialabs/P2SURF
CC(C)(C)CC(C)(C)c1ccc(OCCOCCOCCOCCOCCOCCOCCOCCOCCOCCO)cc1,nonionic,10,0,0.00033000000009278765,,,,,,P2SURF; Single_Surfactant_CMC/total_smile_and_property.csv; experimental CMC dataset; logCMC(uM)=2.51851394 converted to mol/L; https://github.com/sandialabs/P2SURF
CC(C)(C)CC(C)(C)c1ccc(OCCOCCO)cc1,nonionic,2,0,0.00012999999990815275,,,,,,P2SURF; Single_Surfactant_CMC/total_smile_and_property.csv; experimental CMC dataset; logCMC(uM)=2.11394335 converted to mol/L; https://github.com/sandialabs/P2SURF
CC(C)(C)CC(C)(C)c1ccc(OCCOCCOCCO)cc1,nonionic,3,0,9.699999994053391e-05,,,,,,P2SURF; Single_Surfactant_CMC/total_smile_and_property.csv; experimental CMC dataset; logCMC(uM)=1.98677173 converted to mol/L; https://github.com/sandialabs/P2SURF
CC(C)(C)CC(C)(C)c1ccc(OCCOCCOCCOCCO)cc1,nonionic,4,0,0.00012999999990815275,,,,,,P2SURF; Single_Surfactant_CMC/total_smile_and_property.csv; experimental CMC dataset; logCMC(uM)=2.11394335 converted to mol/L; https://github.com/sandialabs/P2SURF
CC(C)(C)CC(C)(C)c1ccc(OCCOCCOCCOCCOCCO)cc1,nonionic,5,0,0.0001499999999807684,,,,,,P2SURF; Single_Surfactant_CMC/total_smile_and_property.csv; experimental CMC dataset; logCMC(uM)=2.17609126 converted to mol/L; https://github.com/sandialabs/P2SURF
CC(C)(C)CC(C)(C)c1ccc(OCCOCCOCCOCCOCCOCCO)cc1,nonionic,6,0,0.00021000000012866144,,,,,,P2SURF; Single_Surfactant_CMC/total_smile_and_property.csv; experimental CMC dataset; logCMC(uM)=2.3222193 converted to mol/L; https://github.com/sandialabs/P2SURF
CC(C)(C)CC(C)(C)c1ccc(OCCOCCOCCOCCOCCOCCOCCO)cc1,nonionic,7,0,0.00025000000018879034,,,,,,P2SURF; Single_Surfactant_CMC/total_smile_and_property.csv; experimental CMC dataset; logCMC(uM)=2.39794001 converted to mol/L; https://github.com/sandialabs/P2SURF
CC(C)(C)CC(C)(C)c1ccc(OCCOCCOCCOCCOCCOCCOCCOCCO)cc1,nonionic,8,0,0.000279999999779363,,,,,,P2SURF; Single_Surfactant_CMC/total_smile_and_property.csv; experimental CMC dataset; logCMC(uM)=2.44715803 converted to mol/L; https://github.com/sandialabs/P2SURF
CC(C)(C)CC(C)(C)c1ccc(OCCOCCOCCOCCOCCOCCOCCOCCOCCO)cc1,nonionic,9,0,0.0003000000001936504,,,,,,P2SURF; Single_Surfactant_CMC/total_smile_and_property.csv; experimental CMC dataset; logCMC(uM)=2.47712126 converted to mol/L; https://github.com/sandialabs/P2SURF
CCCCCCCCC=CCCCCCCCC(=O)OC1(OC2(CO)OC(CO)C(O)C2O)OC(CO)C(O)C(O)C1O,nonionic,0,0,5.099999998849914e-06,,,,,,P2SURF; Single_Surfactant_CMC/total_smile_and_property.csv; experimental CMC dataset; logCMC(uM)=0.707570176 converted to mol/L; https://github.com/sandialabs/P2SURF
CCCCCCCCCC(=O)CC(=O)NC1CCOC1=O,nonionic,0,0,9.699999994053391e-05,,,,,,P2SURF; Single_Surfactant_CMC/total_smile_and_property.csv; experimental CMC dataset; logCMC(uM)=1.98677173 converted to mol/L; https://github.com/sandialabs/P2SURF
CCCCCC(=O)CC(=O)NC1CCOC1=O,nonionic,0,0,0.0021700000007568387,,,,,,P2SURF; Single_Surfactant_CMC/total_smile_and_property.csv; experimental CMC dataset; logCMC(uM)=3.33645973 converted to mol/L; https://github.com/sandialabs/P2SURF
CCCCCCCCCCCC(=O)NC1CCOC1=O,nonionic,0,0,3.999999996979354e-06,,,,,,P2SURF; Single_Surfactant_CMC/total_smile_and_property.csv; experimental CMC dataset; logCMC(uM)=0.602059991 converted to mol/L; https://github.com/sandialabs/P2SURF
CCCCCCCCCCCCCCCC(=O)NC1CCOC1=O,nonionic,0,0,1.60000000126762e-07,,,,,,P2SURF; Single_Surfactant_CMC/total_smile_and_property.csv; experimental CMC dataset; logCMC(uM)=-0.795880017 converted to mol/L; https://github.com/sandialabs/P2SURF
CCCCCCCCOCC(O)CO,nonionic,0,0,0.005800000005836972,,,,,,P2SURF; Single_Surfactant_CMC/total_smile_and_property.csv; experimental CMC dataset; logCMC(uM)=3.76342799 converted to mol/L; https://github.com/sandialabs/P2SURF
CCCCCCCCOC1OC(CO)C(O)C(O)C1O,nonionic,0,0,0.025000000018879035,,,,,,P2SURF; Single_Surfactant_CMC/total_smile_and_property.csv; experimental CMC dataset; logCMC(uM)=4.39794001 converted to mol/L; https://github.com/sandialabs/P2SURF
CCCCOCC(O)C(O)C(O)CO,nonionic,0,0,0.05800000005836966,,,,,,P2SURF; Single_Surfactant_CMC/total_smile_and_property.csv; experimental CMC dataset; logCMC(uM)=4.76342799 converted to mol/L; https://github.com/sandialabs/P2SURF
CCCCCCCCCC(=O)OCC(O)C(O)C(O)CO,nonionic,0,0,0.0017999999995718331,,,,,,P2SURF; Single_Surfactant_CMC/total_smile_and_property.csv; experimental CMC dataset; logCMC(uM)=3.25527251 converted to mol/L; https://github.com/sandialabs/P2SURF
CCCCCCC(=O)OCC(O)C(O)C(O)CO,nonionic,0,0,0.01,,,,,,P2SURF; Single_Surfactant_CMC/total_smile_and_property.csv; experimental CMC dataset; logCMC(uM)=4 converted to mol/L; https://github.com/sandialabs/P2SURF
CCCCCCCOCC(O)C(O)C(O)CO,nonionic,0,0,0.009199999992679831,,,,,,P2SURF; Single_Surfactant_CMC/total_smile_and_property.csv; experimental CMC dataset; logCMC(uM)=3.96378783 converted to mol/L; https://github.com/sandialabs/P2SURF
CCCCCC(=O)OCC(O)C(O)C(O)CO,nonionic,0,0,0.05800000005836966,,,,,,P2SURF; Single_Surfactant_CMC/total_smile_and_property.csv; experimental CMC dataset; logCMC(uM)=4.76342799 converted to mol/L; https://github.com/sandialabs/P2SURF
CCCCCCOCC(O)C(O)C(O)CO,nonionic,0,0,0.00940000000866424,,,,,,P2SURF; Single_Surfactant_CMC/total_smile_and_property.csv; experimental CMC dataset; logCMC(uM)=3.97312785 converted to mol/L; https://github.com/sandialabs/P2SURF
CCCCCCCCC(=O)OCC(O)C(O)C(O)CO,nonionic,0,0,0.004399999995074252,,,,,,P2SURF; Single_Surfactant_CMC/total_smile_and_property.csv; experimental CMC dataset; logCMC(uM)=3.64345268 converted to mol/L; https://github.com/sandialabs/P2SURF
CCCCCCCCCOCC(O)C(O)C(O)CO,nonionic,0,0,0.0021000000012866143,,,,,,P2SURF; Single_Surfactant_CMC/total_smile_and_property.csv; experimental CMC dataset; logCMC(uM)=3.3222193 converted to mol/L; https://github.com/sandialabs/P2SURF
CCCCCCCC(=O)OCC(O)C(O)C(O)CO,nonionic,0,0,0.017999999995718313,,,,,,P2SURF; Single_Surfactant_CMC/total_smile_and_property.csv; experimental CMC dataset; logCMC(uM)=4.2552725 converted to mol/L; https://github.com/sandialabs/P2SURF
CCCCCCCCOCC(O)C(O)C(O)CO,nonionic,0,0,0.006700000004615447,,,,,,P2SURF; Single_Surfactant_CMC/total_smile_and_property.csv; experimental CMC dataset; logCMC(uM)=3.8260748 converted to mol/L; https://github.com/sandialabs/P2SURF
CCCCC(=O)OCC(O)C(O)C(O)CO,nonionic,0,0,0.1199999999868408,,,,,,P2SURF; Single_Surfactant_CMC/total_smile_and_property.csv; experimental CMC dataset; logCMC(uM)=5.07918125 converted to mol/L; https://github.com/sandialabs/P2SURF
CCCCCOCC(O)C(O)C(O)CO,nonionic,0,0,0.0380000000335284,,,,,,P2SURF; Single_Surfactant_CMC/total_smile_and_property.csv; experimental CMC dataset; logCMC(uM)=4.5797836 converted to mol/L; https://github.com/sandialabs/P2SURF
CCCCSCC(O)C(O)C(O)CO,nonionic,0,0,0.1799999999571831,,,,,,P2SURF; Single_Surfactant_CMC/total_smile_and_property.csv; experimental CMC dataset; logCMC(uM)=5.2552725 converted to mol/L; https://github.com/sandialabs/P2SURF
CCCCCSCC(O)C(O)C(O)CO,nonionic,0,0,0.046000000033727284,,,,,,P2SURF; Single_Surfactant_CMC/total_smile_and_property.csv; experimental CMC dataset; logCMC(uM)=4.66275783 converted to mol/L; https://github.com/sandialabs/P2SURF
CCCCCC(CCCC)OC1OC(CO)C(O)C(O)C1O,nonionic,0,0,0.014999999998076826,,,,,,P2SURF; Single_Surfactant_CMC/total_smile_and_property.csv; experimental CMC dataset; logCMC(uM)=4.17609126 converted to mol/L; https://github.com/sandialabs/P2SURF
CCCCCCCC(CC)OC1OC(CO)C(O)C(O)C1O,nonionic,0,0,0.008500000005591852,,,,,,P2SURF; Single_Surfactant_CMC/total_smile_and_property.csv; experimental CMC dataset; logCMC(uM)=3.92941893 converted to mol/L; https://github.com/sandialabs/P2SURF
CCCCCCCCC(C)OC1OC(CO)C(O)C(O)C1O,nonionic,0,0,0.004500000002327804,,,,,,P2SURF; Single_Surfactant_CMC/total_smile_and_property.csv; experimental CMC dataset; logCMC(uM)=3.65321251 converted to mol/L; https://github.com/sandialabs/P2SURF
CCCCCCC(CCC)OC1OC(CO)C(O)C(O)C1O,nonionic,0,0,0.01199999999868408,,,,,,P2SURF; Single_Surfactant_CMC/total_smile_and_property.csv; experimental CMC dataset; logCMC(uM)=4.07918125 converted to mol/L; https://github.com/sandialabs/P2SURF
CCCCCCCCCCCC(=O)OCC1OC(OC2C(CO)OC(O)C(O)C2O)C(O)C(O)C1O,nonionic,0,0,0.00033000000009278765,,,,,,P2SURF; Single_Surfactant_CMC/total_smile_and_property.csv; experimental CMC dataset; logCMC(uM)=2.51851394 converted to mol/L; https://github.com/sandialabs/P2SURF
CCCCCCCC(CCCCCC)SCCC(=O)OCC1(O)C(O)C(O)C(O)C1O,nonionic,0,0,6.299999993420215e-06,,,,,,P2SURF; Single_Surfactant_CMC/total_smile_and_property.csv; experimental CMC dataset; logCMC(uM)=0.799340549 converted to mol/L; https://github.com/sandialabs/P2SURF
CCCCCCCCCC(=O)N(C)CC(O)C(O)C(O)C(O)CO,nonionic,0,0,0.006700000004615447,,,,,,P2SURF; Single_Surfactant_CMC/total_smile_and_property.csv; experimental CMC dataset; logCMC(uM)=3.8260748 converted to mol/L; https://github.com/sandialabs/P2SURF
CCCCCCCCC(=O)N(C)CC(O)C(O)C(O)C(O)CO,nonionic,0,0,0.021000000012866143,,,,,,P2SURF; Single_Surfactant_CMC/total_smile_and_property.csv; experimental CMC dataset; logCMC(uM)=4.3222193 converted to mol/L; https://github.com/sandialabs/P2SURF
CCCCCCCC(=O)N(C)CC(O)C(O)C(O)C(O)CO,nonionic,0,0,0.06900000004174447,,,,,,P2SURF; Single_Surfactant_CMC/total_smile_and_property.csv; experimental CMC dataset; logCMC(uM)=4.83884909 converted to mol/L; https://github.com/sandialabs/P2SURF
CCCCCCCCCCCC(=O)OCC1OC(OCC2OC(OC3(CO)OC(CO)C(O)C3O)C(O)C(O)C2O)C(O)C(O)C1O,nonionic,0,0,0.0009499999993681583,,,,,,P2SURF; Single_Surfactant_CMC/total_smile_and_property.csv; experimental CMC dataset; logCMC(uM)=2.9777236 converted to mol/L; https://github.com/sandialabs/P2SURF
CCCCCCCCCCCC(=O)OCC1OC(OCC2OC(OCC3OC(OC4(CO)OC(CO)C(O)C4O)C(O)C(O)C3O)C(O)C(O)C2O)C(O)C(O)C1O,nonionic,0,0,0.0022999999999068293,,,,,,P2SURF; Single_Surfactant_CMC/total_smile_and_property.csv; experimental CMC dataset; logCMC(uM)=3.36172784 converted to mol/L; https://github.com/sandialabs/P2SURF
CCCCCCCCCCCC(=O)OCC1OC(OC2(CO)OC(CO)C(O)C2O)C(O)C(O)C1O,nonionic,0,0,0.00046000000033727335,,,,,,P2SURF; Single_Surfactant_CMC/total_smile_and_property.csv; experimental CMC dataset; logCMC(uM)=2.66275783 converted to mol/L; https://github.com/sandialabs/P2SURF
CCCCCCCCCCSCC(O)C(O)C(O)CO,nonionic,0,0,0.00039999999969793544,,,,,,P2SURF; Single_Surfactant_CMC/total_smile_and_property.csv; experimental CMC dataset; logCMC(uM)=2.60205999 converted to mol/L; https://github.com/sandialabs/P2SURF
CCCCCCCCCCSC1OC(=O)C(O)C1O,nonionic,0,0,3.300000000927876e-05,,,,,,P2SURF; Single_Surfactant_CMC/total_smile_and_property.csv; experimental CMC dataset; logCMC(uM)=1.51851394 converted to mol/L; https://github.com/sandialabs/P2SURF
CCCCCCSCC(O)C(O)C(O)CO,nonionic,0,0,0.01199999999868408,,,,,,P2SURF; Single_Surfactant_CMC/total_smile_and_property.csv; experimental CMC dataset; logCMC(uM)=4.07918125 converted to mol/L; https://github.com/sandialabs/P2SURF
CCCCCCSC1OC(=O)C(O)C1O,nonionic,0,0,0.006700000004615447,,,,,,P2SURF; Single_Surfactant_CMC/total_smile_and_property.csv; experimental CMC dataset; logCMC(uM)=3.8260748 converted to mol/L; https://github.com/sandialabs/P2SURF
CCCCCCCCSCC(O)C(O)C(O)CO,nonionic,0,0,0.001199999999868408,,,,,,P2SURF; Single_Surfactant_CMC/total_smile_and_property.csv; experimental CMC dataset; logCMC(uM)=3.07918125 converted to mol/L; https://github.com/sandialabs/P2SURF
CCCCCCCCSC1OC(=O)C(O)C1O,nonionic,0,0,0.0004799999995848857,,,,,,P2SURF; Single_Surfactant_CMC/total_smile_and_property.csv; experimental CMC dataset; logCMC(uM)=2.68124124 converted to mol/L; https://github.com/sandialabs/P2SURF
CCCCCCCC(=O)NC1C(O)OC(CO)C(O)C1O,nonionic,0,0,0.045000000023278044,,,,,,P2SURF; Single_Surfactant_CMC/total_smile_and_property.csv; experimental CMC dataset; logCMC(uM)=4.65321251 converted to mol/L; https://github.com/sandialabs/P2SURF
CCCCCCCC(=O)NC1OC(CO)C(O)C(O)C1O,nonionic,0,0,0.06999999999770205,,,,,,P2SURF; Single_Surfactant_CMC/total_smile_and_property.csv; experimental CMC dataset; logCMC(uM)=4.84509804 converted to mol/L; https://github.com/sandialabs/P2SURF
CC(C)CCCC(C)CCOC1OC(CO)C(O)C(O)C1O,nonionic,0,0,0.003999999996979355,,,,,,P2SURF; Single_Surfactant_CMC/total_smile_and_property.csv; experimental CMC dataset; logCMC(uM)=3.60205999 converted to mol/L; https://github.com/sandialabs/P2SURF
CC(C)CCCC(C)CCOC1OC(CO)C(OC2OC(CO)C(O)C(O)C2O)C(O)C1O,nonionic,0,0,0.005300000004871852,,,,,,P2SURF; Single_Surfactant_CMC/total_smile_and_property.csv; experimental CMC dataset; logCMC(uM)=3.72427587 converted to mol/L; https://github.com/sandialabs/P2SURF
CC(C)CCCC(C)CCOC1OC(CO)C(OC2OC(CO)C(OC3OC(CO)C(O)C(O)C3O)C(O)C2O)C(O)C1O,nonionic,0,0,0.00499999999613144,,,,,,P2SURF; Single_Surfactant_CMC/total_smile_and_property.csv; experimental CMC dataset; logCMC(uM)=3.69897 converted to mol/L; https://github.com/sandialabs/P2SURF
CCCCCCCCCOC1OC(CO)C(O)C(O)C1N,nonionic,0,0,0.006999999999770205,,,,,,P2SURF; Single_Surfactant_CMC/total_smile_and_property.csv; experimental CMC dataset; logCMC(uM)=3.84509804 converted to mol/L; https://github.com/sandialabs/P2SURF
CCCCCCCCOC1OC(CO)C(O)C(O)C1N,nonionic,0,0,0.022999999999068294,,,,,,P2SURF; Single_Surfactant_CMC/total_smile_and_property.csv; experimental CMC dataset; logCMC(uM)=4.36172784 converted to mol/L; https://github.com/sandialabs/P2SURF
CCCCCCCCCCN(C)C(=O)C(O)C(O)C(O)C(O)CO,nonionic,0,0,0.0012999999990815274,,,,,,P2SURF; Single_Surfactant_CMC/total_smile_and_property.csv; experimental CMC dataset; logCMC(uM)=3.11394335 converted to mol/L; https://github.com/sandialabs/P2SURF
CCCCCCCCCCN(C)C(=O)C(O)C(O)C(OC1OC(CO)C(O)C(O)C1O)C(O)CO,nonionic,0,0,0.0022999999999068293,,,,,,P2SURF; Single_Surfactant_CMC/total_smile_and_property.csv; experimental CMC dataset; logCMC(uM)=3.36172784 converted to mol/L; https://github.com/sandialabs/P2SURF
CCCCCCCCCCCCN(C)C(=O)C(O)C(O)C(O)C(O)CO,nonionic,0,0,0.00014000000010372377,,,,,,P2SURF; Single_Surfactant_CMC/total_smile_and_property.csv; experimental CMC dataset; logCMC(uM)=2.14612804 converted to mol/L; https://github.com/sandialabs/P2SURF
CCCCCCCCCCCCN(C)C(=O)C(O)C(O)C(OC1OC(CO)C(O)C(O)C1O)C(O)CO,nonionic,0,0,0.00025000000018879034,,,,,,P2SURF; Single_Surfactant_CMC/total_smile_and_property.csv; experimental CMC dataset; logCMC(uM)=2.39794001 converted to mol/L; https://github.com/sandialabs/P2SURF
CCCCCCCCCCCCCCCCN(C)C(=O)C(O)C(O)C(OC1OC(CO)C(O)C(O)C1O)C(O)CO,nonionic,0,0,9.300000009552056e-06,,,,,,P2SURF; Single_Surfactant_CMC/total_smile_and_property.csv; experimental CMC dataset; logCMC(uM)=0.968482949 converted to mol/L; https://github.com/sandialabs/P2SURF
CCCCCCCCCCCCCCCCCCN(C)C(=O)C(O)C(O)C(OC1OC(CO)C(O)C(O)C1O)C(O)CO,nonionic,0,0,3.300000000927876e-06,,,,,,P2SURF; Single_Surfactant_CMC/total_smile_and_property.csv; experimental CMC dataset; logCMC(uM)=0.51851394 converted to mol/L; https://github.com/sandialabs/P2SURF
CCCCCCCCC=CCCCCCCCCN(C)C(=O)C(O)C(O)C(O)C(O)CO,nonionic,0,0,3.199999997642849e-05,,,,,,P2SURF; Single_Surfactant_CMC/total_smile_and_property.csv; experimental CMC dataset; logCMC(uM)=1.50514998 converted to mol/L; https://github.com/sandialabs/P2SURF
CCCCCCCCC=CCCCCCCCCN(C)C(=O)C(O)C(O)C(OC1OC(CO)C(O)C(O)C1O)C(O)CO,nonionic,0,0,5.400000002201201e-05,,,,,,P2SURF; Single_Surfactant_CMC/total_smile_and_property.csv; experimental CMC dataset; logCMC(uM)=1.73239376 converted to mol/L; https://github.com/sandialabs/P2SURF
CCCCCCCCCCCCCCN(C)C(=O)C(O)C(O)C(O)C(O)CO,nonionic,0,0,2.4000000015937224e-05,,,,,,P2SURF; Single_Surfactant_CMC/total_smile_and_property.csv; experimental CMC dataset; logCMC(uM)=1.38021124 converted to mol/L; https://github.com/sandialabs/P2SURF
CCCCCCCCCCCCCCN(C)C(=O)C(O)C(O)C(OC1OC(CO)C(O)C(O)C1O)C(O)CO,nonionic,0,0,3.600000001929029e-05,,,,,,P2SURF; Single_Surfactant_CMC/total_smile_and_property.csv; experimental CMC dataset; logCMC(uM)=1.5563025 converted to mol/L; https://github.com/sandialabs/P2SURF
CCCCCCCCCCCC(=O)N(C)CC(O)CO,nonionic,0,0,0.00022999999999068292,,,,,,P2SURF; Single_Surfactant_CMC/total_smile_and_property.csv; experimental CMC dataset; logCMC(uM)=2.36172784 converted to mol/L; https://github.com/sandialabs/P2SURF
CCCCCCCCCCCC(=O)N(C)CC(O)C(O)C(O)CO,nonionic,0,0,0.0003600000001929025,,,,,,P2SURF; Single_Surfactant_CMC/total_smile_and_property.csv; experimental CMC dataset; logCMC(uM)=2.5563025 converted to mol/L; https://github.com/sandialabs/P2SURF
CCCCCCCCCCOC1OC(CO)C(O)C(O)C1O,nonionic,0,0,0.0020000000015474237,,,,,,P2SURF; Single_Surfactant_CMC/total_smile_and_property.csv; experimental CMC dataset; logCMC(uM)=3.30103 converted to mol/L; https://github.com/sandialabs/P2SURF
CCCCCCCCCCOC1OC(CO)C(OC2OC(CO)C(O)C(O)C2O)C(O)C1O,nonionic,0,0,0.0020000000015474237,,,,,,P2SURF; Single_Surfactant_CMC/total_smile_and_property.csv; experimental CMC dataset; logCMC(uM)=3.30103 converted to mol/L; https://github.com/sandialabs/P2SURF
CCCCCCCCCCCCOC1OC(CO)C(O)C(O)C1O,nonionic,0,0,0.00019000000002063693,,,,,,P2SURF; Single_Surfactant_CMC/total_smile_and_property.csv; experimental CMC dataset; logCMC(uM)=2.2787536 converted to mol/L; https://github.com/sandialabs/P2SURF
CCCCCCCCC=CCCCCCCCC(=O)NCCOC1OC(CO)C(OC2OC(CO)C(O)C(O)C2O)C(O)C1O,nonionic,0,0,8.999999990895757e-05,,,,,,P2SURF; Single_Surfactant_CMC/total_smile_and_property.csv; experimental CMC dataset; logCMC(uM)=1.95424251 converted to mol/L; https://github.com/sandialabs/P2SURF
CCCCCCCCC=CCCCCCCCCOC1OC(CO)C(OC2OC(CO)C(O)C(O)C2O)C(O)C1O,nonionic,0,0,2.000000001547426e-05,,,,,,P2SURF; Single_Surfactant_CMC/total_smile_and_property.csv; experimental CMC dataset; logCMC(uM)=1.30103 converted to mol/L; https://github.com/sandialabs/P2SURF
CCCCCCCCC=CCCCCCCCCOC1OC(CO)C(OC2OC(CO)C(OC3OC(CO)C(O)C(O)C3O)C(O)C2O)C(O)C1O,nonionic,0,0,4.199999996151965e-05,,,,,,P2SURF; Single_Surfactant_CMC/total_smile_and_property.csv; experimental CMC dataset; logCMC(uM)=1.62324929 converted to mol/L; https://github.com/sandialabs/P2SURF
CCCCCCCCCCNC(=O)C(O)C(O)C(OC1OC(CO)C(O)C(O)C1O)C(O)CO,nonionic,0,0,0.0012999999990815274,,,,,,P2SURF; Single_Surfactant_CMC/total_smile_and_property.csv; experimental CMC dataset; logCMC(uM)=3.11394335 converted to mol/L; https://github.com/sandialabs/P2SURF
CCCCCCCCCCCCNC(=O)C(O)C(O)C(OC1OC(CO)C(O)C(O)C1O)C(O)CO,nonionic,0,0,0.00031000000011829643,,,,,,P2SURF; Single_Surfactant_CMC/total_smile_and_property.csv; experimental CMC dataset; logCMC(uM)=2.49136169 converted to mol/L; https://github.com/sandialabs/P2SURF
CCCCCCCCCCCCOC1OC(CO)C(OC2OC(CO)C(O)C(O)C2O)C(O)C1O,nonionic,0,0,0.00016999999985192857,,,,,,P2SURF; Single_Surfactant_CMC/total_smile_and_property.csv; experimental CMC dataset; logCMC(uM)=2.23044892 converted to mol/L; https://github.com/sandialabs/P2SURF
CCCCCCCCNC(=O)C(O)C(O)C(OC1OC(CO)C(O)C(O)C1O)C(O)CO,nonionic,0,0,0.0057000000042984654,,,,,,P2SURF; Single_Surfactant_CMC/total_smile_and_property.csv; experimental CMC dataset; logCMC(uM)=3.75587486 converted to mol/L; https://github.com/sandialabs/P2SURF
CCCCCCCCCC(=O)N(C)CC(O)C(O)C(OC1OC(CO)C(O)C(O)C1O)C(O)CO,nonionic,0,0,0.0033000000009278762,,,,,,P2SURF; Single_Surfactant_CMC/total_smile_and_property.csv; experimental CMC dataset; logCMC(uM)=3.51851394 converted to mol/L; https://github.com/sandialabs/P2SURF
CCCCCCCCCCCC(=O)N(C)CC(O)C(O)C(OC1OC(CO)C(O)C(O)C1O)C(O)CO,nonionic,0,0,0.0004500000002327804,,,,,,P2SURF; Single_Surfactant_CMC/total_smile_and_property.csv; experimental CMC dataset; logCMC(uM)=2.65321251 converted to mol/L; https://github.com/sandialabs/P2SURF
CCCCCCCCCCCCCC(=O)N(C)CC(O)C(O)C(OC1OC(CO)C(O)C(O)C1O)C(O)CO,nonionic,0,0,6.800000004599626e-05,,,,,,P2SURF; Single_Surfactant_CMC/total_smile_and_property.csv; experimental CMC dataset; logCMC(uM)=1.83250891 converted to mol/L; https://github.com/sandialabs/P2SURF
CCCCCCCCCOC1OC(CO)C(O)C(O)C1O,nonionic,0,0,0.006900000004174447,,,,,,P2SURF; Single_Surfactant_CMC/total_smile_and_property.csv; experimental CMC dataset; logCMC(uM)=3.83884909 converted to mol/L; https://github.com/sandialabs/P2SURF
CCCCCCCCSC1OC(CO)C(O)C(O)C1O,nonionic,0,0,0.008500000005591852,,,,,,P2SURF; Single_Surfactant_CMC/total_smile_and_property.csv; experimental CMC dataset; logCMC(uM)=3.92941893 converted to mol/L; https://github.com/sandialabs/P2SURF
CCCCCCOCCOCCOCCO,nonionic,3,0,0.1,,,,,,P2SURF; Single_Surfactant_CMC/total_smile_and_property.csv; experimental CMC dataset; logCMC(uM)=5 converted to mol/L; https://github.com/sandialabs/P2SURF
CCCCCCCCCCOCCOCCOCCO,nonionic,3,0,0.0005999999994699769,,,,,,P2SURF; Single_Surfactant_CMC/total_smile_and_property.csv; experimental CMC dataset; logCMC(uM)=2.77815125 converted to mol/L; https://github.com/sandialabs/P2SURF
CCCCCCCCCCCCOCCOCCOCCOCCOCCOCCO,nonionic,6,0,8.700000007640026e-05,,,,,,P2SURF; Single_Surfactant_CMC/total_smile_and_property.csv; experimental CMC dataset; logCMC(uM)=1.93951925 converted to mol/L; https://github.com/sandialabs/P2SURF
CCCCCCCCOCCOCCOCCOCCOCCOCCOCCOCCO,nonionic,8,0,0.012999999990815261,,,,,,P2SURF; Single_Surfactant_CMC/total_smile_and_property.csv; experimental CMC dataset; logCMC(uM)=4.11394335 converted to mol/L; https://github.com/sandialabs/P2SURF
CCCCCCCCCCOCCOCCOCCOCCOCCOCCOCCOCCOCCO,nonionic,9,0,0.0012999999990815274,,,,,,P2SURF; Single_Surfactant_CMC/total_smile_and_property.csv; experimental CMC dataset; logCMC(uM)=3.11394335 converted to mol/L; https://github.com/sandialabs/P2SURF
CCCCCCCC[N+](C)(C)C,cationic,0,0,0.14000000010372393,,,,,,P2SURF; Single_Surfactant_CMC/total_smile_and_property.csv; experimental CMC dataset; logCMC(uM)=5.14612804 converted to mol/L; https://github.com/sandialabs/P2SURF
CCCCCCCCCC[N+](C)(C)C,cationic,0,0,0.06800000004599625,,,,,,P2SURF; Single_Surfactant_CMC/total_smile_and_property.csv; experimental CMC dataset; logCMC(uM)=4.83250891 converted to mol/L; https://github.com/sandialabs/P2SURF
CCCCCCCCCCCC[N+](C)(C)C,cationic,0,0,0.0160000000126762,,,,,,P2SURF; Single_Surfactant_CMC/total_smile_and_property.csv; experimental CMC dataset; logCMC(uM)=4.20411998 converted to mol/L; https://github.com/sandialabs/P2SURF
CCCCCCCCCCCC[N+](C)(C)C,cationic,0,0,0.02000000001547422,,,,,,P2SURF; Single_Surfactant_CMC/total_smile_and_property.csv; experimental CMC dataset; logCMC(uM)=4.30103 converted to mol/L; https://github.com/sandialabs/P2SURF
CCCCCCCCCCCCCC[N+](C)(C)C,cationic,0,0,0.0036000000019290254,,,,,,P2SURF; Single_Surfactant_CMC/total_smile_and_property.csv; experimental CMC dataset; logCMC(uM)=3.5563025 converted to mol/L; https://github.com/sandialabs/P2SURF
CCCCCCCCCCCCCC[N+](C)(C)C,cationic,0,0,0.004500000002327804,,,,,,P2SURF; Single_Surfactant_CMC/total_smile_and_property.csv; experimental CMC dataset; logCMC(uM)=3.65321251 converted to mol/L; https://github.com/sandialabs/P2SURF
CCCCCCCCCCCCCCCC[N+](C)(C)C,cationic,0,0,0.0009800000006938952,,,,,,P2SURF; Single_Surfactant_CMC/total_smile_and_property.csv; experimental CMC dataset; logCMC(uM)=2.99122608 converted to mol/L; https://github.com/sandialabs/P2SURF
CCCCCCCCCC[n+]1ccccc1,cationic,0,0,0.04399999995074252,,,,,,P2SURF; Single_Surfactant_CMC/total_smile_and_property.csv; experimental CMC dataset; logCMC(uM)=4.64345268 converted to mol/L; https://github.com/sandialabs/P2SURF
CCCCCCCCCCC[n+]1ccccc1,cationic,0,0,0.021000000012866143,,,,,,P2SURF; Single_Surfactant_CMC/total_smile_and_property.csv; experimental CMC dataset; logCMC(uM)=4.3222193 converted to mol/L; https://github.com/sandialabs/P2SURF
CCCCCCCCCCCC[n+]1ccccc1,cationic,0,0,0.011399999991167763,,,,,,P2SURF; Single_Surfactant_CMC/total_smile_and_property.csv; experimental CMC dataset; logCMC(uM)=4.05690485 converted to mol/L; https://github.com/sandialabs/P2SURF
CCCCCCCCCCCC[n+]1ccccc1,cationic,0,0,0.01699999998519286,,,,,,P2SURF; Single_Surfactant_CMC/total_smile_and_property.csv; experimental CMC dataset; logCMC(uM)=4.23044892 converted to mol/L; https://github.com/sandialabs/P2SURF
CCCCCCCCCCCC[n+]1ccccc1,cationic,0,0,0.005300000004871852,,,,,,P2SURF; Single_Surfactant_CMC/total_smile_and_property.csv; experimental CMC dataset; logCMC(uM)=3.72427587 converted to mol/L; https://github.com/sandialabs/P2SURF
CCCCCCCCCCCCC[n+]1ccccc1,cationic,0,0,0.005300000004871852,,,,,,P2SURF; Single_Surfactant_CMC/total_smile_and_property.csv; experimental CMC dataset; logCMC(uM)=3.72427587 converted to mol/L; https://github.com/sandialabs/P2SURF
CCCCCCCCCCCCCC[n+]1ccccc1,cationic,0,0,0.002699999999011578,,,,,,P2SURF; Single_Surfactant_CMC/total_smile_and_property.csv; experimental CMC dataset; logCMC(uM)=3.43136376 converted to mol/L; https://github.com/sandialabs/P2SURF
CCCCCCCCCCCCCC[n+]1ccccc1,cationic,0,0,0.0034999999971771106,,,,,,P2SURF; Single_Surfactant_CMC/total_smile_and_property.csv; experimental CMC dataset; logCMC(uM)=3.54406804 converted to mol/L; https://github.com/sandialabs/P2SURF
CCCCCCCCCCCCCCC[n+]1ccccc1,cationic,0,0,0.0012999999990815274,,,,,,P2SURF; Single_Surfactant_CMC/total_smile_and_property.csv; experimental CMC dataset; logCMC(uM)=3.11394335 converted to mol/L; https://github.com/sandialabs/P2SURF
CCCCCCCCCCCCCCCC[n+]1ccccc1,cationic,0,0,0.0006400000000237447,,,,,,P2SURF; Single_Surfactant_CMC/total_smile_and_property.csv; experimental CMC dataset; logCMC(uM)=2.80617997 converted to mol/L; https://github.com/sandialabs/P2SURF
CCCCCCCCCCCCCCCC[n+]1ccccc1,cationic,0,0,0.0008999999990895758,,,,,,P2SURF; Single_Surfactant_CMC/total_smile_and_property.csv; experimental CMC dataset; logCMC(uM)=2.95424251 converted to mol/L; https://github.com/sandialabs/P2SURF
CCCCCCCCCCCCCCCCCC[n+]1ccccc1,cationic,0,0,0.00024000000015937247,,,,,,P2SURF; Single_Surfactant_CMC/total_smile_and_property.csv; experimental CMC dataset; logCMC(uM)=2.38021124 converted to mol/L; https://github.com/sandialabs/P2SURF
CCCCCCCCCCCC[N+](C)(C)CC,cationic,0,0,0.014000000010372392,,,,,,P2SURF; Single_Surfactant_CMC/total_smile_and_property.csv; experimental CMC dataset; logCMC(uM)=4.14612804 converted to mol/L; https://github.com/sandialabs/P2SURF
CCCCCCCCCCCC[N+](C)(C)CCCC,cationic,0,0,0.007499999993235582,,,,,,P2SURF; Single_Surfactant_CMC/total_smile_and_property.csv; experimental CMC dataset; logCMC(uM)=3.87506126 converted to mol/L; https://github.com/sandialabs/P2SURF
CCCCCCCCCCCC[N+](C)(C)CCCCCC,cationic,0,0,0.003100000001182964,,,,,,P2SURF; Single_Surfactant_CMC/total_smile_and_property.csv; experimental CMC dataset; logCMC(uM)=3.49136169 converted to mol/L; https://github.com/sandialabs/P2SURF
CCCCCCCCCCCC[N+](C)(C)CCCCCCCC,cationic,0,0,0.0010999999995992406,,,,,,P2SURF; Single_Surfactant_CMC/total_smile_and_property.csv; experimental CMC dataset; logCMC(uM)=3.04139268 converted to mol/L; https://github.com/sandialabs/P2SURF
CCCCCCCCCCCCCC[N+](CC)(CC)CC,cationic,0,0,0.003100000001182964,,,,,,P2SURF; Single_Surfactant_CMC/total_smile_and_property.csv; experimental CMC dataset; logCMC(uM)=3.49136169 converted to mol/L; https://github.com/sandialabs/P2SURF
CCCCCCCCCCCCCC[N+](CCC)(CCC)CCC,cationic,0,0,0.0021000000012866143,,,,,,P2SURF; Single_Surfactant_CMC/total_smile_and_property.csv; experimental CMC dataset; logCMC(uM)=3.3222193 converted to mol/L; https://github.com/sandialabs/P2SURF
CCCCCCCCCCCCCC[N+](CCCC)(CCCC)CCCC,cationic,0,0,0.001199999999868408,,,,,,P2SURF; Single_Surfactant_CMC/total_smile_and_property.csv; experimental CMC dataset; logCMC(uM)=3.07918125 converted to mol/L; https://github.com/sandialabs/P2SURF
CCCCCCCCCC[N+](C)(C)Cc1ccccc1,cationic,0,0,0.038999999997620334,,,,,,P2SURF; Single_Surfactant_CMC/total_smile_and_property.csv; experimental CMC dataset; logCMC(uM)=4.59106461 converted to mol/L; https://github.com/sandialabs/P2SURF
CCCCCCCCCCCC[N+](C)(C)Cc1ccccc1,cationic,0,0,0.008799999996957169,,,,,,P2SURF; Single_Surfactant_CMC/total_smile_and_property.csv; experimental CMC dataset; logCMC(uM)=3.94448267 converted to mol/L; https://github.com/sandialabs/P2SURF
CCCCCCCCCCCCCC[N+](C)(C)Cc1ccccc1,cationic,0,0,0.0020000000015474237,,,,,,P2SURF; Single_Surfactant_CMC/total_smile_and_property.csv; experimental CMC dataset; logCMC(uM)=3.30103 converted to mol/L; https://github.com/sandialabs/P2SURF
CCCCCCCCCCCC[NH2+]CCO,nonionic,0,0,0.045000000023278044,,,,,,P2SURF; Single_Surfactant_CMC/total_smile_and_property.csv; experimental CMC dataset; logCMC(uM)=4.65321251 converted to mol/L; https://github.com/sandialabs/P2SURF
CCCCCCCCCCCC[NH+]CCO,nonionic,0,0,0.03600000001929029,,,,,,P2SURF; Single_Surfactant_CMC/total_smile_and_property.csv; experimental CMC dataset; logCMC(uM)=4.5563025 converted to mol/L; https://github.com/sandialabs/P2SURF
CCCCCCCCCCCC[N+]CCO,cationic,0,0,0.025000000018879035,,,,,,P2SURF; Single_Surfactant_CMC/total_smile_and_property.csv; experimental CMC dataset; logCMC(uM)=4.39794001 converted to mol/L; https://github.com/sandialabs/P2SURF
CCCCCCCCCC[N+](C)(C)CCCCCCCCCC,cationic,0,0,0.0018499999982832494,,,,,,P2SURF; Single_Surfactant_CMC/total_smile_and_property.csv; experimental CMC dataset; logCMC(uM)=3.26717173 converted to mol/L; https://github.com/sandialabs/P2SURF
CCCCCCCCCCCC[N+](C)(C)CCCCCCCCCCCC,cationic,0,0,0.00017600000007531667,,,,,,P2SURF; Single_Surfactant_CMC/total_smile_and_property.csv; experimental CMC dataset; logCMC(uM)=2.24551267 converted to mol/L; https://github.com/sandialabs/P2SURF
CCCCCCCCCCCCCCCC(=O)NC(C(=O)[O-])C(C)C,anionic,0,0,0.0019000000002063692,,,,,,P2SURF; Single_Surfactant_CMC/total_smile_and_property.csv; experimental CMC dataset; logCMC(uM)=3.2787536 converted to mol/L; https://github.com/sandialabs/P2SURF
CCCCCCCCCCCCCCCC(=O)NC(CC(C)C)C(=O)[O-],anionic,0,0,0.0014999999998076842,,,,,,P2SURF; Single_Surfactant_CMC/total_smile_and_property.csv; experimental CMC dataset; logCMC(uM)=3.17609126 converted to mol/L; https://github.com/sandialabs/P2SURF
CCCCCCCCCCS(=O)(=O)[O-],anionic,0,0,0.04300000004162564,,,,,,P2SURF; Single_Surfactant_CMC/total_smile_and_property.csv; experimental CMC dataset; logCMC(uM)=4.63346846 converted to mol/L; https://github.com/sandialabs/P2SURF
CCCCCCCCCCCCS(=O)(=O)[O-],anionic,0,0,0.012399999995367856,,,,,,P2SURF; Single_Surfactant_CMC/total_smile_and_property.csv; experimental CMC dataset; logCMC(uM)=4.09342169 converted to mol/L; https://github.com/sandialabs/P2SURF
CCCCCCCCCCCCS(=O)(=O)[O-],anionic,0,0,0.010999999995992405,,,,,,P2SURF; Single_Surfactant_CMC/total_smile_and_property.csv; experimental CMC dataset; logCMC(uM)=4.04139268 converted to mol/L; https://github.com/sandialabs/P2SURF
CCCCCCCCCCCCS(=O)(=O)[O-],anionic,0,0,0.008900000007276802,,,,,,P2SURF; Single_Surfactant_CMC/total_smile_and_property.csv; experimental CMC dataset; logCMC(uM)=3.94939001 converted to mol/L; https://github.com/sandialabs/P2SURF
CCCCCCCCCCCCS(=O)(=O)[O-],anionic,0,0,0.009300000009552056,,,,,,P2SURF; Single_Surfactant_CMC/total_smile_and_property.csv; experimental CMC dataset; logCMC(uM)=3.96848295 converted to mol/L; https://github.com/sandialabs/P2SURF
CCCCCCCCCCCCOS(=O)(=O)[O-],anionic,0,0,0.008199999992754971,,,,,,P2SURF; Single_Surfactant_CMC/total_smile_and_property.csv; experimental CMC dataset; logCMC(uM)=3.91381385 converted to mol/L; https://github.com/sandialabs/P2SURF
CCCCCCCCCCCCOS(=O)(=O)[O-],anionic,0,0,0.008900000007276802,,,,,,P2SURF; Single_Surfactant_CMC/total_smile_and_property.csv; experimental CMC dataset; logCMC(uM)=3.94939001 converted to mol/L; https://github.com/sandialabs/P2SURF
CCCCCCCCCCCCCCOS(=O)(=O)[O-],anionic,0,0,0.0021000000012866143,,,,,,P2SURF; Single_Surfactant_CMC/total_smile_and_property.csv; experimental CMC dataset; logCMC(uM)=3.3222193 converted to mol/L; https://github.com/sandialabs/P2SURF
CCCCCCCCCCOCCS(=O)(=O)[O-],anionic,1,0,0.015899999988267906,,,,,,P2SURF; Single_Surfactant_CMC/total_smile_and_property.csv; experimental CMC dataset; logCMC(uM)=4.20139712 converted to mol/L; https://github.com/sandialabs/P2SURF
CCCCCCCCCCCCOCCOS(=O)(=O)[O-],anionic,1,0,0.0038999999997620335,,,,,,P2SURF; Single_Surfactant_CMC/total_smile_and_property.csv; experimental CMC dataset; logCMC(uM)=3.59106461 converted to mol/L; https://github.com/sandialabs/P2SURF
CCCCCCCCCCCCOCCOCCOS(=O)(=O)[O-],anionic,2,0,0.0029000000006747214,,,,,,P2SURF; Single_Surfactant_CMC/total_smile_and_property.csv; experimental CMC dataset; logCMC(uM)=3.462398 converted to mol/L; https://github.com/sandialabs/P2SURF
CCCCCCCCCCCCCCCCOCCOCCOCCOCCOCCOS(=O)(=O)[O-],anionic,5,0,2.5000000018879034e-05,,,,,,P2SURF; Single_Surfactant_CMC/total_smile_and_property.csv; experimental CMC dataset; logCMC(uM)=1.39794001 converted to mol/L; https://github.com/sandialabs/P2SURF
CCCCCCCCC(CCCCCC)COCCOCCOCCOCCOCCOS(=O)(=O)[O-],anionic,5,0,8.599999995176808e-05,,,,,,P2SURF; Single_Surfactant_CMC/total_smile_and_property.csv; experimental CMC dataset; logCMC(uM)=1.93449845 converted to mol/L; https://github.com/sandialabs/P2SURF
CCCCCCOC(=O)CS(=O)(=O)[O-],anionic,0,0,0.16999999985192857,,,,,,P2SURF; Single_Surfactant_CMC/total_smile_and_property.csv; experimental CMC dataset; logCMC(uM)=5.23044892 converted to mol/L; https://github.com/sandialabs/P2SURF
CCCCCCCCOC(=O)CS(=O)(=O)[O-],anionic,0,0,0.06600000006962245,,,,,,P2SURF; Single_Surfactant_CMC/total_smile_and_property.csv; experimental CMC dataset; logCMC(uM)=4.81954394 converted to mol/L; https://github.com/sandialabs/P2SURF
CCCCCCCCCCOC(=O)CS(=O)(=O)[O-],anionic,0,0,0.022000000009006496,,,,,,P2SURF; Single_Surfactant_CMC/total_smile_and_property.csv; experimental CMC dataset; logCMC(uM)=4.34242268 converted to mol/L; https://github.com/sandialabs/P2SURF
CCCCOC(=O)CC(C(=O)OCCCC)S(=O)(=O)[O-],anionic,1,0,0.20000000015474217,,,,,,P2SURF; Single_Surfactant_CMC/total_smile_and_property.csv; experimental CMC dataset; logCMC(uM)=5.30103 converted to mol/L; https://github.com/sandialabs/P2SURF
CCCCCOC(=O)CC(C(=O)OCCCCC)S(=O)(=O)[O-],anionic,1,0,0.053000000048718465,,,,,,P2SURF; Single_Surfactant_CMC/total_smile_and_property.csv; experimental CMC dataset; logCMC(uM)=4.72427587 converted to mol/L; https://github.com/sandialabs/P2SURF
CCCCC(CC)COC(=O)CC(C(=O)OCC(CC)CCCC)S(=O)(=O)[O-],anionic,0,0,0.0025000000018879035,,,,,,P2SURF; Single_Surfactant_CMC/total_smile_and_property.csv; experimental CMC dataset; logCMC(uM)=3.39794001 converted to mol/L; https://github.com/sandialabs/P2SURF
CCCCCCCCOC(=O)CC(C(=O)OCCCCCCCC)S(=O)(=O)[O-],anionic,1,0,0.0009099999993271958,,,,,,P2SURF; Single_Surfactant_CMC/total_smile_and_property.csv; experimental CMC dataset; logCMC(uM)=2.95904139 converted to mol/L; https://github.com/sandialabs/P2SURF
CCCCCCCCCCCCC(C(=O)OCC)S(=O)(=O)[O-],anionic,0,0,0.0022499999994230525,,,,,,P2SURF; Single_Surfactant_CMC/total_smile_and_property.csv; experimental CMC dataset; logCMC(uM)=3.35218252 converted to mol/L; https://github.com/sandialabs/P2SURF
CCCCCCCCCCCCC(C(=O)OCCCC)S(=O)(=O)[O-],anionic,1,0,0.001349999998461278,,,,,,P2SURF; Single_Surfactant_CMC/total_smile_and_property.csv; experimental CMC dataset; logCMC(uM)=3.13033377 converted to mol/L; https://github.com/sandialabs/P2SURF
O=C([O-])C(F)(F)C(F)(F)C(F)(F)C(F)(F)C(F)(F)C(F)(F)C(F)(F)F,anionic,0,0,0.029000000006747212,,,,,,P2SURF; Single_Surfactant_CMC/total_smile_and_property.csv; experimental CMC dataset; logCMC(uM)=4.462398 converted to mol/L; https://github.com/sandialabs/P2SURF
O=C([O-])C(F)(F)C(F)(F)C(F)(F)C(F)(F)C(F)(F)C(F)(F)C(F)(F)F,anionic,0,0,0.030000000019365043,,,,,,P2SURF; Single_Surfactant_CMC/total_smile_and_property.csv; experimental CMC dataset; logCMC(uM)=4.47712126 converted to mol/L; https://github.com/sandialabs/P2SURF
O=C([O-])C(F)(F)C(F)(F)C(F)(F)C(F)(F)C(F)(F)C(F)(F)C(F)(F)F,anionic,0,0,0.03300000000927876,,,,,,P2SURF; Single_Surfactant_CMC/total_smile_and_property.csv; experimental CMC dataset; logCMC(uM)=4.51851394 converted to mol/L; https://github.com/sandialabs/P2SURF
O=C([O-])C(F)(F)C(F)(F)C(F)(F)C(F)(F)C(F)(C(F)(F)F)C(F)(F)F,anionic,0,0,0.030000000019365043,,,,,,P2SURF; Single_Surfactant_CMC/total_smile_and_property.csv; experimental CMC dataset; logCMC(uM)=4.47712126 converted to mol/L; https://github.com/sandialabs/P2SURF
O=C([O-])C(F)(F)C(F)(F)C(F)(F)C(F)(F)C(F)(F)C(F)(F)C(F)(F)C(F)(F)F,anionic,0,0,0.004899999999678292,,,,,,P2SURF; Single_Surfactant_CMC/total_smile_and_property.csv; experimental CMC dataset; logCMC(uM)=3.69019608 converted to mol/L; https://github.com/sandialabs/P2SURF
O=S(=O)([O-])C(F)(F)C(F)(F)C(F)(F)C(F)(F)C(F)(F)C(F)(F)C(F)(F)C(F)(F)F,anionic,0,0,0.006299999993420215,,,,,,P2SURF; Single_Surfactant_CMC/total_smile_and_property.csv; experimental CMC dataset; logCMC(uM)=3.79934055 converted to mol/L; https://github.com/sandialabs/P2SURF
CCCCCCOC(=O)CC(C(=O)OCCCCCC)S(=O)(=O)[O-],anionic,1,0,0.0014000000010372378,,,,,,P2SURF; Single_Surfactant_CMC/total_smile_and_property.csv; experimental CMC dataset; logCMC(uM)=3.14612804 converted to mol/L; https://github.com/sandialabs/P2SURF
CCCCCCCCCCCCCCC(C(=O)OC)S(=O)(=O)[O-],anionic,0,0,0.0007299999997975269,,,,,,P2SURF; Single_Surfactant_CMC/total_smile_and_property.csv; experimental CMC dataset; logCMC(uM)=2.86332286 converted to mol/L; https://github.com/sandialabs/P2SURF
CCCCCCCCCC[N+](C)(C)CC(=O)[O-],zwitterionic/ionic,0,0,0.017999999995718313,,,,,,P2SURF; Single_Surfactant_CMC/total_smile_and_property.csv; experimental CMC dataset; logCMC(uM)=4.2552725 converted to mol/L; https://github.com/sandialabs/P2SURF
CCCCCCCCCCCC[N+](C)(C)CC(=O)[O-],zwitterionic/ionic,0,0,0.0020000000015474237,,,,,,P2SURF; Single_Surfactant_CMC/total_smile_and_property.csv; experimental CMC dataset; logCMC(uM)=3.30103 converted to mol/L; https://github.com/sandialabs/P2SURF
CCCCCCCCCCCCCC[N+](C)(C)CC(=O)[O-],zwitterionic/ionic,0,0,0.00022000000009006474,,,,,,P2SURF; Single_Surfactant_CMC/total_smile_and_property.csv; experimental CMC dataset; logCMC(uM)=2.34242268 converted to mol/L; https://github.com/sandialabs/P2SURF
CCCCCCCCCCCCCCCC[N+](C)(C)CC(=O)[O-],zwitterionic/ionic,0,0,2.000000001547426e-05,,,,,,P2SURF; Single_Surfactant_CMC/total_smile_and_property.csv; experimental CMC dataset; logCMC(uM)=1.30103 converted to mol/L; https://github.com/sandialabs/P2SURF
CCCCCCCCCCCC[N+](C)(C)CCCC(=O)[O-],zwitterionic/ionic,0,0,0.0046000000033727334,,,,,,P2SURF; Single_Surfactant_CMC/total_smile_and_property.csv; experimental CMC dataset; logCMC(uM)=3.66275783 converted to mol/L; https://github.com/sandialabs/P2SURF
CCCCCCCCCCCC[N+](C)(C)CCCCCC(=O)[O-],zwitterionic/ionic,0,0,0.0026000000001747056,,,,,,P2SURF; Single_Surfactant_CMC/total_smile_and_property.csv; experimental CMC dataset; logCMC(uM)=3.41497335 converted to mol/L; https://github.com/sandialabs/P2SURF
CCCCCCCCCCCC[N+](C)(C)CCCCCCCC(=O)[O-],zwitterionic/ionic,0,0,0.0014999999998076842,,,,,,P2SURF; Single_Surfactant_CMC/total_smile_and_property.csv; experimental CMC dataset; logCMC(uM)=3.17609126 converted to mol/L; https://github.com/sandialabs/P2SURF
CCCCCCCCCCC(C(=O)[O-])[n+]1ccccc1,zwitterionic/ionic,0,0,0.005200000004372714,,,,,,P2SURF; Single_Surfactant_CMC/total_smile_and_property.csv; experimental CMC dataset; logCMC(uM)=3.71600334 converted to mol/L; https://github.com/sandialabs/P2SURF
CCCCCCCCCCCCC(C(=O)[O-])[n+]1ccccc1,zwitterionic/ionic,0,0,0.0005999999994699769,,,,,,P2SURF; Single_Surfactant_CMC/total_smile_and_property.csv; experimental CMC dataset; logCMC(uM)=2.77815125 converted to mol/L; https://github.com/sandialabs/P2SURF
CCCCCCCCCCCC[N+](C)(C)CCCS(=O)(=O)[O-],zwitterionic/ionic,0,0,0.0030000000019365044,,,,,,P2SURF; Single_Surfactant_CMC/total_smile_and_property.csv; experimental CMC dataset; logCMC(uM)=3.47712126 converted to mol/L; https://github.com/sandialabs/P2SURF
CCCCCCCCCCCCCC[N+](C)(C)CCCS(=O)(=O)[O-],zwitterionic/ionic,0,0,0.0003199999997642845,,,,,,P2SURF; Single_Surfactant_CMC/total_smile_and_property.csv; experimental CMC dataset; logCMC(uM)=2.50514998 converted to mol/L; https://github.com/sandialabs/P2SURF
CCCCC(C)CCCCOCCOCCOCCOCCOCCOCCO,nonionic,6,0,0.0029699999978306858,,,,,,P2SURF; Single_Surfactant_CMC/total_smile_and_property.csv; experimental CMC dataset; logCMC(uM)=3.47275645 converted to mol/L; https://github.com/sandialabs/P2SURF
CCCCC(C)CCCCOCCOCCOCCOCCOCCOCCOCCOCCOCCO,nonionic,9,0,0.0031999999976428453,,,,,,P2SURF; Single_Surfactant_CMC/total_smile_and_property.csv; experimental CMC dataset; logCMC(uM)=3.50514998 converted to mol/L; https://github.com/sandialabs/P2SURF
CCC(C)CCOCCOCCOCCOCCOCCOCCO,nonionic,6,0,0.1,,,,,,P2SURF; Single_Surfactant_CMC/total_smile_and_property.csv; experimental CMC dataset; logCMC(uM)=5 converted to mol/L; https://github.com/sandialabs/P2SURF
CCCC(C)CCCOCCOCCOCCOCCOCCOCCO,nonionic,6,0,0.022999999999068294,,,,,,P2SURF; Single_Surfactant_CMC/total_smile_and_property.csv; experimental CMC dataset; logCMC(uM)=4.36172784 converted to mol/L; https://github.com/sandialabs/P2SURF
CCCCCCCCCCCCC(C(=O)O)S(=O)(=O)O,anionic,0,0,0.005200000004372714,,,,,,P2SURF; Single_Surfactant_CMC/total_smile_and_property.csv; experimental CMC dataset; logCMC(uM)=3.71600334 converted to mol/L; https://github.com/sandialabs/P2SURF
CCCCCCOCCOCCOCCOCCOCCOCCO,nonionic,6,0,0.796000000480816,,,,,,P2SURF; Single_Surfactant_CMC/total_smile_and_property.csv; experimental CMC dataset; logCMC(uM)=5.90091307 converted to mol/L; https://github.com/sandialabs/P2SURF
CCCCCCCCCCCC[NH3+],nonionic,0,0,0.014766666683551569,,,,,,P2SURF; Single_Surfactant_CMC/total_smile_and_property.csv; experimental CMC dataset; logCMC(uM)=4.16928247 converted to mol/L; https://github.com/sandialabs/P2SURF
CCCCCCCCCCCC[n+]1cccc2ccccc21,cationic,0,0,0.0047999999958488575,,,,,,P2SURF; Single_Surfactant_CMC/total_smile_and_property.csv; experimental CMC dataset; logCMC(uM)=3.68124124 converted to mol/L; https://github.com/sandialabs/P2SURF
CCCCCCOCCOCCOCCOCCO,nonionic,4,0,0.08999999990895757,,,,,,P2SURF; Single_Surfactant_CMC/total_smile_and_property.csv; experimental CMC dataset; logCMC(uM)=4.95424251 converted to mol/L; https://github.com/sandialabs/P2SURF
CCCCCCOCCOCCOCCOCCOCCO,nonionic,5,0,0.09250000005558316,,,,,,P2SURF; Single_Surfactant_CMC/total_smile_and_property.csv; experimental CMC dataset; logCMC(uM)=4.96614173 converted to mol/L; https://github.com/sandialabs/P2SURF
CC(C)(C)OCCOCCOCCOCCOCCOCCO,nonionic,6,0,0.9099999993271949,,,,,,P2SURF; Single_Surfactant_CMC/total_smile_and_property.csv; experimental CMC dataset; logCMC(uM)=5.95904139 converted to mol/L; https://github.com/sandialabs/P2SURF
C[N+](C)([O-])CCC(F)(F)C(F)(F)C(F)(F)C(F)(F)C(F)(F)C(F)(F)C(F)(F)F,zwitterionic/ionic,0,0,0.0004700000000695674,,,,,,P2SURF; Single_Surfactant_CMC/total_smile_and_property.csv; experimental CMC dataset; logCMC(uM)=2.67209786 converted to mol/L; https://github.com/sandialabs/P2SURF
CCCCCCCCC[N+](C)(C)[O-],zwitterionic/ionic,0,0,0.05400000002201201,,,,,,P2SURF; Single_Surfactant_CMC/total_smile_and_property.csv; experimental CMC dataset; logCMC(uM)=4.73239376 converted to mol/L; https://github.com/sandialabs/P2SURF
CCCCCCCCOCCOCCOCCOCCOCCOCCOCCOCCOCCO,nonionic,9,0,0.012999999990815261,,,,,,P2SURF; Single_Surfactant_CMC/total_smile_and_property.csv; experimental CMC dataset; logCMC(uM)=4.11394335 converted to mol/L; https://github.com/sandialabs/P2SURF
CCCCCCCCCCCCc1cccc(S(=O)(=O)[O-])c1,anionic,0,0,0.0014600000007246733,,,,,,P2SURF; Single_Surfactant_CMC/total_smile_and_property.csv; experimental CMC dataset; logCMC(uM)=3.16435286 converted to mol/L; https://github.com/sandialabs/P2SURF
CCCCCCCCCCCCc1ccc(S(=O)(=O)[O-])cc1,anionic,0,0,0.001589999998826792,,,,,,P2SURF; Single_Surfactant_CMC/total_smile_and_property.csv; experimental CMC dataset; logCMC(uM)=3.20139712 converted to mol/L; https://github.com/sandialabs/P2SURF
CCCCCCCCCC(=O)[O-],anionic,0,0,0.0940000000866425,,,,,,P2SURF; Single_Surfactant_CMC/total_smile_and_property.csv; experimental CMC dataset; logCMC(uM)=4.97312785 converted to mol/L; https://github.com/sandialabs/P2SURF
CCCCCCCCCCOS(=O)(=O)[O-],anionic,0,0,0.03302000000556744,,,,,,P2SURF; Single_Surfactant_CMC/total_smile_and_property.csv; experimental CMC dataset; logCMC(uM)=4.51877707 converted to mol/L; https://github.com/sandialabs/P2SURF
CCCCCCCCC(C)OS(=O)(=O)[O-],anionic,0,0,0.04629999999808599,,,,,,P2SURF; Single_Surfactant_CMC/total_smile_and_property.csv; experimental CMC dataset; logCMC(uM)=4.66558099 converted to mol/L; https://github.com/sandialabs/P2SURF
CCCCC(OC(=O)C(CC(=O)[O-])S(=O)(=O)O)C(CC)CC,anionic,0,0,0.0025000000018879035,,,,,,P2SURF; Single_Surfactant_CMC/total_smile_and_property.csv; experimental CMC dataset; logCMC(uM)=3.39794001 converted to mol/L; https://github.com/sandialabs/P2SURF
CCCCCCCCCCCC(=O)[O-],anionic,0,0,0.024399999980969124,,,,,,P2SURF; Single_Surfactant_CMC/total_smile_and_property.csv; experimental CMC dataset; logCMC(uM)=4.38738983 converted to mol/L; https://github.com/sandialabs/P2SURF
CCCCCCCCCOS(=O)(=O)[O-],anionic,0,0,0.06458000004741433,,,,,,P2SURF; Single_Surfactant_CMC/total_smile_and_property.csv; experimental CMC dataset; logCMC(uM)=4.81009804 converted to mol/L; https://github.com/sandialabs/P2SURF
CCCCCCCCOS(=O)(=O)[O-],anionic,0,0,0.13325000009247234,,,,,,P2SURF; Single_Surfactant_CMC/total_smile_and_property.csv; experimental CMC dataset; logCMC(uM)=5.12466722 converted to mol/L; https://github.com/sandialabs/P2SURF
CCCCCCCCS(=O)(=O)[O-],anionic,0,0,0.1549999999392227,,,,,,P2SURF; Single_Surfactant_CMC/total_smile_and_property.csv; experimental CMC dataset; logCMC(uM)=5.1903317 converted to mol/L; https://github.com/sandialabs/P2SURF
CCCCCCCCCc1ccc(S(=O)(=O)[O-])cc1,anionic,0,0,0.0046000000033727334,,,,,,P2SURF; Single_Surfactant_CMC/total_smile_and_property.csv; experimental CMC dataset; logCMC(uM)=3.66275783 converted to mol/L; https://github.com/sandialabs/P2SURF
CCCCCCCCCCCCCC(=O)[O-],anionic,0,0,0.006900000004174447,,,,,,P2SURF; Single_Surfactant_CMC/total_smile_and_property.csv; experimental CMC dataset; logCMC(uM)=3.83884909 converted to mol/L; https://github.com/sandialabs/P2SURF
CCCCCCCCCCCCC(C)OS(=O)(=O)[O-],anionic,0,0,0.00327000000255786,,,,,,P2SURF; Single_Surfactant_CMC/total_smile_and_property.csv; experimental CMC dataset; logCMC(uM)=3.51454775 converted to mol/L; https://github.com/sandialabs/P2SURF
CCCCCCCCCCC(CCC)OS(=O)(=O)[O-],anionic,0,0,0.0051200000002849366,,,,,,P2SURF; Single_Surfactant_CMC/total_smile_and_property.csv; experimental CMC dataset; logCMC(uM)=3.70926996 converted to mol/L; https://github.com/sandialabs/P2SURF
CCCCCCCCCCCOS(=O)(=O)[O-],anionic,0,0,0.0160000000126762,,,,,,P2SURF; Single_Surfactant_CMC/total_smile_and_property.csv; experimental CMC dataset; logCMC(uM)=4.20411998 converted to mol/L; https://github.com/sandialabs/P2SURF
CCCCCCCCOC1O[C@H](CO)[C@@H](O)[C@H](O)[C@H]1O,nonionic,0,0,0.02539943453066296,,,,,,P2SURF; Single_Surfactant_CMC/total_smile_and_property.csv; experimental CMC dataset; logCMC(uM)=4.40482405 converted to mol/L; https://github.com/sandialabs/P2SURF
CCCCCCCC[n+]1ccccc1,cationic,0,0,0.19477485737208103,,,,,,P2SURF; Single_Surfactant_CMC/total_smile_and_property.csv; experimental CMC dataset; logCMC(uM)=5.28953289 converted to mol/L; https://github.com/sandialabs/P2SURF
CCCCCCCCCCCCCCCC[N+](C)(C)C,cationic,0,0,6.715034835585255e-05,,,,,,P2SURF; Single_Surfactant_CMC/total_smile_and_property.csv; experimental CMC dataset; logCMC(uM)=1.82704827 converted to mol/L; https://github.com/sandialabs/P2SURF
CCCCCCCCCCCC[N+](C)(C)C,cationic,0,0,0.0016918516684501254,,,,,,P2SURF; Single_Surfactant_CMC/total_smile_and_property.csv; experimental CMC dataset; logCMC(uM)=3.22836228 converted to mol/L; https://github.com/sandialabs/P2SURF
CCCCCCCCCCCCCCCC[N+](CCC)(CCC)CCC,cationic,0,0,0.0012990059370453374,,,,,,P2SURF; Single_Surfactant_CMC/total_smile_and_property.csv; experimental CMC dataset; logCMC(uM)=3.11361114 converted to mol/L; https://github.com/sandialabs/P2SURF
CCCCCCCCCCCCCC[N+](CCC)(CCC)CCC,cationic,0,0,0.00477492758938982,,,,,,P2SURF; Single_Surfactant_CMC/total_smile_and_property.csv; experimental CMC dataset; logCMC(uM)=3.67896679 converted to mol/L; https://github.com/sandialabs/P2SURF
CCCCCCCCCCCCCC[N+](C)(C)C,cationic,0,0,0.010103458105971025,,,,,,P2SURF; Single_Surfactant_CMC/total_smile_and_property.csv; experimental CMC dataset; logCMC(uM)=4.00447004 converted to mol/L; https://github.com/sandialabs/P2SURF
CCCCCCCCCCCCCC[n+]1ccccc1,cationic,0,0,0.006864649474200463,,,,,,P2SURF; Single_Surfactant_CMC/total_smile_and_property.csv; experimental CMC dataset; logCMC(uM)=3.83661837 converted to mol/L; https://github.com/sandialabs/P2SURF
CCCCCCCCCCCC[n+]1ccccc1,cationic,0,0,0.03616392692410418,,,,,,P2SURF; Single_Surfactant_CMC/total_smile_and_property.csv; experimental CMC dataset; logCMC(uM)=4.55827558 converted to mol/L; https://github.com/sandialabs/P2SURF
CCCCCCCCCCCCCCCCOCCOCCOCCOS(=O)(=O)[O-],anionic,3,0,7.292872635418485e-05,,,,,,P2SURF; Single_Surfactant_CMC/total_smile_and_property.csv; experimental CMC dataset; logCMC(uM)=1.86289863 converted to mol/L; https://github.com/sandialabs/P2SURF
CCCCCCCCCCCCCCCCOCCOCCOS(=O)(=O)[O-],anionic,2,0,0.00012239139307217744,,,,,,P2SURF; Single_Surfactant_CMC/total_smile_and_property.csv; experimental CMC dataset; logCMC(uM)=2.08775088 converted to mol/L; https://github.com/sandialabs/P2SURF
CCCCCCCCCCCCCCCCOCCOS(=O)(=O)[O-],anionic,1,0,0.00020469305650820885,,,,,,P2SURF; Single_Surfactant_CMC/total_smile_and_property.csv; experimental CMC dataset; logCMC(uM)=2.31110311 converted to mol/L; https://github.com/sandialabs/P2SURF
CCCCCCCCCCCCCCCCCCOCCOCCOCCOS(=O)(=O)[O-],anionic,3,0,4.461146589242475e-05,,,,,,P2SURF; Single_Surfactant_CMC/total_smile_and_property.csv; experimental CMC dataset; logCMC(uM)=1.64944649 converted to mol/L; https://github.com/sandialabs/P2SURF
CCCCCCCCCCCCCCCCCCOCCOCCOS(=O)(=O)[O-],anionic,2,0,9.131657308832121e-05,,,,,,P2SURF; Single_Surfactant_CMC/total_smile_and_property.csv; experimental CMC dataset; logCMC(uM)=1.9605496 converted to mol/L; https://github.com/sandialabs/P2SURF
CCCCCCCCCCCCCCCCCCOCCOS(=O)(=O)[O-],anionic,1,0,0.0001889307997687822,,,,,,P2SURF; Single_Surfactant_CMC/total_smile_and_property.csv; experimental CMC dataset; logCMC(uM)=2.27630276 converted to mol/L; https://github.com/sandialabs/P2SURF
CCCCCC(C)(C)c1ccc(OCCO)cc1,nonionic,1,0,0.00022377084301587687,,,,,,P2SURF; Single_Surfactant_CMC/total_smile_and_property.csv; experimental CMC dataset; logCMC(uM)=2.3498035 converted to mol/L; https://github.com/sandialabs/P2SURF
CCCCCC(C)(C)c1ccc(OCCOCCO)cc1,nonionic,2,0,0.00011791002080571182,,,,,,P2SURF; Single_Surfactant_CMC/total_smile_and_property.csv; experimental CMC dataset; logCMC(uM)=2.07155072 converted to mol/L; https://github.com/sandialabs/P2SURF
CCCCCC(C)(C)c1ccc(OCCOCCOCCO)cc1,nonionic,3,0,0.0001020587133739557,,,,,,P2SURF; Single_Surfactant_CMC/total_smile_and_property.csv; experimental CMC dataset; logCMC(uM)=2.00885009 converted to mol/L; https://github.com/sandialabs/P2SURF
CCCCCC(C)(C)c1ccc(OCCOCCOCCOCCO)cc1,nonionic,4,0,0.0001261249502681519,,,,,,P2SURF; Single_Surfactant_CMC/total_smile_and_property.csv; experimental CMC dataset; logCMC(uM)=2.10080101 converted to mol/L; https://github.com/sandialabs/P2SURF
CCCCCC(C)(C)c1ccc(OCCOCCOCCOCCOCCO)cc1,nonionic,5,0,0.00014958971990610746,,,,,,P2SURF; Single_Surfactant_CMC/total_smile_and_property.csv; experimental CMC dataset; logCMC(uM)=2.17490175 converted to mol/L; https://github.com/sandialabs/P2SURF
CCCCCC(C)(C)c1ccc(OCCOCCOCCOCCOCCOCCO)cc1,nonionic,6,0,0.00020139702038753413,,,,,,P2SURF; Single_Surfactant_CMC/total_smile_and_property.csv; experimental CMC dataset; logCMC(uM)=2.30405304 converted to mol/L; https://github.com/sandialabs/P2SURF
CCCCCC(C)(C)c1ccc(OCCOCCOCCOCCOCCOCCOCCO)cc1,nonionic,7,0,0.0002457275807869821,,,,,,P2SURF; Single_Surfactant_CMC/total_smile_and_property.csv; experimental CMC dataset; logCMC(uM)=2.39045391 converted to mol/L; https://github.com/sandialabs/P2SURF
CCCCCC(C)(C)c1ccc(OCCOCCOCCOCCOCCOCCOCCOCCO)cc1,nonionic,8,0,0.000286354867031658,,,,,,P2SURF; Single_Surfactant_CMC/total_smile_and_property.csv; experimental CMC dataset; logCMC(uM)=2.45690457 converted to mol/L; https://github.com/sandialabs/P2SURF
CCCCCC(C)(C)c1ccc(OCCOCCOCCOCCOCCOCCOCCOCCOCCO)cc1,nonionic,9,0,0.00033799111901869317,,,,,,P2SURF; Single_Surfactant_CMC/total_smile_and_property.csv; experimental CMC dataset; logCMC(uM)=2.52890529 converted to mol/L; https://github.com/sandialabs/P2SURF
CCCCCC(C)(C)c1ccc(OCCOCCOCCOCCOCCOCCOCCOCCOCCOCCO)cc1,nonionic,10,0,0.0003560865057766022,,,,,,P2SURF; Single_Surfactant_CMC/total_smile_and_property.csv; experimental CMC dataset; logCMC(uM)=2.55155552 converted to mol/L; https://github.com/sandialabs/P2SURF
O=S(=O)([O-])c1ccc(OCCCCCCOc2ccc(S(=O)(=O)[O-])cc2)cc1,anionic,1,0,0.004373875420235297,,,,,,P2SURF; Single_Surfactant_CMC/total_smile_and_property.csv; experimental CMC dataset; logCMC(uM)=3.64086641 converted to mol/L; https://github.com/sandialabs/P2SURF
CCCCCCCCCC1COCCC1OS(=O)(=O)[O-],anionic,1,0,0.02958862004546894,,,,,,P2SURF; Single_Surfactant_CMC/total_smile_and_property.csv; experimental CMC dataset; logCMC(uM)=4.47112471 converted to mol/L; https://github.com/sandialabs/P2SURF
CCCCCCCCCCCC1COCCC1OS(=O)(=O)[O-],anionic,1,0,0.0058259620858144585,,,,,,P2SURF; Single_Surfactant_CMC/total_smile_and_property.csv; experimental CMC dataset; logCMC(uM)=3.76536765 converted to mol/L; https://github.com/sandialabs/P2SURF
CCCCCCCCCCCCCC1COCCC1OS(=O)(=O)[O-],anionic,1,0,0.0015054341965982673,,,,,,P2SURF; Single_Surfactant_CMC/total_smile_and_property.csv; experimental CMC dataset; logCMC(uM)=3.17766178 converted to mol/L; https://github.com/sandialabs/P2SURF
CCCCCCCCCCCCCCCC1COCCC1OS(=O)(=O)[O-],anionic,1,0,0.00035107948611833934,,,,,,P2SURF; Single_Surfactant_CMC/total_smile_and_property.csv; experimental CMC dataset; logCMC(uM)=2.54540545 converted to mol/L; https://github.com/sandialabs/P2SURF
CCCCCCCCCCC(O)CO,nonionic,0,0,0.0001751670576431839,,,,,,P2SURF; Single_Surfactant_CMC/total_smile_and_property.csv; experimental CMC dataset; logCMC(uM)=2.24345244 converted to mol/L; https://github.com/sandialabs/P2SURF
CCCCCCCCCCC(O)CCO,nonionic,0,0,0.000141059225182611,,,,,,P2SURF; Single_Surfactant_CMC/total_smile_and_property.csv; experimental CMC dataset; logCMC(uM)=2.14940149 converted to mol/L; https://github.com/sandialabs/P2SURF
CCCCCCCCCCC(C)OCCOCCO,nonionic,2,0,3.386454906624882e-05,,,,,,P2SURF; Single_Surfactant_CMC/total_smile_and_property.csv; experimental CMC dataset; logCMC(uM)=1.5297453 converted to mol/L; https://github.com/sandialabs/P2SURF
CCCCCCCCCCC(C)OCCOCCOCCOCCOCCO,nonionic,5,0,6.62290018864915e-05,,,,,,P2SURF; Single_Surfactant_CMC/total_smile_and_property.csv; experimental CMC dataset; logCMC(uM)=1.82104821 converted to mol/L; https://github.com/sandialabs/P2SURF
CCCCCCCCCCC(C)OCCOCCOCCO,nonionic,3,0,5.023969683005379e-05,,,,,,P2SURF; Single_Surfactant_CMC/total_smile_and_property.csv; experimental CMC dataset; logCMC(uM)=1.70104701 converted to mol/L; https://github.com/sandialabs/P2SURF
CCCCCCCCCCC(C)OCCOCCOCCOCCOCCOCCOCCO,nonionic,7,0,8.61686627124507e-05,,,,,,P2SURF; Single_Surfactant_CMC/total_smile_and_property.csv; experimental CMC dataset; logCMC(uM)=1.93534935 converted to mol/L; https://github.com/sandialabs/P2SURF
CCCCCCCCCCC(C)OCCOCCOCCOCCO,nonionic,4,0,6.251697561754043e-05,,,,,,P2SURF; Single_Surfactant_CMC/total_smile_and_property.csv; experimental CMC dataset; logCMC(uM)=1.79599796 converted to mol/L; https://github.com/sandialabs/P2SURF
CCCCCCCCCCC(C)OCCOCCOCCOCCOCCOCCOCCOCCO,nonionic,8,0,0.00011176362590856942,,,,,,P2SURF; Single_Surfactant_CMC/total_smile_and_property.csv; experimental CMC dataset; logCMC(uM)=2.04830048 converted to mol/L; https://github.com/sandialabs/P2SURF
CCCCCCCCCCCC(C(=O)O)[n+]1ccccc1,cationic,0,0,0.0005986290275846877,,,,,,P2SURF; Single_Surfactant_CMC/total_smile_and_property.csv; experimental CMC dataset; logCMC(uM)=2.77715777 converted to mol/L; https://github.com/sandialabs/P2SURF
CCCCCCCCCCC(C(=O)O)[n+]1ccccc1,cationic,0,0,0.004907009604192324,,,,,,P2SURF; Single_Surfactant_CMC/total_smile_and_property.csv; experimental CMC dataset; logCMC(uM)=3.69081691 converted to mol/L; https://github.com/sandialabs/P2SURF
CCCCCCCCCCCCS(=O)(=O)[O-],anionic,0,0,0.011401725210619221,,,,,,P2SURF; Single_Surfactant_CMC/total_smile_and_property.csv; experimental CMC dataset; logCMC(uM)=4.05697057 converted to mol/L; https://github.com/sandialabs/P2SURF
CCCCCCCCCCOCCS(=O)(=O)[O-],anionic,1,0,0.01605543423564691,,,,,,P2SURF; Single_Surfactant_CMC/total_smile_and_property.csv; experimental CMC dataset; logCMC(uM)=4.20562206 converted to mol/L; https://github.com/sandialabs/P2SURF
CCCCCCCCCCCCOCCOS(=O)(=O)[O-],anionic,1,0,0.003933833260837641,,,,,,P2SURF; Single_Surfactant_CMC/total_smile_and_property.csv; experimental CMC dataset; logCMC(uM)=3.59481595 converted to mol/L; https://github.com/sandialabs/P2SURF
CCCCCCCCCCCCOCCOCCOS(=O)(=O)[O-],anionic,2,0,0.00286889449402619,,,,,,P2SURF; Single_Surfactant_CMC/total_smile_and_property.csv; experimental CMC dataset; logCMC(uM)=3.45771458 converted to mol/L; https://github.com/sandialabs/P2SURF
CCCCCCCCO[C@@H]1O[C@H](CO)[C@@H](O)[C@H](O)[C@H]1O,nonionic,0,0,0.02500771325677289,,,,,,P2SURF; Single_Surfactant_CMC/total_smile_and_property.csv; experimental CMC dataset; logCMC(uM)=4.39807398 converted to mol/L; https://github.com/sandialabs/P2SURF
CCCCCCCCCCO[C@@H]1O[C@H](CO)[C@@H](O)[C@H](O)[C@H]1O,nonionic,0,0,0.0021419696256685236,,,,,,P2SURF; Single_Surfactant_CMC/total_smile_and_property.csv; experimental CMC dataset; logCMC(uM)=3.33081331 converted to mol/L; https://github.com/sandialabs/P2SURF
CCCCCCCCCCCCO[C@@H]1O[C@H](CO)[C@@H](O)[C@H](O)[C@H]1O,nonionic,0,0,0.00018245367357528394,,,,,,P2SURF; Single_Surfactant_CMC/total_smile_and_property.csv; experimental CMC dataset; logCMC(uM)=2.26115261 converted to mol/L; https://github.com/sandialabs/P2SURF
CCCCCCCCCCC[N+](C)(C)CC(=O)[O-],zwitterionic/ionic,0,0,0.007209722995038926,,,,,,P2SURF; Single_Surfactant_CMC/total_smile_and_property.csv; experimental CMC dataset; logCMC(uM)=3.85791858 converted to mol/L; https://github.com/sandialabs/P2SURF
CCCCCCCC[N+](C)(C)CC(=O)[O-],zwitterionic/ionic,0,0,0.15647031036330605,,,,,,P2SURF; Single_Surfactant_CMC/total_smile_and_property.csv; experimental CMC dataset; logCMC(uM)=5.19443194 converted to mol/L; https://github.com/sandialabs/P2SURF
CCCCCCCCCCN(C)C(=O)[C@H](O)[C@@H](O)[C@H](O)[C@H](O)CO,nonionic,0,0,0.001427452107067383,,,,,,P2SURF; Single_Surfactant_CMC/total_smile_and_property.csv; experimental CMC dataset; logCMC(uM)=3.15456155 converted to mol/L; https://github.com/sandialabs/P2SURF
CCCCCCCCCCCCN(C)C(=O)[C@H](O)[C@@H](O)[C@H](O)[C@H](O)CO,nonionic,0,0,0.0001912285869924663,,,,,,P2SURF; Single_Surfactant_CMC/total_smile_and_property.csv; experimental CMC dataset; logCMC(uM)=2.28155282 converted to mol/L; https://github.com/sandialabs/P2SURF
CCCCCCCCCCCCCCN(C)C(=O)[C@H](O)[C@@H](O)[C@H](O)[C@H](O)CO,nonionic,0,0,2.4696984319603265e-05,,,,,,P2SURF; Single_Surfactant_CMC/total_smile_and_property.csv; experimental CMC dataset; logCMC(uM)=1.39264393 converted to mol/L; https://github.com/sandialabs/P2SURF
CCCCCCCCCCCCCCCCN(C)C(=O)[C@H](O)[C@@H](O)[C@H](O)[C@H](O)CO,nonionic,0,0,8.305947735121655e-06,,,,,,P2SURF; Single_Surfactant_CMC/total_smile_and_property.csv; experimental CMC dataset; logCMC(uM)=0.919389194 converted to mol/L; https://github.com/sandialabs/P2SURF
CCCCCCCCCCCCCCCCCCN(C)C(=O)[C@H](O)[C@@H](O)[C@H](O)[C@H](O)CO,nonionic,0,0,2.9206845613449716e-06,,,,,,P2SURF; Single_Surfactant_CMC/total_smile_and_property.csv; experimental CMC dataset; logCMC(uM)=0.465484655 converted to mol/L; https://github.com/sandialabs/P2SURF
CCCCCCCC/C=C\CCCCCCCCN(C)C(=O)[C@H](O)[C@@H](O)[C@H](O)[C@H](O)CO,nonionic,0,0,2.875044598658964e-05,,,,,,P2SURF; Single_Surfactant_CMC/total_smile_and_property.csv; experimental CMC dataset; logCMC(uM)=1.45864459 converted to mol/L; https://github.com/sandialabs/P2SURF
CCCCCCCCCCN(C)C(=O)[C@H](O)[C@@H](O)[C@H](OC1OC(O)C(O)C(O)C1O)[C@H](O)CO,nonionic,0,0,0.0022856703257525825,,,,,,P2SURF; Single_Surfactant_CMC/total_smile_and_property.csv; experimental CMC dataset; logCMC(uM)=3.35901359 converted to mol/L; https://github.com/sandialabs/P2SURF
CCCCCCCCCCCCN(C)C(=O)[C@H](O)[C@@H](O)[C@H](OC1OC(O)C(O)C(O)C1O)[C@H](O)CO,nonionic,0,0,0.0002556843091298027,,,,,,P2SURF; Single_Surfactant_CMC/total_smile_and_property.csv; experimental CMC dataset; logCMC(uM)=2.40770408 converted to mol/L; https://github.com/sandialabs/P2SURF
CCCCCCCCCCCCCCN(C)C(=O)[C@H](O)[C@@H](O)[C@H](OC1OC(O)C(O)C(O)C1O)[C@H](O)CO,nonionic,0,0,4.7048602178891306e-05,,,,,,P2SURF; Single_Surfactant_CMC/total_smile_and_property.csv; experimental CMC dataset; logCMC(uM)=1.67254672 converted to mol/L; https://github.com/sandialabs/P2SURF
CCCCCCCCCCCCCCCCN(C)C(=O)[C@H](O)[C@@H](O)[C@H](OC1OC(O)C(O)C(O)C1O)[C@H](O)CO,nonionic,0,0,1.524375046831146e-05,,,,,,P2SURF; Single_Surfactant_CMC/total_smile_and_property.csv; experimental CMC dataset; logCMC(uM)=1.18309183 converted to mol/L; https://github.com/sandialabs/P2SURF
CCCCCCCCCCCCCCCCCCN(C)C(=O)[C@H](O)[C@@H](O)[C@H](OC1OC(O)C(O)C(O)C1O)[C@H](O)CO,nonionic,0,0,3.388326871360142e-06,,,,,,P2SURF; Single_Surfactant_CMC/total_smile_and_property.csv; experimental CMC dataset; logCMC(uM)=0.5299853 converted to mol/L; https://github.com/sandialabs/P2SURF
CCCCCCCC/C=C\CCCCCCCCN(C)C(=O)[C@H](O)[C@@H](O)[C@H](OC1OC(O)C(O)C(O)C1O)[C@H](O)CO,nonionic,0,0,5.3057556718341807e-05,,,,,,P2SURF; Single_Surfactant_CMC/total_smile_and_property.csv; experimental CMC dataset; logCMC(uM)=1.72474725 converted to mol/L; https://github.com/sandialabs/P2SURF
CCCCCCCCCC[N+](C)(CC(=O)O)Cc1ccccc1,cationic,0,0,0.005128815778982379,,,,,,P2SURF; Single_Surfactant_CMC/total_smile_and_property.csv; experimental CMC dataset; logCMC(uM)=3.7100171 converted to mol/L; https://github.com/sandialabs/P2SURF
CCCCCCCCCCCC[N+](C)(CC(=O)O)Cc1ccccc1,cationic,0,0,0.0005701741975263939,,,,,,P2SURF; Single_Surfactant_CMC/total_smile_and_property.csv; experimental CMC dataset; logCMC(uM)=2.75600756 converted to mol/L; https://github.com/sandialabs/P2SURF
CCCCCCCCCCCC(=O)NCCOCCOCCOCCO,nonionic,3,0,0.0005059493484840861,,,,,,P2SURF; Single_Surfactant_CMC/total_smile_and_property.csv; experimental CMC dataset; logCMC(uM)=2.70410704 converted to mol/L; https://github.com/sandialabs/P2SURF
CCCCCCCCCCCCOCCOCCOCCOCCOCCOCCOCCOCCOCCOCCO,nonionic,10,0,0.00014037878299373558,,,,,,P2SURF; Single_Surfactant_CMC/total_smile_and_property.csv; experimental CMC dataset; logCMC(uM)=2.14730147 converted to mol/L; https://github.com/sandialabs/P2SURF
CCCCCCCCCCCC[N+](C)(C)[O-],zwitterionic/ionic,0,0,0.0011443545111949527,,,,,,P2SURF; Single_Surfactant_CMC/total_smile_and_property.csv; experimental CMC dataset; logCMC(uM)=3.05856059 converted to mol/L; https://github.com/sandialabs/P2SURF
CCCCCCCCOc1ccc(NC(=O)C[N+](C)(C)CC[N+](C)(C)CC(=O)Nc2ccc(OCCCCCCCC)cc2)cc1,cationic,1,0,0.0002509999997219846,,,,,,P2SURF; Single_Surfactant_CMC/total_smile_and_property.csv; experimental CMC dataset; logCMC(uM)=2.39967372 converted to mol/L; https://github.com/sandialabs/P2SURF
CCCCCCCCOc1ccc(NC(=O)C[N+](C)(C)CCCC[N+](C)(C)CC(=O)Nc2ccc(OCCCCCCCC)cc2)cc1,cationic,1,0,0.00020800000001783498,,,,,,P2SURF; Single_Surfactant_CMC/total_smile_and_property.csv; experimental CMC dataset; logCMC(uM)=2.31806334 converted to mol/L; https://github.com/sandialabs/P2SURF
CCCCCCCCOc1ccc(NC(=O)C[N+](C)(C)CCCCCC[N+](C)(C)CC(=O)Nc2ccc(OCCCCCCCC)cc2)cc1,cationic,1,0,0.00010900000001490235,,,,,,P2SURF; Single_Surfactant_CMC/total_smile_and_property.csv; experimental CMC dataset; logCMC(uM)=2.0374265 converted to mol/L; https://github.com/sandialabs/P2SURF
CCCCCCCCCCOc1ccc(NC(=O)C[N+](C)(C)CC[N+](C)(C)CC(=O)Nc2ccc(OCCCCCCCCCC)cc2)cc1,cationic,1,0,4.069999997889342e-05,,,,,,P2SURF; Single_Surfactant_CMC/total_smile_and_property.csv; experimental CMC dataset; logCMC(uM)=1.60959441 converted to mol/L; https://github.com/sandialabs/P2SURF
CCCCCCCCCCOc1ccc(NC(=O)C[N+](C)(C)CCCC[N+](C)(C)CC(=O)Nc2ccc(OCCCCCCCCCC)cc2)cc1,cationic,1,0,2.0699999978221704e-05,,,,,,P2SURF; Single_Surfactant_CMC/total_smile_and_property.csv; experimental CMC dataset; logCMC(uM)=1.31597034 converted to mol/L; https://github.com/sandialabs/P2SURF
CCCCCCCCCCOc1ccc(NC(=O)C[N+](C)(C)CCCCCC[N+](C)(C)CC(=O)Nc2ccc(OCCCCCCCCCC)cc2)cc1,cationic,1,0,1.0900000001490247e-05,,,,,,P2SURF; Single_Surfactant_CMC/total_smile_and_property.csv; experimental CMC dataset; logCMC(uM)=1.0374265 converted to mol/L; https://github.com/sandialabs/P2SURF
CCCCCCCCCCCCOc1ccc(NC(=O)C[N+](C)(C)CC[N+](C)(C)CC(=O)Nc2ccc(OCCCCCCCCCCCC)cc2)cc1,cationic,1,0,3.710000003288501e-05,,,,,,P2SURF; Single_Surfactant_CMC/total_smile_and_property.csv; experimental CMC dataset; logCMC(uM)=1.56937391 converted to mol/L; https://github.com/sandialabs/P2SURF
CCCCCCCCCCCCOc1ccc(NC(=O)C[N+](C)(C)CCCC[N+](C)(C)CC(=O)Nc2ccc(OCCCCCCCCCCCC)cc2)cc1,cationic,1,0,1.419999998747533e-05,,,,,,P2SURF; Single_Surfactant_CMC/total_smile_and_property.csv; experimental CMC dataset; logCMC(uM)=1.15228834 converted to mol/L; https://github.com/sandialabs/P2SURF
CCCCCCCCCCCCOc1ccc(NC(=O)C[N+](C)(C)CCCCCC[N+](C)(C)CC(=O)Nc2ccc(OCCCCCCCCCCCC)cc2)cc1,cationic,1,0,1.0399999992845145e-05,,,,,,P2SURF; Single_Surfactant_CMC/total_smile_and_property.csv; experimental CMC dataset; logCMC(uM)=1.01703334 converted to mol/L; https://github.com/sandialabs/P2SURF
CCCCCCCCCCCCCCOc1ccc(NC(=O)C[N+](C)(C)CC[N+](C)(C)CC(=O)Nc2ccc(OCCCCCCCCCCCCCC)cc2)cc1,cationic,1,0,2.0800000001783476e-05,,,,,,P2SURF; Single_Surfactant_CMC/total_smile_and_property.csv; experimental CMC dataset; logCMC(uM)=1.31806333 converted to mol/L; https://github.com/sandialabs/P2SURF
CCCCCCCCCCCCCCOc1ccc(NC(=O)C[N+](C)(C)CCCC[N+](C)(C)CC(=O)Nc2ccc(OCCCCCCCCCCCCCC)cc2)cc1,cationic,1,0,1.1799999991682423e-05,,,,,,P2SURF; Single_Surfactant_CMC/total_smile_and_property.csv; experimental CMC dataset; logCMC(uM)=1.07188201 converted to mol/L; https://github.com/sandialabs/P2SURF
CCCCCCCCCCCCCCOc1ccc(NC(=O)C[N+](C)(C)CCCCCC[N+](C)(C)CC(=O)Nc2ccc(OCCCCCCCCCCCCCC)cc2)cc1,cationic,1,0,2.750000001074795e-05,,,,,,P2SURF; Single_Surfactant_CMC/total_smile_and_property.csv; experimental CMC dataset; logCMC(uM)=1.43933269 converted to mol/L; https://github.com/sandialabs/P2SURF
CCCCCCCCCCCCCCCCOc1ccc(NC(=O)C[N+](C)(C)CC[N+](C)(C)CC(=O)Nc2ccc(OCCCCCCCCCCCCCCCC)cc2)cc1,cationic,1,0,1.4000000010372393e-05,,,,,,P2SURF; Single_Surfactant_CMC/total_smile_and_property.csv; experimental CMC dataset; logCMC(uM)=1.14612804 converted to mol/L; https://github.com/sandialabs/P2SURF
CCCCCCCCCCCCCCCCOc1ccc(NC(=O)C[N+](C)(C)CCCC[N+](C)(C)CC(=O)Nc2ccc(OCCCCCCCCCCCCCCCC)cc2)cc1,cationic,1,0,8.999999990895758e-06,,,,,,P2SURF; Single_Surfactant_CMC/total_smile_and_property.csv; experimental CMC dataset; logCMC(uM)=0.954242509 converted to mol/L; https://github.com/sandialabs/P2SURF
CCCCCCCCCCCCCCCCOc1ccc(NC(=O)C[N+](C)(C)CCCCCC[N+](C)(C)CC(=O)Nc2ccc(OCCCCCCCCCCCCCCCC)cc2)cc1,cationic,1,0,2.8800000015966458e-05,,,,,,P2SURF; Single_Surfactant_CMC/total_smile_and_property.csv; experimental CMC dataset; logCMC(uM)=1.45939249 converted to mol/L; https://github.com/sandialabs/P2SURF
CCCCCCCCCC[N+](C)(C)CCCCCC[N+](C)(C)CCCCCCCCCC,cationic,0,0,0.005997910762555094,,,,,,P2SURF; Single_Surfactant_CMC/total_smile_and_property.csv; experimental CMC dataset; logCMC(uM)=3.778 converted to mol/L; https://github.com/sandialabs/P2SURF
CCCCCCCCCCC(=O)N[N+](C)(C)CCC[N+](C)(C)NC(=O)CCCCCCCCCC,cationic,0,0,0.002338837238659356,,,,,,P2SURF; Single_Surfactant_CMC/total_smile_and_property.csv; experimental CMC dataset; logCMC(uM)=3.369 converted to mol/L; https://github.com/sandialabs/P2SURF
CCCCCCCCCC[N+](C)(C)CC(O)C(O)C[N+](C)(C)CCCCCCCCCC,cationic,0,0,0.003698281797802663,,,,,,P2SURF; Single_Surfactant_CMC/total_smile_and_property.csv; experimental CMC dataset; logCMC(uM)=3.568 converted to mol/L; https://github.com/sandialabs/P2SURF
CCCCCCCCCCCC(=O)OCC(C)[N+](C)(C)CC(O)CN(CCCCC)CC(O)C[N+](C)(C)C(C)COC(=O)CCCCCCCCCCC,cationic,0,1,6.28058358813318e-05,,,,,,P2SURF; Single_Surfactant_CMC/total_smile_and_property.csv; experimental CMC dataset; logCMC(uM)=1.798 converted to mol/L; https://github.com/sandialabs/P2SURF
CCCCCCCCCCCC(=O)OCC(C)[N+](C)(C)CC(O)CN(CCCCCC)CC(O)C[N+](C)(C)C(C)COC(=O)CCCCCCCCCCC,cationic,0,1,5.9156163417547426e-05,,,,,,P2SURF; Single_Surfactant_CMC/total_smile_and_property.csv; experimental CMC dataset; logCMC(uM)=1.772 converted to mol/L; https://github.com/sandialabs/P2SURF
CCCCCCCCCCCC(=O)OCC(C)[N+](C)(C)CC(O)CN(CCCCCCCC)CC(O)C[N+](C)(C)C(C)COC(=O)CCCCCCCCCCC,cationic,0,1,5.4075432294558155e-05,,,,,,P2SURF; Single_Surfactant_CMC/total_smile_and_property.csv; experimental CMC dataset; logCMC(uM)=1.733 converted to mol/L; https://github.com/sandialabs/P2SURF
CCCCCCCCCCCC(=O)OCCC[N+](C)(C)CC(O)CN(CCCCC)CC(O)C[N+](C)(C)CCCOC(=O)CCCCCCCCCCC,cationic,1,0,4.87528490103386e-05,,,,,,P2SURF; Single_Surfactant_CMC/total_smile_and_property.csv; experimental CMC dataset; logCMC(uM)=1.688 converted to mol/L; https://github.com/sandialabs/P2SURF
CCCCCCCCCCCC(=O)OCCC[N+](C)(C)CC(O)CN(CCCCCC)CC(O)C[N+](C)(C)CCCOC(=O)CCCCCCCCCCC,cationic,1,0,4.466835921509635e-05,,,,,,P2SURF; Single_Surfactant_CMC/total_smile_and_property.csv; experimental CMC dataset; logCMC(uM)=1.65 converted to mol/L; https://github.com/sandialabs/P2SURF
CCCCCCCCCCCC(=O)OCCC[N+](C)(C)CC(O)CN(CCCCCCCC)CC(O)C[N+](C)(C)CCCOC(=O)CCCCCCCCCCC,cationic,1,0,4.07380277804113e-05,,,,,,P2SURF; Single_Surfactant_CMC/total_smile_and_property.csv; experimental CMC dataset; logCMC(uM)=1.61 converted to mol/L; https://github.com/sandialabs/P2SURF
CCCCCCCCCCCC[N+](C)(C)CCCC[N+](C)(C)CCCCCCCCCCCC,cationic,0,0,0.001169499391019871,,,,,,P2SURF; Single_Surfactant_CMC/total_smile_and_property.csv; experimental CMC dataset; logCMC(uM)=3.068 converted to mol/L; https://github.com/sandialabs/P2SURF
CCCCCCCCCCCC[N+](C)(C)CCCCCC[N+](C)(C)CCCCCCCCCCCC,cationic,0,0,0.0010889300933334333,,,,,,P2SURF; Single_Surfactant_CMC/total_smile_and_property.csv; experimental CMC dataset; logCMC(uM)=3.037 converted to mol/L; https://github.com/sandialabs/P2SURF
CCCCCCCCCCCC[N+](C)(C)CCCCCC[N+](C)(C)CCCCCC,cationic,0,0,0.0162181009735893,,,,,,P2SURF; Single_Surfactant_CMC/total_smile_and_property.csv; experimental CMC dataset; logCMC(uM)=4.21 converted to mol/L; https://github.com/sandialabs/P2SURF
CCCCCCCCCCCC[N+](C)(C)CCCCCCC[N+](C)(C)CCCCCCCCCCCC,cationic,0,0,0.0008994975815300356,,,,,,P2SURF; Single_Surfactant_CMC/total_smile_and_property.csv; experimental CMC dataset; logCMC(uM)=2.954 converted to mol/L; https://github.com/sandialabs/P2SURF
CCCCCCCCCCCC[N+](C)(C)C(=O)NCCCCCCCCCCCCNC(=O)[N+](C)(C)CCCCCCCCCCCC,cationic,0,0,0.00021978598727848253,,,,,,P2SURF; Single_Surfactant_CMC/total_smile_and_property.csv; experimental CMC dataset; logCMC(uM)=2.342 converted to mol/L; https://github.com/sandialabs/P2SURF
CCCCCCCCCCCC[N+](C)(C)C(=O)NCCNC(=O)[N+](C)(C)CCCCCCCCCCCC,cationic,0,0,0.0009397233105646375,,,,,,P2SURF; Single_Surfactant_CMC/total_smile_and_property.csv; experimental CMC dataset; logCMC(uM)=2.973 converted to mol/L; https://github.com/sandialabs/P2SURF
CCCCCCCCCCCCC(=O)N[N+](C)(C)CCC[N+](C)(C)NC(=O)CCCCCCCCCCCC,cationic,0,0,0.0014092887984218747,,,,,,P2SURF; Single_Surfactant_CMC/total_smile_and_property.csv; experimental CMC dataset; logCMC(uM)=3.149 converted to mol/L; https://github.com/sandialabs/P2SURF
CCCCCCCCCCCC[N+](C)(C)CC(O)CN(CC)CC(O)C[N+](C)(C)CCCCCCCCCCCC,cationic,0,0,0.0007447319739059888,,,,,,P2SURF; Single_Surfactant_CMC/total_smile_and_property.csv; experimental CMC dataset; logCMC(uM)=2.872 converted to mol/L; https://github.com/sandialabs/P2SURF
CCCCCCCCCCCC[N+](C)(C)CC(O)CN(CCC)CC(O)C[N+](C)(C)CCCCCCCCCCCC,cationic,0,0,0.0006237348354824192,,,,,,P2SURF; Single_Surfactant_CMC/total_smile_and_property.csv; experimental CMC dataset; logCMC(uM)=2.795 converted to mol/L; https://github.com/sandialabs/P2SURF
CCCCCCCCCCCC[N+](C)(C)CC(O)CN(CCCC)CC(O)C[N+](C)(C)CCCCCCCCCCCC,cationic,0,0,0.0005610479760324706,,,,,,P2SURF; Single_Surfactant_CMC/total_smile_and_property.csv; experimental CMC dataset; logCMC(uM)=2.749 converted to mol/L; https://github.com/sandialabs/P2SURF
CCCCCCCCCCCC[N+](C)(C)CC(O)CN(CCCCC)CC(O)C[N+](C)(C)CCCCCCCCCCCC,cationic,0,0,0.0003926449353995997,,,,,,P2SURF; Single_Surfactant_CMC/total_smile_and_property.csv; experimental CMC dataset; logCMC(uM)=2.594 converted to mol/L; https://github.com/sandialabs/P2SURF
CCCCCCCCCCCC[N+](C)(C)CC(O)C(O)C[N+](C)(C)CCCCCCCCCCCC,cationic,0,0,0.0006998419960022738,,,,,,P2SURF; Single_Surfactant_CMC/total_smile_and_property.csv; experimental CMC dataset; logCMC(uM)=2.845 converted to mol/L; https://github.com/sandialabs/P2SURF
CCCCCCCCCCn1cc[n+](CC(O)C[n+]2ccn(CCCCCCCCCC)c2)c1,cationic,0,0,0.0025292979964461446,,,,,,P2SURF; Single_Surfactant_CMC/total_smile_and_property.csv; experimental CMC dataset; logCMC(uM)=3.403 converted to mol/L; https://github.com/sandialabs/P2SURF
CCCCCCCCCCn1cc[n+](CCC[n+]2ccn(CCCCCCCCCC)c2)c1,cationic,0,0,0.003372873086588689,,,,,,P2SURF; Single_Surfactant_CMC/total_smile_and_property.csv; experimental CMC dataset; logCMC(uM)=3.528 converted to mol/L; https://github.com/sandialabs/P2SURF
CCCCCCCCCCn1cc[n+](CCCC[n+]2ccn(CCCCCCCCCC)c2)c1,cationic,0,0,0.005069907082747045,,,,,,P2SURF; Single_Surfactant_CMC/total_smile_and_property.csv; experimental CMC dataset; logCMC(uM)=3.705 converted to mol/L; https://github.com/sandialabs/P2SURF
CCCCCCCCCCC(O)Cn1cc[n+](CCC[n+]2ccn(CC(O)CCCCCCCCCC)c2)c1,cationic,0,0,0.0013708817661648536,,,,,,P2SURF; Single_Surfactant_CMC/total_smile_and_property.csv; experimental CMC dataset; logCMC(uM)=3.137 converted to mol/L; https://github.com/sandialabs/P2SURF
CCCCCCCCCCC(O)Cn1cc[n+](CCCC[n+]2ccn(CC(O)CCCCCCCCCC)c2)c1,cationic,0,0,0.0013995873225726178,,,,,,P2SURF; Single_Surfactant_CMC/total_smile_and_property.csv; experimental CMC dataset; logCMC(uM)=3.146 converted to mol/L; https://github.com/sandialabs/P2SURF
CCCCCCCCCCCCn1cc[n+](CC(O)C[n+]2ccn(CCCCCCCCCCCC)c2)c1,cationic,0,0,0.0007798301105232585,,,,,,P2SURF; Single_Surfactant_CMC/total_smile_and_property.csv; experimental CMC dataset; logCMC(uM)=2.892 converted to mol/L; https://github.com/sandialabs/P2SURF
CCCCCCCCCCCCn1cc[n+](CC[n+]2ccn(CCCCCCCCCCCC)c2)c1,cationic,0,0,0.0006397348354826482,,,,,,P2SURF; Single_Surfactant_CMC/total_smile_and_property.csv; experimental CMC dataset; logCMC(uM)=2.806 converted to mol/L; https://github.com/sandialabs/P2SURF
CCCCCCCCCCCCn1cc[n+](CCCC[n+]2ccn(CCCCCCCCCCCC)c2)c1,cationic,0,0,0.0007294575102545687,,,,,,P2SURF; Single_Surfactant_CMC/total_smile_and_property.csv; experimental CMC dataset; logCMC(uM)=2.863 converted to mol/L; https://github.com/sandialabs/P2SURF
CCCCCCCCCCCCn1cc[n+](CCCCCC[n+]2ccn(CCCCCCCCCCCC)c2)c1,cationic,0,0,0.0007396052750582382,,,,,,P2SURF; Single_Surfactant_CMC/total_smile_and_property.csv; experimental CMC dataset; logCMC(uM)=2.869 converted to mol/L; https://github.com/sandialabs/P2SURF
CCCCCCCCCCc1cccc[n+]1CCCC[n+]1ccccc1CCCCCCCCCC,cationic,0,0,0.0024210290467361778,,,,,,P2SURF; Single_Surfactant_CMC/total_smile_and_property.csv; experimental CMC dataset; logCMC(uM)=3.384 converted to mol/L; https://github.com/sandialabs/P2SURF
CCCCCCCCCCc1cccc[n+]1CCCCCC[n+]1ccccc1CCCCCCCCCC,cationic,0,0,0.0021577444091526667,,,,,,P2SURF; Single_Surfactant_CMC/total_smile_and_property.csv; experimental CMC dataset; logCMC(uM)=3.334 converted to mol/L; https://github.com/sandialabs/P2SURF
CCCCCCCCCCOc1ccc[n+](CC(O)C[n+]2cccc(OCCCCCCCCCC)c2)c1,cationic,1,0,0.001,,,,,,P2SURF; Single_Surfactant_CMC/total_smile_and_property.csv; experimental CMC dataset; logCMC(uM)=3 converted to mol/L; https://github.com/sandialabs/P2SURF
CCCCCCCCCCC(CSCCSCC(CCCCCCCCCC)[n+]1ccccc1)[n+]1ccccc1,cationic,0,0,0.00042953642676488727,,,,,,P2SURF; Single_Surfactant_CMC/total_smile_and_property.csv; experimental CMC dataset; logCMC(uM)=2.633 converted to mol/L; https://github.com/sandialabs/P2SURF
CCCCCCCCCCCC[n+]1cccc(NC(=O)Nc2ccc[n+](CCCCCCCCCCCC)c2)c1,cationic,0,0,0.0001671090614310707,,,,,,P2SURF; Single_Surfactant_CMC/total_smile_and_property.csv; experimental CMC dataset; logCMC(uM)=2.223 converted to mol/L; https://github.com/sandialabs/P2SURF
CCCCCCCCCCCCOc1ccc[n+](CCCC[n+]2cccc(OCCCCCCCCCCCC)c2)c1,cationic,1,0,0.000239883291901949,,,,,,P2SURF; Single_Surfactant_CMC/total_smile_and_property.csv; experimental CMC dataset; logCMC(uM)=2.38 converted to mol/L; https://github.com/sandialabs/P2SURF
CCCCCCCCCCCCOc1ccc[n+](CCC[n+]2cccc(OCCCCCCCCCCCC)c2)c1,cationic,1,0,0.00019010782799232996,,,,,,P2SURF; Single_Surfactant_CMC/total_smile_and_property.csv; experimental CMC dataset; logCMC(uM)=2.279 converted to mol/L; https://github.com/sandialabs/P2SURF
CCCCCCCC[N+](C)(C)CCOCC[N+](C)(C)CCCCCCCC,cationic,1,0,0.021086281499332886,,,,,,P2SURF; Single_Surfactant_CMC/total_smile_and_property.csv; experimental CMC dataset; logCMC(uM)=4.324 converted to mol/L; https://github.com/sandialabs/P2SURF
CCCCCCCCCC[N+](C)(C)CCOCC[N+](C)(C)CCCCCCCCCC,cationic,1,0,0.006591738952443213,,,,,,P2SURF; Single_Surfactant_CMC/total_smile_and_property.csv; experimental CMC dataset; logCMC(uM)=3.819 converted to mol/L; https://github.com/sandialabs/P2SURF
CCCCCCCCCCCC[N+](C)(C)CCOCC[N+](C)(C)CCCCCCCCCCCC,cationic,1,0,0.0010471285480508996,,,,,,P2SURF; Single_Surfactant_CMC/total_smile_and_property.csv; experimental CMC dataset; logCMC(uM)=3.02 converted to mol/L; https://github.com/sandialabs/P2SURF
CCCCCCCCCCCCCC[N+](C)(C)CCOCC[N+](C)(C)CCCCCCCCCCCCCC,cationic,1,0,0.00020090928126087278,,,,,,P2SURF; Single_Surfactant_CMC/total_smile_and_property.csv; experimental CMC dataset; logCMC(uM)=2.303 converted to mol/L; https://github.com/sandialabs/P2SURF
Cn1cc[n+](COCCOC[n+]2ccn(C)c2)c1,cationic,1,0,0.00707945784384138,,,,,,P2SURF; Single_Surfactant_CMC/total_smile_and_property.csv; experimental CMC dataset; logCMC(uM)=3.85 converted to mol/L; https://github.com/sandialabs/P2SURF
Cn1cc[n+](COCCCOC[n+]2ccn(C)c2)c1,cationic,1,0,0.006606934480075957,,,,,,P2SURF; Single_Surfactant_CMC/total_smile_and_property.csv; experimental CMC dataset; logCMC(uM)=3.82 converted to mol/L; https://github.com/sandialabs/P2SURF
CCn1cc[n+](COCCOC[n+]2ccn(CC)c2)c1,cationic,1,0,0.00588843655355589,,,,,,P2SURF; Single_Surfactant_CMC/total_smile_and_property.csv; experimental CMC dataset; logCMC(uM)=3.77 converted to mol/L; https://github.com/sandialabs/P2SURF
Cn1cc[n+](COCCCCCOC[n+]2ccn(C)c2)c1,cationic,1,0,0.005623413251903491,,,,,,P2SURF; Single_Surfactant_CMC/total_smile_and_property.csv; experimental CMC dataset; logCMC(uM)=3.75 converted to mol/L; https://github.com/sandialabs/P2SURF
CCn1cc[n+](COCCCOC[n+]2ccn(CC)c2)c1,cationic,1,0,0.005495408738576248,,,,,,P2SURF; Single_Surfactant_CMC/total_smile_and_property.csv; experimental CMC dataset; logCMC(uM)=3.74 converted to mol/L; https://github.com/sandialabs/P2SURF
CCn1cc[n+](COCCCCOC[n+]2ccn(CC)c2)c1,cationic,1,0,0.005011872336272725,,,,,,P2SURF; Single_Surfactant_CMC/total_smile_and_property.csv; experimental CMC dataset; logCMC(uM)=3.7 converted to mol/L; https://github.com/sandialabs/P2SURF
CCn1cc[n+](COCCCCCOC[n+]2ccn(CC)c2)c1,cationic,1,0,0.004677351412871981,,,,,,P2SURF; Single_Surfactant_CMC/total_smile_and_property.csv; experimental CMC dataset; logCMC(uM)=3.67 converted to mol/L; https://github.com/sandialabs/P2SURF
CCn1cc[n+](COCCCCCCOC[n+]2ccn(CC)c2)c1,cationic,1,0,0.004265795188015926,,,,,,P2SURF; Single_Surfactant_CMC/total_smile_and_property.csv; experimental CMC dataset; logCMC(uM)=3.63 converted to mol/L; https://github.com/sandialabs/P2SURF
CCCn1cc[n+](COCCOC[n+]2ccn(CCC)c2)c1,cationic,1,0,0.004168693834703355,,,,,,P2SURF; Single_Surfactant_CMC/total_smile_and_property.csv; experimental CMC dataset; logCMC(uM)=3.62 converted to mol/L; https://github.com/sandialabs/P2SURF
CCCn1cc[n+](COCCCCOC[n+]2ccn(CCC)c2)c1,cationic,1,0,0.004073802778041126,,,,,,P2SURF; Single_Surfactant_CMC/total_smile_and_property.csv; experimental CMC dataset; logCMC(uM)=3.61 converted to mol/L; https://github.com/sandialabs/P2SURF
CCCCn1cc[n+](COCCOC[n+]2ccn(CCCC)c2)c1,cationic,1,0,0.003890451449942805,,,,,,P2SURF; Single_Surfactant_CMC/total_smile_and_property.csv; experimental CMC dataset; logCMC(uM)=3.59 converted to mol/L; https://github.com/sandialabs/P2SURF
CCCn1cc[n+](COCCCCCOC[n+]2ccn(CCC)c2)c1,cationic,1,0,0.003890451449942805,,,,,,P2SURF; Single_Surfactant_CMC/total_smile_and_property.csv; experimental CMC dataset; logCMC(uM)=3.59 converted to mol/L; https://github.com/sandialabs/P2SURF
CCCCn1cc[n+](COCCCOC[n+]2ccn(CCCC)c2)c1,cationic,1,0,0.003630780547701014,,,,,,P2SURF; Single_Surfactant_CMC/total_smile_and_property.csv; experimental CMC dataset; logCMC(uM)=3.56 converted to mol/L; https://github.com/sandialabs/P2SURF
CCCn1cc[n+](COCCCCCCOC[n+]2ccn(CCC)c2)c1,cationic,1,0,0.0035481338923357532,,,,,,P2SURF; Single_Surfactant_CMC/total_smile_and_property.csv; experimental CMC dataset; logCMC(uM)=3.55 converted to mol/L; https://github.com/sandialabs/P2SURF
CCCCn1cc[n+](COCCCCCOC[n+]2ccn(CCCC)c2)c1,cationic,1,0,0.003235936569296281,,,,,,P2SURF; Single_Surfactant_CMC/total_smile_and_property.csv; experimental CMC dataset; logCMC(uM)=3.51 converted to mol/L; https://github.com/sandialabs/P2SURF
CCCCCn1cc[n+](COCCOC[n+]2ccn(CCCCC)c2)c1,cationic,1,0,0.003235936569296281,,,,,,P2SURF; Single_Surfactant_CMC/total_smile_and_property.csv; experimental CMC dataset; logCMC(uM)=3.51 converted to mol/L; https://github.com/sandialabs/P2SURF
CCCCCn1cc[n+](COCCCOC[n+]2ccn(CCCCC)c2)c1,cationic,1,0,0.003019951720402016,,,,,,P2SURF; Single_Surfactant_CMC/total_smile_and_property.csv; experimental CMC dataset; logCMC(uM)=3.48 converted to mol/L; https://github.com/sandialabs/P2SURF
CCCCCn1cc[n+](COCCCCOC[n+]2ccn(CCCCC)c2)c1,cationic,1,0,0.002951209226666387,,,,,,P2SURF; Single_Surfactant_CMC/total_smile_and_property.csv; experimental CMC dataset; logCMC(uM)=3.47 converted to mol/L; https://github.com/sandialabs/P2SURF
CCCCn1cc[n+](COCCCCCCOC[n+]2ccn(CCCC)c2)c1,cationic,1,0,0.0028840315031266055,,,,,,P2SURF; Single_Surfactant_CMC/total_smile_and_property.csv; experimental CMC dataset; logCMC(uM)=3.46 converted to mol/L; https://github.com/sandialabs/P2SURF
CCCCCn1cc[n+](COCCCCCCOC[n+]2ccn(CCCCC)c2)c1,cationic,1,0,0.00239883291901949,,,,,,P2SURF; Single_Surfactant_CMC/total_smile_and_property.csv; experimental CMC dataset; logCMC(uM)=3.38 converted to mol/L; https://github.com/sandialabs/P2SURF
CCCCCCn1cc[n+](COCCCCOC[n+]2ccn(CCCCCC)c2)c1,cationic,1,0,0.0022908676527677724,,,,,,P2SURF; Single_Surfactant_CMC/total_smile_and_property.csv; experimental CMC dataset; logCMC(uM)=3.36 converted to mol/L; https://github.com/sandialabs/P2SURF
CCCCCCCn1cc[n+](COCCOC[n+]2ccn(CCCCCCC)c2)c1,cationic,1,0,0.00223872113856834,,,,,,P2SURF; Single_Surfactant_CMC/total_smile_and_property.csv; experimental CMC dataset; logCMC(uM)=3.35 converted to mol/L; https://github.com/sandialabs/P2SURF
CCCCCCn1cc[n+](COCCCCCOC[n+]2ccn(CCCCCC)c2)c1,cationic,1,0,0.0021379620895022326,,,,,,P2SURF; Single_Surfactant_CMC/total_smile_and_property.csv; experimental CMC dataset; logCMC(uM)=3.33 converted to mol/L; https://github.com/sandialabs/P2SURF
CCCCCCCn1cc[n+](COCCCOC[n+]2ccn(CCCCCCC)c2)c1,cationic,1,0,0.0020892961308540386,,,,,,P2SURF; Single_Surfactant_CMC/total_smile_and_property.csv; experimental CMC dataset; logCMC(uM)=3.32 converted to mol/L; https://github.com/sandialabs/P2SURF
CCCCCCCn1cc[n+](COCCCCOC[n+]2ccn(CCCCCCC)c2)c1,cationic,1,0,0.0019498445997580456,,,,,,P2SURF; Single_Surfactant_CMC/total_smile_and_property.csv; experimental CMC dataset; logCMC(uM)=3.29 converted to mol/L; https://github.com/sandialabs/P2SURF
CCCCCCn1cc[n+](COCCCCCCOC[n+]2ccn(CCCCCC)c2)c1,cationic,1,0,0.0019498445997580456,,,,,,P2SURF; Single_Surfactant_CMC/total_smile_and_property.csv; experimental CMC dataset; logCMC(uM)=3.29 converted to mol/L; https://github.com/sandialabs/P2SURF
CCCCCCCCn1cc[n+](COCCOC[n+]2ccn(CCCCCCCC)c2)c1,cationic,1,0,0.0019054607179632462,,,,,,P2SURF; Single_Surfactant_CMC/total_smile_and_property.csv; experimental CMC dataset; logCMC(uM)=3.28 converted to mol/L; https://github.com/sandialabs/P2SURF
CCCCCCCCn1cc[n+](COCCCOC[n+]2ccn(CCCCCCCC)c2)c1,cationic,1,0,0.0017782794100389228,,,,,,P2SURF; Single_Surfactant_CMC/total_smile_and_property.csv; experimental CMC dataset; logCMC(uM)=3.25 converted to mol/L; https://github.com/sandialabs/P2SURF
CCCCCCCn1cc[n+](COCCCCCOC[n+]2ccn(CCCCCCC)c2)c1,cationic,1,0,0.0017782794100389228,,,,,,P2SURF; Single_Surfactant_CMC/total_smile_and_property.csv; experimental CMC dataset; logCMC(uM)=3.25 converted to mol/L; https://github.com/sandialabs/P2SURF
CCCCCCCCn1cc[n+](COCCCCOC[n+]2ccn(CCCCCCCC)c2)c1,cationic,1,0,0.0016218100973589297,,,,,,P2SURF; Single_Surfactant_CMC/total_smile_and_property.csv; experimental CMC dataset; logCMC(uM)=3.21 converted to mol/L; https://github.com/sandialabs/P2SURF
CCCCCCCn1cc[n+](COCCCCCCOC[n+]2ccn(CCCCCCC)c2)c1,cationic,1,0,0.0016218100973589297,,,,,,P2SURF; Single_Surfactant_CMC/total_smile_and_property.csv; experimental CMC dataset; logCMC(uM)=3.21 converted to mol/L; https://github.com/sandialabs/P2SURF
CCCCCCCCCn1cc[n+](COCCOC[n+]2ccn(CCCCCCCCC)c2)c1,cationic,1,0,0.0015488166189124811,,,,,,P2SURF; Single_Surfactant_CMC/total_smile_and_property.csv; experimental CMC dataset; logCMC(uM)=3.19 converted to mol/L; https://github.com/sandialabs/P2SURF
CCCCCCCCCn1cc[n+](COCCCOC[n+]2ccn(CCCCCCCCC)c2)c1,cationic,1,0,0.001445439770745928,,,,,,P2SURF; Single_Surfactant_CMC/total_smile_and_property.csv; experimental CMC dataset; logCMC(uM)=3.16 converted to mol/L; https://github.com/sandialabs/P2SURF
CCCCCCCCn1cc[n+](COCCCCCCOC[n+]2ccn(CCCCCCCC)c2)c1,cationic,1,0,0.0013489628825916532,,,,,,P2SURF; Single_Surfactant_CMC/total_smile_and_property.csv; experimental CMC dataset; logCMC(uM)=3.13 converted to mol/L; https://github.com/sandialabs/P2SURF
CCCCCCCCCn1cc[n+](COCCCCOC[n+]2ccn(CCCCCCCCC)c2)c1,cationic,1,0,0.0013182567385564075,,,,,,P2SURF; Single_Surfactant_CMC/total_smile_and_property.csv; experimental CMC dataset; logCMC(uM)=3.12 converted to mol/L; https://github.com/sandialabs/P2SURF
CCCCCCCCCn1cc[n+](COCCCCCOC[n+]2ccn(CCCCCCCCC)c2)c1,cationic,1,0,0.0012302687708123812,,,,,,P2SURF; Single_Surfactant_CMC/total_smile_and_property.csv; experimental CMC dataset; logCMC(uM)=3.09 converted to mol/L; https://github.com/sandialabs/P2SURF
CCCCCCCCCCCC[N+](C)(C)CCCNCCC[N+](C)(C)CCCCCCCCCCCC,cationic,0,0,0.001169499391019871,,,,,,P2SURF; Single_Surfactant_CMC/total_smile_and_property.csv; experimental CMC dataset; logCMC(uM)=3.068 converted to mol/L; https://github.com/sandialabs/P2SURF
CCCCCCCCCCn1cc[n+](COCCCOC[n+]2ccn(CCCCCCCCCC)c2)c1,cationic,1,0,0.001122018454301963,,,,,,P2SURF; Single_Surfactant_CMC/total_smile_and_property.csv; experimental CMC dataset; logCMC(uM)=3.05 converted to mol/L; https://github.com/sandialabs/P2SURF
CCCCCCCCCn1cc[n+](COCCCCCCOC[n+]2ccn(CCCCCCCCC)c2)c1,cationic,1,0,0.001122018454301963,,,,,,P2SURF; Single_Surfactant_CMC/total_smile_and_property.csv; experimental CMC dataset; logCMC(uM)=3.05 converted to mol/L; https://github.com/sandialabs/P2SURF
CCCCCCCCCCn1cc[n+](COCCCCOC[n+]2ccn(CCCCCCCCCC)c2)c1,cationic,1,0,0.001,,,,,,P2SURF; Single_Surfactant_CMC/total_smile_and_property.csv; experimental CMC dataset; logCMC(uM)=3 converted to mol/L; https://github.com/sandialabs/P2SURF
CCCCCCCCCCCn1cc[n+](COCCOC[n+]2ccn(CCCCCCCCCCC)c2)c1,cationic,1,0,0.0009120108393559096,,,,,,P2SURF; Single_Surfactant_CMC/total_smile_and_property.csv; experimental CMC dataset; logCMC(uM)=2.96 converted to mol/L; https://github.com/sandialabs/P2SURF
CCCCCCCCCCCn1cc[n+](COCCCOC[n+]2ccn(CCCCCCCCCCC)c2)c1,cationic,1,0,0.0008511380382023768,,,,,,P2SURF; Single_Surfactant_CMC/total_smile_and_property.csv; experimental CMC dataset; logCMC(uM)=2.93 converted to mol/L; https://github.com/sandialabs/P2SURF
CCCCCCCCCCn1cc[n+](COCCCCCOC[n+]2ccn(CCCCCCCCCC)c2)c1,cationic,1,0,0.0008511380382023768,,,,,,P2SURF; Single_Surfactant_CMC/total_smile_and_property.csv; experimental CMC dataset; logCMC(uM)=2.93 converted to mol/L; https://github.com/sandialabs/P2SURF
CCCCCCCCCCn1cc[n+](COCCCCCCOC[n+]2ccn(CCCCCCCCCC)c2)c1,cationic,1,0,0.0008511380382023768,,,,,,P2SURF; Single_Surfactant_CMC/total_smile_and_property.csv; experimental CMC dataset; logCMC(uM)=2.93 converted to mol/L; https://github.com/sandialabs/P2SURF
CCCCCCCCCCCn1cc[n+](COCCCCOC[n+]2ccn(CCCCCCCCCCC)c2)c1,cationic,1,0,0.0007413102413009177,,,,,,P2SURF; Single_Surfactant_CMC/total_smile_and_property.csv; experimental CMC dataset; logCMC(uM)=2.87 converted to mol/L; https://github.com/sandialabs/P2SURF
CCCCCCCCCCCCn1cc[n+](COCCOC[n+]2ccn(CCCCCCCCCCCC)c2)c1,cationic,1,0,0.000707945784384138,,,,,,P2SURF; Single_Surfactant_CMC/total_smile_and_property.csv; experimental CMC dataset; logCMC(uM)=2.85 converted to mol/L; https://github.com/sandialabs/P2SURF
CCCCCCCCCCCn1cc[n+](COCCCCCOC[n+]2ccn(CCCCCCCCCCC)c2)c1,cationic,1,0,0.0006918309709189362,,,,,,P2SURF; Single_Surfactant_CMC/total_smile_and_property.csv; experimental CMC dataset; logCMC(uM)=2.84 converted to mol/L; https://github.com/sandialabs/P2SURF
CCCCCCCCCCCCn1cc[n+](COCCCOC[n+]2ccn(CCCCCCCCCCCC)c2)c1,cationic,1,0,0.0006606934480075957,,,,,,P2SURF; Single_Surfactant_CMC/total_smile_and_property.csv; experimental CMC dataset; logCMC(uM)=2.82 converted to mol/L; https://github.com/sandialabs/P2SURF
CCCCCCCCCCCn1cc[n+](COCCCCCCOC[n+]2ccn(CCCCCCCCCCC)c2)c1,cationic,1,0,0.000630957344480193,,,,,,P2SURF; Single_Surfactant_CMC/total_smile_and_property.csv; experimental CMC dataset; logCMC(uM)=2.8 converted to mol/L; https://github.com/sandialabs/P2SURF
CCCCCCCCCCCCn1cc[n+](CCC[n+]2ccn(CCCCCCCCCCCC)c2)c1,cationic,0,0,0.0005296634438916581,,,,,,P2SURF; Single_Surfactant_CMC/total_smile_and_property.csv; experimental CMC dataset; logCMC(uM)=2.724 converted to mol/L; https://github.com/sandialabs/P2SURF
CCCCCCCCCCCCC[N+](C)(C)CCCCCC[N+](C)(C)CCCCCCCCCCC,cationic,0,0,0.0009794899854086991,,,,,,P2SURF; Single_Surfactant_CMC/total_smile_and_property.csv; experimental CMC dataset; logCMC(uM)=2.991 converted to mol/L; https://github.com/sandialabs/P2SURF
CCCCCCCCCCCCCC[N+](C)(C)CCCCCC[N+](C)(C)CCCCCCCCCC,cationic,0,0,0.0009506047936562819,,,,,,P2SURF; Single_Surfactant_CMC/total_smile_and_property.csv; experimental CMC dataset; logCMC(uM)=2.978 converted to mol/L; https://github.com/sandialabs/P2SURF
CCCCCCCCCCCCCC[N+](C)(C)CCCCCC[N+](C)(C)CCCCCC,cationic,0,0,0.005105049999754065,,,,,,P2SURF; Single_Surfactant_CMC/total_smile_and_property.csv; experimental CMC dataset; logCMC(uM)=3.708 converted to mol/L; https://github.com/sandialabs/P2SURF
CCCCCCCC[N+]1(CC#CC[N+]2(CCCCCCCC)CCCC2)CCCC1,cationic,0,0,0.03548133892335753,,,,,,P2SURF; Single_Surfactant_CMC/total_smile_and_property.csv; experimental CMC dataset; logCMC(uM)=4.55 converted to mol/L; https://github.com/sandialabs/P2SURF
CCCC[N+](C)(C)CCOCC[N+](C)(C)CCCC,cationic,1,0,0.15848931924611143,,,,,,P2SURF; Single_Surfactant_CMC/total_smile_and_property.csv; experimental CMC dataset; logCMC(uM)=5.2 converted to mol/L; https://github.com/sandialabs/P2SURF
CCCCCC[N+](C)(C)CCOCC[N+](C)(C)CCCCCC,cationic,1,0,0.08109610578538404,,,,,,P2SURF; Single_Surfactant_CMC/total_smile_and_property.csv; experimental CMC dataset; logCMC(uM)=4.909 converted to mol/L; https://github.com/sandialabs/P2SURF
CCCCCCCC[N+]1(CC#CC[N+]2(CCCCCCCC)CCCCC2)CCCCC1,cationic,0,0,0.04775292736576912,,,,,,P2SURF; Single_Surfactant_CMC/total_smile_and_property.csv; experimental CMC dataset; logCMC(uM)=4.679 converted to mol/L; https://github.com/sandialabs/P2SURF
Cn1cc[n+](COCCCCOC[n+]2ccn(C)c2)c1,cationic,1,0,0.006025595860743574,,,,,,P2SURF; Single_Surfactant_CMC/total_smile_and_property.csv; experimental CMC dataset; logCMC(uM)=3.78 converted to mol/L; https://github.com/sandialabs/P2SURF
Cn1cc[n+](COCCCCCCOC[n+]2ccn(C)c2)c1,cationic,1,0,0.005128613839913648,,,,,,P2SURF; Single_Surfactant_CMC/total_smile_and_property.csv; experimental CMC dataset; logCMC(uM)=3.71 converted to mol/L; https://github.com/sandialabs/P2SURF
CCCn1cc[n+](COCCCOC[n+]2ccn(CCC)c2)c1,cationic,1,0,0.004786300923226385,,,,,,P2SURF; Single_Surfactant_CMC/total_smile_and_property.csv; experimental CMC dataset; logCMC(uM)=3.68 converted to mol/L; https://github.com/sandialabs/P2SURF
CCCCn1cc[n+](COCCCCOC[n+]2ccn(CCCC)c2)c1,cationic,1,0,0.0035481338923357532,,,,,,P2SURF; Single_Surfactant_CMC/total_smile_and_property.csv; experimental CMC dataset; logCMC(uM)=3.55 converted to mol/L; https://github.com/sandialabs/P2SURF
CCCCCn1cc[n+](COCCCCCOC[n+]2ccn(CCCCC)c2)c1,cationic,1,0,0.0026302679918953813,,,,,,P2SURF; Single_Surfactant_CMC/total_smile_and_property.csv; experimental CMC dataset; logCMC(uM)=3.42 converted to mol/L; https://github.com/sandialabs/P2SURF
CCCCCCn1cc[n+](COCCOC[n+]2ccn(CCCCCC)c2)c1,cationic,1,0,0.0026302679918953813,,,,,,P2SURF; Single_Surfactant_CMC/total_smile_and_property.csv; experimental CMC dataset; logCMC(uM)=3.42 converted to mol/L; https://github.com/sandialabs/P2SURF
CCCCCCn1cc[n+](COCCCOC[n+]2ccn(CCCCCC)c2)c1,cationic,1,0,0.002454708915685031,,,,,,P2SURF; Single_Surfactant_CMC/total_smile_and_property.csv; experimental CMC dataset; logCMC(uM)=3.39 converted to mol/L; https://github.com/sandialabs/P2SURF
CCCCCCCCn1cc[n+](COCCCCCOC[n+]2ccn(CCCCCCCC)c2)c1,cationic,1,0,0.0014791083881682072,,,,,,P2SURF; Single_Surfactant_CMC/total_smile_and_property.csv; experimental CMC dataset; logCMC(uM)=3.17 converted to mol/L; https://github.com/sandialabs/P2SURF
CCCCCCCCCCn1cc[n+](COCCOC[n+]2ccn(CCCCCCCCCC)c2)c1,cationic,1,0,0.001202264434617413,,,,,,P2SURF; Single_Surfactant_CMC/total_smile_and_property.csv; experimental CMC dataset; logCMC(uM)=3.08 converted to mol/L; https://github.com/sandialabs/P2SURF
CCCCCCCCCCCCOC(=O)C[n+]1ccc(CCCc2cc[n+](CC(=O)OCCCCCCCCCCCC)cc2)cc1,cationic,1,0,3.5974933515574234e-05,,,,,,P2SURF; Single_Surfactant_CMC/total_smile_and_property.csv; experimental CMC dataset; logCMC(uM)=1.556 converted to mol/L; https://github.com/sandialabs/P2SURF
CCCCCCCCCCCCCCCC[N+]1(CCCC[N+]2(CCCCCCCCCCCCCCCC)CCCC2)CCCC1,cationic,0,0,2.8973435877013213e-05,,,,,,P2SURF; Single_Surfactant_CMC/total_smile_and_property.csv; experimental CMC dataset; logCMC(uM)=1.462 converted to mol/L; https://github.com/sandialabs/P2SURF
CCCCCCCCCCCCOCC(O)Cn1cc[n+](CCC[n+]2ccn(CC(O)COCCCCCCCCCCCC)c2)c1,cationic,1,0,1.9998618696327447e-05,,,,,,P2SURF; Single_Surfactant_CMC/total_smile_and_property.csv; experimental CMC dataset; logCMC(uM)=1.301 converted to mol/L; https://github.com/sandialabs/P2SURF
CCCCCCCCCCCCCCCCCC[N+]1(CC#CC[N+]2(CCCCCCCCCCCCCCCCCC)CCCC2)CCCC1,cationic,0,0,1.049542428652322e-05,,,,,,P2SURF; Single_Surfactant_CMC/total_smile_and_property.csv; experimental CMC dataset; logCMC(uM)=1.021 converted to mol/L; https://github.com/sandialabs/P2SURF
CCCCCCCCCCCC[N+]1(CCCCCCCCCCCCCCCC[N+]2(CCCCCCCCCCCC)CCCC2)CCCC1,cationic,0,0,3.1988951096913973e-05,,,,,,P2SURF; Single_Surfactant_CMC/total_smile_and_property.csv; experimental CMC dataset; logCMC(uM)=1.505 converted to mol/L; https://github.com/sandialabs/P2SURF
CCCCCCCCCCCCCCCCn1cc[n+](CC(O)C[n+]2ccn(CCCCCCCCCCCCCCCC)c2)c1,cationic,0,0,4.102041029866064e-05,,,,,,P2SURF; Single_Surfactant_CMC/total_smile_and_property.csv; experimental CMC dataset; logCMC(uM)=1.613 converted to mol/L; https://github.com/sandialabs/P2SURF
CCCCCCCCCCCCCCOc1ccc[n+](CC[n+]2cccc(OCCCCCCCCCCCCCC)c2)c1,cationic,1,0,3.3962527259040815e-05,,,,,,P2SURF; Single_Surfactant_CMC/total_smile_and_property.csv; experimental CMC dataset; logCMC(uM)=1.531 converted to mol/L; https://github.com/sandialabs/P2SURF
CCCCCCCCCCCCCCCCCC[N+](C)CCOCC[N+](C)(C)CCCCCCCCCCCCCCCCCC,cationic,1,0,3.303695410368149e-05,,,,,,P2SURF; Single_Surfactant_CMC/total_smile_and_property.csv; experimental CMC dataset; logCMC(uM)=1.519 converted to mol/L; https://github.com/sandialabs/P2SURF
CCCCCCCCCCCCCCCC[N+](C)(C)CCOCC[N+](C)(C)CCCCCCCCCCCCCCCC,cationic,1,0,3.1988951096913973e-05,,,,,,P2SURF; Single_Surfactant_CMC/total_smile_and_property.csv; experimental CMC dataset; logCMC(uM)=1.505 converted to mol/L; https://github.com/sandialabs/P2SURF
CCCCCCCCCCCCCCOc1ccc[n+](CCCC[n+]2cccc(OCCCCCCCCCCCCCC)c2)c1,cationic,1,0,5.9979107625551005e-05,,,,,,P2SURF; Single_Surfactant_CMC/total_smile_and_property.csv; experimental CMC dataset; logCMC(uM)=1.778 converted to mol/L; https://github.com/sandialabs/P2SURF
CCCCCCCCCCCCCCOc1ccc[n+](CCC[n+]2cccc(OCCCCCCCCCCCCCC)c2)c1,cationic,1,0,5.199959965335162e-05,,,,,,P2SURF; Single_Surfactant_CMC/total_smile_and_property.csv; experimental CMC dataset; logCMC(uM)=1.716 converted to mol/L; https://github.com/sandialabs/P2SURF
CCCCCCCCCCCCCCOc1ccc[n+](CC(O)C[n+]2cccc(OCCCCCCCCCCCCCC)c2)c1,cationic,1,0,2.6977394324449205e-05,,,,,,P2SURF; Single_Surfactant_CMC/total_smile_and_property.csv; experimental CMC dataset; logCMC(uM)=1.431 converted to mol/L; https://github.com/sandialabs/P2SURF
CCCCCCCCCCCCCCC(CSCCSCC(CCCCCCCCCCCCCC)[n+]1ccccc1)[n+]1ccccc1,cationic,0,0,2.999162518987653e-05,,,,,,P2SURF; Single_Surfactant_CMC/total_smile_and_property.csv; experimental CMC dataset; logCMC(uM)=1.477 converted to mol/L; https://github.com/sandialabs/P2SURF
CCCCCCCCCCCCCCCCC(=O)OCC[n+]1ccc(CCCc2cc[n+](CCOC(=O)CCCCCCCCCCCCCCCC)cc2)cc1,cationic,1,0,3.5974933515574234e-05,,,,,,P2SURF; Single_Surfactant_CMC/total_smile_and_property.csv; experimental CMC dataset; logCMC(uM)=1.556 converted to mol/L; https://github.com/sandialabs/P2SURF
CCCCCCCCCCCCCCCCC(=O)OCC[n+]1ccc(CCCc2cc[n+](CCOC(=O)CCCCCCCCCCCCCCCC)cc2)cc1,cationic,1,0,5.495408738576248e-05,,,,,,P2SURF; Single_Surfactant_CMC/total_smile_and_property.csv; experimental CMC dataset; logCMC(uM)=1.74 converted to mol/L; https://github.com/sandialabs/P2SURF
CCCCCCCCCCCCC(CSCCSCC(CCCCCCCCCCCC)[n+]1ccn(C)c1)[n+]1ccn(C)c1,cationic,0,0,0.0001,,,,,,P2SURF; Single_Surfactant_CMC/total_smile_and_property.csv; experimental CMC dataset; logCMC(uM)=2 converted to mol/L; https://github.com/sandialabs/P2SURF
CCCCCCCCCCCCC(CSCCCSCC(CCCCCCCCCCCC)[n+]1ccn(C)c1)[n+]1ccn(C)c1,cationic,0,0,8.491804750363143e-05,,,,,,P2SURF; Single_Surfactant_CMC/total_smile_and_property.csv; experimental CMC dataset; logCMC(uM)=1.929 converted to mol/L; https://github.com/sandialabs/P2SURF
CCCCCCCCCCCCC(CSCCCCSCC(CCCCCCCCCCCC)[n+]1ccn(C)c1)[n+]1ccn(C)c1,cationic,0,0,7.095777679633887e-05,,,,,,P2SURF; Single_Surfactant_CMC/total_smile_and_property.csv; experimental CMC dataset; logCMC(uM)=1.851 converted to mol/L; https://github.com/sandialabs/P2SURF
CCCCCCCCCCCCCCOCC(O)Cn1cc[n+](CCC[n+]2ccn(CC(O)COCCCCCCCCCCCCCC)c2)c1,cationic,1,0,7.095777679633887e-05,,,,,,P2SURF; Single_Surfactant_CMC/total_smile_and_property.csv; experimental CMC dataset; logCMC(uM)=1.851 converted to mol/L; https://github.com/sandialabs/P2SURF
CCCCCCCCCCCCCCC(CSCCSCC(CCCCCCCCCCCCCC)[n+]1ccn(C)c1)[n+]1ccn(C)c1,cationic,0,0,2.1978598727848274e-05,,,,,,P2SURF; Single_Surfactant_CMC/total_smile_and_property.csv; experimental CMC dataset; logCMC(uM)=1.342 converted to mol/L; https://github.com/sandialabs/P2SURF
CCCCCCCCCCCCCCC(CSCCCSCC(CCCCCCCCCCCCCC)[n+]1ccn(C)c1)[n+]1ccn(C)c1,cationic,0,0,2.0989398836235246e-05,,,,,,P2SURF; Single_Surfactant_CMC/total_smile_and_property.csv; experimental CMC dataset; logCMC(uM)=1.322 converted to mol/L; https://github.com/sandialabs/P2SURF
CCCCCCCCCCCCCCC(CSCCCCSCC(CCCCCCCCCCCCCC)[n+]1ccn(C)c1)[n+]1ccn(C)c1,cationic,0,0,1.9998618696327447e-05,,,,,,P2SURF; Single_Surfactant_CMC/total_smile_and_property.csv; experimental CMC dataset; logCMC(uM)=1.301 converted to mol/L; https://github.com/sandialabs/P2SURF
CCCCCCCCCCCCCCCC(=O)OCC(COC(=O)CCCCCCCCCCCCCCC)(C[n+]1ccn(C)c1)C[n+]1ccn(C)c1,cationic,0,0,4.1975898399100776e-05,,,,,,P2SURF; Single_Surfactant_CMC/total_smile_and_property.csv; experimental CMC dataset; logCMC(uM)=1.623 converted to mol/L; https://github.com/sandialabs/P2SURF
