SMILES,type,EO,PO,CMC,AW_ST_CMC,Gamma_max,Area_min,Pi_CMC,pC20,source
CCCCCCCCCCCCOS(=O)(=O)[O-].[Na+].CCCCCCCCCCCCCCCC[N+](C)(C)C.[Br-],anionic-cationic mixture,0.0,0.0,0.000719999999285017,,,,,,P2SURF mixture; updated_CMC-Data-for-mixed-micelle.csv; experimental CMC dataset; mol_fraction_A=0.0; mol_fraction_B=1.0; logCMC(uM)=2.8573325 converted to mol/L; https://github.com/sandialabs/P2SURF
CCCCCCCCCCCCOS(=O)(=O)[O-].[Na+].CCCCCCCCCCCCCCCC[N+](C)(C)C.[Br-],anionic-cationic mixture,0.0,0.0,9.800000006938961e-06,,,,,,P2SURF mixture; updated_CMC-Data-for-mixed-micelle.csv; experimental CMC dataset; mol_fraction_A=0.1; mol_fraction_B=0.9; logCMC(uM)=0.991226076 converted to mol/L; https://github.com/sandialabs/P2SURF
CCCCCCCCCCCCOS(=O)(=O)[O-].[Na+].CCCCCCCCCCCCCCCC[N+](C)(C)C.[Br-],anionic-cationic mixture,0.0,0.0,9.800000006938961e-06,,,,,,P2SURF mixture; updated_CMC-Data-for-mixed-micelle.csv; experimental CMC dataset; mol_fraction_A=0.2; mol_fraction_B=0.8; logCMC(uM)=0.991226076 converted to mol/L; https://github.com/sandialabs/P2SURF
CCCCCCCCCCCCOS(=O)(=O)[O-].[Na+].CCCCCCCCCCCCCCCC[N+](C)(C)C.[Br-],anionic-cationic mixture,0.0,0.0,8.000000000148396e-06,,,,,,P2SURF mixture; updated_CMC-Data-for-mixed-micelle.csv; experimental CMC dataset; mol_fraction_A=0.3; mol_fraction_B=0.7; logCMC(uM)=0.903089987 converted to mol/L; https://github.com/sandialabs/P2SURF
CCCCCCCCCCCCOS(=O)(=O)[O-].[Na+].CCCCCCCCCCCCCCCC[N+](C)(C)C.[Br-],anionic-cationic mixture,0.0,0.0,5.4000000022012014e-06,,,,,,P2SURF mixture; updated_CMC-Data-for-mixed-micelle.csv; experimental CMC dataset; mol_fraction_A=0.4; mol_fraction_B=0.6; logCMC(uM)=0.73239376 converted to mol/L; https://github.com/sandialabs/P2SURF
CCCCCCCCCCCCOS(=O)(=O)[O-].[Na+].CCCCCCCCCCCCCCCC[N+](C)(C)C.[Br-],anionic-cationic mixture,0.0,0.0,5.200000004372709e-06,,,,,,P2SURF mixture; updated_CMC-Data-for-mixed-micelle.csv; experimental CMC dataset; mol_fraction_A=0.5; mol_fraction_B=0.5; logCMC(uM)=0.716003344 converted to mol/L; https://github.com/sandialabs/P2SURF
CCCCCCCCCCCCOS(=O)(=O)[O-].[Na+].CCCCCCCCCCCCCCCC[N+](C)(C)C.[Br-],anionic-cationic mixture,0.0,0.0,8.299999992812687e-06,,,,,,P2SURF mixture; updated_CMC-Data-for-mixed-micelle.csv; experimental CMC dataset; mol_fraction_A=0.6; mol_fraction_B=0.4; logCMC(uM)=0.919078092 converted to mol/L; https://github.com/sandialabs/P2SURF
CCCCCCCCCCCCOS(=O)(=O)[O-].[Na+].CCCCCCCCCCCCCCCC[N+](C)(C)C.[Br-],anionic-cationic mixture,0.0,0.0,9.499999993681573e-06,,,,,,P2SURF mixture; updated_CMC-Data-for-mixed-micelle.csv; experimental CMC dataset; mol_fraction_A=0.7; mol_fraction_B=0.3; logCMC(uM)=0.977723605 converted to mol/L; https://github.com/sandialabs/P2SURF
CCCCCCCCCCCCOS(=O)(=O)[O-].[Na+].CCCCCCCCCCCCCCCC[N+](C)(C)C.[Br-],anionic-cationic mixture,0.0,0.0,1.070000000775569e-05,,,,,,P2SURF mixture; updated_CMC-Data-for-mixed-micelle.csv; experimental CMC dataset; mol_fraction_A=0.8; mol_fraction_B=0.2; logCMC(uM)=1.02938378 converted to mol/L; https://github.com/sandialabs/P2SURF
CCCCCCCCCCCCOS(=O)(=O)[O-].[Na+].CCCCCCCCCCCCCCCC[N+](C)(C)C.[Br-],anionic-cationic mixture,0.0,0.0,1.2299999987555467e-05,,,,,,P2SURF mixture; updated_CMC-Data-for-mixed-micelle.csv; experimental CMC dataset; mol_fraction_A=0.9; mol_fraction_B=0.1; logCMC(uM)=1.08990511 converted to mol/L; https://github.com/sandialabs/P2SURF
CCCCCCCCCCCCOS(=O)(=O)[O-].[Na+].CCCCCCCCCCCCCCCC[N+](C)(C)C.[Br-],anionic-cationic mixture,0.0,0.0,0.007800000005559021,,,,,,P2SURF mixture; updated_CMC-Data-for-mixed-micelle.csv; experimental CMC dataset; mol_fraction_A=1.0; mol_fraction_B=0.0; logCMC(uM)=3.8920946 converted to mol/L; https://github.com/sandialabs/P2SURF
CCCCCCCCCCCCOS(=O)(=O)[O-].[Na+].CCCCCCCCCCOS(=O)(=O)[O-].[Na+],anionic mixture,0.0,0.0,0.008054054053882324,,,,,,P2SURF mixture; updated_CMC-Data-for-mixed-micelle.csv; experimental CMC dataset; mol_fraction_A=1.0; mol_fraction_B=0.0; logCMC(uM)=3.90601454 converted to mol/L; https://github.com/sandialabs/P2SURF
CCCCCCCCCCCCOS(=O)(=O)[O-].[Na+].CCCCCCCCCCOS(=O)(=O)[O-].[Na+],anionic mixture,0.0,0.0,0.009243243243474381,,,,,,P2SURF mixture; updated_CMC-Data-for-mixed-micelle.csv; experimental CMC dataset; mol_fraction_A=0.8; mol_fraction_B=0.2; logCMC(uM)=3.96582438 converted to mol/L; https://github.com/sandialabs/P2SURF
CCCCCCCCCCCCOS(=O)(=O)[O-].[Na+].CCCCCCCCCCOS(=O)(=O)[O-].[Na+],anionic mixture,0.0,0.0,0.010216216221621253,,,,,,P2SURF mixture; updated_CMC-Data-for-mixed-micelle.csv; experimental CMC dataset; mol_fraction_A=0.65; mol_fraction_B=0.35; logCMC(uM)=4.00929008 converted to mol/L; https://github.com/sandialabs/P2SURF
CCCCCCCCCCCCOS(=O)(=O)[O-].[Na+].CCCCCCCCCCOS(=O)(=O)[O-].[Na+],anionic mixture,0.0,0.0,0.011783783778313973,,,,,,P2SURF mixture; updated_CMC-Data-for-mixed-micelle.csv; experimental CMC dataset; mol_fraction_A=0.5; mol_fraction_B=0.5; logCMC(uM)=4.07128476 converted to mol/L; https://github.com/sandialabs/P2SURF
CCCCCCCCCCCCOS(=O)(=O)[O-].[Na+].CCCCCCCCCCOS(=O)(=O)[O-].[Na+],anionic mixture,0.0,0.0,0.013189189191141445,,,,,,P2SURF mixture; updated_CMC-Data-for-mixed-micelle.csv; experimental CMC dataset; mol_fraction_A=0.4; mol_fraction_B=0.6; logCMC(uM)=4.1202181 converted to mol/L; https://github.com/sandialabs/P2SURF
CCCCCCCCCCCCOS(=O)(=O)[O-].[Na+].CCCCCCCCCCOS(=O)(=O)[O-].[Na+],anionic mixture,0.0,0.0,0.01567567565777485,,,,,,P2SURF mixture; updated_CMC-Data-for-mixed-micelle.csv; experimental CMC dataset; mol_fraction_A=0.29; mol_fraction_B=0.71; logCMC(uM)=4.19522627 converted to mol/L; https://github.com/sandialabs/P2SURF
CCCCCCCCCCCCOS(=O)(=O)[O-].[Na+].CCCCCCCCCCOS(=O)(=O)[O-].[Na+],anionic mixture,0.0,0.0,0.019945945957150064,,,,,,P2SURF mixture; updated_CMC-Data-for-mixed-micelle.csv; experimental CMC dataset; mol_fraction_A=0.15; mol_fraction_B=0.85; logCMC(uM)=4.29985464 converted to mol/L; https://github.com/sandialabs/P2SURF
CCCCCCCCCCCCOS(=O)(=O)[O-].[Na+].CCCCCCCCCCOS(=O)(=O)[O-].[Na+],anionic mixture,0.0,0.0,0.027567567586932858,,,,,,P2SURF mixture; updated_CMC-Data-for-mixed-micelle.csv; experimental CMC dataset; mol_fraction_A=0.05; mol_fraction_B=0.95; logCMC(uM)=4.44039845 converted to mol/L; https://github.com/sandialabs/P2SURF
CCCCCCCCCCCCOS(=O)(=O)[O-].[Na+].CCCCCCCCCCOS(=O)(=O)[O-].[Na+],anionic mixture,0.0,0.0,0.032810810835572704,,,,,,P2SURF mixture; updated_CMC-Data-for-mixed-micelle.csv; experimental CMC dataset; mol_fraction_A=0.0; mol_fraction_B=1.0; logCMC(uM)=4.51601696 converted to mol/L; https://github.com/sandialabs/P2SURF
CCCCCCCCCCCCOS(=O)(=O)[O-].[Na+].CCCCCCCCCCS(=O)C,anionic-nonionic mixture,0.0,0.0,0.0016009174298856088,,,,,,P2SURF mixture; updated_CMC-Data-for-mixed-micelle.csv; experimental CMC dataset; mol_fraction_A=0.0; mol_fraction_B=1.0; logCMC(uM)=3.20436893 converted to mol/L; https://github.com/sandialabs/P2SURF
CCCCCCCCCCCCOS(=O)(=O)[O-].[Na+].CCCCCCCCCCS(=O)C,anionic-nonionic mixture,0.0,0.0,0.0012706422004894688,,,,,,P2SURF mixture; updated_CMC-Data-for-mixed-micelle.csv; experimental CMC dataset; mol_fraction_A=0.2; mol_fraction_B=0.8; logCMC(uM)=3.10402327 converted to mol/L; https://github.com/sandialabs/P2SURF
CCCCCCCCCCCCOS(=O)(=O)[O-].[Na+].CCCCCCCCCCS(=O)C,anionic-nonionic mixture,0.0,0.0,0.0015321100910130048,,,,,,P2SURF mixture; updated_CMC-Data-for-mixed-micelle.csv; experimental CMC dataset; mol_fraction_A=0.4; mol_fraction_B=0.6; logCMC(uM)=3.18528997 converted to mol/L; https://github.com/sandialabs/P2SURF
CCCCCCCCCCCCOS(=O)(=O)[O-].[Na+].CCCCCCCCCCS(=O)C,anionic-nonionic mixture,0.0,0.0,0.002151376146241711,,,,,,P2SURF mixture; updated_CMC-Data-for-mixed-micelle.csv; experimental CMC dataset; mol_fraction_A=0.7; mol_fraction_B=0.3; logCMC(uM)=3.33271635 converted to mol/L; https://github.com/sandialabs/P2SURF
CCCCCCCCCCCCOS(=O)(=O)[O-].[Na+].CCCCCCCCCCS(=O)C,anionic-nonionic mixture,0.0,0.0,0.00705045871729865,,,,,,P2SURF mixture; updated_CMC-Data-for-mixed-micelle.csv; experimental CMC dataset; mol_fraction_A=1.0; mol_fraction_B=0.0; logCMC(uM)=3.84821737 converted to mol/L; https://github.com/sandialabs/P2SURF
CCCCCCCCCCOS(=O)(=O)[O-].[Na+].CCCCCCCCCC[N+](C)(C)C.[Br-],anionic-cationic mixture,0.0,0.0,0.018285347196447543,,,,,,P2SURF mixture; updated_CMC-Data-for-mixed-micelle.csv; experimental CMC dataset; mol_fraction_A=0.0; mol_fraction_B=1.0; logCMC(uM)=4.26210321 converted to mol/L; https://github.com/sandialabs/P2SURF
CCCCCCCCCCOS(=O)(=O)[O-].[Na+].CCCCCCCCCC[N+](C)(C)C.[Br-],anionic-cationic mixture,0.0,0.0,0.002651056636566519,,,,,,P2SURF mixture; updated_CMC-Data-for-mixed-micelle.csv; experimental CMC dataset; mol_fraction_A=0.03; mol_fraction_B=0.97; logCMC(uM)=3.42341901 converted to mol/L; https://github.com/sandialabs/P2SURF
CCCCCCCCCCOS(=O)(=O)[O-].[Na+].CCCCCCCCCC[N+](C)(C)C.[Br-],anionic-cationic mixture,0.0,0.0,0.0018854076157502166,,,,,,P2SURF mixture; updated_CMC-Data-for-mixed-micelle.csv; experimental CMC dataset; mol_fraction_A=0.08; mol_fraction_B=0.92; logCMC(uM)=3.27540526 converted to mol/L; https://github.com/sandialabs/P2SURF
CCCCCCCCCCOS(=O)(=O)[O-].[Na+].CCCCCCCCCC[N+](C)(C)C.[Br-],anionic-cationic mixture,0.0,0.0,0.0016451676003502464,,,,,,P2SURF mixture; updated_CMC-Data-for-mixed-micelle.csv; experimental CMC dataset; mol_fraction_A=0.16; mol_fraction_B=0.84; logCMC(uM)=3.21621015 converted to mol/L; https://github.com/sandialabs/P2SURF
CCCCCCCCCCOS(=O)(=O)[O-].[Na+].CCCCCCCCCC[N+](C)(C)C.[Br-],anionic-cationic mixture,0.0,0.0,0.0017027212340485144,,,,,,P2SURF mixture; updated_CMC-Data-for-mixed-micelle.csv; experimental CMC dataset; mol_fraction_A=0.28; mol_fraction_B=0.72; logCMC(uM)=3.23114355 converted to mol/L; https://github.com/sandialabs/P2SURF
CCCCCCCCCCOS(=O)(=O)[O-].[Na+].CCCCCCCCCC[N+](C)(C)C.[Br-],anionic-cationic mixture,0.0,0.0,0.0016725210484066324,,,,,,P2SURF mixture; updated_CMC-Data-for-mixed-micelle.csv; experimental CMC dataset; mol_fraction_A=0.48; mol_fraction_B=0.52; logCMC(uM)=3.22337159 converted to mol/L; https://github.com/sandialabs/P2SURF
CCCCCCCCCCOS(=O)(=O)[O-].[Na+].CCCCCCCCCC[N+](C)(C)C.[Br-],anionic-cationic mixture,0.0,0.0,0.0017152221324964365,,,,,,P2SURF mixture; updated_CMC-Data-for-mixed-micelle.csv; experimental CMC dataset; mol_fraction_A=0.7; mol_fraction_B=0.3; logCMC(uM)=3.23432037 converted to mol/L; https://github.com/sandialabs/P2SURF
CCCCCCCCCCOS(=O)(=O)[O-].[Na+].CCCCCCCCCC[N+](C)(C)C.[Br-],anionic-cationic mixture,0.0,0.0,0.0019250144195885864,,,,,,P2SURF mixture; updated_CMC-Data-for-mixed-micelle.csv; experimental CMC dataset; mol_fraction_A=0.8; mol_fraction_B=0.2; logCMC(uM)=3.28443399 converted to mol/L; https://github.com/sandialabs/P2SURF
CCCCCCCCCCOS(=O)(=O)[O-].[Na+].CCCCCCCCCC[N+](C)(C)C.[Br-],anionic-cationic mixture,0.0,0.0,0.002516393501709766,,,,,,P2SURF mixture; updated_CMC-Data-for-mixed-micelle.csv; experimental CMC dataset; mol_fraction_A=0.9; mol_fraction_B=0.1; logCMC(uM)=3.40077856 converted to mol/L; https://github.com/sandialabs/P2SURF
CCCCCCCCCCOS(=O)(=O)[O-].[Na+].CCCCCCCCCC[N+](C)(C)C.[Br-],anionic-cationic mixture,0.0,0.0,0.04939277823991713,,,,,,P2SURF mixture; updated_CMC-Data-for-mixed-micelle.csv; experimental CMC dataset; mol_fraction_A=1.0; mol_fraction_B=0.0; logCMC(uM)=4.69366346 converted to mol/L; https://github.com/sandialabs/P2SURF
CCCCCCCCCCCCOS(=O)(=O)[O-].[Na+].CCCCCCCC(=O)N(C)CC(C(C(C(CO)O)O)O)O,anionic-nonionic mixture,0.0,0.0,0.007640000007464358,,,,,,P2SURF mixture; updated_CMC-Data-for-mixed-micelle.csv; experimental CMC dataset; mol_fraction_A=1.0; mol_fraction_B=0.0; logCMC(uM)=3.88309336 converted to mol/L; https://github.com/sandialabs/P2SURF
CCCCCCCCCCCCOS(=O)(=O)[O-].[Na+].CCCCCCCC(=O)N(C)CC(C(C(C(CO)O)O)O)O,anionic-nonionic mixture,0.0,0.0,0.0070800000050574765,,,,,,P2SURF mixture; updated_CMC-Data-for-mixed-micelle.csv; experimental CMC dataset; mol_fraction_A=0.8; mol_fraction_B=0.2; logCMC(uM)=3.85003326 converted to mol/L; https://github.com/sandialabs/P2SURF
CCCCCCCCCCCCOS(=O)(=O)[O-].[Na+].CCCCCCCC(=O)N(C)CC(C(C(C(CO)O)O)O)O,anionic-nonionic mixture,0.0,0.0,0.008150000004879617,,,,,,P2SURF mixture; updated_CMC-Data-for-mixed-micelle.csv; experimental CMC dataset; mol_fraction_A=0.6; mol_fraction_B=0.4; logCMC(uM)=3.91115761 converted to mol/L; https://github.com/sandialabs/P2SURF
CCCCCCCCCCCCOS(=O)(=O)[O-].[Na+].CCCCCCCC(=O)N(C)CC(C(C(C(CO)O)O)O)O,anionic-nonionic mixture,0.0,0.0,0.008270000008520573,,,,,,P2SURF mixture; updated_CMC-Data-for-mixed-micelle.csv; experimental CMC dataset; mol_fraction_A=0.4; mol_fraction_B=0.6; logCMC(uM)=3.91750551 converted to mol/L; https://github.com/sandialabs/P2SURF
CCCCCCCCCCCCOS(=O)(=O)[O-].[Na+].CCCCCCCC(=O)N(C)CC(C(C(C(CO)O)O)O)O,anionic-nonionic mixture,0.0,0.0,0.011499999990636446,,,,,,P2SURF mixture; updated_CMC-Data-for-mixed-micelle.csv; experimental CMC dataset; mol_fraction_A=0.2; mol_fraction_B=0.8; logCMC(uM)=4.06069784 converted to mol/L; https://github.com/sandialabs/P2SURF
CCCCCCCCCCCCOS(=O)(=O)[O-].[Na+].CCCCCCCC(=O)N(C)CC(C(C(C(CO)O)O)O)O,anionic-nonionic mixture,0.0,0.0,0.05520000003441951,,,,,,P2SURF mixture; updated_CMC-Data-for-mixed-micelle.csv; experimental CMC dataset; mol_fraction_A=0.0; mol_fraction_B=1.0; logCMC(uM)=4.74193908 converted to mol/L; https://github.com/sandialabs/P2SURF
CCCCCCCCCCCCOS(=O)(=O)[O-].[Na+].CCCCCCCCC(=O)N(C)CC(C(C(C(CO)O)O)O)O,anionic-nonionic mixture,0.0,0.0,0.007640000007464358,,,,,,P2SURF mixture; updated_CMC-Data-for-mixed-micelle.csv; experimental CMC dataset; mol_fraction_A=1.0; mol_fraction_B=0.0; logCMC(uM)=3.88309336 converted to mol/L; https://github.com/sandialabs/P2SURF
CCCCCCCCCCCCOS(=O)(=O)[O-].[Na+].CCCCCCCCC(=O)N(C)CC(C(C(C(CO)O)O)O)O,anionic-nonionic mixture,0.0,0.0,0.0052800000056677475,,,,,,P2SURF mixture; updated_CMC-Data-for-mixed-micelle.csv; experimental CMC dataset; mol_fraction_A=0.8; mol_fraction_B=0.2; logCMC(uM)=3.72263392 converted to mol/L; https://github.com/sandialabs/P2SURF
CCCCCCCCCCCCOS(=O)(=O)[O-].[Na+].CCCCCCCCC(=O)N(C)CC(C(C(C(CO)O)O)O)O,anionic-nonionic mixture,0.0,0.0,0.0053700000037149595,,,,,,P2SURF mixture; updated_CMC-Data-for-mixed-micelle.csv; experimental CMC dataset; mol_fraction_A=0.6; mol_fraction_B=0.4; logCMC(uM)=3.72997429 converted to mol/L; https://github.com/sandialabs/P2SURF
CCCCCCCCCCCCOS(=O)(=O)[O-].[Na+].CCCCCCCCC(=O)N(C)CC(C(C(C(CO)O)O)O)O,anionic-nonionic mixture,0.0,0.0,0.004830000002763554,,,,,,P2SURF mixture; updated_CMC-Data-for-mixed-micelle.csv; experimental CMC dataset; mol_fraction_A=0.4; mol_fraction_B=0.6; logCMC(uM)=3.68394713 converted to mol/L; https://github.com/sandialabs/P2SURF
CCCCCCCCCCCCOS(=O)(=O)[O-].[Na+].CCCCCCCCC(=O)N(C)CC(C(C(C(CO)O)O)O)O,anionic-nonionic mixture,0.0,0.0,0.00802999999484726,,,,,,P2SURF mixture; updated_CMC-Data-for-mixed-micelle.csv; experimental CMC dataset; mol_fraction_A=0.2; mol_fraction_B=0.8; logCMC(uM)=3.90471555 converted to mol/L; https://github.com/sandialabs/P2SURF
CCCCCCCCCCCCOS(=O)(=O)[O-].[Na+].CCCCCCCCC(=O)N(C)CC(C(C(C(CO)O)O)O)O,anionic-nonionic mixture,0.0,0.0,0.01889999999246062,,,,,,P2SURF mixture; updated_CMC-Data-for-mixed-micelle.csv; experimental CMC dataset; mol_fraction_A=0.0; mol_fraction_B=1.0; logCMC(uM)=4.2764618 converted to mol/L; https://github.com/sandialabs/P2SURF
CCCCCCCCCCCCOS(=O)(=O)[O-].[Na+].CCCCCCCCCC(=O)N(C)CC(C(C(C(CO)O)O)O)O,anionic-nonionic mixture,0.0,0.0,0.007640000007464358,,,,,,P2SURF mixture; updated_CMC-Data-for-mixed-micelle.csv; experimental CMC dataset; mol_fraction_A=1.0; mol_fraction_B=0.0; logCMC(uM)=3.88309336 converted to mol/L; https://github.com/sandialabs/P2SURF
CCCCCCCCCCCCOS(=O)(=O)[O-].[Na+].CCCCCCCCCC(=O)N(C)CC(C(C(C(CO)O)O)O)O,anionic-nonionic mixture,0.0,0.0,0.003569999999077745,,,,,,P2SURF mixture; updated_CMC-Data-for-mixed-micelle.csv; experimental CMC dataset; mol_fraction_A=0.8; mol_fraction_B=0.2; logCMC(uM)=3.55266822 converted to mol/L; https://github.com/sandialabs/P2SURF
CCCCCCCCCCCCOS(=O)(=O)[O-].[Na+].CCCCCCCCCC(=O)N(C)CC(C(C(C(CO)O)O)O)O,anionic-nonionic mixture,0.0,0.0,0.002979999999476758,,,,,,P2SURF mixture; updated_CMC-Data-for-mixed-micelle.csv; experimental CMC dataset; mol_fraction_A=0.6; mol_fraction_B=0.4; logCMC(uM)=3.47421626 converted to mol/L; https://github.com/sandialabs/P2SURF
CCCCCCCCCCCCOS(=O)(=O)[O-].[Na+].CCCCCCCCCC(=O)N(C)CC(C(C(C(CO)O)O)O)O,anionic-nonionic mixture,0.0,0.0,0.0030100000028149827,,,,,,P2SURF mixture; updated_CMC-Data-for-mixed-micelle.csv; experimental CMC dataset; mol_fraction_A=0.4; mol_fraction_B=0.6; logCMC(uM)=3.4785665 converted to mol/L; https://github.com/sandialabs/P2SURF
CCCCCCCCCCCCOS(=O)(=O)[O-].[Na+].CCCCCCCCCC(=O)N(C)CC(C(C(C(CO)O)O)O)O,anionic-nonionic mixture,0.0,0.0,0.0035900000034857307,,,,,,P2SURF mixture; updated_CMC-Data-for-mixed-micelle.csv; experimental CMC dataset; mol_fraction_A=0.2; mol_fraction_B=0.8; logCMC(uM)=3.55509445 converted to mol/L; https://github.com/sandialabs/P2SURF
CCCCCCCCCCCCOS(=O)(=O)[O-].[Na+].CCCCCCCCCC(=O)N(C)CC(C(C(C(CO)O)O)O)O,anionic-nonionic mixture,0.0,0.0,0.006079999996181787,,,,,,P2SURF mixture; updated_CMC-Data-for-mixed-micelle.csv; experimental CMC dataset; mol_fraction_A=0.0; mol_fraction_B=1.0; logCMC(uM)=3.78390358 converted to mol/L; https://github.com/sandialabs/P2SURF
C(=O)(C(C(C(C(C(C(C(F)(F)F)(F)F)(F)F)(F)F)(F)F)(F)F)(F)F)[O-].[Na+].CCCCCCCCCCOS(=O)(=O)[O-].[Na+],anionic mixture,0.0,0.0,0.03151029746205036,,,,,,P2SURF mixture; updated_CMC-Data-for-mixed-micelle.csv; experimental CMC dataset; mol_fraction_A=0.0; mol_fraction_B=1.0; logCMC(uM)=4.4984525 converted to mol/L; https://github.com/sandialabs/P2SURF
C(=O)(C(C(C(C(C(C(C(F)(F)F)(F)F)(F)F)(F)F)(F)F)(F)F)(F)F)[O-].[Na+].CCCCCCCCCCOS(=O)(=O)[O-].[Na+],anionic mixture,0.0,0.0,0.03559496563618335,,,,,,P2SURF mixture; updated_CMC-Data-for-mixed-micelle.csv; experimental CMC dataset; mol_fraction_A=0.25; mol_fraction_B=0.75; logCMC(uM)=4.55138858 converted to mol/L; https://github.com/sandialabs/P2SURF
C(=O)(C(C(C(C(C(C(C(F)(F)F)(F)F)(F)F)(F)F)(F)F)(F)F)(F)F)[O-].[Na+].CCCCCCCCCCOS(=O)(=O)[O-].[Na+],anionic mixture,0.0,0.0,0.03875286041098671,,,,,,P2SURF mixture; updated_CMC-Data-for-mixed-micelle.csv; experimental CMC dataset; mol_fraction_A=0.4; mol_fraction_B=0.6; logCMC(uM)=4.58830376 converted to mol/L; https://github.com/sandialabs/P2SURF
C(=O)(C(C(C(C(C(C(C(F)(F)F)(F)F)(F)F)(F)F)(F)F)(F)F)(F)F)[O-].[Na+].CCCCCCCCCCOS(=O)(=O)[O-].[Na+],anionic mixture,0.0,0.0,0.042974828379276776,,,,,,P2SURF mixture; updated_CMC-Data-for-mixed-micelle.csv; experimental CMC dataset; mol_fraction_A=0.5; mol_fraction_B=0.5; logCMC(uM)=4.63321415 converted to mol/L; https://github.com/sandialabs/P2SURF
C(=O)(C(C(C(C(C(C(C(F)(F)F)(F)F)(F)F)(F)F)(F)F)(F)F)(F)F)[O-].[Na+].CCCCCCCCCCOS(=O)(=O)[O-].[Na+],anionic mixture,0.0,0.0,0.04040045767253717,,,,,,P2SURF mixture; updated_CMC-Data-for-mixed-micelle.csv; experimental CMC dataset; mol_fraction_A=0.6; mol_fraction_B=0.4; logCMC(uM)=4.60638629 converted to mol/L; https://github.com/sandialabs/P2SURF
C(=O)(C(C(C(C(C(C(C(F)(F)F)(F)F)(F)F)(F)F)(F)F)(F)F)(F)F)[O-].[Na+].CCCCCCCCCCOS(=O)(=O)[O-].[Na+],anionic mixture,0.0,0.0,0.03700228833497406,,,,,,P2SURF mixture; updated_CMC-Data-for-mixed-micelle.csv; experimental CMC dataset; mol_fraction_A=0.75; mol_fraction_B=0.25; logCMC(uM)=4.56822858 converted to mol/L; https://github.com/sandialabs/P2SURF
C(=O)(C(C(C(C(C(C(C(F)(F)F)(F)F)(F)F)(F)F)(F)F)(F)F)(F)F)[O-].[Na+].CCCCCCCCCCOS(=O)(=O)[O-].[Na+],anionic mixture,0.0,0.0,0.03308924485216599,,,,,,P2SURF mixture; updated_CMC-Data-for-mixed-micelle.csv; experimental CMC dataset; mol_fraction_A=1.0; mol_fraction_B=0.0; logCMC(uM)=4.51968686 converted to mol/L; https://github.com/sandialabs/P2SURF
CCCCCCCCCCP(=O)(C)C.CCCCCCCCCCS(=O)C,anionic-nonionic mixture,0.0,0.0,0.0038270261344826363,,,,,,P2SURF mixture; updated_CMC-Data-for-mixed-micelle.csv; experimental CMC dataset; mol_fraction_A=1.0; mol_fraction_B=0.0; logCMC(uM)=3.58286143 converted to mol/L; https://github.com/sandialabs/P2SURF
CCCCCCCCCCP(=O)(C)C.CCCCCCCCCCS(=O)C,anionic-nonionic mixture,0.0,0.0,0.0032560153302168605,,,,,,P2SURF mixture; updated_CMC-Data-for-mixed-micelle.csv; experimental CMC dataset; mol_fraction_A=0.89; mol_fraction_B=0.11; logCMC(uM)=3.51268644 converted to mol/L; https://github.com/sandialabs/P2SURF
CCCCCCCCCCP(=O)(C)C.CCCCCCCCCCS(=O)C,anionic-nonionic mixture,0.0,0.0,0.0028578124704375526,,,,,,P2SURF mixture; updated_CMC-Data-for-mixed-micelle.csv; experimental CMC dataset; mol_fraction_A=0.75; mol_fraction_B=0.25; logCMC(uM)=3.45603373 converted to mol/L; https://github.com/sandialabs/P2SURF
CCCCCCCCCCP(=O)(C)C.CCCCCCCCCCS(=O)C,anionic-nonionic mixture,0.0,0.0,0.002531682059307463,,,,,,P2SURF mixture; updated_CMC-Data-for-mixed-micelle.csv; experimental CMC dataset; mol_fraction_A=0.64; mol_fraction_B=0.36; logCMC(uM)=3.40340916 converted to mol/L; https://github.com/sandialabs/P2SURF
CCCCCCCCCCP(=O)(C)C.CCCCCCCCCCS(=O)C,anionic-nonionic mixture,0.0,0.0,0.0023063493771134157,,,,,,P2SURF mixture; updated_CMC-Data-for-mixed-micelle.csv; experimental CMC dataset; mol_fraction_A=0.5; mol_fraction_B=0.5; logCMC(uM)=3.3629251 converted to mol/L; https://github.com/sandialabs/P2SURF
CCCCCCCCCCP(=O)(C)C.CCCCCCCCCCS(=O)C,anionic-nonionic mixture,0.0,0.0,0.0020883691160464677,,,,,,P2SURF mixture; updated_CMC-Data-for-mixed-micelle.csv; experimental CMC dataset; mol_fraction_A=0.39; mol_fraction_B=0.61; logCMC(uM)=3.31980726 converted to mol/L; https://github.com/sandialabs/P2SURF
CCCCCCCCCCP(=O)(C)C.CCCCCCCCCCS(=O)C,anionic-nonionic mixture,0.0,0.0,0.0019208395666084474,,,,,,P2SURF mixture; updated_CMC-Data-for-mixed-micelle.csv; experimental CMC dataset; mol_fraction_A=0.25; mol_fraction_B=0.75; logCMC(uM)=3.28349109 converted to mol/L; https://github.com/sandialabs/P2SURF
CCCCCCCCCCP(=O)(C)C.CCCCCCCCCCS(=O)C,anionic-nonionic mixture,0.0,0.0,0.0017602061579277768,,,,,,P2SURF mixture; updated_CMC-Data-for-mixed-micelle.csv; experimental CMC dataset; mol_fraction_A=0.12; mol_fraction_B=0.88; logCMC(uM)=3.24556354 converted to mol/L; https://github.com/sandialabs/P2SURF
CCCCCCCCCCP(=O)(C)C.CCCCCCCCCCS(=O)C,anionic-nonionic mixture,0.0,0.0,0.0016000082942795898,,,,,,P2SURF mixture; updated_CMC-Data-for-mixed-micelle.csv; experimental CMC dataset; mol_fraction_A=0.0; mol_fraction_B=1.0; logCMC(uM)=3.20412223 converted to mol/L; https://github.com/sandialabs/P2SURF
CCCCCCCCCCCC[N+](C)(C)C.[Br-].CCCCCCCCCC[N+](C)(C)C.[Br-],cationic mixture,0.0,0.0,0.0662988846034618,,,,,,P2SURF mixture; updated_CMC-Data-for-mixed-micelle.csv; experimental CMC dataset; mol_fraction_A=0.0; mol_fraction_B=1.0; logCMC(uM)=4.82150622 converted to mol/L; https://github.com/sandialabs/P2SURF
CCCCCCCCCCCC[N+](C)(C)C.[Br-].CCCCCCCCCC[N+](C)(C)C.[Br-],cationic mixture,0.0,0.0,0.04406754513524436,,,,,,P2SURF mixture; updated_CMC-Data-for-mixed-micelle.csv; experimental CMC dataset; mol_fraction_A=0.1; mol_fraction_B=0.9; logCMC(uM)=4.64411886 converted to mol/L; https://github.com/sandialabs/P2SURF
CCCCCCCCCCCC[N+](C)(C)C.[Br-].CCCCCCCCCC[N+](C)(C)C.[Br-],cationic mixture,0.0,0.0,0.035321442214235076,,,,,,P2SURF mixture; updated_CMC-Data-for-mixed-micelle.csv; experimental CMC dataset; mol_fraction_A=0.2; mol_fraction_B=0.8; logCMC(uM)=4.54803843 converted to mol/L; https://github.com/sandialabs/P2SURF
CCCCCCCCCCCC[N+](C)(C)C.[Br-].CCCCCCCCCC[N+](C)(C)C.[Br-],cationic mixture,0.0,0.0,0.029471390640238494,,,,,,P2SURF mixture; updated_CMC-Data-for-mixed-micelle.csv; experimental CMC dataset; mol_fraction_A=0.3; mol_fraction_B=0.7; logCMC(uM)=4.46940063 converted to mol/L; https://github.com/sandialabs/P2SURF
CCCCCCCCCCCC[N+](C)(C)C.[Br-].CCCCCCCCCC[N+](C)(C)C.[Br-],cationic mixture,0.0,0.0,0.023594296297983142,,,,,,P2SURF mixture; updated_CMC-Data-for-mixed-micelle.csv; experimental CMC dataset; mol_fraction_A=0.45; mol_fraction_B=0.55; logCMC(uM)=4.37280703 converted to mol/L; https://github.com/sandialabs/P2SURF
CCCCCCCCCCCC[N+](C)(C)C.[Br-].CCCCCCCCCC[N+](C)(C)C.[Br-],cationic mixture,0.0,0.0,0.02073471407686657,,,,,,P2SURF mixture; updated_CMC-Data-for-mixed-micelle.csv; experimental CMC dataset; mol_fraction_A=0.6; mol_fraction_B=0.4; logCMC(uM)=4.31669805 converted to mol/L; https://github.com/sandialabs/P2SURF
CCCCCCCCCCCC[N+](C)(C)C.[Br-].CCCCCCCCCC[N+](C)(C)C.[Br-],cationic mixture,0.0,0.0,0.017611348696861755,,,,,,P2SURF mixture; updated_CMC-Data-for-mixed-micelle.csv; experimental CMC dataset; mol_fraction_A=0.8; mol_fraction_B=0.2; logCMC(uM)=4.24579262 converted to mol/L; https://github.com/sandialabs/P2SURF
CCCCCCCCCCCC[N+](C)(C)C.[Br-].CCCCCCCCCC[N+](C)(C)C.[Br-],cationic mixture,0.0,0.0,0.015156481194838397,,,,,,P2SURF mixture; updated_CMC-Data-for-mixed-micelle.csv; experimental CMC dataset; mol_fraction_A=1.0; mol_fraction_B=0.0; logCMC(uM)=4.18059838 converted to mol/L; https://github.com/sandialabs/P2SURF
CCCCCC(=O)[O-].[K+].CCCCCCC(=O)[O-].[K+],anionic mixture,0.0,0.0,1.6069666175286268,,,,,,P2SURF mixture; updated_CMC-Data-for-mixed-micelle.csv; experimental CMC dataset; mol_fraction_A=1.0; mol_fraction_B=0.0; logCMC(uM)=6.20600686 converted to mol/L; https://github.com/sandialabs/P2SURF
CCCCCC(=O)[O-].[K+].CCCCCCC(=O)[O-].[K+],anionic mixture,0.0,0.0,1.5210449936534274,,,,,,P2SURF mixture; updated_CMC-Data-for-mixed-micelle.csv; experimental CMC dataset; mol_fraction_A=0.95; mol_fraction_B=0.05; logCMC(uM)=6.18214206 converted to mol/L; https://github.com/sandialabs/P2SURF
CCCCCC(=O)[O-].[K+].CCCCCCC(=O)[O-].[K+],anionic mixture,0.0,0.0,1.4420899857356537,,,,,,P2SURF mixture; updated_CMC-Data-for-mixed-micelle.csv; experimental CMC dataset; mol_fraction_A=0.9; mol_fraction_B=0.1; logCMC(uM)=6.15899236 converted to mol/L; https://github.com/sandialabs/P2SURF
CCCCCC(=O)[O-].[K+].CCCCCCC(=O)[O-].[K+],anionic mixture,0.0,0.0,1.360812772865518,,,,,,P2SURF mixture; updated_CMC-Data-for-mixed-micelle.csv; experimental CMC dataset; mol_fraction_A=0.85; mol_fraction_B=0.15; logCMC(uM)=6.13379838 converted to mol/L; https://github.com/sandialabs/P2SURF
CCCCCC(=O)[O-].[K+].CCCCCCC(=O)[O-].[K+],anionic mixture,0.0,0.0,1.277213351971759,,,,,,P2SURF mixture; updated_CMC-Data-for-mixed-micelle.csv; experimental CMC dataset; mol_fraction_A=0.75; mol_fraction_B=0.25; logCMC(uM)=6.10626345 converted to mol/L; https://github.com/sandialabs/P2SURF
CCCCCC(=O)[O-].[K+].CCCCCCC(=O)[O-].[K+],anionic mixture,0.0,0.0,1.1936139339413343,,,,,,P2SURF mixture; updated_CMC-Data-for-mixed-micelle.csv; experimental CMC dataset; mol_fraction_A=0.7; mol_fraction_B=0.3; logCMC(uM)=6.07686388 converted to mol/L; https://github.com/sandialabs/P2SURF
CCCCCC(=O)[O-].[K+].CCCCCCC(=O)[O-].[K+],anionic mixture,0.0,0.0,1.1309143687467398,,,,,,P2SURF mixture; updated_CMC-Data-for-mixed-micelle.csv; experimental CMC dataset; mol_fraction_A=0.6; mol_fraction_B=0.4; logCMC(uM)=6.05342972 converted to mol/L; https://github.com/sandialabs/P2SURF
CCCCCC(=O)[O-].[K+].CCCCCCC(=O)[O-].[K+],anionic mixture,0.0,0.0,1.0426705376064753,,,,,,P2SURF mixture; updated_CMC-Data-for-mixed-micelle.csv; experimental CMC dataset; mol_fraction_A=0.5; mol_fraction_B=0.5; logCMC(uM)=6.0181471 converted to mol/L; https://github.com/sandialabs/P2SURF
CCCCCC(=O)[O-].[K+].CCCCCCC(=O)[O-].[K+],anionic mixture,0.0,0.0,0.9567489119473934,,,,,,P2SURF mixture; updated_CMC-Data-for-mixed-micelle.csv; experimental CMC dataset; mol_fraction_A=0.35; mol_fraction_B=0.65; logCMC(uM)=5.98079798 converted to mol/L; https://github.com/sandialabs/P2SURF
CCCCCC(=O)[O-].[K+].CCCCCCC(=O)[O-].[K+],anionic mixture,0.0,0.0,0.8917271405459145,,,,,,P2SURF mixture; updated_CMC-Data-for-mixed-micelle.csv; experimental CMC dataset; mol_fraction_A=0.23; mol_fraction_B=0.77; logCMC(uM)=5.95023199 converted to mol/L; https://github.com/sandialabs/P2SURF
CCCCCC(=O)[O-].[K+].CCCCCCC(=O)[O-].[K+],anionic mixture,0.0,0.0,0.8197387515572915,,,,,,P2SURF mixture; updated_CMC-Data-for-mixed-micelle.csv; experimental CMC dataset; mol_fraction_A=0.0; mol_fraction_B=1.0; logCMC(uM)=5.91367547 converted to mol/L; https://github.com/sandialabs/P2SURF
CCCCCC(=O)[O-].[K+].CCCCCCCC(=O)[O-].[K+],anionic mixture,0.0,0.0,1.6069666175286268,,,,,,P2SURF mixture; updated_CMC-Data-for-mixed-micelle.csv; experimental CMC dataset; mol_fraction_A=1.0; mol_fraction_B=0.0; logCMC(uM)=6.20600686 converted to mol/L; https://github.com/sandialabs/P2SURF
CCCCCC(=O)[O-].[K+].CCCCCCCC(=O)[O-].[K+],anionic mixture,0.0,0.0,1.2795355599590899,,,,,,P2SURF mixture; updated_CMC-Data-for-mixed-micelle.csv; experimental CMC dataset; mol_fraction_A=0.95; mol_fraction_B=0.05; logCMC(uM)=6.10705236 converted to mol/L; https://github.com/sandialabs/P2SURF
CCCCCC(=O)[O-].[K+].CCCCCCCC(=O)[O-].[K+],anionic mixture,0.0,0.0,1.0473149501030286,,,,,,P2SURF mixture; updated_CMC-Data-for-mixed-micelle.csv; experimental CMC dataset; mol_fraction_A=0.88; mol_fraction_B=0.12; logCMC(uM)=6.0200773 converted to mol/L; https://github.com/sandialabs/P2SURF
CCCCCC(=O)[O-].[K+].CCCCCCCC(=O)[O-].[K+],anionic mixture,0.0,0.0,0.8011611033770477,,,,,,P2SURF mixture; updated_CMC-Data-for-mixed-micelle.csv; experimental CMC dataset; mol_fraction_A=0.75; mol_fraction_B=0.25; logCMC(uM)=5.90371986 converted to mol/L; https://github.com/sandialabs/P2SURF
CCCCCC(=O)[O-].[K+].CCCCCCCC(=O)[O-].[K+],anionic mixture,0.0,0.0,0.6014513790459236,,,,,,P2SURF mixture; updated_CMC-Data-for-mixed-micelle.csv; experimental CMC dataset; mol_fraction_A=0.55; mol_fraction_B=0.45; logCMC(uM)=5.77920053 converted to mol/L; https://github.com/sandialabs/P2SURF
CCCCCC(=O)[O-].[K+].CCCCCCCC(=O)[O-].[K+],anionic mixture,0.0,0.0,0.48998548616001236,,,,,,P2SURF mixture; updated_CMC-Data-for-mixed-micelle.csv; experimental CMC dataset; mol_fraction_A=0.3; mol_fraction_B=0.7; logCMC(uM)=5.69018322 converted to mol/L; https://github.com/sandialabs/P2SURF
CCCCCC(=O)[O-].[K+].CCCCCCCC(=O)[O-].[K+],anionic mixture,0.0,0.0,0.39013062366694456,,,,,,P2SURF mixture; updated_CMC-Data-for-mixed-micelle.csv; experimental CMC dataset; mol_fraction_A=0.0; mol_fraction_B=1.0; logCMC(uM)=5.59121004 converted to mol/L; https://github.com/sandialabs/P2SURF
CCCCCC(=O)[O-].[K+].CCCCCCCCCC(=O)[O-].[K+],anionic mixture,0.0,0.0,1.6069666175286268,,,,,,P2SURF mixture; updated_CMC-Data-for-mixed-micelle.csv; experimental CMC dataset; mol_fraction_A=1.0; mol_fraction_B=0.0; logCMC(uM)=6.20600686 converted to mol/L; https://github.com/sandialabs/P2SURF
CCCCCC(=O)[O-].[K+].CCCCCCCCCC(=O)[O-].[K+],anionic mixture,0.0,0.0,1.0682148030065215,,,,,,P2SURF mixture; updated_CMC-Data-for-mixed-micelle.csv; experimental CMC dataset; mol_fraction_A=0.983884121; mol_fraction_B=0.016115879; logCMC(uM)=6.02865859 converted to mol/L; https://github.com/sandialabs/P2SURF
CCCCCC(=O)[O-].[K+].CCCCCCCCCC(=O)[O-].[K+],anionic mixture,0.0,0.0,0.7291727143780492,,,,,,P2SURF mixture; updated_CMC-Data-for-mixed-micelle.csv; experimental CMC dataset; mol_fraction_A=0.964186247; mol_fraction_B=0.035813753; logCMC(uM)=5.86283041 converted to mol/L; https://github.com/sandialabs/P2SURF
CCCCCC(=O)[O-].[K+].CCCCCCCCCC(=O)[O-].[K+],anionic mixture,0.0,0.0,0.4644412187173017,,,,,,P2SURF mixture; updated_CMC-Data-for-mixed-micelle.csv; experimental CMC dataset; mol_fraction_A=0.912035708; mol_fraction_B=0.087964292; logCMC(uM)=5.66693076 converted to mol/L; https://github.com/sandialabs/P2SURF
CCCCCC(=O)[O-].[K+].CCCCCCCCCC(=O)[O-].[K+],anionic mixture,0.0,0.0,0.28563134965884673,,,,,,P2SURF mixture; updated_CMC-Data-for-mixed-micelle.csv; experimental CMC dataset; mol_fraction_A=0.784799542; mol_fraction_B=0.215200458; logCMC(uM)=5.45580587 converted to mol/L; https://github.com/sandialabs/P2SURF
CCCCCC(=O)[O-].[K+].CCCCCCCCCC(=O)[O-].[K+],anionic mixture,0.0,0.0,0.20667634233827345,,,,,,P2SURF mixture; updated_CMC-Data-for-mixed-micelle.csv; experimental CMC dataset; mol_fraction_A=0.646538678; mol_fraction_B=0.353461322; logCMC(uM)=5.31529077 converted to mol/L; https://github.com/sandialabs/P2SURF
CCCCCC(=O)[O-].[K+].CCCCCCCCCC(=O)[O-].[K+],anionic mixture,0.0,0.0,0.15791001434851834,,,,,,P2SURF mixture; updated_CMC-Data-for-mixed-micelle.csv; experimental CMC dataset; mol_fraction_A=0.397432112; mol_fraction_B=0.602567888; logCMC(uM)=5.19840967 converted to mol/L; https://github.com/sandialabs/P2SURF
CCCCCC(=O)[O-].[K+].CCCCCCCCCC(=O)[O-].[K+],anionic mixture,0.0,0.0,0.13236574733183712,,,,,,P2SURF mixture; updated_CMC-Data-for-mixed-micelle.csv; experimental CMC dataset; mol_fraction_A=0.202462183; mol_fraction_B=0.797537817; logCMC(uM)=5.12177562 converted to mol/L; https://github.com/sandialabs/P2SURF
CCCCCC(=O)[O-].[K+].CCCCCCCCCC(=O)[O-].[K+],anionic mixture,0.0,0.0,0.10449927442521535,,,,,,P2SURF mixture; updated_CMC-Data-for-mixed-micelle.csv; experimental CMC dataset; mol_fraction_A=0.003216569; mol_fraction_B=0.996783431; logCMC(uM)=5.01911327 converted to mol/L; https://github.com/sandialabs/P2SURF
CCCCCC(=O)[O-].[K+].CCCCCCCCCCC(=O)[O-].[K+],anionic mixture,0.0,0.0,1.6069666175286268,,,,,,P2SURF mixture; updated_CMC-Data-for-mixed-micelle.csv; experimental CMC dataset; mol_fraction_A=1.0; mol_fraction_B=0.0; logCMC(uM)=6.20600686 converted to mol/L; https://github.com/sandialabs/P2SURF
CCCCCC(=O)[O-].[K+].CCCCCCCCCCC(=O)[O-].[K+],anionic mixture,0.0,0.0,0.8661828746136168,,,,,,P2SURF mixture; updated_CMC-Data-for-mixed-micelle.csv; experimental CMC dataset; mol_fraction_A=0.991700508; mol_fraction_B=0.008299492; logCMC(uM)=5.93760959 converted to mol/L; https://github.com/sandialabs/P2SURF
CCCCCC(=O)[O-].[K+].CCCCCCCCCCC(=O)[O-].[K+],anionic mixture,0.0,0.0,0.5759071123203935,,,,,,P2SURF mixture; updated_CMC-Data-for-mixed-micelle.csv; experimental CMC dataset; mol_fraction_A=0.979288432; mol_fraction_B=0.020711568; logCMC(uM)=5.76035244 converted to mol/L; https://github.com/sandialabs/P2SURF
CCCCCC(=O)[O-].[K+].CCCCCCCCCCC(=O)[O-].[K+],anionic mixture,0.0,0.0,0.3460087081449284,,,,,,P2SURF mixture; updated_CMC-Data-for-mixed-micelle.csv; experimental CMC dataset; mol_fraction_A=0.957133744; mol_fraction_B=0.042866256; logCMC(uM)=5.53908703 converted to mol/L; https://github.com/sandialabs/P2SURF
CCCCCC(=O)[O-].[K+].CCCCCCCCCCC(=O)[O-].[K+],anionic mixture,0.0,0.0,0.21132075468321596,,,,,,P2SURF mixture; updated_CMC-Data-for-mixed-micelle.csv; experimental CMC dataset; mol_fraction_A=0.899755764; mol_fraction_B=0.100244236; logCMC(uM)=5.32494215 converted to mol/L; https://github.com/sandialabs/P2SURF
CCCCCC(=O)[O-].[K+].CCCCCCCCCCC(=O)[O-].[K+],anionic mixture,0.0,0.0,0.14165457192183709,,,,,,P2SURF mixture; updated_CMC-Data-for-mixed-micelle.csv; experimental CMC dataset; mol_fraction_A=0.738768331; mol_fraction_B=0.261231669; logCMC(uM)=5.1512306 converted to mol/L; https://github.com/sandialabs/P2SURF
CCCCCC(=O)[O-].[K+].CCCCCCCCCCC(=O)[O-].[K+],anionic mixture,0.0,0.0,0.10449927442521535,,,,,,P2SURF mixture; updated_CMC-Data-for-mixed-micelle.csv; experimental CMC dataset; mol_fraction_A=0.506772757; mol_fraction_B=0.493227243; logCMC(uM)=5.01911327 converted to mol/L; https://github.com/sandialabs/P2SURF
CCCCCC(=O)[O-].[K+].CCCCCCCCCCC(=O)[O-].[K+],anionic mixture,0.0,0.0,0.08127721333423706,,,,,,P2SURF mixture; updated_CMC-Data-for-mixed-micelle.csv; experimental CMC dataset; mol_fraction_A=0.273404258; mol_fraction_B=0.726595742; logCMC(uM)=4.90996881 converted to mol/L; https://github.com/sandialabs/P2SURF
CCCCCC(=O)[O-].[K+].CCCCCCCCCCC(=O)[O-].[K+],anionic mixture,0.0,0.0,0.06966618279866325,,,,,,P2SURF mixture; updated_CMC-Data-for-mixed-micelle.csv; experimental CMC dataset; mol_fraction_A=0.122580605; mol_fraction_B=0.877419395; logCMC(uM)=4.84302201 converted to mol/L; https://github.com/sandialabs/P2SURF
CCCCCC(=O)[O-].[K+].CCCCCCCCCCC(=O)[O-].[K+],anionic mixture,0.0,0.0,0.05573294623996453,,,,,,P2SURF mixture; updated_CMC-Data-for-mixed-micelle.csv; experimental CMC dataset; mol_fraction_A=0.004465622; mol_fraction_B=0.995534378; logCMC(uM)=4.746112 converted to mol/L; https://github.com/sandialabs/P2SURF
CCCCCC(=O)[O-].[K+].CCCCCCCCCCCCCC(=O)[O-].[K+],anionic mixture,0.0,0.0,1.6069666175286268,,,,,,P2SURF mixture; updated_CMC-Data-for-mixed-micelle.csv; experimental CMC dataset; mol_fraction_A=1.0; mol_fraction_B=0.0; logCMC(uM)=6.20600686 converted to mol/L; https://github.com/sandialabs/P2SURF
CCCCCC(=O)[O-].[K+].CCCCCCCCCCCCCC(=O)[O-].[K+],anionic mixture,0.0,0.0,0.27634252530951914,,,,,,P2SURF mixture; updated_CMC-Data-for-mixed-micelle.csv; experimental CMC dataset; mol_fraction_A=0.9910254; mol_fraction_B=0.0089746; logCMC(uM)=5.44144772 converted to mol/L; https://github.com/sandialabs/P2SURF
CCCCCC(=O)[O-].[K+].CCCCCCCCCCCCCC(=O)[O-].[K+],anionic mixture,0.0,0.0,0.1927431058954556,,,,,,P2SURF mixture; updated_CMC-Data-for-mixed-micelle.csv; experimental CMC dataset; mol_fraction_A=0.98930563; mol_fraction_B=0.01069437; logCMC(uM)=5.28497885 converted to mol/L; https://github.com/sandialabs/P2SURF
CCCCCC(=O)[O-].[K+].CCCCCCCCCCCCCC(=O)[O-].[K+],anionic mixture,0.0,0.0,0.10914368658158764,,,,,,P2SURF mixture; updated_CMC-Data-for-mixed-micelle.csv; experimental CMC dataset; mol_fraction_A=0.983318434; mol_fraction_B=0.016681566; logCMC(uM)=5.03799862 converted to mol/L; https://github.com/sandialabs/P2SURF
CCCCCC(=O)[O-].[K+].CCCCCCCCCCCCCC(=O)[O-].[K+],anionic mixture,0.0,0.0,0.053410740231984284,,,,,,P2SURF mixture; updated_CMC-Data-for-mixed-micelle.csv; experimental CMC dataset; mol_fraction_A=0.95040331; mol_fraction_B=0.04959669; logCMC(uM)=4.7276286 converted to mol/L; https://github.com/sandialabs/P2SURF
CCCCCC(=O)[O-].[K+].CCCCCCCCCCCCCC(=O)[O-].[K+],anionic mixture,0.0,0.0,0.018577648777439566,,,,,,P2SURF mixture; updated_CMC-Data-for-mixed-micelle.csv; experimental CMC dataset; mol_fraction_A=0.689966492; mol_fraction_B=0.310033508; logCMC(uM)=4.26899075 converted to mol/L; https://github.com/sandialabs/P2SURF
CCCCCC(=O)[O-].[K+].CCCCCCCCCCCCCC(=O)[O-].[K+],anionic mixture,0.0,0.0,0.016255442679424425,,,,,,P2SURF mixture; updated_CMC-Data-for-mixed-micelle.csv; experimental CMC dataset; mol_fraction_A=0.453827366; mol_fraction_B=0.546172634; logCMC(uM)=4.2109988 converted to mol/L; https://github.com/sandialabs/P2SURF
CCCCCC(=O)[O-].[K+].CCCCCCCCCCCCCC(=O)[O-].[K+],anionic mixture,0.0,0.0,0.018577648777439566,,,,,,P2SURF mixture; updated_CMC-Data-for-mixed-micelle.csv; experimental CMC dataset; mol_fraction_A=0.234774458; mol_fraction_B=0.765225542; logCMC(uM)=4.26899075 converted to mol/L; https://github.com/sandialabs/P2SURF
CCCCCC(=O)[O-].[K+].CCCCCCCCCCCCCC(=O)[O-].[K+],anionic mixture,0.0,0.0,0.020899854853089858,,,,,,P2SURF mixture; updated_CMC-Data-for-mixed-micelle.csv; experimental CMC dataset; mol_fraction_A=0.002919274; mol_fraction_B=0.997080726; logCMC(uM)=4.32014327 converted to mol/L; https://github.com/sandialabs/P2SURF
CC(CCC(=O)[O-])C1CCC2C1(C(CC3C2CCC4C3(CCC(C4)O)C)O)C.[Na+].CC(C)(C)CC(C)(C)C1=CC=C(C=C1)OCCOCCOCCOCCOCCOCCOCCOCCO,anionic-nonionic mixture,8.0,0.0,0.00018899999992460622,,,,,,P2SURF mixture; updated_CMC-Data-for-mixed-micelle.csv; experimental CMC dataset; mol_fraction_A=0.0; mol_fraction_B=1.0; logCMC(uM)=2.2764618 converted to mol/L; https://github.com/sandialabs/P2SURF
CC(CCC(=O)[O-])C1CCC2C1(C(CC3C2CCC4C3(CCC(C4)O)C)O)C.[Na+].CC(C)(C)CC(C)(C)C1=CC=C(C=C1)OCCOCCOCCOCCOCCOCCOCCOCCO,anionic-nonionic mixture,6.64,0.0,0.00019599999983912006,,,,,,P2SURF mixture; updated_CMC-Data-for-mixed-micelle.csv; experimental CMC dataset; mol_fraction_A=0.17; mol_fraction_B=0.83; logCMC(uM)=2.29225607 converted to mol/L; https://github.com/sandialabs/P2SURF
CC(CCC(=O)[O-])C1CCC2C1(C(CC3C2CCC4C3(CCC(C4)O)C)O)C.[Na+].CC(C)(C)CC(C)(C)C1=CC=C(C=C1)OCCOCCOCCOCCOCCOCCOCCOCCO,anionic-nonionic mixture,5.36,0.0,0.00022399999982764573,,,,,,P2SURF mixture; updated_CMC-Data-for-mixed-micelle.csv; experimental CMC dataset; mol_fraction_A=0.33; mol_fraction_B=0.67; logCMC(uM)=2.35024802 converted to mol/L; https://github.com/sandialabs/P2SURF
CC(CCC(=O)[O-])C1CCC2C1(C(CC3C2CCC4C3(CCC(C4)O)C)O)C.[Na+].CC(C)(C)CC(C)(C)C1=CC=C(C=C1)OCCOCCOCCOCCOCCOCCOCCOCCO,anionic-nonionic mixture,4.0,0.0,0.0002750000001074795,,,,,,P2SURF mixture; updated_CMC-Data-for-mixed-micelle.csv; experimental CMC dataset; mol_fraction_A=0.5; mol_fraction_B=0.5; logCMC(uM)=2.43933269 converted to mol/L; https://github.com/sandialabs/P2SURF
CC(CCC(=O)[O-])C1CCC2C1(C(CC3C2CCC4C3(CCC(C4)O)C)O)C.[Na+].CC(C)(C)CC(C)(C)C1=CC=C(C=C1)OCCOCCOCCOCCOCCOCCOCCOCCO,anionic-nonionic mixture,2.64,0.0,0.00039600000006791977,,,,,,P2SURF mixture; updated_CMC-Data-for-mixed-micelle.csv; experimental CMC dataset; mol_fraction_A=0.67; mol_fraction_B=0.33; logCMC(uM)=2.59769519 converted to mol/L; https://github.com/sandialabs/P2SURF
CC(CCC(=O)[O-])C1CCC2C1(C(CC3C2CCC4C3(CCC(C4)O)C)O)C.[Na+].CC(C)(C)CC(C)(C)C1=CC=C(C=C1)OCCOCCOCCOCCOCCOCCOCCOCCO,anionic-nonionic mixture,1.36,0.0,0.000624999999504836,,,,,,P2SURF mixture; updated_CMC-Data-for-mixed-micelle.csv; experimental CMC dataset; mol_fraction_A=0.83; mol_fraction_B=0.17; logCMC(uM)=2.79588002 converted to mol/L; https://github.com/sandialabs/P2SURF
CC(CCC(=O)[O-])C1CCC2C1(C(CC3C2CCC4C3(CCC(C4)O)C)O)C.[Na+].CC(C)(C)CC(C)(C)C1=CC=C(C=C1)OCCOCCOCCOCCOCCOCCOCCOCCO,anionic-nonionic mixture,0.0,0.0,0.0020099999980538953,,,,,,P2SURF mixture; updated_CMC-Data-for-mixed-micelle.csv; experimental CMC dataset; mol_fraction_A=1.0; mol_fraction_B=0.0; logCMC(uM)=3.30319606 converted to mol/L; https://github.com/sandialabs/P2SURF
CC(CCC(=O)[O-])C1CCC2C1(C(CC3C2CCC4C3(CCC(C4)O)C)O)C.[Na+].CCCCCCCCC=CCCCCCCCC(=O)[O-].[Na+],anionic mixture,0.0,0.0,0.00018499999982832493,,,,,,P2SURF mixture; updated_CMC-Data-for-mixed-micelle.csv; experimental CMC dataset; mol_fraction_A=0.0; mol_fraction_B=1.0; logCMC(uM)=2.26717173 converted to mol/L; https://github.com/sandialabs/P2SURF
CC(CCC(=O)[O-])C1CCC2C1(C(CC3C2CCC4C3(CCC(C4)O)C)O)C.[Na+].CCCCCCCCC=CCCCCCCCC(=O)[O-].[Na+],anionic mixture,0.0,0.0,0.0002310000000573681,,,,,,P2SURF mixture; updated_CMC-Data-for-mixed-micelle.csv; experimental CMC dataset; mol_fraction_A=0.17; mol_fraction_B=0.83; logCMC(uM)=2.36361198 converted to mol/L; https://github.com/sandialabs/P2SURF
CC(CCC(=O)[O-])C1CCC2C1(C(CC3C2CCC4C3(CCC(C4)O)C)O)C.[Na+].CCCCCCCCC=CCCCCCCCC(=O)[O-].[Na+],anionic mixture,0.0,0.0,0.0002719999999785811,,,,,,P2SURF mixture; updated_CMC-Data-for-mixed-micelle.csv; experimental CMC dataset; mol_fraction_A=0.33; mol_fraction_B=0.67; logCMC(uM)=2.4345689 converted to mol/L; https://github.com/sandialabs/P2SURF
CC(CCC(=O)[O-])C1CCC2C1(C(CC3C2CCC4C3(CCC(C4)O)C)O)C.[Na+].CCCCCCCCC=CCCCCCCCC(=O)[O-].[Na+],anionic mixture,0.0,0.0,0.0002600000000174706,,,,,,P2SURF mixture; updated_CMC-Data-for-mixed-micelle.csv; experimental CMC dataset; mol_fraction_A=0.5; mol_fraction_B=0.5; logCMC(uM)=2.41497335 converted to mol/L; https://github.com/sandialabs/P2SURF
CC(CCC(=O)[O-])C1CCC2C1(C(CC3C2CCC4C3(CCC(C4)O)C)O)C.[Na+].CCCCCCCCC=CCCCCCCCC(=O)[O-].[Na+],anionic mixture,0.0,0.0,0.0001499999999807684,,,,,,P2SURF mixture; updated_CMC-Data-for-mixed-micelle.csv; experimental CMC dataset; mol_fraction_A=0.58; mol_fraction_B=0.42; logCMC(uM)=2.17609126 converted to mol/L; https://github.com/sandialabs/P2SURF
CC(CCC(=O)[O-])C1CCC2C1(C(CC3C2CCC4C3(CCC(C4)O)C)O)C.[Na+].CCCCCCCCC=CCCCCCCCC(=O)[O-].[Na+],anionic mixture,0.0,0.0,0.00019200000013105966,,,,,,P2SURF mixture; updated_CMC-Data-for-mixed-micelle.csv; experimental CMC dataset; mol_fraction_A=0.67; mol_fraction_B=0.33; logCMC(uM)=2.28330123 converted to mol/L; https://github.com/sandialabs/P2SURF
CC(CCC(=O)[O-])C1CCC2C1(C(CC3C2CCC4C3(CCC(C4)O)C)O)C.[Na+].CCCCCCCCC=CCCCCCCCC(=O)[O-].[Na+],anionic mixture,0.0,0.0,0.00033000000009278765,,,,,,P2SURF mixture; updated_CMC-Data-for-mixed-micelle.csv; experimental CMC dataset; mol_fraction_A=0.83; mol_fraction_B=0.17; logCMC(uM)=2.51851394 converted to mol/L; https://github.com/sandialabs/P2SURF
CC(CCC(=O)[O-])C1CCC2C1(C(CC3C2CCC4C3(CCC(C4)O)C)O)C.[Na+].CCCCCCCCC=CCCCCCCCC(=O)[O-].[Na+],anionic mixture,0.0,0.0,0.0020099999980538953,,,,,,P2SURF mixture; updated_CMC-Data-for-mixed-micelle.csv; experimental CMC dataset; mol_fraction_A=1.0; mol_fraction_B=0.0; logCMC(uM)=3.30319606 converted to mol/L; https://github.com/sandialabs/P2SURF
CC(CCC(=O)[O-])C1CCC2C1(C(CC3C2CCC4C3(CCC(C4)O)C)O)C.[Na+].CCCCCCCC\C=C/CCCCCCCCOCCOCCOCCOCCOCCOCCOCCOCCOCCOCCO,anionic-nonionic mixture,10.0,0.0,1.0799999987890581e-05,,,,,,P2SURF mixture; updated_CMC-Data-for-mixed-micelle.csv; experimental CMC dataset; mol_fraction_A=0.0; mol_fraction_B=1.0; logCMC(uM)=1.03342376 converted to mol/L; https://github.com/sandialabs/P2SURF
CC(CCC(=O)[O-])C1CCC2C1(C(CC3C2CCC4C3(CCC(C4)O)C)O)C.[Na+].CCCCCCCC\C=C/CCCCCCCCOCCOCCOCCOCCOCCOCCOCCOCCOCCOCCO,anionic-nonionic mixture,8.3,0.0,1.0999999995992406e-05,,,,,,P2SURF mixture; updated_CMC-Data-for-mixed-micelle.csv; experimental CMC dataset; mol_fraction_A=0.17; mol_fraction_B=0.83; logCMC(uM)=1.04139268 converted to mol/L; https://github.com/sandialabs/P2SURF
CC(CCC(=O)[O-])C1CCC2C1(C(CC3C2CCC4C3(CCC(C4)O)C)O)C.[Na+].CCCCCCCC\C=C/CCCCCCCCOCCOCCOCCOCCOCCOCCOCCOCCOCCOCCO,anionic-nonionic mixture,6.7,0.0,1.2700000001287953e-05,,,,,,P2SURF mixture; updated_CMC-Data-for-mixed-micelle.csv; experimental CMC dataset; mol_fraction_A=0.33; mol_fraction_B=0.67; logCMC(uM)=1.10380372 converted to mol/L; https://github.com/sandialabs/P2SURF
CC(CCC(=O)[O-])C1CCC2C1(C(CC3C2CCC4C3(CCC(C4)O)C)O)C.[Na+].CCCCCCCC\C=C/CCCCCCCCOCCOCCOCCOCCOCCOCCOCCOCCOCCOCCO,anionic-nonionic mixture,5.0,0.0,1.60000000126762e-05,,,,,,P2SURF mixture; updated_CMC-Data-for-mixed-micelle.csv; experimental CMC dataset; mol_fraction_A=0.5; mol_fraction_B=0.5; logCMC(uM)=1.20411998 converted to mol/L; https://github.com/sandialabs/P2SURF
CC(CCC(=O)[O-])C1CCC2C1(C(CC3C2CCC4C3(CCC(C4)O)C)O)C.[Na+].CCCCCCCC\C=C/CCCCCCCCOCCOCCOCCOCCOCCOCCOCCOCCOCCOCCO,anionic-nonionic mixture,4.2,0.0,2.2000000009006497e-05,,,,,,P2SURF mixture; updated_CMC-Data-for-mixed-micelle.csv; experimental CMC dataset; mol_fraction_A=0.58; mol_fraction_B=0.42; logCMC(uM)=1.34242268 converted to mol/L; https://github.com/sandialabs/P2SURF
CC(CCC(=O)[O-])C1CCC2C1(C(CC3C2CCC4C3(CCC(C4)O)C)O)C.[Na+].CCCCCCCC\C=C/CCCCCCCCOCCOCCOCCOCCOCCOCCOCCOCCOCCOCCO,anionic-nonionic mixture,3.3,0.0,3.839999996750316e-05,,,,,,P2SURF mixture; updated_CMC-Data-for-mixed-micelle.csv; experimental CMC dataset; mol_fraction_A=0.67; mol_fraction_B=0.33; logCMC(uM)=1.58433122 converted to mol/L; https://github.com/sandialabs/P2SURF
CC(CCC(=O)[O-])C1CCC2C1(C(CC3C2CCC4C3(CCC(C4)O)C)O)C.[Na+].CCCCCCCC\C=C/CCCCCCCCOCCOCCOCCOCCOCCOCCOCCOCCOCCOCCO,anionic-nonionic mixture,1.7,0.0,9.68999999886732e-05,,,,,,P2SURF mixture; updated_CMC-Data-for-mixed-micelle.csv; experimental CMC dataset; mol_fraction_A=0.83; mol_fraction_B=0.17; logCMC(uM)=1.98632378 converted to mol/L; https://github.com/sandialabs/P2SURF
CC(CCC(=O)[O-])C1CCC2C1(C(CC3C2CCC4C3(CCC(C4)O)C)O)C.[Na+].CCCCCCCC\C=C/CCCCCCCCOCCOCCOCCOCCOCCOCCOCCOCCOCCOCCO,anionic-nonionic mixture,0.0,0.0,0.0020099999980538953,,,,,,P2SURF mixture; updated_CMC-Data-for-mixed-micelle.csv; experimental CMC dataset; mol_fraction_A=1.0; mol_fraction_B=0.0; logCMC(uM)=3.30319606 converted to mol/L; https://github.com/sandialabs/P2SURF
CCCCCCCCOC1C(C(C(C(O1)CO)O)O)O.C(C(C(C(C(F)(F)S(=O)(=O)[O-])(F)F)(F)F)(F)F)(C(C(C(F)(F)F)(F)F)(F)F)(F)F,nonionic-anionic mixture,0.0,0.0,0.00630027647479308,,,,,,P2SURF mixture; updated_CMC-Data-for-mixed-micelle.csv; experimental CMC dataset; mol_fraction_A=0.0; mol_fraction_B=1.0; logCMC(uM)=3.79935961 converted to mol/L; https://github.com/sandialabs/P2SURF
CCCCCCCCOC1C(C(C(C(O1)CO)O)O)O.C(C(C(C(C(F)(F)S(=O)(=O)[O-])(F)F)(F)F)(F)F)(C(C(C(F)(F)F)(F)F)(F)F)(F)F,nonionic-anionic mixture,0.0,0.0,0.007196682382319429,,,,,,P2SURF mixture; updated_CMC-Data-for-mixed-micelle.csv; experimental CMC dataset; mol_fraction_A=0.2; mol_fraction_B=0.8; logCMC(uM)=3.85713234 converted to mol/L; https://github.com/sandialabs/P2SURF
CCCCCCCCOC1C(C(C(C(O1)CO)O)O)O.C(C(C(C(C(F)(F)S(=O)(=O)[O-])(F)F)(F)F)(F)F)(C(C(C(F)(F)F)(F)F)(F)F)(F)F,nonionic-anionic mixture,0.0,0.0,0.008093088303584066,,,,,,P2SURF mixture; updated_CMC-Data-for-mixed-micelle.csv; experimental CMC dataset; mol_fraction_A=0.4; mol_fraction_B=0.6; logCMC(uM)=3.90811428 converted to mol/L; https://github.com/sandialabs/P2SURF
CCCCCCCCOC1C(C(C(C(O1)CO)O)O)O.C(C(C(C(C(F)(F)S(=O)(=O)[O-])(F)F)(F)F)(F)F)(C(C(C(F)(F)F)(F)F)(F)F)(F)F,nonionic-anionic mixture,0.0,0.0,0.008355114655440062,,,,,,P2SURF mixture; updated_CMC-Data-for-mixed-micelle.csv; experimental CMC dataset; mol_fraction_A=0.6; mol_fraction_B=0.4; logCMC(uM)=3.92195241 converted to mol/L; https://github.com/sandialabs/P2SURF
CCCCCCCCOC1C(C(C(C(O1)CO)O)O)O.C(C(C(C(C(F)(F)S(=O)(=O)[O-])(F)F)(F)F)(F)F)(C(C(C(F)(F)F)(F)F)(F)F)(F)F,nonionic-anionic mixture,0.0,0.0,0.010773719295342647,,,,,,P2SURF mixture; updated_CMC-Data-for-mixed-micelle.csv; experimental CMC dataset; mol_fraction_A=0.8; mol_fraction_B=0.2; logCMC(uM)=4.03236566 converted to mol/L; https://github.com/sandialabs/P2SURF
CCCCCCCCOC1C(C(C(C(O1)CO)O)O)O.C(C(C(C(C(F)(F)S(=O)(=O)[O-])(F)F)(F)F)(F)F)(C(C(C(F)(F)F)(F)F)(F)F)(F)F,nonionic-anionic mixture,0.0,0.0,0.025158562387866703,,,,,,P2SURF mixture; updated_CMC-Data-for-mixed-micelle.csv; experimental CMC dataset; mol_fraction_A=1.0; mol_fraction_B=0.0; logCMC(uM)=4.40068582 converted to mol/L; https://github.com/sandialabs/P2SURF
C(CCO)[N+](CCO)(C)CC(O)CC(F)(F)C(F)(F)C(F)(F)C(F)(F)C(F)(F)C(F)(F)C(F)(F)C(F)(F)F.[Cl-].CCCCCCCCCCOCCOCCOCCOCCOCCOCCOCCOCCO,cationic-nonionic mixture,8.0,0.0,0.000866569245735446,,,,,,P2SURF mixture; updated_CMC-Data-for-mixed-micelle.csv; experimental CMC dataset; mol_fraction_A=0.0; mol_fraction_B=1.0; logCMC(uM)=2.93780327 converted to mol/L; https://github.com/sandialabs/P2SURF
C(CCO)[N+](CCO)(C)CC(O)CC(F)(F)C(F)(F)C(F)(F)C(F)(F)C(F)(F)C(F)(F)C(F)(F)C(F)(F)F.[Cl-].CCCCCCCCCCOCCOCCOCCOCCOCCOCCOCCOCCO,cationic-nonionic mixture,6.4,0.0,0.0008891863168838383,,,,,,P2SURF mixture; updated_CMC-Data-for-mixed-micelle.csv; experimental CMC dataset; mol_fraction_A=0.2; mol_fraction_B=0.8; logCMC(uM)=2.94899277 converted to mol/L; https://github.com/sandialabs/P2SURF
C(CCO)[N+](CCO)(C)CC(O)CC(F)(F)C(F)(F)C(F)(F)C(F)(F)C(F)(F)C(F)(F)C(F)(F)C(F)(F)F.[Cl-].CCCCCCCCCCOCCOCCOCCOCCOCCOCCOCCOCCO,cationic-nonionic mixture,5.6,0.0,0.0009187844577158775,,,,,,P2SURF mixture; updated_CMC-Data-for-mixed-micelle.csv; experimental CMC dataset; mol_fraction_A=0.3; mol_fraction_B=0.7; logCMC(uM)=2.96321364 converted to mol/L; https://github.com/sandialabs/P2SURF
C(CCO)[N+](CCO)(C)CC(O)CC(F)(F)C(F)(F)C(F)(F)C(F)(F)C(F)(F)C(F)(F)C(F)(F)C(F)(F)F.[Cl-].CCCCCCCCCCOCCOCCOCCOCCOCCOCCOCCOCCO,cationic-nonionic mixture,4.0,0.0,0.0011810162737714328,,,,,,P2SURF mixture; updated_CMC-Data-for-mixed-micelle.csv; experimental CMC dataset; mol_fraction_A=0.5; mol_fraction_B=0.5; logCMC(uM)=3.07225588 converted to mol/L; https://github.com/sandialabs/P2SURF
C(CCO)[N+](CCO)(C)CC(O)CC(F)(F)C(F)(F)C(F)(F)C(F)(F)C(F)(F)C(F)(F)C(F)(F)C(F)(F)F.[Cl-].CCCCCCCCCCOCCOCCOCCOCCOCCOCCOCCOCCO,cationic-nonionic mixture,2.4,0.0,0.0015830156084352708,,,,,,P2SURF mixture; updated_CMC-Data-for-mixed-micelle.csv; experimental CMC dataset; mol_fraction_A=0.7; mol_fraction_B=0.3; logCMC(uM)=3.1994852 converted to mol/L; https://github.com/sandialabs/P2SURF
C(CCO)[N+](CCO)(C)CC(O)CC(F)(F)C(F)(F)C(F)(F)C(F)(F)C(F)(F)C(F)(F)C(F)(F)C(F)(F)F.[Cl-].CCCCCCCCCCOCCOCCOCCOCCOCCOCCOCCOCCO,cationic-nonionic mixture,1.6,0.0,0.001892168716705868,,,,,,P2SURF mixture; updated_CMC-Data-for-mixed-micelle.csv; experimental CMC dataset; mol_fraction_A=0.8; mol_fraction_B=0.2; logCMC(uM)=3.27695986 converted to mol/L; https://github.com/sandialabs/P2SURF
C(CCO)[N+](CCO)(C)CC(O)CC(F)(F)C(F)(F)C(F)(F)C(F)(F)C(F)(F)C(F)(F)C(F)(F)C(F)(F)F.[Cl-].CCCCCCCCCCOCCOCCOCCOCCOCCOCCOCCOCCO,cationic-nonionic mixture,0.8,0.0,0.002454221186994947,,,,,,P2SURF mixture; updated_CMC-Data-for-mixed-micelle.csv; experimental CMC dataset; mol_fraction_A=0.9; mol_fraction_B=0.1; logCMC(uM)=3.3899137 converted to mol/L; https://github.com/sandialabs/P2SURF
C(CCO)[N+](CCO)(C)CC(O)CC(F)(F)C(F)(F)C(F)(F)C(F)(F)C(F)(F)C(F)(F)C(F)(F)C(F)(F)F.[Cl-].CCCCCCCCCCOCCOCCOCCOCCOCCOCCOCCOCCO,cationic-nonionic mixture,0.0,0.0,0.0028998405864984964,,,,,,P2SURF mixture; updated_CMC-Data-for-mixed-micelle.csv; experimental CMC dataset; mol_fraction_A=1.0; mol_fraction_B=0.0; logCMC(uM)=3.46237412 converted to mol/L; https://github.com/sandialabs/P2SURF
C(CCO)[N+](CCO)(C)CC(O)CC(F)(F)C(F)(F)C(F)(F)C(F)(F)C(F)(F)C(F)(F)C(F)(F)C(F)(F)F.[Cl-].CCCCCCCCCCCC[N+](C)(C)C.[Cl-],cationic mixture,0.0,0.0,0.021580478252255626,,,,,,P2SURF mixture; updated_CMC-Data-for-mixed-micelle.csv; experimental CMC dataset; mol_fraction_A=0.0; mol_fraction_B=1.0; logCMC(uM)=4.33406107 converted to mol/L; https://github.com/sandialabs/P2SURF
C(CCO)[N+](CCO)(C)CC(O)CC(F)(F)C(F)(F)C(F)(F)C(F)(F)C(F)(F)C(F)(F)C(F)(F)C(F)(F)F.[Cl-].CCCCCCCCCCCC[N+](C)(C)C.[Cl-],cationic mixture,0.0,0.0,0.018579977468530906,,,,,,P2SURF mixture; updated_CMC-Data-for-mixed-micelle.csv; experimental CMC dataset; mol_fraction_A=0.02; mol_fraction_B=0.98; logCMC(uM)=4.26904518 converted to mol/L; https://github.com/sandialabs/P2SURF
C(CCO)[N+](CCO)(C)CC(O)CC(F)(F)C(F)(F)C(F)(F)C(F)(F)C(F)(F)C(F)(F)C(F)(F)C(F)(F)F.[Cl-].CCCCCCCCCCCC[N+](C)(C)C.[Cl-],cationic mixture,0.0,0.0,0.013740182779910796,,,,,,P2SURF mixture; updated_CMC-Data-for-mixed-micelle.csv; experimental CMC dataset; mol_fraction_A=0.055; mol_fraction_B=0.945; logCMC(uM)=4.13799251 converted to mol/L; https://github.com/sandialabs/P2SURF
C(CCO)[N+](CCO)(C)CC(O)CC(F)(F)C(F)(F)C(F)(F)C(F)(F)C(F)(F)C(F)(F)C(F)(F)C(F)(F)F.[Cl-].CCCCCCCCCCCC[N+](C)(C)C.[Cl-],cationic mixture,0.0,0.0,0.010029169979049457,,,,,,P2SURF mixture; updated_CMC-Data-for-mixed-micelle.csv; experimental CMC dataset; mol_fraction_A=0.1; mol_fraction_B=0.9; logCMC(uM)=4.00126499 converted to mol/L; https://github.com/sandialabs/P2SURF
C(CCO)[N+](CCO)(C)CC(O)CC(F)(F)C(F)(F)C(F)(F)C(F)(F)C(F)(F)C(F)(F)C(F)(F)C(F)(F)F.[Cl-].CCCCCCCCCCCC[N+](C)(C)C.[Cl-],cationic mixture,0.0,0.0,0.0077032925767479945,,,,,,P2SURF mixture; updated_CMC-Data-for-mixed-micelle.csv; experimental CMC dataset; mol_fraction_A=0.2; mol_fraction_B=0.8; logCMC(uM)=3.88667639 converted to mol/L; https://github.com/sandialabs/P2SURF
C(CCO)[N+](CCO)(C)CC(O)CC(F)(F)C(F)(F)C(F)(F)C(F)(F)C(F)(F)C(F)(F)C(F)(F)C(F)(F)F.[Cl-].CCCCCCCCCCCC[N+](C)(C)C.[Cl-],cationic mixture,0.0,0.0,0.006248466388132459,,,,,,P2SURF mixture; updated_CMC-Data-for-mixed-micelle.csv; experimental CMC dataset; mol_fraction_A=0.3; mol_fraction_B=0.7; logCMC(uM)=3.79577344 converted to mol/L; https://github.com/sandialabs/P2SURF
C(CCO)[N+](CCO)(C)CC(O)CC(F)(F)C(F)(F)C(F)(F)C(F)(F)C(F)(F)C(F)(F)C(F)(F)C(F)(F)F.[Cl-].CCCCCCCCCCCC[N+](C)(C)C.[Cl-],cationic mixture,0.0,0.0,0.004887159374744127,,,,,,P2SURF mixture; updated_CMC-Data-for-mixed-micelle.csv; experimental CMC dataset; mol_fraction_A=0.5; mol_fraction_B=0.5; logCMC(uM)=3.6890565 converted to mol/L; https://github.com/sandialabs/P2SURF
C(CCO)[N+](CCO)(C)CC(O)CC(F)(F)C(F)(F)C(F)(F)C(F)(F)C(F)(F)C(F)(F)C(F)(F)C(F)(F)F.[Cl-].CCCCCCCCCCCC[N+](C)(C)C.[Cl-],cationic mixture,0.0,0.0,0.00433564245213474,,,,,,P2SURF mixture; updated_CMC-Data-for-mixed-micelle.csv; experimental CMC dataset; mol_fraction_A=0.6; mol_fraction_B=0.4; logCMC(uM)=3.63705346 converted to mol/L; https://github.com/sandialabs/P2SURF
C(CCO)[N+](CCO)(C)CC(O)CC(F)(F)C(F)(F)C(F)(F)C(F)(F)C(F)(F)C(F)(F)C(F)(F)C(F)(F)F.[Cl-].CCCCCCCCCCCC[N+](C)(C)C.[Cl-],cationic mixture,0.0,0.0,0.004396861827300414,,,,,,P2SURF mixture; updated_CMC-Data-for-mixed-micelle.csv; experimental CMC dataset; mol_fraction_A=0.7; mol_fraction_B=0.3; logCMC(uM)=3.64314282 converted to mol/L; https://github.com/sandialabs/P2SURF
C(CCO)[N+](CCO)(C)CC(O)CC(F)(F)C(F)(F)C(F)(F)C(F)(F)C(F)(F)C(F)(F)C(F)(F)C(F)(F)F.[Cl-].CCCCCCCCCCCC[N+](C)(C)C.[Cl-],cationic mixture,0.0,0.0,0.0042324416843189374,,,,,,P2SURF mixture; updated_CMC-Data-for-mixed-micelle.csv; experimental CMC dataset; mol_fraction_A=0.8; mol_fraction_B=0.2; logCMC(uM)=3.62659098 converted to mol/L; https://github.com/sandialabs/P2SURF
C(CCO)[N+](CCO)(C)CC(O)CC(F)(F)C(F)(F)C(F)(F)C(F)(F)C(F)(F)C(F)(F)C(F)(F)C(F)(F)F.[Cl-].CCCCCCCCCCCC[N+](C)(C)C.[Cl-],cationic mixture,0.0,0.0,0.003809915284382818,,,,,,P2SURF mixture; updated_CMC-Data-for-mixed-micelle.csv; experimental CMC dataset; mol_fraction_A=0.9; mol_fraction_B=0.1; logCMC(uM)=3.58091532 converted to mol/L; https://github.com/sandialabs/P2SURF
C(CCO)[N+](CCO)(C)CC(O)CC(F)(F)C(F)(F)C(F)(F)C(F)(F)C(F)(F)C(F)(F)C(F)(F)C(F)(F)F.[Cl-].CCCCCCCCCCCC[N+](C)(C)C.[Cl-],cationic mixture,0.0,0.0,0.0036452864813978883,,,,,,P2SURF mixture; updated_CMC-Data-for-mixed-micelle.csv; experimental CMC dataset; mol_fraction_A=1.0; mol_fraction_B=0.0; logCMC(uM)=3.56173166 converted to mol/L; https://github.com/sandialabs/P2SURF
C(CCO)[N+](CCO)(C)CC(O)CC(F)(F)C(F)(F)C(F)(F)C(F)(F)C(F)(F)C(F)(F)C(F)(F)C(F)(F)F.[Cl-].CCCCCCCCCCCCOS(=O)(=O)[O-].[Li+],cationic-anionic mixture,0.0,0.0,0.007125304948579097,,,,,,P2SURF mixture; updated_CMC-Data-for-mixed-micelle.csv; experimental CMC dataset; mol_fraction_A=0.0; mol_fraction_B=1.0; logCMC(uM)=3.85280346 converted to mol/L; https://github.com/sandialabs/P2SURF
C(CCO)[N+](CCO)(C)CC(O)CC(F)(F)C(F)(F)C(F)(F)C(F)(F)C(F)(F)C(F)(F)C(F)(F)C(F)(F)F.[Cl-].CCCCCCCCCCCCOS(=O)(=O)[O-].[Li+],cationic-anionic mixture,0.0,0.0,0.0007404778978252723,,,,,,P2SURF mixture; updated_CMC-Data-for-mixed-micelle.csv; experimental CMC dataset; mol_fraction_A=0.05; mol_fraction_B=0.95; logCMC(uM)=2.8695121 converted to mol/L; https://github.com/sandialabs/P2SURF
C(CCO)[N+](CCO)(C)CC(O)CC(F)(F)C(F)(F)C(F)(F)C(F)(F)C(F)(F)C(F)(F)C(F)(F)C(F)(F)F.[Cl-].CCCCCCCCCCCCOS(=O)(=O)[O-].[Li+],cationic-anionic mixture,0.0,0.0,0.0003686710620151094,,,,,,P2SURF mixture; updated_CMC-Data-for-mixed-micelle.csv; experimental CMC dataset; mol_fraction_A=0.1; mol_fraction_B=0.9; logCMC(uM)=2.56663905 converted to mol/L; https://github.com/sandialabs/P2SURF
C(CCO)[N+](CCO)(C)CC(O)CC(F)(F)C(F)(F)C(F)(F)C(F)(F)C(F)(F)C(F)(F)C(F)(F)C(F)(F)F.[Cl-].CCCCCCCCCCCCOS(=O)(=O)[O-].[Li+],cationic-anionic mixture,0.0,0.0,0.00025038184424331603,,,,,,P2SURF mixture; updated_CMC-Data-for-mixed-micelle.csv; experimental CMC dataset; mol_fraction_A=0.15; mol_fraction_B=0.85; logCMC(uM)=2.39860283 converted to mol/L; https://github.com/sandialabs/P2SURF
C(CCO)[N+](CCO)(C)CC(O)CC(F)(F)C(F)(F)C(F)(F)C(F)(F)C(F)(F)C(F)(F)C(F)(F)C(F)(F)F.[Cl-].CCCCCCCCCCCCOS(=O)(=O)[O-].[Li+],cationic-anionic mixture,0.0,0.0,0.0002639902054506723,,,,,,P2SURF mixture; updated_CMC-Data-for-mixed-micelle.csv; experimental CMC dataset; mol_fraction_A=0.8; mol_fraction_B=0.2; logCMC(uM)=2.42158781 converted to mol/L; https://github.com/sandialabs/P2SURF
C(CCO)[N+](CCO)(C)CC(O)CC(F)(F)C(F)(F)C(F)(F)C(F)(F)C(F)(F)C(F)(F)C(F)(F)C(F)(F)F.[Cl-].CCCCCCCCCCCCOS(=O)(=O)[O-].[Li+],cationic-anionic mixture,0.0,0.0,0.0003027297742264576,,,,,,P2SURF mixture; updated_CMC-Data-for-mixed-micelle.csv; experimental CMC dataset; mol_fraction_A=0.9; mol_fraction_B=0.1; logCMC(uM)=2.48105514 converted to mol/L; https://github.com/sandialabs/P2SURF
C(CCO)[N+](CCO)(C)CC(O)CC(F)(F)C(F)(F)C(F)(F)C(F)(F)C(F)(F)C(F)(F)C(F)(F)C(F)(F)F.[Cl-].CCCCCCCCCCCCOS(=O)(=O)[O-].[Li+],cationic-anionic mixture,0.0,0.0,0.0004156326612887572,,,,,,P2SURF mixture; updated_CMC-Data-for-mixed-micelle.csv; experimental CMC dataset; mol_fraction_A=0.95; mol_fraction_B=0.05; logCMC(uM)=2.61870967 converted to mol/L; https://github.com/sandialabs/P2SURF
C(CCO)[N+](CCO)(C)CC(O)CC(F)(F)C(F)(F)C(F)(F)C(F)(F)C(F)(F)C(F)(F)C(F)(F)C(F)(F)F.[Cl-].CCCCCCCCCCCCOS(=O)(=O)[O-].[Li+],cationic-anionic mixture,0.0,0.0,0.0004829842969933937,,,,,,P2SURF mixture; updated_CMC-Data-for-mixed-micelle.csv; experimental CMC dataset; mol_fraction_A=0.97; mol_fraction_B=0.03; logCMC(uM)=2.68393301 converted to mol/L; https://github.com/sandialabs/P2SURF
C(CCO)[N+](CCO)(C)CC(O)CC(F)(F)C(F)(F)C(F)(F)C(F)(F)C(F)(F)C(F)(F)C(F)(F)C(F)(F)F.[Cl-].CCCCCCCCCCCCOS(=O)(=O)[O-].[Li+],cationic-anionic mixture,0.0,0.0,0.0028191813388890744,,,,,,P2SURF mixture; updated_CMC-Data-for-mixed-micelle.csv; experimental CMC dataset; mol_fraction_A=1.0; mol_fraction_B=0.0; logCMC(uM)=3.45012301 converted to mol/L; https://github.com/sandialabs/P2SURF
C(CCO)[N+](CCO)(C)CC(O)CC(F)(F)C(F)(F)C(F)(F)C(F)(F)C(F)(F)C(F)(F)C(F)(F)C(F)(F)F.[Cl-].CCCCCCCCCCCCOCCOCCOCCOS(=O)(=O)[O-].[Na+],cationic-anionic mixture,3.0,0.0,0.0014835768093480488,,,,,,P2SURF mixture; updated_CMC-Data-for-mixed-micelle.csv; experimental CMC dataset; mol_fraction_A=0.0; mol_fraction_B=1.0; logCMC(uM)=3.17131004 converted to mol/L; https://github.com/sandialabs/P2SURF
C(CCO)[N+](CCO)(C)CC(O)CC(F)(F)C(F)(F)C(F)(F)C(F)(F)C(F)(F)C(F)(F)C(F)(F)C(F)(F)F.[Cl-].CCCCCCCCCCCCOCCOCCOCCOS(=O)(=O)[O-].[Na+],cationic-anionic mixture,2.85,0.0,5.555142565215463e-05,,,,,,P2SURF mixture; updated_CMC-Data-for-mixed-micelle.csv; experimental CMC dataset; mol_fraction_A=0.05; mol_fraction_B=0.95; logCMC(uM)=1.74469521 converted to mol/L; https://github.com/sandialabs/P2SURF
C(CCO)[N+](CCO)(C)CC(O)CC(F)(F)C(F)(F)C(F)(F)C(F)(F)C(F)(F)C(F)(F)C(F)(F)C(F)(F)F.[Cl-].CCCCCCCCCCCCOCCOCCOCCOS(=O)(=O)[O-].[Na+],cationic-anionic mixture,2.55,0.0,3.59413097218307e-05,,,,,,P2SURF mixture; updated_CMC-Data-for-mixed-micelle.csv; experimental CMC dataset; mol_fraction_A=0.15; mol_fraction_B=0.85; logCMC(uM)=1.5555939 converted to mol/L; https://github.com/sandialabs/P2SURF
C(CCO)[N+](CCO)(C)CC(O)CC(F)(F)C(F)(F)C(F)(F)C(F)(F)C(F)(F)C(F)(F)C(F)(F)C(F)(F)F.[Cl-].CCCCCCCCCCCCOCCOCCOCCOS(=O)(=O)[O-].[Na+],cationic-anionic mixture,1.8,0.0,2.8697842648044267e-05,,,,,,P2SURF mixture; updated_CMC-Data-for-mixed-micelle.csv; experimental CMC dataset; mol_fraction_A=0.4; mol_fraction_B=0.6; logCMC(uM)=1.45784925 converted to mol/L; https://github.com/sandialabs/P2SURF
C(CCO)[N+](CCO)(C)CC(O)CC(F)(F)C(F)(F)C(F)(F)C(F)(F)C(F)(F)C(F)(F)C(F)(F)C(F)(F)F.[Cl-].CCCCCCCCCCCCOCCOCCOCCOS(=O)(=O)[O-].[Na+],cationic-anionic mixture,1.2,0.0,2.8036187707260573e-05,,,,,,P2SURF mixture; updated_CMC-Data-for-mixed-micelle.csv; experimental CMC dataset; mol_fraction_A=0.6; mol_fraction_B=0.4; logCMC(uM)=1.44771896 converted to mol/L; https://github.com/sandialabs/P2SURF
C(CCO)[N+](CCO)(C)CC(O)CC(F)(F)C(F)(F)C(F)(F)C(F)(F)C(F)(F)C(F)(F)C(F)(F)C(F)(F)F.[Cl-].CCCCCCCCCCCCOCCOCCOCCOS(=O)(=O)[O-].[Na+],cationic-anionic mixture,0.6,0.0,3.385300037217536e-05,,,,,,P2SURF mixture; updated_CMC-Data-for-mixed-micelle.csv; experimental CMC dataset; mol_fraction_A=0.8; mol_fraction_B=0.2; logCMC(uM)=1.52959717 converted to mol/L; https://github.com/sandialabs/P2SURF
C(CCO)[N+](CCO)(C)CC(O)CC(F)(F)C(F)(F)C(F)(F)C(F)(F)C(F)(F)C(F)(F)C(F)(F)C(F)(F)F.[Cl-].CCCCCCCCCCCCOCCOCCOCCOS(=O)(=O)[O-].[Na+],cationic-anionic mixture,0.15,0.0,5.109116373633606e-05,,,,,,P2SURF mixture; updated_CMC-Data-for-mixed-micelle.csv; experimental CMC dataset; mol_fraction_A=0.95; mol_fraction_B=0.05; logCMC(uM)=1.7083458 converted to mol/L; https://github.com/sandialabs/P2SURF
C(CCO)[N+](CCO)(C)CC(O)CC(F)(F)C(F)(F)C(F)(F)C(F)(F)C(F)(F)C(F)(F)C(F)(F)C(F)(F)F.[Cl-].CCCCCCCCCCCCOCCOCCOCCOS(=O)(=O)[O-].[Na+],cationic-anionic mixture,0.0,0.0,0.002546704067846285,,,,,,P2SURF mixture; updated_CMC-Data-for-mixed-micelle.csv; experimental CMC dataset; mol_fraction_A=1.0; mol_fraction_B=0.0; logCMC(uM)=3.40597848 converted to mol/L; https://github.com/sandialabs/P2SURF
C(CCO)[N+](CCO)(C)CC(O)CC(F)(F)C(F)(F)C(F)(F)C(F)(F)C(F)(F)C(F)(F)C(F)(F)C(F)(F)F.[Cl-].CCCCCCCCCCCCOCCOCCOCCOCCOCCOS(=O)(=O)[O-].[Na+],cationic-anionic mixture,5.0,0.0,0.0001339158089147972,,,,,,P2SURF mixture; updated_CMC-Data-for-mixed-micelle.csv; experimental CMC dataset; mol_fraction_A=0.0; mol_fraction_B=1.0; logCMC(uM)=2.12683185 converted to mol/L; https://github.com/sandialabs/P2SURF
C(CCO)[N+](CCO)(C)CC(O)CC(F)(F)C(F)(F)C(F)(F)C(F)(F)C(F)(F)C(F)(F)C(F)(F)C(F)(F)F.[Cl-].CCCCCCCCCCCCOCCOCCOCCOCCOCCOS(=O)(=O)[O-].[Na+],cationic-anionic mixture,4.5,0.0,6.57855074410969e-05,,,,,,P2SURF mixture; updated_CMC-Data-for-mixed-micelle.csv; experimental CMC dataset; mol_fraction_A=0.1; mol_fraction_B=0.9; logCMC(uM)=1.81813023 converted to mol/L; https://github.com/sandialabs/P2SURF
C(CCO)[N+](CCO)(C)CC(O)CC(F)(F)C(F)(F)C(F)(F)C(F)(F)C(F)(F)C(F)(F)C(F)(F)C(F)(F)F.[Cl-].CCCCCCCCCCCCOCCOCCOCCOCCOCCOS(=O)(=O)[O-].[Na+],cationic-anionic mixture,4.0,0.0,4.88373833607138e-05,,,,,,P2SURF mixture; updated_CMC-Data-for-mixed-micelle.csv; experimental CMC dataset; mol_fraction_A=0.2; mol_fraction_B=0.8; logCMC(uM)=1.68875239 converted to mol/L; https://github.com/sandialabs/P2SURF
C(CCO)[N+](CCO)(C)CC(O)CC(F)(F)C(F)(F)C(F)(F)C(F)(F)C(F)(F)C(F)(F)C(F)(F)C(F)(F)F.[Cl-].CCCCCCCCCCCCOCCOCCOCCOCCOCCOS(=O)(=O)[O-].[Na+],cationic-anionic mixture,2.0,0.0,4.1921216516598217e-05,,,,,,P2SURF mixture; updated_CMC-Data-for-mixed-micelle.csv; experimental CMC dataset; mol_fraction_A=0.6; mol_fraction_B=0.4; logCMC(uM)=1.62243388 converted to mol/L; https://github.com/sandialabs/P2SURF
C(CCO)[N+](CCO)(C)CC(O)CC(F)(F)C(F)(F)C(F)(F)C(F)(F)C(F)(F)C(F)(F)C(F)(F)C(F)(F)F.[Cl-].CCCCCCCCCCCCOCCOCCOCCOCCOCCOS(=O)(=O)[O-].[Na+],cationic-anionic mixture,1.0,0.0,4.905258296608316e-05,,,,,,P2SURF mixture; updated_CMC-Data-for-mixed-micelle.csv; experimental CMC dataset; mol_fraction_A=0.8; mol_fraction_B=0.2; logCMC(uM)=1.69066188 converted to mol/L; https://github.com/sandialabs/P2SURF
C(CCO)[N+](CCO)(C)CC(O)CC(F)(F)C(F)(F)C(F)(F)C(F)(F)C(F)(F)C(F)(F)C(F)(F)C(F)(F)F.[Cl-].CCCCCCCCCCCCOCCOCCOCCOCCOCCOS(=O)(=O)[O-].[Na+],cationic-anionic mixture,0.5,0.0,5.505826731315616e-05,,,,,,P2SURF mixture; updated_CMC-Data-for-mixed-micelle.csv; experimental CMC dataset; mol_fraction_A=0.9; mol_fraction_B=0.1; logCMC(uM)=1.74082254 converted to mol/L; https://github.com/sandialabs/P2SURF
C(CCO)[N+](CCO)(C)CC(O)CC(F)(F)C(F)(F)C(F)(F)C(F)(F)C(F)(F)C(F)(F)C(F)(F)C(F)(F)F.[Cl-].CCCCCCCCCCCCOCCOCCOCCOCCOCCOS(=O)(=O)[O-].[Na+],cationic-anionic mixture,0.0,0.0,0.002546704067846285,,,,,,P2SURF mixture; updated_CMC-Data-for-mixed-micelle.csv; experimental CMC dataset; mol_fraction_A=1.0; mol_fraction_B=0.0; logCMC(uM)=3.40597848 converted to mol/L; https://github.com/sandialabs/P2SURF
C(CCO)[N+](CCO)(C)CC(O)CC(F)(F)C(F)(F)C(F)(F)C(F)(F)C(F)(F)C(F)(F)C(F)(F)C(F)(F)F.[Cl-].CCCCCCCCCCCCOCCOCCOCCOCCOCCOCCOCCOCCOS(=O)(=O)[O-].[Na+],cationic-anionic mixture,8.0,0.0,0.00012303319891686308,,,,,,P2SURF mixture; updated_CMC-Data-for-mixed-micelle.csv; experimental CMC dataset; mol_fraction_A=0.0; mol_fraction_B=1.0; logCMC(uM)=2.09002232 converted to mol/L; https://github.com/sandialabs/P2SURF
C(CCO)[N+](CCO)(C)CC(O)CC(F)(F)C(F)(F)C(F)(F)C(F)(F)C(F)(F)C(F)(F)C(F)(F)C(F)(F)F.[Cl-].CCCCCCCCCCCCOCCOCCOCCOCCOCCOCCOCCOCCOS(=O)(=O)[O-].[Na+],cationic-anionic mixture,7.2,0.0,0.00010264597824025038,,,,,,P2SURF mixture; updated_CMC-Data-for-mixed-micelle.csv; experimental CMC dataset; mol_fraction_A=0.1; mol_fraction_B=0.9; logCMC(uM)=2.01134194 converted to mol/L; https://github.com/sandialabs/P2SURF
C(CCO)[N+](CCO)(C)CC(O)CC(F)(F)C(F)(F)C(F)(F)C(F)(F)C(F)(F)C(F)(F)C(F)(F)C(F)(F)F.[Cl-].CCCCCCCCCCCCOCCOCCOCCOCCOCCOCCOCCOCCOS(=O)(=O)[O-].[Na+],cationic-anionic mixture,5.6,0.0,8.830277278058458e-05,,,,,,P2SURF mixture; updated_CMC-Data-for-mixed-micelle.csv; experimental CMC dataset; mol_fraction_A=0.3; mol_fraction_B=0.7; logCMC(uM)=1.94597434 converted to mol/L; https://github.com/sandialabs/P2SURF
C(CCO)[N+](CCO)(C)CC(O)CC(F)(F)C(F)(F)C(F)(F)C(F)(F)C(F)(F)C(F)(F)C(F)(F)C(F)(F)F.[Cl-].CCCCCCCCCCCCOCCOCCOCCOCCOCCOCCOCCOCCOS(=O)(=O)[O-].[Na+],cationic-anionic mixture,3.2,0.0,9.281274341508015e-05,,,,,,P2SURF mixture; updated_CMC-Data-for-mixed-micelle.csv; experimental CMC dataset; mol_fraction_A=0.6; mol_fraction_B=0.4; logCMC(uM)=1.96760761 converted to mol/L; https://github.com/sandialabs/P2SURF
C(CCO)[N+](CCO)(C)CC(O)CC(F)(F)C(F)(F)C(F)(F)C(F)(F)C(F)(F)C(F)(F)C(F)(F)C(F)(F)F.[Cl-].CCCCCCCCCCCCOCCOCCOCCOCCOCCOCCOCCOCCOS(=O)(=O)[O-].[Na+],cationic-anionic mixture,1.6,0.0,0.00010190194020072088,,,,,,P2SURF mixture; updated_CMC-Data-for-mixed-micelle.csv; experimental CMC dataset; mol_fraction_A=0.8; mol_fraction_B=0.2; logCMC(uM)=2.00818245 converted to mol/L; https://github.com/sandialabs/P2SURF
C(CCO)[N+](CCO)(C)CC(O)CC(F)(F)C(F)(F)C(F)(F)C(F)(F)C(F)(F)C(F)(F)C(F)(F)C(F)(F)F.[Cl-].CCCCCCCCCCCCOCCOCCOCCOCCOCCOCCOCCOCCOS(=O)(=O)[O-].[Na+],cationic-anionic mixture,0.8,0.0,0.00013985609503376346,,,,,,P2SURF mixture; updated_CMC-Data-for-mixed-micelle.csv; experimental CMC dataset; mol_fraction_A=0.9; mol_fraction_B=0.1; logCMC(uM)=2.1456814 converted to mol/L; https://github.com/sandialabs/P2SURF
C(CCO)[N+](CCO)(C)CC(O)CC(F)(F)C(F)(F)C(F)(F)C(F)(F)C(F)(F)C(F)(F)C(F)(F)C(F)(F)F.[Cl-].CCCCCCCCCCCCOCCOCCOCCOCCOCCOCCOCCOCCOS(=O)(=O)[O-].[Na+],cationic-anionic mixture,0.0,0.0,0.002546704067846285,,,,,,P2SURF mixture; updated_CMC-Data-for-mixed-micelle.csv; experimental CMC dataset; mol_fraction_A=1.0; mol_fraction_B=0.0; logCMC(uM)=3.40597848 converted to mol/L; https://github.com/sandialabs/P2SURF
O=C(O)C(F)(F)C(F)(F)C(F)(F)C(F)(F)C(F)(F)C(F)(F)C(F)(F)C(F)(F)F.[Na+].CCCCCCCCCCCCOS(=O)(=O)[O-].[Na+],nonionic-anionic mixture,0.0,0.0,0.009100848084779475,,,,,,P2SURF mixture; updated_CMC-Data-for-mixed-micelle.csv; experimental CMC dataset; mol_fraction_A=0.0; mol_fraction_B=1.0; logCMC(uM)=3.95908186 converted to mol/L; https://github.com/sandialabs/P2SURF
O=C(O)C(F)(F)C(F)(F)C(F)(F)C(F)(F)C(F)(F)C(F)(F)C(F)(F)C(F)(F)F.[Na+].CCCCCCCCCCCCOS(=O)(=O)[O-].[Na+],nonionic-anionic mixture,0.0,0.0,0.009513101971504023,,,,,,P2SURF mixture; updated_CMC-Data-for-mixed-micelle.csv; experimental CMC dataset; mol_fraction_A=0.065; mol_fraction_B=0.935; logCMC(uM)=3.97832215 converted to mol/L; https://github.com/sandialabs/P2SURF
O=C(O)C(F)(F)C(F)(F)C(F)(F)C(F)(F)C(F)(F)C(F)(F)C(F)(F)C(F)(F)F.[Na+].CCCCCCCCCCCCOS(=O)(=O)[O-].[Na+],nonionic-anionic mixture,0.0,0.0,0.009799482304157437,,,,,,P2SURF mixture; updated_CMC-Data-for-mixed-micelle.csv; experimental CMC dataset; mol_fraction_A=0.14; mol_fraction_B=0.86; logCMC(uM)=3.99120313 converted to mol/L; https://github.com/sandialabs/P2SURF
O=C(O)C(F)(F)C(F)(F)C(F)(F)C(F)(F)C(F)(F)C(F)(F)C(F)(F)C(F)(F)F.[Na+].CCCCCCCCCCCCOS(=O)(=O)[O-].[Na+],nonionic-anionic mixture,0.0,0.0,0.010544611513166052,,,,,,P2SURF mixture; updated_CMC-Data-for-mixed-micelle.csv; experimental CMC dataset; mol_fraction_A=0.26; mol_fraction_B=0.74; logCMC(uM)=4.02303058 converted to mol/L; https://github.com/sandialabs/P2SURF
O=C(O)C(F)(F)C(F)(F)C(F)(F)C(F)(F)C(F)(F)C(F)(F)C(F)(F)C(F)(F)F.[Na+].CCCCCCCCCCCCOS(=O)(=O)[O-].[Na+],nonionic-anionic mixture,0.0,0.0,0.011100107045781616,,,,,,P2SURF mixture; updated_CMC-Data-for-mixed-micelle.csv; experimental CMC dataset; mol_fraction_A=0.37; mol_fraction_B=0.63; logCMC(uM)=4.04532717 converted to mol/L; https://github.com/sandialabs/P2SURF
O=C(O)C(F)(F)C(F)(F)C(F)(F)C(F)(F)C(F)(F)C(F)(F)C(F)(F)C(F)(F)F.[Na+].CCCCCCCCCCCCOS(=O)(=O)[O-].[Na+],nonionic-anionic mixture,0.0,0.0,0.010850161062296975,,,,,,P2SURF mixture; updated_CMC-Data-for-mixed-micelle.csv; experimental CMC dataset; mol_fraction_A=0.45; mol_fraction_B=0.55; logCMC(uM)=4.03543619 converted to mol/L; https://github.com/sandialabs/P2SURF
O=C(O)C(F)(F)C(F)(F)C(F)(F)C(F)(F)C(F)(F)C(F)(F)C(F)(F)C(F)(F)F.[Na+].CCCCCCCCCCCCOS(=O)(=O)[O-].[Na+],nonionic-anionic mixture,0.0,0.0,0.010425839573928194,,,,,,P2SURF mixture; updated_CMC-Data-for-mixed-micelle.csv; experimental CMC dataset; mol_fraction_A=0.5; mol_fraction_B=0.5; logCMC(uM)=4.01811104 converted to mol/L; https://github.com/sandialabs/P2SURF
O=C(O)C(F)(F)C(F)(F)C(F)(F)C(F)(F)C(F)(F)C(F)(F)C(F)(F)C(F)(F)F.[Na+].CCCCCCCCCCCCOS(=O)(=O)[O-].[Na+],nonionic-anionic mixture,0.0,0.0,0.009702761404389361,,,,,,P2SURF mixture; updated_CMC-Data-for-mixed-micelle.csv; experimental CMC dataset; mol_fraction_A=0.57; mol_fraction_B=0.43; logCMC(uM)=3.98689535 converted to mol/L; https://github.com/sandialabs/P2SURF
O=C(O)C(F)(F)C(F)(F)C(F)(F)C(F)(F)C(F)(F)C(F)(F)C(F)(F)C(F)(F)F.[Na+].CCCCCCCCCCCCOS(=O)(=O)[O-].[Na+],nonionic-anionic mixture,0.0,0.0,0.008823344759698808,,,,,,P2SURF mixture; updated_CMC-Data-for-mixed-micelle.csv; experimental CMC dataset; mol_fraction_A=0.7; mol_fraction_B=0.3; logCMC(uM)=3.94563325 converted to mol/L; https://github.com/sandialabs/P2SURF
O=C(O)C(F)(F)C(F)(F)C(F)(F)C(F)(F)C(F)(F)C(F)(F)C(F)(F)C(F)(F)F.[Na+].CCCCCCCCCCCCOS(=O)(=O)[O-].[Na+],nonionic-anionic mixture,0.0,0.0,0.007944854425727878,,,,,,P2SURF mixture; updated_CMC-Data-for-mixed-micelle.csv; experimental CMC dataset; mol_fraction_A=0.85; mol_fraction_B=0.15; logCMC(uM)=3.90008594 converted to mol/L; https://github.com/sandialabs/P2SURF
O=C(O)C(F)(F)C(F)(F)C(F)(F)C(F)(F)C(F)(F)C(F)(F)C(F)(F)C(F)(F)F.[Na+].CCCCCCCCCCCCOS(=O)(=O)[O-].[Na+],nonionic-anionic mixture,0.0,0.0,0.007255586081201569,,,,,,P2SURF mixture; updated_CMC-Data-for-mixed-micelle.csv; experimental CMC dataset; mol_fraction_A=1.0; mol_fraction_B=0.0; logCMC(uM)=3.8606725 converted to mol/L; https://github.com/sandialabs/P2SURF
CCCCCCCCCCCCOS(=O)(=O)[O-].[Na+].CC=C(C)C(=O)OC1C(C2(C(CC1(C)C)C3=CCC4C5(CCC(C(C5CCC4(C3(CC2O)C)C)(C)CO)OC6C(C(C(C(O6)C(=O)O)OC7C(C(C(C(O7)CO)O)O)O)O)OC8C(C(C(C(O8)CO)O)O)O)C)CO)OC(=O)C,anionic-nonionic mixture,0.0,0.0,0.00010992124229458634,,,,,,P2SURF mixture; updated_CMC-Data-for-mixed-micelle.csv; experimental CMC dataset; mol_fraction_A=0.0; mol_fraction_B=1.0; logCMC(uM)=2.04108163 converted to mol/L; https://github.com/sandialabs/P2SURF
CCCCCCCCCCCCOS(=O)(=O)[O-].[Na+].CC=C(C)C(=O)OC1C(C2(C(CC1(C)C)C3=CCC4C5(CCC(C(C5CCC4(C3(CC2O)C)C)(C)CO)OC6C(C(C(C(O6)C(=O)O)OC7C(C(C(C(O7)CO)O)O)O)O)OC8C(C(C(C(O8)CO)O)O)O)C)CO)OC(=O)C,anionic-nonionic mixture,0.0,0.0,3.0218489644593295e-05,,,,,,P2SURF mixture; updated_CMC-Data-for-mixed-micelle.csv; experimental CMC dataset; mol_fraction_A=0.2; mol_fraction_B=0.8; logCMC(uM)=1.48027275 converted to mol/L; https://github.com/sandialabs/P2SURF
CCCCCCCCCCCCOS(=O)(=O)[O-].[Na+].CC=C(C)C(=O)OC1C(C2(C(CC1(C)C)C3=CCC4C5(CCC(C(C5CCC4(C3(CC2O)C)C)(C)CO)OC6C(C(C(C(O6)C(=O)O)OC7C(C(C(C(O7)CO)O)O)O)O)OC8C(C(C(C(O8)CO)O)O)O)C)CO)OC(=O)C,anionic-nonionic mixture,0.0,0.0,6.056924971602994e-05,,,,,,P2SURF mixture; updated_CMC-Data-for-mixed-micelle.csv; experimental CMC dataset; mol_fraction_A=0.4; mol_fraction_B=0.6; logCMC(uM)=1.78225219 converted to mol/L; https://github.com/sandialabs/P2SURF
CCCCCCCCCCCCOS(=O)(=O)[O-].[Na+].CC=C(C)C(=O)OC1C(C2(C(CC1(C)C)C3=CCC4C5(CCC(C(C5CCC4(C3(CC2O)C)C)(C)CO)OC6C(C(C(C(O6)C(=O)O)OC7C(C(C(C(O7)CO)O)O)O)O)OC8C(C(C(C(O8)CO)O)O)O)C)CO)OC(=O)C,anionic-nonionic mixture,0.0,0.0,4.058088331584575e-05,,,,,,P2SURF mixture; updated_CMC-Data-for-mixed-micelle.csv; experimental CMC dataset; mol_fraction_A=0.6; mol_fraction_B=0.4; logCMC(uM)=1.6083215 converted to mol/L; https://github.com/sandialabs/P2SURF
CCCCCCCCCCCCOS(=O)(=O)[O-].[Na+].CC=C(C)C(=O)OC1C(C2(C(CC1(C)C)C3=CCC4C5(CCC(C(C5CCC4(C3(CC2O)C)C)(C)CO)OC6C(C(C(C(O6)C(=O)O)OC7C(C(C(C(O7)CO)O)O)O)O)OC8C(C(C(C(O8)CO)O)O)O)C)CO)OC(=O)C,anionic-nonionic mixture,0.0,0.0,6.076005649498798e-05,,,,,,P2SURF mixture; updated_CMC-Data-for-mixed-micelle.csv; experimental CMC dataset; mol_fraction_A=0.8; mol_fraction_B=0.2; logCMC(uM)=1.78361817 converted to mol/L; https://github.com/sandialabs/P2SURF
CCCCCCCCCCCCOS(=O)(=O)[O-].[Na+].CC=C(C)C(=O)OC1C(C2(C(CC1(C)C)C3=CCC4C5(CCC(C(C5CCC4(C3(CC2O)C)C)(C)CO)OC6C(C(C(C(O6)C(=O)O)OC7C(C(C(C(O7)CO)O)O)O)O)OC8C(C(C(C(O8)CO)O)O)O)C)CO)OC(=O)C,anionic-nonionic mixture,0.0,0.0,0.0019379317276038799,,,,,,P2SURF mixture; updated_CMC-Data-for-mixed-micelle.csv; experimental CMC dataset; mol_fraction_A=1.0; mol_fraction_B=0.0; logCMC(uM)=3.28733847 converted to mol/L; https://github.com/sandialabs/P2SURF
C(=O)(C(C(C(C(C(C(C(F)(F)F)(F)F)(F)F)(F)F)(F)F)(F)F)(F)F)O.[Na+].CCCCCCCCCCCC[N+](C)(C)C.[Br-],nonionic-cationic mixture,0.0,0.0,0.017999999995718313,,,,,,P2SURF mixture; updated_CMC-Data-for-mixed-micelle.csv; experimental CMC dataset; mol_fraction_A=0.0; mol_fraction_B=1.0; logCMC(uM)=4.2552725 converted to mol/L; https://github.com/sandialabs/P2SURF
C(=O)(C(C(C(C(C(C(C(F)(F)F)(F)F)(F)F)(F)F)(F)F)(F)F)(F)F)O.[Na+].CCCCCCCCCCCC[N+](C)(C)C.[Br-],nonionic-cationic mixture,0.0,0.0,0.00039999999969793544,,,,,,P2SURF mixture; updated_CMC-Data-for-mixed-micelle.csv; experimental CMC dataset; mol_fraction_A=0.1; mol_fraction_B=0.9; logCMC(uM)=2.60205999 converted to mol/L; https://github.com/sandialabs/P2SURF
C(=O)(C(C(C(C(C(C(C(F)(F)F)(F)F)(F)F)(F)F)(F)F)(F)F)(F)F)O.[Na+].CCCCCCCCCCCC[N+](C)(C)C.[Br-],nonionic-cationic mixture,0.0,0.0,0.0001,,,,,,P2SURF mixture; updated_CMC-Data-for-mixed-micelle.csv; experimental CMC dataset; mol_fraction_A=0.5; mol_fraction_B=0.5; logCMC(uM)=2 converted to mol/L; https://github.com/sandialabs/P2SURF
C(=O)(C(C(C(C(C(C(C(F)(F)F)(F)F)(F)F)(F)F)(F)F)(F)F)(F)F)O.[Na+].CCCCCCCCCCCC[N+](C)(C)C.[Br-],nonionic-cationic mixture,0.0,0.0,0.022000000009006496,,,,,,P2SURF mixture; updated_CMC-Data-for-mixed-micelle.csv; experimental CMC dataset; mol_fraction_A=1.0; mol_fraction_B=0.0; logCMC(uM)=4.34242268 converted to mol/L; https://github.com/sandialabs/P2SURF
C(=O)(C(C(C(C(C(C(C(F)(F)F)(F)F)(F)F)(F)F)(F)F)(F)F)(F)F)O.[Na+].CCCCCCCCCCCCCCCC[N+](C)(C)C.[Br-],nonionic-cationic mixture,0.0,0.0,0.0008900000007276802,,,,,,P2SURF mixture; updated_CMC-Data-for-mixed-micelle.csv; experimental CMC dataset; mol_fraction_A=0.0; mol_fraction_B=1.0; logCMC(uM)=2.94939001 converted to mol/L; https://github.com/sandialabs/P2SURF
C(=O)(C(C(C(C(C(C(C(F)(F)F)(F)F)(F)F)(F)F)(F)F)(F)F)(F)F)O.[Na+].CCCCCCCCCCCCCCCC[N+](C)(C)C.[Br-],nonionic-cationic mixture,0.0,0.0,0.0001,,,,,,P2SURF mixture; updated_CMC-Data-for-mixed-micelle.csv; experimental CMC dataset; mol_fraction_A=0.90909; mol_fraction_B=0.090909; logCMC(uM)=2 converted to mol/L; https://github.com/sandialabs/P2SURF
C(=O)(C(C(C(C(C(C(C(F)(F)F)(F)F)(F)F)(F)F)(F)F)(F)F)(F)F)O.[Na+].CCCCCCCCCCCCCCCC[N+](C)(C)C.[Br-],nonionic-cationic mixture,0.0,0.0,0.0001410000001118859,,,,,,P2SURF mixture; updated_CMC-Data-for-mixed-micelle.csv; experimental CMC dataset; mol_fraction_A=0.090909; mol_fraction_B=0.90909; logCMC(uM)=2.14921911 converted to mol/L; https://github.com/sandialabs/P2SURF
C(=O)(C(C(C(C(C(C(C(F)(F)F)(F)F)(F)F)(F)F)(F)F)(F)F)(F)F)O.[Na+].CCCCCCCCCCCCCCCC[N+](C)(C)C.[Br-],nonionic-cationic mixture,0.0,0.0,0.021299999978482087,,,,,,P2SURF mixture; updated_CMC-Data-for-mixed-micelle.csv; experimental CMC dataset; mol_fraction_A=1.0; mol_fraction_B=0.0; logCMC(uM)=4.3283796 converted to mol/L; https://github.com/sandialabs/P2SURF
CCCCCCCCCCCCOS(=O)(=O)[O-].[Na+].CCCCCCCCCCCCCCCCOS(=O)(=O)[O-].[Na+],anionic mixture,0.0,0.0,0.008299999992812678,,,,,,P2SURF mixture; updated_CMC-Data-for-mixed-micelle.csv; experimental CMC dataset; mol_fraction_A=1.0; mol_fraction_B=0.0; logCMC(uM)=3.91907809 converted to mol/L; https://github.com/sandialabs/P2SURF
CCCCCCCCCCCCOS(=O)(=O)[O-].[Na+].CCCCCCCCCCCCCCCCOS(=O)(=O)[O-].[Na+],anionic mixture,0.0,0.0,0.0030000000019365044,,,,,,P2SURF mixture; updated_CMC-Data-for-mixed-micelle.csv; experimental CMC dataset; mol_fraction_A=0.8; mol_fraction_B=0.2; logCMC(uM)=3.47712126 converted to mol/L; https://github.com/sandialabs/P2SURF
CCCCCCCCCCCCOS(=O)(=O)[O-].[Na+].CCCCCCCCCCCCCCCCOS(=O)(=O)[O-].[Na+],anionic mixture,0.0,0.0,0.0017500000012640837,,,,,,P2SURF mixture; updated_CMC-Data-for-mixed-micelle.csv; experimental CMC dataset; mol_fraction_A=0.6; mol_fraction_B=0.4; logCMC(uM)=3.24303805 converted to mol/L; https://github.com/sandialabs/P2SURF
CCCCCCCCCCCCOS(=O)(=O)[O-].[Na+].CCCCCCCCCCCCCCCCOS(=O)(=O)[O-].[Na+],anionic mixture,0.0,0.0,0.0014999999998076842,,,,,,P2SURF mixture; updated_CMC-Data-for-mixed-micelle.csv; experimental CMC dataset; mol_fraction_A=0.5; mol_fraction_B=0.5; logCMC(uM)=3.17609126 converted to mol/L; https://github.com/sandialabs/P2SURF
CCCCCCCCCCCCOS(=O)(=O)[O-].[Na+].CCCCCCCCCCCCCCCCOS(=O)(=O)[O-].[Na+],anionic mixture,0.0,0.0,0.001149999999063646,,,,,,P2SURF mixture; updated_CMC-Data-for-mixed-micelle.csv; experimental CMC dataset; mol_fraction_A=0.4; mol_fraction_B=0.6; logCMC(uM)=3.06069784 converted to mol/L; https://github.com/sandialabs/P2SURF
CCCCCCCCCCCCOS(=O)(=O)[O-].[Na+].CCCCCCCCCCCCCCCCOS(=O)(=O)[O-].[Na+],anionic mixture,0.0,0.0,0.001,,,,,,P2SURF mixture; updated_CMC-Data-for-mixed-micelle.csv; experimental CMC dataset; mol_fraction_A=0.2; mol_fraction_B=0.8; logCMC(uM)=3 converted to mol/L; https://github.com/sandialabs/P2SURF
CCCCCCCCCCCCOS(=O)(=O)[O-].[Na+].CCCCCCCCCCCCCCCCOS(=O)(=O)[O-].[Na+],anionic mixture,0.0,0.0,0.0007499999993235581,,,,,,P2SURF mixture; updated_CMC-Data-for-mixed-micelle.csv; experimental CMC dataset; mol_fraction_A=0.0; mol_fraction_B=1.0; logCMC(uM)=2.87506126 converted to mol/L; https://github.com/sandialabs/P2SURF
CCCCC(CC)COC(=O)CC(C(=O)OCC(CC)CCCC)S(=O)(=O)[O-].[Na+].OCCOCCOCCOCCOCCOCCOCCOCCOCCOCCOCCOCCOCCOCCOCCOCCOCCOC[C@@H](OC(CCCCCCC/C=C\CCCCCCCC)=O)[C@@H]1[C@H](OC(CCCCCCC/C=C\CCCCCCCC)=O)[C@@H](OC(CCCCCCC/C=C\CCCCCCCC)=O)CO1,anionic-nonionic mixture,0.0,0.0,0.002629999997034125,,,,,,P2SURF mixture; updated_CMC-Data-for-mixed-micelle.csv; experimental CMC dataset; mol_fraction_A=1.0; mol_fraction_B=0.0; logCMC(uM)=3.41995575 converted to mol/L; https://github.com/sandialabs/P2SURF
CCCCC(CC)COC(=O)CC(C(=O)OCC(CC)CCCC)S(=O)(=O)[O-].[Na+].OCCOCCOCCOCCOCCOCCOCCOCCOCCOCCOCCOCCOCCOCCOCCOCCOCCOC[C@@H](OC(CCCCCCC/C=C\CCCCCCCC)=O)[C@@H]1[C@H](OC(CCCCCCC/C=C\CCCCCCCC)=O)[C@@H](OC(CCCCCCC/C=C\CCCCCCCC)=O)CO1,anionic-nonionic mixture,3.4,0.0,8.799999996957179e-07,,,,,,P2SURF mixture; updated_CMC-Data-for-mixed-micelle.csv; experimental CMC dataset; mol_fraction_A=0.8; mol_fraction_B=0.2; logCMC(uM)=-0.055517328 converted to mol/L; https://github.com/sandialabs/P2SURF
CCCCC(CC)COC(=O)CC(C(=O)OCC(CC)CCCC)S(=O)(=O)[O-].[Na+].OCCOCCOCCOCCOCCOCCOCCOCCOCCOCCOCCOCCOCCOCCOCCOCCOCCOC[C@@H](OC(CCCCCCC/C=C\CCCCCCCC)=O)[C@@H]1[C@H](OC(CCCCCCC/C=C\CCCCCCCC)=O)[C@@H](OC(CCCCCCC/C=C\CCCCCCCC)=O)CO1,anionic-nonionic mixture,6.8,0.0,4.1999999961519653e-07,,,,,,P2SURF mixture; updated_CMC-Data-for-mixed-micelle.csv; experimental CMC dataset; mol_fraction_A=0.6; mol_fraction_B=0.4; logCMC(uM)=-0.37675071 converted to mol/L; https://github.com/sandialabs/P2SURF
CCCCC(CC)COC(=O)CC(C(=O)OCC(CC)CCCC)S(=O)(=O)[O-].[Na+].OCCOCCOCCOCCOCCOCCOCCOCCOCCOCCOCCOCCOCCOCCOCCOCCOCCOC[C@@H](OC(CCCCCCC/C=C\CCCCCCCC)=O)[C@@H]1[C@H](OC(CCCCCCC/C=C\CCCCCCCC)=O)[C@@H](OC(CCCCCCC/C=C\CCCCCCCC)=O)CO1,anionic-nonionic mixture,10.2,0.0,3.1999999976428487e-07,,,,,,P2SURF mixture; updated_CMC-Data-for-mixed-micelle.csv; experimental CMC dataset; mol_fraction_A=0.4; mol_fraction_B=0.6; logCMC(uM)=-0.494850022 converted to mol/L; https://github.com/sandialabs/P2SURF
CCCCC(CC)COC(=O)CC(C(=O)OCC(CC)CCCC)S(=O)(=O)[O-].[Na+].OCCOCCOCCOCCOCCOCCOCCOCCOCCOCCOCCOCCOCCOCCOCCOCCOCCOC[C@@H](OC(CCCCCCC/C=C\CCCCCCCC)=O)[C@@H]1[C@H](OC(CCCCCCC/C=C\CCCCCCCC)=O)[C@@H](OC(CCCCCCC/C=C\CCCCCCCC)=O)CO1,anionic-nonionic mixture,13.6,0.0,2.2000000009006497e-07,,,,,,P2SURF mixture; updated_CMC-Data-for-mixed-micelle.csv; experimental CMC dataset; mol_fraction_A=0.2; mol_fraction_B=0.8; logCMC(uM)=-0.657577319 converted to mol/L; https://github.com/sandialabs/P2SURF
CCCCC(CC)COC(=O)CC(C(=O)OCC(CC)CCCC)S(=O)(=O)[O-].[Na+].OCCOCCOCCOCCOCCOCCOCCOCCOCCOCCOCCOCCOCCOCCOCCOCCOCCOC[C@@H](OC(CCCCCCC/C=C\CCCCCCCC)=O)[C@@H]1[C@H](OC(CCCCCCC/C=C\CCCCCCCC)=O)[C@@H](OC(CCCCCCC/C=C\CCCCCCCC)=O)CO1,anionic-nonionic mixture,17.0,0.0,2.79999999779363e-07,,,,,,P2SURF mixture; updated_CMC-Data-for-mixed-micelle.csv; experimental CMC dataset; mol_fraction_A=0.0; mol_fraction_B=1.0; logCMC(uM)=-0.552841969 converted to mol/L; https://github.com/sandialabs/P2SURF
C1=CC=C(C=C1)S(=O)(=O)[O-].[Na+].CCCCCCCCCCCCCCCC[N+](C)(C)C.[Br-],anionic-cationic mixture,0.0,0.0,0.0009060000006742137,,,,,,P2SURF mixture; updated_CMC-Data-for-mixed-micelle.csv; experimental CMC dataset; mol_fraction_A=0.0; mol_fraction_B=1.0; logCMC(uM)=2.9571282 converted to mol/L; https://github.com/sandialabs/P2SURF
C1=CC=C(C=C1)S(=O)(=O)[O-].[Na+].CCCCCCCCCCCCCCCC[N+](C)(C)C.[Br-],anionic-cationic mixture,0.0,0.0,0.00017890000017821311,,,,,,P2SURF mixture; updated_CMC-Data-for-mixed-micelle.csv; experimental CMC dataset; mol_fraction_A=0.2; mol_fraction_B=0.8; logCMC(uM)=2.25261034 converted to mol/L; https://github.com/sandialabs/P2SURF
C1=CC=C(C=C1)S(=O)(=O)[O-].[Na+].CCCCCCCCCCCCCCCC[N+](C)(C)C.[Br-],anionic-cationic mixture,0.0,0.0,0.00015959999999459395,,,,,,P2SURF mixture; updated_CMC-Data-for-mixed-micelle.csv; experimental CMC dataset; mol_fraction_A=0.4; mol_fraction_B=0.6; logCMC(uM)=2.20303289 converted to mol/L; https://github.com/sandialabs/P2SURF
C1=CC=C(C=C1)S(=O)(=O)[O-].[Na+].CCCCCCCCCCCCCCCC[N+](C)(C)C.[Br-],anionic-cationic mixture,0.0,0.0,0.00017890000017821311,,,,,,P2SURF mixture; updated_CMC-Data-for-mixed-micelle.csv; experimental CMC dataset; mol_fraction_A=0.6; mol_fraction_B=0.4; logCMC(uM)=2.25261034 converted to mol/L; https://github.com/sandialabs/P2SURF
C1=CC=C(C=C1)S(=O)(=O)[O-].[Na+].CCCCCCCCCCCCCCCC[N+](C)(C)C.[Br-],anionic-cationic mixture,0.0,0.0,0.00019869999994975688,,,,,,P2SURF mixture; updated_CMC-Data-for-mixed-micelle.csv; experimental CMC dataset; mol_fraction_A=0.8; mol_fraction_B=0.2; logCMC(uM)=2.29819787 converted to mol/L; https://github.com/sandialabs/P2SURF
C1=CC=C(C=C1)S(=O)(=O)[O-].[Na+].CCCCCCCCCCCCCCCC[N+](C)(C)C.[Br-],anionic-cationic mixture,0.0,0.0,0.1,,,,,,P2SURF mixture; updated_CMC-Data-for-mixed-micelle.csv; experimental CMC dataset; mol_fraction_A=1.0; mol_fraction_B=0.0; logCMC(uM)=5 converted to mol/L; https://github.com/sandialabs/P2SURF
CCCCCCCCCCCCOS(=O)(=O)[O-].[Na+].C1=CC=C(C=C1)S(=O)(=O)[O-].[Na+],anionic mixture,0.0,0.0,0.008138000009045672,,,,,,P2SURF mixture; updated_CMC-Data-for-mixed-micelle.csv; experimental CMC dataset; mol_fraction_A=1.0; mol_fraction_B=0.0; logCMC(uM)=3.91051769 converted to mol/L; https://github.com/sandialabs/P2SURF
CCCCCCCCCCCCOS(=O)(=O)[O-].[Na+].C1=CC=C(C=C1)S(=O)(=O)[O-].[Na+],anionic mixture,0.0,0.0,0.009118000002814508,,,,,,P2SURF mixture; updated_CMC-Data-for-mixed-micelle.csv; experimental CMC dataset; mol_fraction_A=0.8; mol_fraction_B=0.2; logCMC(uM)=3.95989959 converted to mol/L; https://github.com/sandialabs/P2SURF
CCCCCCCCCCCCOS(=O)(=O)[O-].[Na+].C1=CC=C(C=C1)S(=O)(=O)[O-].[Na+],anionic mixture,0.0,0.0,0.01012000001156299,,,,,,P2SURF mixture; updated_CMC-Data-for-mixed-micelle.csv; experimental CMC dataset; mol_fraction_A=0.666; mol_fraction_B=0.333; logCMC(uM)=4.00518051 converted to mol/L; https://github.com/sandialabs/P2SURF
CCCCCCCCCCCCOS(=O)(=O)[O-].[Na+].C1=CC=C(C=C1)S(=O)(=O)[O-].[Na+],anionic mixture,0.0,0.0,0.014975999986412473,,,,,,P2SURF mixture; updated_CMC-Data-for-mixed-micelle.csv; experimental CMC dataset; mol_fraction_A=0.333; mol_fraction_B=0.666; logCMC(uM)=4.17539583 converted to mol/L; https://github.com/sandialabs/P2SURF
CCCCCCCCCCCCOS(=O)(=O)[O-].[Na+].C1=CC=C(C=C1)S(=O)(=O)[O-].[Na+],anionic mixture,0.0,0.0,0.019192999986598683,,,,,,P2SURF mixture; updated_CMC-Data-for-mixed-micelle.csv; experimental CMC dataset; mol_fraction_A=0.2; mol_fraction_B=0.8; logCMC(uM)=4.28314286 converted to mol/L; https://github.com/sandialabs/P2SURF
CCCCCCCCCCCCOS(=O)(=O)[O-].[Na+].C1=CC=C(C=C1)S(=O)(=O)[O-].[Na+],anionic mixture,0.0,0.0,0.1,,,,,,P2SURF mixture; updated_CMC-Data-for-mixed-micelle.csv; experimental CMC dataset; mol_fraction_A=0.0; mol_fraction_B=1.0; logCMC(uM)=5 converted to mol/L; https://github.com/sandialabs/P2SURF
CCCCCCCCC(C)CCCOCCOCCOCCOCCOCCOP(=O)(O)[O-].[K+].CCCCCCCCCCCC[N+](C)(C)CC1=CC=CC=C1.[Cl-],anionic-cationic mixture,5.0,0.0,3.79000000027863e-05,,,,,,P2SURF mixture; updated_CMC-Data-for-mixed-micelle.csv; experimental CMC dataset; mol_fraction_A=1.0; mol_fraction_B=0.0; logCMC(uM)=1.57863921 converted to mol/L; https://github.com/sandialabs/P2SURF
CCCCCCCCC(C)CCCOCCOCCOCCOCCOCCOP(=O)(O)[O-].[K+].CCCCCCCCCCCC[N+](C)(C)CC1=CC=CC=C1.[Cl-],anionic-cationic mixture,4.0,0.0,1.7699999985254288e-05,,,,,,P2SURF mixture; updated_CMC-Data-for-mixed-micelle.csv; experimental CMC dataset; mol_fraction_A=0.8; mol_fraction_B=0.2; logCMC(uM)=1.24797327 converted to mol/L; https://github.com/sandialabs/P2SURF
CCCCCCCCC(C)CCCOCCOCCOCCOCCOCCOP(=O)(O)[O-].[K+].CCCCCCCCCCCC[N+](C)(C)CC1=CC=CC=C1.[Cl-],anionic-cationic mixture,3.0,0.0,2.3699999999448646e-05,,,,,,P2SURF mixture; updated_CMC-Data-for-mixed-micelle.csv; experimental CMC dataset; mol_fraction_A=0.6; mol_fraction_B=0.4; logCMC(uM)=1.37474835 converted to mol/L; https://github.com/sandialabs/P2SURF
CCCCCCCCC(C)CCCOCCOCCOCCOCCOCCOP(=O)(O)[O-].[K+].CCCCCCCCCCCC[N+](C)(C)CC1=CC=CC=C1.[Cl-],anionic-cationic mixture,2.5,0.0,5.569999997771856e-05,,,,,,P2SURF mixture; updated_CMC-Data-for-mixed-micelle.csv; experimental CMC dataset; mol_fraction_A=0.5; mol_fraction_B=0.5; logCMC(uM)=1.7458552 converted to mol/L; https://github.com/sandialabs/P2SURF
CCCCCCCCC(C)CCCOCCOCCOCCOCCOCCOP(=O)(O)[O-].[K+].CCCCCCCCCCCC[N+](C)(C)CC1=CC=CC=C1.[Cl-],anionic-cationic mixture,2.0,0.0,3.5600000002223466e-05,,,,,,P2SURF mixture; updated_CMC-Data-for-mixed-micelle.csv; experimental CMC dataset; mol_fraction_A=0.4; mol_fraction_B=0.6; logCMC(uM)=1.55145 converted to mol/L; https://github.com/sandialabs/P2SURF
CCCCCCCCC(C)CCCOCCOCCOCCOCCOCCOP(=O)(O)[O-].[K+].CCCCCCCCCCCC[N+](C)(C)CC1=CC=CC=C1.[Cl-],anionic-cationic mixture,1.0,0.0,2.989999997766388e-05,,,,,,P2SURF mixture; updated_CMC-Data-for-mixed-micelle.csv; experimental CMC dataset; mol_fraction_A=0.2; mol_fraction_B=0.8; logCMC(uM)=1.47567119 converted to mol/L; https://github.com/sandialabs/P2SURF
CCCCCCCCC(C)CCCOCCOCCOCCOCCOCCOP(=O)(O)[O-].[K+].CCCCCCCCCCCC[N+](C)(C)CC1=CC=CC=C1.[Cl-],anionic-cationic mixture,0.0,0.0,0.00018499999982832493,,,,,,P2SURF mixture; updated_CMC-Data-for-mixed-micelle.csv; experimental CMC dataset; mol_fraction_A=0.0; mol_fraction_B=1.0; logCMC(uM)=2.26717173 converted to mol/L; https://github.com/sandialabs/P2SURF
CCCCCCCCCCCCOCCOCCOCCOCCOCCOP(=O)(O)[O-].[K+].CCCCCCCCCCCC[N+](C)(C)CC1=CC=CC=C1.[Cl-],anionic-cationic mixture,5.0,0.0,3.0499999975645644e-05,,,,,,P2SURF mixture; updated_CMC-Data-for-mixed-micelle.csv; experimental CMC dataset; mol_fraction_A=1.0; mol_fraction_B=0.0; logCMC(uM)=1.48429984 converted to mol/L; https://github.com/sandialabs/P2SURF
CCCCCCCCCCCCOCCOCCOCCOCCOCCOP(=O)(O)[O-].[K+].CCCCCCCCCCCC[N+](C)(C)CC1=CC=CC=C1.[Cl-],anionic-cationic mixture,4.0,0.0,1.2599999996589213e-05,,,,,,P2SURF mixture; updated_CMC-Data-for-mixed-micelle.csv; experimental CMC dataset; mol_fraction_A=0.8; mol_fraction_B=0.2; logCMC(uM)=1.10037055 converted to mol/L; https://github.com/sandialabs/P2SURF
CCCCCCCCCCCCOCCOCCOCCOCCOCCOP(=O)(O)[O-].[K+].CCCCCCCCCCCC[N+](C)(C)CC1=CC=CC=C1.[Cl-],anionic-cationic mixture,3.0,0.0,1.9599999983911987e-05,,,,,,P2SURF mixture; updated_CMC-Data-for-mixed-micelle.csv; experimental CMC dataset; mol_fraction_A=0.6; mol_fraction_B=0.4; logCMC(uM)=1.29225607 converted to mol/L; https://github.com/sandialabs/P2SURF
CCCCCCCCCCCCOCCOCCOCCOCCOCCOP(=O)(O)[O-].[K+].CCCCCCCCCCCC[N+](C)(C)CC1=CC=CC=C1.[Cl-],anionic-cationic mixture,2.5,0.0,3.6599999966761216e-05,,,,,,P2SURF mixture; updated_CMC-Data-for-mixed-micelle.csv; experimental CMC dataset; mol_fraction_A=0.5; mol_fraction_B=0.5; logCMC(uM)=1.56348109 converted to mol/L; https://github.com/sandialabs/P2SURF
CCCCCCCCCCCCOCCOCCOCCOCCOCCOP(=O)(O)[O-].[K+].CCCCCCCCCCCC[N+](C)(C)CC1=CC=CC=C1.[Cl-],anionic-cationic mixture,2.0,0.0,2.2499999994230525e-05,,,,,,P2SURF mixture; updated_CMC-Data-for-mixed-micelle.csv; experimental CMC dataset; mol_fraction_A=0.4; mol_fraction_B=0.6; logCMC(uM)=1.35218252 converted to mol/L; https://github.com/sandialabs/P2SURF
CCCCCCCCCCCCOCCOCCOCCOCCOCCOP(=O)(O)[O-].[K+].CCCCCCCCCCCC[N+](C)(C)CC1=CC=CC=C1.[Cl-],anionic-cationic mixture,1.0,0.0,2.910000000094426e-05,,,,,,P2SURF mixture; updated_CMC-Data-for-mixed-micelle.csv; experimental CMC dataset; mol_fraction_A=0.2; mol_fraction_B=0.8; logCMC(uM)=1.46389299 converted to mol/L; https://github.com/sandialabs/P2SURF
CCCCCCCCCCCCOCCOCCOCCOCCOCCOP(=O)(O)[O-].[K+].CCCCCCCCCCCC[N+](C)(C)CC1=CC=CC=C1.[Cl-],anionic-cationic mixture,0.0,0.0,0.00018499999982832493,,,,,,P2SURF mixture; updated_CMC-Data-for-mixed-micelle.csv; experimental CMC dataset; mol_fraction_A=0.0; mol_fraction_B=1.0; logCMC(uM)=2.26717173 converted to mol/L; https://github.com/sandialabs/P2SURF
CCCCCCCCC(C)CCCOCCOCCOCCOCCOCCOP(=O)(O)[O-].[K+].CCCCCCCCCCCC[N+](C)(C)CCO.[Cl-],anionic-cationic mixture,5.0,0.0,3.79000000027863e-05,,,,,,P2SURF mixture; updated_CMC-Data-for-mixed-micelle.csv; experimental CMC dataset; mol_fraction_A=1.0; mol_fraction_B=0.0; logCMC(uM)=1.57863921 converted to mol/L; https://github.com/sandialabs/P2SURF
CCCCCCCCC(C)CCCOCCOCCOCCOCCOCCOP(=O)(O)[O-].[K+].CCCCCCCCCCCC[N+](C)(C)CCO.[Cl-],anionic-cationic mixture,4.0,0.0,2.7599999995855336e-05,,,,,,P2SURF mixture; updated_CMC-Data-for-mixed-micelle.csv; experimental CMC dataset; mol_fraction_A=0.8; mol_fraction_B=0.2; logCMC(uM)=1.44090908 converted to mol/L; https://github.com/sandialabs/P2SURF
CCCCCCCCC(C)CCCOCCOCCOCCOCCOCCOP(=O)(O)[O-].[K+].CCCCCCCCCCCC[N+](C)(C)CCO.[Cl-],anionic-cationic mixture,3.0,0.0,4.279999999870194e-05,,,,,,P2SURF mixture; updated_CMC-Data-for-mixed-micelle.csv; experimental CMC dataset; mol_fraction_A=0.6; mol_fraction_B=0.4; logCMC(uM)=1.63144377 converted to mol/L; https://github.com/sandialabs/P2SURF
CCCCCCCCC(C)CCCOCCOCCOCCOCCOCCOP(=O)(O)[O-].[K+].CCCCCCCCCCCC[N+](C)(C)CCO.[Cl-],anionic-cationic mixture,2.5,0.0,4.320000001841103e-05,,,,,,P2SURF mixture; updated_CMC-Data-for-mixed-micelle.csv; experimental CMC dataset; mol_fraction_A=0.5; mol_fraction_B=0.5; logCMC(uM)=1.63548375 converted to mol/L; https://github.com/sandialabs/P2SURF
CCCCCCCCC(C)CCCOCCOCCOCCOCCOCCOP(=O)(O)[O-].[K+].CCCCCCCCCCCC[N+](C)(C)CCO.[Cl-],anionic-cationic mixture,2.0,0.0,5.1800000030387055e-05,,,,,,P2SURF mixture; updated_CMC-Data-for-mixed-micelle.csv; experimental CMC dataset; mol_fraction_A=0.4; mol_fraction_B=0.6; logCMC(uM)=1.71432976 converted to mol/L; https://github.com/sandialabs/P2SURF
CCCCCCCCC(C)CCCOCCOCCOCCOCCOCCOP(=O)(O)[O-].[K+].CCCCCCCCCCCC[N+](C)(C)CCO.[Cl-],anionic-cationic mixture,1.0,0.0,7.380000003007066e-05,,,,,,P2SURF mixture; updated_CMC-Data-for-mixed-micelle.csv; experimental CMC dataset; mol_fraction_A=0.2; mol_fraction_B=0.8; logCMC(uM)=1.86805636 converted to mol/L; https://github.com/sandialabs/P2SURF
CCCCCCCCC(C)CCCOCCOCCOCCOCCOCCOP(=O)(O)[O-].[K+].CCCCCCCCCCCC[N+](C)(C)CCO.[Cl-],anionic-cationic mixture,0.0,0.0,0.000160000000126762,,,,,,P2SURF mixture; updated_CMC-Data-for-mixed-micelle.csv; experimental CMC dataset; mol_fraction_A=0.0; mol_fraction_B=1.0; logCMC(uM)=2.20411998 converted to mol/L; https://github.com/sandialabs/P2SURF
CCCCCCCCCCCCOCCOCCOCCOCCOCCOP(=O)(O)[O-].[K+].CCCCCCCCCCCC[N+](C)(C)CCO.[Cl-],anionic-cationic mixture,5.0,0.0,3.0499999975645644e-05,,,,,,P2SURF mixture; updated_CMC-Data-for-mixed-micelle.csv; experimental CMC dataset; mol_fraction_A=1.0; mol_fraction_B=0.0; logCMC(uM)=1.48429984 converted to mol/L; https://github.com/sandialabs/P2SURF
CCCCCCCCCCCCOCCOCCOCCOCCOCCOP(=O)(O)[O-].[K+].CCCCCCCCCCCC[N+](C)(C)CCO.[Cl-],anionic-cationic mixture,4.0,0.0,2.939999997209862e-05,,,,,,P2SURF mixture; updated_CMC-Data-for-mixed-micelle.csv; experimental CMC dataset; mol_fraction_A=0.8; mol_fraction_B=0.2; logCMC(uM)=1.46834733 converted to mol/L; https://github.com/sandialabs/P2SURF
CCCCCCCCCCCCOCCOCCOCCOCCOCCOP(=O)(O)[O-].[K+].CCCCCCCCCCCC[N+](C)(C)CCO.[Cl-],anionic-cationic mixture,3.0,0.0,5.169999998881672e-05,,,,,,P2SURF mixture; updated_CMC-Data-for-mixed-micelle.csv; experimental CMC dataset; mol_fraction_A=0.6; mol_fraction_B=0.4; logCMC(uM)=1.71349054 converted to mol/L; https://github.com/sandialabs/P2SURF
CCCCCCCCCCCCOCCOCCOCCOCCOCCOP(=O)(O)[O-].[K+].CCCCCCCCCCCC[N+](C)(C)CCO.[Cl-],anionic-cationic mixture,2.5,0.0,5.5100000018804414e-05,,,,,,P2SURF mixture; updated_CMC-Data-for-mixed-micelle.csv; experimental CMC dataset; mol_fraction_A=0.5; mol_fraction_B=0.5; logCMC(uM)=1.7411516 converted to mol/L; https://github.com/sandialabs/P2SURF
CCCCCCCCCCCCOCCOCCOCCOCCOCCOP(=O)(O)[O-].[K+].CCCCCCCCCCCC[N+](C)(C)CCO.[Cl-],anionic-cationic mixture,2.0,0.0,6.690000003576524e-05,,,,,,P2SURF mixture; updated_CMC-Data-for-mixed-micelle.csv; experimental CMC dataset; mol_fraction_A=0.4; mol_fraction_B=0.6; logCMC(uM)=1.82542612 converted to mol/L; https://github.com/sandialabs/P2SURF
CCCCCCCCCCCCOCCOCCOCCOCCOCCOP(=O)(O)[O-].[K+].CCCCCCCCCCCC[N+](C)(C)CCO.[Cl-],anionic-cationic mixture,1.0,0.0,8.900000007276803e-05,,,,,,P2SURF mixture; updated_CMC-Data-for-mixed-micelle.csv; experimental CMC dataset; mol_fraction_A=0.2; mol_fraction_B=0.8; logCMC(uM)=1.94939001 converted to mol/L; https://github.com/sandialabs/P2SURF
CCCCCCCCCCCCOCCOCCOCCOCCOCCOP(=O)(O)[O-].[K+].CCCCCCCCCCCC[N+](C)(C)CCO.[Cl-],anionic-cationic mixture,0.0,0.0,0.000160000000126762,,,,,,P2SURF mixture; updated_CMC-Data-for-mixed-micelle.csv; experimental CMC dataset; mol_fraction_A=0.0; mol_fraction_B=1.0; logCMC(uM)=2.20411998 converted to mol/L; https://github.com/sandialabs/P2SURF
CCCCCCCCCCCCOS(=O)(=O)[O-].[Na+].CCCCCCCCCCCC[N+](C)(C)CCCS(=O)(=O)[O-],anionic-zwitterionic/ionic mixture,0.0,0.0,0.0022000000009006473,,,,,,P2SURF mixture; updated_CMC-Data-for-mixed-micelle.csv; experimental CMC dataset; mol_fraction_A=0.0; mol_fraction_B=1.0; logCMC(uM)=3.34242268 converted to mol/L; https://github.com/sandialabs/P2SURF
CCCCCCCCCCCCOS(=O)(=O)[O-].[Na+].CCCCCCCCCCCC[N+](C)(C)CCCS(=O)(=O)[O-],anionic-zwitterionic/ionic mixture,0.0,0.0,0.00025000000018879034,,,,,,P2SURF mixture; updated_CMC-Data-for-mixed-micelle.csv; experimental CMC dataset; mol_fraction_A=0.25; mol_fraction_B=0.75; logCMC(uM)=2.39794001 converted to mol/L; https://github.com/sandialabs/P2SURF
CCCCCCCCCCCCOS(=O)(=O)[O-].[Na+].CCCCCCCCCCCC[N+](C)(C)CCCS(=O)(=O)[O-],anionic-zwitterionic/ionic mixture,0.0,0.0,0.0003000000001936504,,,,,,P2SURF mixture; updated_CMC-Data-for-mixed-micelle.csv; experimental CMC dataset; mol_fraction_A=0.5; mol_fraction_B=0.5; logCMC(uM)=2.47712126 converted to mol/L; https://github.com/sandialabs/P2SURF
CCCCCCCCCCCCOS(=O)(=O)[O-].[Na+].CCCCCCCCCCCC[N+](C)(C)CCCS(=O)(=O)[O-],anionic-zwitterionic/ionic mixture,0.0,0.0,0.0008000000000148404,,,,,,P2SURF mixture; updated_CMC-Data-for-mixed-micelle.csv; experimental CMC dataset; mol_fraction_A=0.75; mol_fraction_B=0.25; logCMC(uM)=2.90308999 converted to mol/L; https://github.com/sandialabs/P2SURF
CCCCCCCCCCCCOS(=O)(=O)[O-].[Na+].CCCCCCCCCCCC[N+](C)(C)CCCS(=O)(=O)[O-],anionic-zwitterionic/ionic mixture,0.0,0.0,0.006999999999770205,,,,,,P2SURF mixture; updated_CMC-Data-for-mixed-micelle.csv; experimental CMC dataset; mol_fraction_A=1.0; mol_fraction_B=0.0; logCMC(uM)=3.84509804 converted to mol/L; https://github.com/sandialabs/P2SURF
CCCCCCCCCCCCOS(=O)(=O)[O-].[Na+].CCCCCCCCCCCC[N+](C)(C)CC(=O)[O-],anionic-zwitterionic/ionic mixture,0.0,0.0,0.0019000000002063692,,,,,,P2SURF mixture; updated_CMC-Data-for-mixed-micelle.csv; experimental CMC dataset; mol_fraction_A=0.0; mol_fraction_B=1.0; logCMC(uM)=3.2787536 converted to mol/L; https://github.com/sandialabs/P2SURF
CCCCCCCCCCCCOS(=O)(=O)[O-].[Na+].CCCCCCCCCCCC[N+](C)(C)CC(=O)[O-],anionic-zwitterionic/ionic mixture,0.0,0.0,0.00020000000015474239,,,,,,P2SURF mixture; updated_CMC-Data-for-mixed-micelle.csv; experimental CMC dataset; mol_fraction_A=0.25; mol_fraction_B=0.75; logCMC(uM)=2.30103 converted to mol/L; https://github.com/sandialabs/P2SURF
CCCCCCCCCCCCOS(=O)(=O)[O-].[Na+].CCCCCCCCCCCC[N+](C)(C)CC(=O)[O-],anionic-zwitterionic/ionic mixture,0.0,0.0,0.0003000000001936504,,,,,,P2SURF mixture; updated_CMC-Data-for-mixed-micelle.csv; experimental CMC dataset; mol_fraction_A=0.5; mol_fraction_B=0.5; logCMC(uM)=2.47712126 converted to mol/L; https://github.com/sandialabs/P2SURF
CCCCCCCCCCCCOS(=O)(=O)[O-].[Na+].CCCCCCCCCCCC[N+](C)(C)CC(=O)[O-],anionic-zwitterionic/ionic mixture,0.0,0.0,0.0008000000000148404,,,,,,P2SURF mixture; updated_CMC-Data-for-mixed-micelle.csv; experimental CMC dataset; mol_fraction_A=0.75; mol_fraction_B=0.25; logCMC(uM)=2.90308999 converted to mol/L; https://github.com/sandialabs/P2SURF
CCCCCCCCCCCCOS(=O)(=O)[O-].[Na+].CCCCCCCCCCCC[N+](C)(C)CC(=O)[O-],anionic-zwitterionic/ionic mixture,0.0,0.0,0.006999999999770205,,,,,,P2SURF mixture; updated_CMC-Data-for-mixed-micelle.csv; experimental CMC dataset; mol_fraction_A=1.0; mol_fraction_B=0.0; logCMC(uM)=3.84509804 converted to mol/L; https://github.com/sandialabs/P2SURF
CCCCCCCCCCCC[N+](C)(C)CCCS(=O)(=O)[O-].CCCCCCCCCCCC[N+](C)(C)C.[Br-],zwitterionic/ionic-cationic mixture,0.0,0.0,0.0022000000009006473,,,,,,P2SURF mixture; updated_CMC-Data-for-mixed-micelle.csv; experimental CMC dataset; mol_fraction_A=1.0; mol_fraction_B=0.0; logCMC(uM)=3.34242268 converted to mol/L; https://github.com/sandialabs/P2SURF
CCCCCCCCCCCC[N+](C)(C)CCCS(=O)(=O)[O-].CCCCCCCCCCCC[N+](C)(C)C.[Br-],zwitterionic/ionic-cationic mixture,0.0,0.0,0.0020000000015474237,,,,,,P2SURF mixture; updated_CMC-Data-for-mixed-micelle.csv; experimental CMC dataset; mol_fraction_A=0.75; mol_fraction_B=0.25; logCMC(uM)=3.30103 converted to mol/L; https://github.com/sandialabs/P2SURF
CCCCCCCCCCCC[N+](C)(C)CCCS(=O)(=O)[O-].CCCCCCCCCCCC[N+](C)(C)C.[Br-],zwitterionic/ionic-cationic mixture,0.0,0.0,0.002699999999011578,,,,,,P2SURF mixture; updated_CMC-Data-for-mixed-micelle.csv; experimental CMC dataset; mol_fraction_A=0.5; mol_fraction_B=0.5; logCMC(uM)=3.43136376 converted to mol/L; https://github.com/sandialabs/P2SURF
CCCCCCCCCCCC[N+](C)(C)CCCS(=O)(=O)[O-].CCCCCCCCCCCC[N+](C)(C)C.[Br-],zwitterionic/ionic-cationic mixture,0.0,0.0,0.0031999999976428453,,,,,,P2SURF mixture; updated_CMC-Data-for-mixed-micelle.csv; experimental CMC dataset; mol_fraction_A=0.25; mol_fraction_B=0.75; logCMC(uM)=3.50514998 converted to mol/L; https://github.com/sandialabs/P2SURF
CCCCCCCCCCCC[N+](C)(C)CCCS(=O)(=O)[O-].CCCCCCCCCCCC[N+](C)(C)C.[Br-],zwitterionic/ionic-cationic mixture,0.0,0.0,0.014100000011188591,,,,,,P2SURF mixture; updated_CMC-Data-for-mixed-micelle.csv; experimental CMC dataset; mol_fraction_A=0.0; mol_fraction_B=1.0; logCMC(uM)=4.14921911 converted to mol/L; https://github.com/sandialabs/P2SURF
CCCCCCCCCCCC[N+](C)(C)CC(=O)[O-].CCCCCCCCCCCC[N+](C)(C)C.[Br-],zwitterionic/ionic-cationic mixture,0.0,0.0,0.0019000000002063692,,,,,,P2SURF mixture; updated_CMC-Data-for-mixed-micelle.csv; experimental CMC dataset; mol_fraction_A=1.0; mol_fraction_B=0.0; logCMC(uM)=3.2787536 converted to mol/L; https://github.com/sandialabs/P2SURF
CCCCCCCCCCCC[N+](C)(C)CC(=O)[O-].CCCCCCCCCCCC[N+](C)(C)C.[Br-],zwitterionic/ionic-cationic mixture,0.0,0.0,0.0020000000015474237,,,,,,P2SURF mixture; updated_CMC-Data-for-mixed-micelle.csv; experimental CMC dataset; mol_fraction_A=0.75; mol_fraction_B=0.25; logCMC(uM)=3.30103 converted to mol/L; https://github.com/sandialabs/P2SURF
CCCCCCCCCCCC[N+](C)(C)CC(=O)[O-].CCCCCCCCCCCC[N+](C)(C)C.[Br-],zwitterionic/ionic-cationic mixture,0.0,0.0,0.0027999999977936303,,,,,,P2SURF mixture; updated_CMC-Data-for-mixed-micelle.csv; experimental CMC dataset; mol_fraction_A=0.5; mol_fraction_B=0.5; logCMC(uM)=3.44715803 converted to mol/L; https://github.com/sandialabs/P2SURF
CCCCCCCCCCCC[N+](C)(C)CC(=O)[O-].CCCCCCCCCCCC[N+](C)(C)C.[Br-],zwitterionic/ionic-cationic mixture,0.0,0.0,0.004899999999678292,,,,,,P2SURF mixture; updated_CMC-Data-for-mixed-micelle.csv; experimental CMC dataset; mol_fraction_A=0.25; mol_fraction_B=0.75; logCMC(uM)=3.69019608 converted to mol/L; https://github.com/sandialabs/P2SURF
CCCCCCCCCCCC[N+](C)(C)CC(=O)[O-].CCCCCCCCCCCC[N+](C)(C)C.[Br-],zwitterionic/ionic-cationic mixture,0.0,0.0,0.014100000011188591,,,,,,P2SURF mixture; updated_CMC-Data-for-mixed-micelle.csv; experimental CMC dataset; mol_fraction_A=0.0; mol_fraction_B=1.0; logCMC(uM)=4.14921911 converted to mol/L; https://github.com/sandialabs/P2SURF
CCCCCCCCCCCCOS(=O)(=O)[O-].[Na+].CCCCCCCCCCCCC(=O)NCCC[N+](C)(C)CC(=O)[O-],anionic-zwitterionic/ionic mixture,0.0,0.0,0.0008809999991641289,,,,,,P2SURF mixture; updated_CMC-Data-for-mixed-micelle.csv; experimental CMC dataset; mol_fraction_A=0.0; mol_fraction_B=1.0; logCMC(uM)=2.94497591 converted to mol/L; https://github.com/sandialabs/P2SURF
CCCCCCCCCCCCOS(=O)(=O)[O-].[Na+].CCCCCCCCCCCCC(=O)NCCC[N+](C)(C)CC(=O)[O-],anionic-zwitterionic/ionic mixture,0.0,0.0,0.00011299999987421799,,,,,,P2SURF mixture; updated_CMC-Data-for-mixed-micelle.csv; experimental CMC dataset; mol_fraction_A=0.25; mol_fraction_B=0.75; logCMC(uM)=2.05307844 converted to mol/L; https://github.com/sandialabs/P2SURF
CCCCCCCCCCCCOS(=O)(=O)[O-].[Na+].CCCCCCCCCCCCC(=O)NCCC[N+](C)(C)CC(=O)[O-],anionic-zwitterionic/ionic mixture,0.0,0.0,0.00016299999984838596,,,,,,P2SURF mixture; updated_CMC-Data-for-mixed-micelle.csv; experimental CMC dataset; mol_fraction_A=0.5; mol_fraction_B=0.5; logCMC(uM)=2.2121876 converted to mol/L; https://github.com/sandialabs/P2SURF
CCCCCCCCCCCCOS(=O)(=O)[O-].[Na+].CCCCCCCCCCCCC(=O)NCCC[N+](C)(C)CC(=O)[O-],anionic-zwitterionic/ionic mixture,0.0,0.0,0.00030699999966267975,,,,,,P2SURF mixture; updated_CMC-Data-for-mixed-micelle.csv; experimental CMC dataset; mol_fraction_A=0.75; mol_fraction_B=0.25; logCMC(uM)=2.48713837 converted to mol/L; https://github.com/sandialabs/P2SURF
CCCCCCCCCCCCOS(=O)(=O)[O-].[Na+].CCCCCCCCCCCCC(=O)NCCC[N+](C)(C)CC(=O)[O-],anionic-zwitterionic/ionic mixture,0.0,0.0,0.0004869999997593178,,,,,,P2SURF mixture; updated_CMC-Data-for-mixed-micelle.csv; experimental CMC dataset; mol_fraction_A=0.85; mol_fraction_B=0.15; logCMC(uM)=2.68752896 converted to mol/L; https://github.com/sandialabs/P2SURF
CCCCCCCCCCCCOS(=O)(=O)[O-].[Na+].CCCCCCCCCCCCC(=O)NCCC[N+](C)(C)CC(=O)[O-],anionic-zwitterionic/ionic mixture,0.0,0.0,0.0012650000014219074,,,,,,P2SURF mixture; updated_CMC-Data-for-mixed-micelle.csv; experimental CMC dataset; mol_fraction_A=0.95; mol_fraction_B=0.05; logCMC(uM)=3.10209053 converted to mol/L; https://github.com/sandialabs/P2SURF
CCCCCCCCCCCCOS(=O)(=O)[O-].[Na+].CCCCCCCCCCCCC(=O)NCCC[N+](C)(C)CC(=O)[O-],anionic-zwitterionic/ionic mixture,0.0,0.0,0.0055200000034419565,,,,,,P2SURF mixture; updated_CMC-Data-for-mixed-micelle.csv; experimental CMC dataset; mol_fraction_A=1.0; mol_fraction_B=0.0; logCMC(uM)=3.74193908 converted to mol/L; https://github.com/sandialabs/P2SURF
CCCCCCCCCC[N+](C)(C)CCCS(=O)(=O)[O-].CCCCCCCCCCCCCCCC[N+](C)(C)CC1=CC=CC=C1.[Cl-],zwitterionic/ionic-cationic mixture,0.0,0.0,0.016800000010604582,,,,,,P2SURF mixture; updated_CMC-Data-for-mixed-micelle.csv; experimental CMC dataset; mol_fraction_A=1.0; mol_fraction_B=0.0; logCMC(uM)=4.22530928 converted to mol/L; https://github.com/sandialabs/P2SURF
CCCCCCCCCC[N+](C)(C)CCCS(=O)(=O)[O-].CCCCCCCCCCCCCCCC[N+](C)(C)CC1=CC=CC=C1.[Cl-],zwitterionic/ionic-cationic mixture,0.0,0.0,0.0061999999928869145,,,,,,P2SURF mixture; updated_CMC-Data-for-mixed-micelle.csv; experimental CMC dataset; mol_fraction_A=0.75; mol_fraction_B=0.25; logCMC(uM)=3.79239169 converted to mol/L; https://github.com/sandialabs/P2SURF
CCCCCCCCCC[N+](C)(C)CCCS(=O)(=O)[O-].CCCCCCCCCCCCCCCC[N+](C)(C)CC1=CC=CC=C1.[Cl-],zwitterionic/ionic-cationic mixture,0.0,0.0,0.005309999999003899,,,,,,P2SURF mixture; updated_CMC-Data-for-mixed-micelle.csv; experimental CMC dataset; mol_fraction_A=0.5; mol_fraction_B=0.5; logCMC(uM)=3.72509452 converted to mol/L; https://github.com/sandialabs/P2SURF
CCCCCCCCCC[N+](C)(C)CCCS(=O)(=O)[O-].CCCCCCCCCCCCCCCC[N+](C)(C)CC1=CC=CC=C1.[Cl-],zwitterionic/ionic-cationic mixture,0.0,0.0,0.003119999999867505,,,,,,P2SURF mixture; updated_CMC-Data-for-mixed-micelle.csv; experimental CMC dataset; mol_fraction_A=0.25; mol_fraction_B=0.75; logCMC(uM)=3.49415459 converted to mol/L; https://github.com/sandialabs/P2SURF
CCCCCCCCCC[N+](C)(C)CCCS(=O)(=O)[O-].CCCCCCCCCCCCCCCC[N+](C)(C)CC1=CC=CC=C1.[Cl-],zwitterionic/ionic-cationic mixture,0.0,0.0,0.0004700000000695674,,,,,,P2SURF mixture; updated_CMC-Data-for-mixed-micelle.csv; experimental CMC dataset; mol_fraction_A=0.0; mol_fraction_B=1.0; logCMC(uM)=2.67209786 converted to mol/L; https://github.com/sandialabs/P2SURF
CCCCCCCCCCCC[N+](C)(C)CCCS(=O)(=O)[O-].CCCCCCCCCCCCCCCC[N+](C)(C)CC1=CC=CC=C1.[Cl-],zwitterionic/ionic-cationic mixture,0.0,0.0,0.0024000000015937245,,,,,,P2SURF mixture; updated_CMC-Data-for-mixed-micelle.csv; experimental CMC dataset; mol_fraction_A=1.0; mol_fraction_B=0.0; logCMC(uM)=3.38021124 converted to mol/L; https://github.com/sandialabs/P2SURF
CCCCCCCCCCCC[N+](C)(C)CCCS(=O)(=O)[O-].CCCCCCCCCCCCCCCC[N+](C)(C)CC1=CC=CC=C1.[Cl-],zwitterionic/ionic-cationic mixture,0.0,0.0,0.0009300000009552056,,,,,,P2SURF mixture; updated_CMC-Data-for-mixed-micelle.csv; experimental CMC dataset; mol_fraction_A=0.75; mol_fraction_B=0.25; logCMC(uM)=2.96848295 converted to mol/L; https://github.com/sandialabs/P2SURF
CCCCCCCCCCCC[N+](C)(C)CCCS(=O)(=O)[O-].CCCCCCCCCCCCCCCC[N+](C)(C)CC1=CC=CC=C1.[Cl-],zwitterionic/ionic-cationic mixture,0.0,0.0,0.0008599999995176817,,,,,,P2SURF mixture; updated_CMC-Data-for-mixed-micelle.csv; experimental CMC dataset; mol_fraction_A=0.5; mol_fraction_B=0.5; logCMC(uM)=2.93449845 converted to mol/L; https://github.com/sandialabs/P2SURF
CCCCCCCCCCCC[N+](C)(C)CCCS(=O)(=O)[O-].CCCCCCCCCCCCCCCC[N+](C)(C)CC1=CC=CC=C1.[Cl-],zwitterionic/ionic-cationic mixture,0.0,0.0,0.0006999999999770205,,,,,,P2SURF mixture; updated_CMC-Data-for-mixed-micelle.csv; experimental CMC dataset; mol_fraction_A=0.25; mol_fraction_B=0.75; logCMC(uM)=2.84509804 converted to mol/L; https://github.com/sandialabs/P2SURF
CCCCCCCCCCCC[N+](C)(C)CCCS(=O)(=O)[O-].CCCCCCCCCCCCCCCC[N+](C)(C)CC1=CC=CC=C1.[Cl-],zwitterionic/ionic-cationic mixture,0.0,0.0,0.0004700000000695674,,,,,,P2SURF mixture; updated_CMC-Data-for-mixed-micelle.csv; experimental CMC dataset; mol_fraction_A=0.0; mol_fraction_B=1.0; logCMC(uM)=2.67209786 converted to mol/L; https://github.com/sandialabs/P2SURF
CCCCCCCCCCCCCC[N+](C)(C)CCCS(=O)(=O)[O-].CCCCCCCCCCCCCCCC[N+](C)(C)CC1=CC=CC=C1.[Cl-],zwitterionic/ionic-cationic mixture,0.0,0.0,0.00026999999990115785,,,,,,P2SURF mixture; updated_CMC-Data-for-mixed-micelle.csv; experimental CMC dataset; mol_fraction_A=1.0; mol_fraction_B=0.0; logCMC(uM)=2.43136376 converted to mol/L; https://github.com/sandialabs/P2SURF
CCCCCCCCCCCCCC[N+](C)(C)CCCS(=O)(=O)[O-].CCCCCCCCCCCCCCCC[N+](C)(C)CC1=CC=CC=C1.[Cl-],zwitterionic/ionic-cationic mixture,0.0,0.0,0.000160000000126762,,,,,,P2SURF mixture; updated_CMC-Data-for-mixed-micelle.csv; experimental CMC dataset; mol_fraction_A=0.75; mol_fraction_B=0.25; logCMC(uM)=2.20411998 converted to mol/L; https://github.com/sandialabs/P2SURF
CCCCCCCCCCCCCC[N+](C)(C)CCCS(=O)(=O)[O-].CCCCCCCCCCCCCCCC[N+](C)(C)CC1=CC=CC=C1.[Cl-],zwitterionic/ionic-cationic mixture,0.0,0.0,0.00022000000009006474,,,,,,P2SURF mixture; updated_CMC-Data-for-mixed-micelle.csv; experimental CMC dataset; mol_fraction_A=0.5; mol_fraction_B=0.5; logCMC(uM)=2.34242268 converted to mol/L; https://github.com/sandialabs/P2SURF
CCCCCCCCCCCCCC[N+](C)(C)CCCS(=O)(=O)[O-].CCCCCCCCCCCCCCCC[N+](C)(C)CC1=CC=CC=C1.[Cl-],zwitterionic/ionic-cationic mixture,0.0,0.0,0.00024000000015937247,,,,,,P2SURF mixture; updated_CMC-Data-for-mixed-micelle.csv; experimental CMC dataset; mol_fraction_A=0.25; mol_fraction_B=0.75; logCMC(uM)=2.38021124 converted to mol/L; https://github.com/sandialabs/P2SURF
CCCCCCCCCCCCCC[N+](C)(C)CCCS(=O)(=O)[O-].CCCCCCCCCCCCCCCC[N+](C)(C)CC1=CC=CC=C1.[Cl-],zwitterionic/ionic-cationic mixture,0.0,0.0,0.0004700000000695674,,,,,,P2SURF mixture; updated_CMC-Data-for-mixed-micelle.csv; experimental CMC dataset; mol_fraction_A=0.0; mol_fraction_B=1.0; logCMC(uM)=2.67209786 converted to mol/L; https://github.com/sandialabs/P2SURF
CCCCCCCCCCCCCC[N+](C)(C)C.[Br-].CCCCCCCCCC[N+](C)(C)C.[Br-],cationic mixture,0.0,0.0,0.007540000002260914,,,,,,P2SURF mixture; updated_CMC-Data-for-mixed-micelle.csv; experimental CMC dataset; mol_fraction_A=0.0; mol_fraction_B=1.0; logCMC(uM)=3.87737135 converted to mol/L; https://github.com/sandialabs/P2SURF
CCCCCCCCCCCCCC[N+](C)(C)C.[Br-].CCCCCCCCCC[N+](C)(C)C.[Br-],cationic mixture,0.0,0.0,0.006189999999713258,,,,,,P2SURF mixture; updated_CMC-Data-for-mixed-micelle.csv; experimental CMC dataset; mol_fraction_A=0.1; mol_fraction_B=0.9; logCMC(uM)=3.79169065 converted to mol/L; https://github.com/sandialabs/P2SURF
CCCCCCCCCCCCCC[N+](C)(C)C.[Br-].CCCCCCCCCC[N+](C)(C)C.[Br-],cationic mixture,0.0,0.0,0.004879999999969544,,,,,,P2SURF mixture; updated_CMC-Data-for-mixed-micelle.csv; experimental CMC dataset; mol_fraction_A=0.3; mol_fraction_B=0.7; logCMC(uM)=3.68841982 converted to mol/L; https://github.com/sandialabs/P2SURF
CCCCCCCCCCCCCC[N+](C)(C)C.[Br-].CCCCCCCCCC[N+](C)(C)C.[Br-],cationic mixture,0.0,0.0,0.0041000000026458665,,,,,,P2SURF mixture; updated_CMC-Data-for-mixed-micelle.csv; experimental CMC dataset; mol_fraction_A=0.5; mol_fraction_B=0.5; logCMC(uM)=3.61278386 converted to mol/L; https://github.com/sandialabs/P2SURF
CCCCCCCCCCCCCC[N+](C)(C)C.[Br-].CCCCCCCCCC[N+](C)(C)C.[Br-],cationic mixture,0.0,0.0,0.003919999999815352,,,,,,P2SURF mixture; updated_CMC-Data-for-mixed-micelle.csv; experimental CMC dataset; mol_fraction_A=0.7; mol_fraction_B=0.3; logCMC(uM)=3.59328607 converted to mol/L; https://github.com/sandialabs/P2SURF
CCCCCCCCCCCCCC[N+](C)(C)C.[Br-].CCCCCCCCCC[N+](C)(C)C.[Br-],cationic mixture,0.0,0.0,0.0038000000033528436,,,,,,P2SURF mixture; updated_CMC-Data-for-mixed-micelle.csv; experimental CMC dataset; mol_fraction_A=0.9; mol_fraction_B=0.1; logCMC(uM)=3.5797836 converted to mol/L; https://github.com/sandialabs/P2SURF
CCCCCCCCCCCCCC[N+](C)(C)C.[Br-].CCCCCCCCCC[N+](C)(C)C.[Br-],cationic mixture,0.0,0.0,0.003569999999077745,,,,,,P2SURF mixture; updated_CMC-Data-for-mixed-micelle.csv; experimental CMC dataset; mol_fraction_A=1.0; mol_fraction_B=0.0; logCMC(uM)=3.55266822 converted to mol/L; https://github.com/sandialabs/P2SURF
CCCCCCCCCCCCCC[N+](C)(C)C.[Br-].CCCCCCCCCCCC[N+](C)(C)C.[Br-],cationic mixture,0.0,0.0,0.0018100000005451967,,,,,,P2SURF mixture; updated_CMC-Data-for-mixed-micelle.csv; experimental CMC dataset; mol_fraction_A=0.0; mol_fraction_B=1.0; logCMC(uM)=3.25767857 converted to mol/L; https://github.com/sandialabs/P2SURF
CCCCCCCCCCCCCC[N+](C)(C)C.[Br-].CCCCCCCCCCCC[N+](C)(C)C.[Br-],cationic mixture,0.0,0.0,0.0018499999982832494,,,,,,P2SURF mixture; updated_CMC-Data-for-mixed-micelle.csv; experimental CMC dataset; mol_fraction_A=0.1; mol_fraction_B=0.9; logCMC(uM)=3.26717173 converted to mol/L; https://github.com/sandialabs/P2SURF
CCCCCCCCCCCCCC[N+](C)(C)C.[Br-].CCCCCCCCCCCC[N+](C)(C)C.[Br-],cationic mixture,0.0,0.0,0.001979999998807649,,,,,,P2SURF mixture; updated_CMC-Data-for-mixed-micelle.csv; experimental CMC dataset; mol_fraction_A=0.3; mol_fraction_B=0.7; logCMC(uM)=3.29666519 converted to mol/L; https://github.com/sandialabs/P2SURF
CCCCCCCCCCCCCC[N+](C)(C)C.[Br-].CCCCCCCCCCCC[N+](C)(C)C.[Br-],cationic mixture,0.0,0.0,0.0021299999978482086,,,,,,P2SURF mixture; updated_CMC-Data-for-mixed-micelle.csv; experimental CMC dataset; mol_fraction_A=0.5; mol_fraction_B=0.5; logCMC(uM)=3.3283796 converted to mol/L; https://github.com/sandialabs/P2SURF
CCCCCCCCCCCCCC[N+](C)(C)C.[Br-].CCCCCCCCCCCC[N+](C)(C)C.[Br-],cationic mixture,0.0,0.0,0.002410000002359152,,,,,,P2SURF mixture; updated_CMC-Data-for-mixed-micelle.csv; experimental CMC dataset; mol_fraction_A=0.7; mol_fraction_B=0.3; logCMC(uM)=3.38201704 converted to mol/L; https://github.com/sandialabs/P2SURF
CCCCCCCCCCCCCC[N+](C)(C)C.[Br-].CCCCCCCCCCCC[N+](C)(C)C.[Br-],cationic mixture,0.0,0.0,0.0030800000035428295,,,,,,P2SURF mixture; updated_CMC-Data-for-mixed-micelle.csv; experimental CMC dataset; mol_fraction_A=0.9; mol_fraction_B=0.1; logCMC(uM)=3.48855072 converted to mol/L; https://github.com/sandialabs/P2SURF
CCCCCCCCCCCCCC[N+](C)(C)C.[Br-].CCCCCCCCCCCC[N+](C)(C)C.[Br-],cationic mixture,0.0,0.0,0.003569999999077745,,,,,,P2SURF mixture; updated_CMC-Data-for-mixed-micelle.csv; experimental CMC dataset; mol_fraction_A=1.0; mol_fraction_B=0.0; logCMC(uM)=3.55266822 converted to mol/L; https://github.com/sandialabs/P2SURF
CCCCCCCCCCCCCC[N+](C)(C)C.[Br-].CCCCCCCCCCCCCC[N+](C)(C)C.[Br-],cationic mixture,0.0,0.0,0.0004899999999678292,,,,,,P2SURF mixture; updated_CMC-Data-for-mixed-micelle.csv; experimental CMC dataset; mol_fraction_A=0.0; mol_fraction_B=1.0; logCMC(uM)=2.69019608 converted to mol/L; https://github.com/sandialabs/P2SURF
CCCCCCCCCCCCCC[N+](C)(C)C.[Br-].CCCCCCCCCCCCCC[N+](C)(C)C.[Br-],cationic mixture,0.0,0.0,0.0005200000004372714,,,,,,P2SURF mixture; updated_CMC-Data-for-mixed-micelle.csv; experimental CMC dataset; mol_fraction_A=0.1; mol_fraction_B=0.9; logCMC(uM)=2.71600334 converted to mol/L; https://github.com/sandialabs/P2SURF
CCCCCCCCCCCCCC[N+](C)(C)C.[Br-].CCCCCCCCCCCCCC[N+](C)(C)C.[Br-],cationic mixture,0.0,0.0,0.0005499999993740787,,,,,,P2SURF mixture; updated_CMC-Data-for-mixed-micelle.csv; experimental CMC dataset; mol_fraction_A=0.3; mol_fraction_B=0.7; logCMC(uM)=2.74036269 converted to mol/L; https://github.com/sandialabs/P2SURF
CCCCCCCCCCCCCC[N+](C)(C)C.[Br-].CCCCCCCCCCCCCC[N+](C)(C)C.[Br-],cationic mixture,0.0,0.0,0.0006800000004599625,,,,,,P2SURF mixture; updated_CMC-Data-for-mixed-micelle.csv; experimental CMC dataset; mol_fraction_A=0.5; mol_fraction_B=0.5; logCMC(uM)=2.83250891 converted to mol/L; https://github.com/sandialabs/P2SURF
CCCCCCCCCCCCCC[N+](C)(C)C.[Br-].CCCCCCCCCCCCCC[N+](C)(C)C.[Br-],cationic mixture,0.0,0.0,0.0009599999999125349,,,,,,P2SURF mixture; updated_CMC-Data-for-mixed-micelle.csv; experimental CMC dataset; mol_fraction_A=0.7; mol_fraction_B=0.3; logCMC(uM)=2.98227123 converted to mol/L; https://github.com/sandialabs/P2SURF
CCCCCCCCCCCCCC[N+](C)(C)C.[Br-].CCCCCCCCCCCCCC[N+](C)(C)C.[Br-],cationic mixture,0.0,0.0,0.0019000000002063692,,,,,,P2SURF mixture; updated_CMC-Data-for-mixed-micelle.csv; experimental CMC dataset; mol_fraction_A=0.9; mol_fraction_B=0.1; logCMC(uM)=3.2787536 converted to mol/L; https://github.com/sandialabs/P2SURF
CCCCCCCCCCCCCC[N+](C)(C)C.[Br-].CCCCCCCCCCCCCC[N+](C)(C)C.[Br-],cationic mixture,0.0,0.0,0.003569999999077745,,,,,,P2SURF mixture; updated_CMC-Data-for-mixed-micelle.csv; experimental CMC dataset; mol_fraction_A=1.0; mol_fraction_B=0.0; logCMC(uM)=3.55266822 converted to mol/L; https://github.com/sandialabs/P2SURF
CCCCCCCCCCCCCC[N+](C)(C)C.[Br-].CCCCCCCCCCCCCCCC[N+](C)(C)C.[Br-],cationic mixture,0.0,0.0,0.0001499999999807684,,,,,,P2SURF mixture; updated_CMC-Data-for-mixed-micelle.csv; experimental CMC dataset; mol_fraction_A=0.0; mol_fraction_B=1.0; logCMC(uM)=2.17609126 converted to mol/L; https://github.com/sandialabs/P2SURF
CCCCCCCCCCCCCC[N+](C)(C)C.[Br-].CCCCCCCCCCCCCCCC[N+](C)(C)C.[Br-],cationic mixture,0.0,0.0,0.0001499999999807684,,,,,,P2SURF mixture; updated_CMC-Data-for-mixed-micelle.csv; experimental CMC dataset; mol_fraction_A=0.1; mol_fraction_B=0.9; logCMC(uM)=2.17609126 converted to mol/L; https://github.com/sandialabs/P2SURF
CCCCCCCCCCCCCC[N+](C)(C)C.[Br-].CCCCCCCCCCCCCCCC[N+](C)(C)C.[Br-],cationic mixture,0.0,0.0,0.0001799999999571833,,,,,,P2SURF mixture; updated_CMC-Data-for-mixed-micelle.csv; experimental CMC dataset; mol_fraction_A=0.3; mol_fraction_B=0.7; logCMC(uM)=2.25527251 converted to mol/L; https://github.com/sandialabs/P2SURF
CCCCCCCCCCCCCC[N+](C)(C)C.[Br-].CCCCCCCCCCCCCCCC[N+](C)(C)C.[Br-],cationic mixture,0.0,0.0,0.00022999999999068292,,,,,,P2SURF mixture; updated_CMC-Data-for-mixed-micelle.csv; experimental CMC dataset; mol_fraction_A=0.5; mol_fraction_B=0.5; logCMC(uM)=2.36172784 converted to mol/L; https://github.com/sandialabs/P2SURF
CCCCCCCCCCCCCC[N+](C)(C)C.[Br-].CCCCCCCCCCCCCCCC[N+](C)(C)C.[Br-],cationic mixture,0.0,0.0,0.00025000000018879034,,,,,,P2SURF mixture; updated_CMC-Data-for-mixed-micelle.csv; experimental CMC dataset; mol_fraction_A=0.7; mol_fraction_B=0.3; logCMC(uM)=2.39794001 converted to mol/L; https://github.com/sandialabs/P2SURF
CCCCCCCCCCCCCC[N+](C)(C)C.[Br-].CCCCCCCCCCCCCCCC[N+](C)(C)C.[Br-],cationic mixture,0.0,0.0,0.000759999999508625,,,,,,P2SURF mixture; updated_CMC-Data-for-mixed-micelle.csv; experimental CMC dataset; mol_fraction_A=0.9; mol_fraction_B=0.1; logCMC(uM)=2.88081359 converted to mol/L; https://github.com/sandialabs/P2SURF
CCCCCCCCCCCCCC[N+](C)(C)C.[Br-].CCCCCCCCCCCCCCCC[N+](C)(C)C.[Br-],cationic mixture,0.0,0.0,0.003569999999077745,,,,,,P2SURF mixture; updated_CMC-Data-for-mixed-micelle.csv; experimental CMC dataset; mol_fraction_A=1.0; mol_fraction_B=0.0; logCMC(uM)=3.55266822 converted to mol/L; https://github.com/sandialabs/P2SURF
CCCCCCCCCCCCCCCC(=O)OCCOCC(OCCOCCOCCOCCOCCO)C1OCC(OCCOCCOCCOCCOCCOCCOCCO)C1OCCOCCOCCOCCOCCOCCOCCOCCO.CCCCCCCCCCCCCCCCOCCOCCOCCOCCOCCOCCOCCOCCOCCOCCO,nonionic mixture,10.0,0.0,3.1999999976428486e-06,,,,,,P2SURF mixture; updated_CMC-Data-for-mixed-micelle.csv; experimental CMC dataset; mol_fraction_A=0.0; mol_fraction_B=1.0; logCMC(uM)=0.505149978 converted to mol/L; https://github.com/sandialabs/P2SURF
CCCCCCCCCCCCCCCC(=O)OCCOCC(OCCOCCOCCOCCOCCO)C1OCC(OCCOCCOCCOCCOCCOCCOCCO)C1OCCOCCOCCOCCOCCOCCOCCOCCO.CCCCCCCCCCCCCCCCOCCOCCOCCOCCOCCOCCOCCOCCOCCOCCO,nonionic mixture,11.87,0.0,3.600000001929029e-06,,,,,,P2SURF mixture; updated_CMC-Data-for-mixed-micelle.csv; experimental CMC dataset; mol_fraction_A=0.17; mol_fraction_B=0.83; logCMC(uM)=0.556302501 converted to mol/L; https://github.com/sandialabs/P2SURF
CCCCCCCCCCCCCCCC(=O)OCCOCC(OCCOCCOCCOCCOCCO)C1OCC(OCCOCCOCCOCCOCCOCCOCCO)C1OCCOCCOCCOCCOCCOCCOCCOCCO.CCCCCCCCCCCCCCCCOCCOCCOCCOCCOCCOCCOCCOCCOCCOCCO,nonionic mixture,13.63,0.0,4.199999996151965e-06,,,,,,P2SURF mixture; updated_CMC-Data-for-mixed-micelle.csv; experimental CMC dataset; mol_fraction_A=0.33; mol_fraction_B=0.67; logCMC(uM)=0.62324929 converted to mol/L; https://github.com/sandialabs/P2SURF
CCCCCCCCCCCCCCCC(=O)OCCOCC(OCCOCCOCCOCCOCCO)C1OCC(OCCOCCOCCOCCOCCOCCOCCO)C1OCCOCCOCCOCCOCCOCCOCCOCCO.CCCCCCCCCCCCCCCCOCCOCCOCCOCCOCCOCCOCCOCCOCCOCCO,nonionic mixture,15.5,0.0,5.3000000048718464e-06,,,,,,P2SURF mixture; updated_CMC-Data-for-mixed-micelle.csv; experimental CMC dataset; mol_fraction_A=0.5; mol_fraction_B=0.5; logCMC(uM)=0.72427587 converted to mol/L; https://github.com/sandialabs/P2SURF
CCCCCCCCCCCCCCCC(=O)OCCOCC(OCCOCCOCCOCCOCCO)C1OCC(OCCOCCOCCOCCOCCOCCOCCO)C1OCCOCCOCCOCCOCCOCCOCCOCCO.CCCCCCCCCCCCCCCCOCCOCCOCCOCCOCCOCCOCCOCCOCCOCCO,nonionic mixture,17.37,0.0,7.4999999932355815e-06,,,,,,P2SURF mixture; updated_CMC-Data-for-mixed-micelle.csv; experimental CMC dataset; mol_fraction_A=0.67; mol_fraction_B=0.33; logCMC(uM)=0.875061263 converted to mol/L; https://github.com/sandialabs/P2SURF
CCCCCCCCCCCCCCCC(=O)OCCOCC(OCCOCCOCCOCCOCCO)C1OCC(OCCOCCOCCOCCOCCOCCOCCO)C1OCCOCCOCCOCCOCCOCCOCCOCCO.CCCCCCCCCCCCCCCCOCCOCCOCCOCCOCCOCCOCCOCCOCCOCCO,nonionic mixture,19.13,0.0,1.0100000005054886e-05,,,,,,P2SURF mixture; updated_CMC-Data-for-mixed-micelle.csv; experimental CMC dataset; mol_fraction_A=0.83; mol_fraction_B=0.17; logCMC(uM)=1.00432137 converted to mol/L; https://github.com/sandialabs/P2SURF
CCCCCCCCCCCCCCCC(=O)OCCOCC(OCCOCCOCCOCCOCCO)C1OCC(OCCOCCOCCOCCOCCOCCOCCO)C1OCCOCCOCCOCCOCCOCCOCCOCCO.CCCCCCCCCCCCCCCCOCCOCCOCCOCCOCCOCCOCCOCCOCCOCCO,nonionic mixture,21.0,0.0,2.310000000573681e-05,,,,,,P2SURF mixture; updated_CMC-Data-for-mixed-micelle.csv; experimental CMC dataset; mol_fraction_A=1.0; mol_fraction_B=0.0; logCMC(uM)=1.36361198 converted to mol/L; https://github.com/sandialabs/P2SURF
CCCCCCCCCCCCCCCC[N+]1=CC=CC=C1.[Cl-].CCCCCCCCCCCCCCCC(=O)OCCOCC(OCCOCCOCCOCCOCCO)C1OCC(OCCOCCOCCOCCOCCOCCOCCO)C1OCCOCCOCCOCCOCCOCCOCCOCCO,cationic-nonionic mixture,21.0,0.0,2.310000000573681e-05,,,,,,P2SURF mixture; updated_CMC-Data-for-mixed-micelle.csv; experimental CMC dataset; mol_fraction_A=0.0; mol_fraction_B=1.0; logCMC(uM)=1.36361198 converted to mol/L; https://github.com/sandialabs/P2SURF
CCCCCCCCCCCCCCCC[N+]1=CC=CC=C1.[Cl-].CCCCCCCCCCCCCCCC(=O)OCCOCC(OCCOCCOCCOCCOCCO)C1OCC(OCCOCCOCCOCCOCCOCCOCCO)C1OCCOCCOCCOCCOCCOCCOCCOCCO,cationic-nonionic mixture,17.43,0.0,2.0099999980538955e-05,,,,,,P2SURF mixture; updated_CMC-Data-for-mixed-micelle.csv; experimental CMC dataset; mol_fraction_A=0.17; mol_fraction_B=0.83; logCMC(uM)=1.30319606 converted to mol/L; https://github.com/sandialabs/P2SURF
CCCCCCCCCCCCCCCC[N+]1=CC=CC=C1.[Cl-].CCCCCCCCCCCCCCCC(=O)OCCOCC(OCCOCCOCCOCCOCCO)C1OCC(OCCOCCOCCOCCOCCOCCOCCO)C1OCCOCCOCCOCCOCCOCCOCCOCCO,cationic-nonionic mixture,14.07,0.0,2.509999997219846e-05,,,,,,P2SURF mixture; updated_CMC-Data-for-mixed-micelle.csv; experimental CMC dataset; mol_fraction_A=0.33; mol_fraction_B=0.67; logCMC(uM)=1.39967372 converted to mol/L; https://github.com/sandialabs/P2SURF
CCCCCCCCCCCCCCCC[N+]1=CC=CC=C1.[Cl-].CCCCCCCCCCCCCCCC(=O)OCCOCC(OCCOCCOCCOCCOCCO)C1OCC(OCCOCCOCCOCCOCCOCCOCCO)C1OCCOCCOCCOCCOCCOCCOCCOCCO,cationic-nonionic mixture,10.5,0.0,3.549999999549648e-05,,,,,,P2SURF mixture; updated_CMC-Data-for-mixed-micelle.csv; experimental CMC dataset; mol_fraction_A=0.5; mol_fraction_B=0.5; logCMC(uM)=1.55022835 converted to mol/L; https://github.com/sandialabs/P2SURF
CCCCCCCCCCCCCCCC[N+]1=CC=CC=C1.[Cl-].CCCCCCCCCCCCCCCC(=O)OCCOCC(OCCOCCOCCOCCOCCO)C1OCC(OCCOCCOCCOCCOCCOCCOCCO)C1OCCOCCOCCOCCOCCOCCOCCOCCO,cationic-nonionic mixture,6.93,0.0,5.620000005576576e-05,,,,,,P2SURF mixture; updated_CMC-Data-for-mixed-micelle.csv; experimental CMC dataset; mol_fraction_A=0.67; mol_fraction_B=0.33; logCMC(uM)=1.74973632 converted to mol/L; https://github.com/sandialabs/P2SURF
CCCCCCCCCCCCCCCC[N+]1=CC=CC=C1.[Cl-].CCCCCCCCCCCCCCCC(=O)OCCOCC(OCCOCCOCCOCCOCCO)C1OCC(OCCOCCOCCOCCOCCOCCOCCO)C1OCCOCCOCCOCCOCCOCCOCCOCCO,cationic-nonionic mixture,3.57,0.0,8.909999999243483e-05,,,,,,P2SURF mixture; updated_CMC-Data-for-mixed-micelle.csv; experimental CMC dataset; mol_fraction_A=0.83; mol_fraction_B=0.17; logCMC(uM)=1.9498777 converted to mol/L; https://github.com/sandialabs/P2SURF
CCCCCCCCCCCCCCCC[N+]1=CC=CC=C1.[Cl-].CCCCCCCCCCCCCCCC(=O)OCCOCC(OCCOCCOCCOCCOCCO)C1OCC(OCCOCCOCCOCCOCCOCCOCCO)C1OCCOCCOCCOCCOCCOCCOCCOCCO,cationic-nonionic mixture,0.0,0.0,0.0008500000005591852,,,,,,P2SURF mixture; updated_CMC-Data-for-mixed-micelle.csv; experimental CMC dataset; mol_fraction_A=1.0; mol_fraction_B=0.0; logCMC(uM)=2.92941893 converted to mol/L; https://github.com/sandialabs/P2SURF
CCCCCCCCCCCCCCCC[N+]1=CC=CC=C1.[Cl-].CCCCCCCCCCCCCCCCOCCOCCOCCOCCOCCOCCOCCOCCOCCOCCO,cationic-nonionic mixture,10.0,0.0,3.1999999976428486e-06,,,,,,P2SURF mixture; updated_CMC-Data-for-mixed-micelle.csv; experimental CMC dataset; mol_fraction_A=0.0; mol_fraction_B=1.0; logCMC(uM)=0.505149978 converted to mol/L; https://github.com/sandialabs/P2SURF
CCCCCCCCCCCCCCCC[N+]1=CC=CC=C1.[Cl-].CCCCCCCCCCCCCCCCOCCOCCOCCOCCOCCOCCOCCOCCOCCOCCO,cationic-nonionic mixture,8.3,0.0,3.600000001929029e-06,,,,,,P2SURF mixture; updated_CMC-Data-for-mixed-micelle.csv; experimental CMC dataset; mol_fraction_A=0.17; mol_fraction_B=0.83; logCMC(uM)=0.556302501 converted to mol/L; https://github.com/sandialabs/P2SURF
CCCCCCCCCCCCCCCC[N+]1=CC=CC=C1.[Cl-].CCCCCCCCCCCCCCCCOCCOCCOCCOCCOCCOCCOCCOCCOCCOCCO,cationic-nonionic mixture,6.7,0.0,4.500000002327804e-06,,,,,,P2SURF mixture; updated_CMC-Data-for-mixed-micelle.csv; experimental CMC dataset; mol_fraction_A=0.33; mol_fraction_B=0.67; logCMC(uM)=0.653212514 converted to mol/L; https://github.com/sandialabs/P2SURF
CCCCCCCCCCCCCCCC[N+]1=CC=CC=C1.[Cl-].CCCCCCCCCCCCCCCCOCCOCCOCCOCCOCCOCCOCCOCCOCCOCCO,cationic-nonionic mixture,5.0,0.0,6.299999993420215e-06,,,,,,P2SURF mixture; updated_CMC-Data-for-mixed-micelle.csv; experimental CMC dataset; mol_fraction_A=0.5; mol_fraction_B=0.5; logCMC(uM)=0.799340549 converted to mol/L; https://github.com/sandialabs/P2SURF
CCCCCCCCCCCCCCCC[N+]1=CC=CC=C1.[Cl-].CCCCCCCCCCCCCCCCOCCOCCOCCOCCOCCOCCOCCOCCOCCOCCO,cationic-nonionic mixture,3.3,0.0,8.900000007276802e-06,,,,,,P2SURF mixture; updated_CMC-Data-for-mixed-micelle.csv; experimental CMC dataset; mol_fraction_A=0.67; mol_fraction_B=0.33; logCMC(uM)=0.949390007 converted to mol/L; https://github.com/sandialabs/P2SURF
CCCCCCCCCCCCCCCC[N+]1=CC=CC=C1.[Cl-].CCCCCCCCCCCCCCCCOCCOCCOCCOCCOCCOCCOCCOCCOCCOCCO,cationic-nonionic mixture,1.7,0.0,1.5899999988267906e-05,,,,,,P2SURF mixture; updated_CMC-Data-for-mixed-micelle.csv; experimental CMC dataset; mol_fraction_A=0.83; mol_fraction_B=0.17; logCMC(uM)=1.20139712 converted to mol/L; https://github.com/sandialabs/P2SURF
CCCCCCCCCCCCCCCC[N+]1=CC=CC=C1.[Cl-].CCCCCCCCCCCCCCCCOCCOCCOCCOCCOCCOCCOCCOCCOCCOCCO,cationic-nonionic mixture,0.0,0.0,0.0008500000005591852,,,,,,P2SURF mixture; updated_CMC-Data-for-mixed-micelle.csv; experimental CMC dataset; mol_fraction_A=1.0; mol_fraction_B=0.0; logCMC(uM)=2.92941893 converted to mol/L; https://github.com/sandialabs/P2SURF
CCCCCCCCCCCCOS(=O)(=O)[O-].[Na+].C[N+](C)(C)CCCCCCCCCCCC[N+](C)(C)C.[Br-].[Br-],anionic-cationic mixture,0.0,0.0,0.011110000001512703,,,,,,P2SURF mixture; updated_CMC-Data-for-mixed-micelle.csv; experimental CMC dataset; mol_fraction_A=1.0; mol_fraction_B=0.0; logCMC(uM)=4.04571406 converted to mol/L; https://github.com/sandialabs/P2SURF
CCCCCCCCCCCCOS(=O)(=O)[O-].[Na+].C[N+](C)(C)CCCCCCCCCCCC[N+](C)(C)C.[Br-].[Br-],anionic-cationic mixture,0.0,0.0,0.0016663158371520708,,,,,,P2SURF mixture; updated_CMC-Data-for-mixed-micelle.csv; experimental CMC dataset; mol_fraction_A=0.979910045; mol_fraction_B=0.020089955; logCMC(uM)=3.22175732 converted to mol/L; https://github.com/sandialabs/P2SURF
CCCCCCCCCCCCOS(=O)(=O)[O-].[Na+].C[N+](C)(C)CCCCCCCCCCCC[N+](C)(C)C.[Br-].[Br-],anionic-cationic mixture,0.0,0.0,0.0012008752883748506,,,,,,P2SURF mixture; updated_CMC-Data-for-mixed-micelle.csv; experimental CMC dataset; mol_fraction_A=0.951124438; mol_fraction_B=0.048875562; logCMC(uM)=3.07949791 converted to mol/L; https://github.com/sandialabs/P2SURF
CCCCCCCCCCCCOS(=O)(=O)[O-].[Na+].C[N+](C)(C)CCCCCCCCCCCC[N+](C)(C)C.[Br-].[Br-],anionic-cationic mixture,0.0,0.0,0.0010096808050377303,,,,,,P2SURF mixture; updated_CMC-Data-for-mixed-micelle.csv; experimental CMC dataset; mol_fraction_A=0.900749625; mol_fraction_B=0.099250375; logCMC(uM)=3.0041841 converted to mol/L; https://github.com/sandialabs/P2SURF
CCCCCCCCCCCCOS(=O)(=O)[O-].[Na+].C[N+](C)(C)CCCCCCCCCCCC[N+](C)(C)C.[Br-].[Br-],anionic-cationic mixture,0.0,0.0,0.0008571451912382811,,,,,,P2SURF mixture; updated_CMC-Data-for-mixed-micelle.csv; experimental CMC dataset; mol_fraction_A=0.802698651; mol_fraction_B=0.197301349; logCMC(uM)=2.93305439 converted to mol/L; https://github.com/sandialabs/P2SURF
CCCCCCCCCCCCOS(=O)(=O)[O-].[Na+].C[N+](C)(C)CCCCCCCCCCCC[N+](C)(C)C.[Br-].[Br-],anionic-cationic mixture,0.0,0.0,0.0007489916688469955,,,,,,P2SURF mixture; updated_CMC-Data-for-mixed-micelle.csv; experimental CMC dataset; mol_fraction_A=0.666866567; mol_fraction_B=0.333133433; logCMC(uM)=2.87447699 converted to mol/L; https://github.com/sandialabs/P2SURF
CCCCCCCCCCCCOS(=O)(=O)[O-].[Na+].C[N+](C)(C)CCCCCCCCCCCC[N+](C)(C)C.[Br-].[Br-],anionic-cationic mixture,0.0,0.0,0.0009621961126825465,,,,,,P2SURF mixture; updated_CMC-Data-for-mixed-micelle.csv; experimental CMC dataset; mol_fraction_A=0.6011994; mol_fraction_B=0.3988006; logCMC(uM)=2.9832636 converted to mol/L; https://github.com/sandialabs/P2SURF
CCCCCCCCCCCCOS(=O)(=O)[O-].[Na+].C[N+](C)(C)CCCCCCCCCCCC[N+](C)(C)C.[Br-].[Br-],anionic-cationic mixture,0.0,0.0,0.0009715109478944748,,,,,,P2SURF mixture; updated_CMC-Data-for-mixed-micelle.csv; experimental CMC dataset; mol_fraction_A=0.499550225; mol_fraction_B=0.500449775; logCMC(uM)=2.9874477 converted to mol/L; https://github.com/sandialabs/P2SURF
CCCCCCCCCCCCOS(=O)(=O)[O-].[Na+].C[N+](C)(C)CCCCCCCCCCCC[N+](C)(C)C.[Br-].[Br-],anionic-cationic mixture,0.0,0.0,0.0010194553304090227,,,,,,P2SURF mixture; updated_CMC-Data-for-mixed-micelle.csv; experimental CMC dataset; mol_fraction_A=0.3988006; mol_fraction_B=0.6011994; logCMC(uM)=3.0083682 converted to mol/L; https://github.com/sandialabs/P2SURF
CCCCCCCCCCCCOS(=O)(=O)[O-].[Na+].C[N+](C)(C)CCCCCCCCCCCC[N+](C)(C)C.[Br-].[Br-],anionic-cationic mixture,0.0,0.0,0.0011666634897121019,,,,,,P2SURF mixture; updated_CMC-Data-for-mixed-micelle.csv; experimental CMC dataset; mol_fraction_A=0.301649175; mol_fraction_B=0.698350825; logCMC(uM)=3.06694561 converted to mol/L; https://github.com/sandialabs/P2SURF
CCCCCCCCCCCCOS(=O)(=O)[O-].[Na+].C[N+](C)(C)CCCCCCCCCCCC[N+](C)(C)C.[Br-].[Br-],anionic-cationic mixture,0.0,0.0,0.0012970917916257207,,,,,,P2SURF mixture; updated_CMC-Data-for-mixed-micelle.csv; experimental CMC dataset; mol_fraction_A=0.20089955; mol_fraction_B=0.79910045; logCMC(uM)=3.11297071 converted to mol/L; https://github.com/sandialabs/P2SURF
CCCCCCCCCCCCOS(=O)(=O)[O-].[Na+].C[N+](C)(C)CCCCCCCCCCCC[N+](C)(C)C.[Br-].[Br-],anionic-cationic mixture,0.0,0.0,0.002161364594625892,,,,,,P2SURF mixture; updated_CMC-Data-for-mixed-micelle.csv; experimental CMC dataset; mol_fraction_A=0.101049475; mol_fraction_B=0.898950525; logCMC(uM)=3.33472803 converted to mol/L; https://github.com/sandialabs/P2SURF
CCCCCCCCCCCCOS(=O)(=O)[O-].[Na+].C[N+](C)(C)CCCCCCCCCCCC[N+](C)(C)C.[Br-].[Br-],anionic-cationic mixture,0.0,0.0,0.00272361955714446,,,,,,P2SURF mixture; updated_CMC-Data-for-mixed-micelle.csv; experimental CMC dataset; mol_fraction_A=0.049775112; mol_fraction_B=0.950224888; logCMC(uM)=3.43514644 converted to mol/L; https://github.com/sandialabs/P2SURF
CCCCCCCCCCCCOS(=O)(=O)[O-].[Na+].C[N+](C)(C)CCCCCCCCCCCC[N+](C)(C)C.[Br-].[Br-],anionic-cationic mixture,0.0,0.0,0.039999999969793545,,,,,,P2SURF mixture; updated_CMC-Data-for-mixed-micelle.csv; experimental CMC dataset; mol_fraction_A=0.0; mol_fraction_B=1.0; logCMC(uM)=4.60205999 converted to mol/L; https://github.com/sandialabs/P2SURF
CCCCCCCCCCCCOS(=O)(=O)[O-].[Na+].CCCCCCCCCCCC[N+](C)(C)C.[Br-],anionic-cationic mixture,0.0,0.0,0.011110000001512703,,,,,,P2SURF mixture; updated_CMC-Data-for-mixed-micelle.csv; experimental CMC dataset; mol_fraction_A=1.0; mol_fraction_B=0.0; logCMC(uM)=4.04571406 converted to mol/L; https://github.com/sandialabs/P2SURF
CCCCCCCCCCCCOS(=O)(=O)[O-].[Na+].CCCCCCCCCCCC[N+](C)(C)C.[Br-],anionic-cationic mixture,0.0,0.0,0.0008571451912382811,,,,,,P2SURF mixture; updated_CMC-Data-for-mixed-micelle.csv; experimental CMC dataset; mol_fraction_A=0.979910045; mol_fraction_B=0.020089955; logCMC(uM)=2.93305439 converted to mol/L; https://github.com/sandialabs/P2SURF
CCCCCCCCCCCCOS(=O)(=O)[O-].[Na+].CCCCCCCCCCCC[N+](C)(C)C.[Br-],anionic-cationic mixture,0.0,0.0,0.0006237047894129032,,,,,,P2SURF mixture; updated_CMC-Data-for-mixed-micelle.csv; experimental CMC dataset; mol_fraction_A=0.952023988; mol_fraction_B=0.047976012; logCMC(uM)=2.79497908 converted to mol/L; https://github.com/sandialabs/P2SURF
CCCCCCCCCCCCOS(=O)(=O)[O-].[Na+].CCCCCCCCCCCC[N+](C)(C)C.[Br-],anionic-cationic mixture,0.0,0.0,0.0004242433690565952,,,,,,P2SURF mixture; updated_CMC-Data-for-mixed-micelle.csv; experimental CMC dataset; mol_fraction_A=0.902548726; mol_fraction_B=0.097451274; logCMC(uM)=2.62761506 converted to mol/L; https://github.com/sandialabs/P2SURF
CCCCCCCCCCCCOS(=O)(=O)[O-].[Na+].CCCCCCCCCCCC[N+](C)(C)C.[Br-],anionic-cationic mixture,0.0,0.0,0.0003116907033675353,,,,,,P2SURF mixture; updated_CMC-Data-for-mixed-micelle.csv; experimental CMC dataset; mol_fraction_A=0.8017991; mol_fraction_B=0.1982009; logCMC(uM)=2.49372385 converted to mol/L; https://github.com/sandialabs/P2SURF
CCCCCCCCCCCCOS(=O)(=O)[O-].[Na+].CCCCCCCCCCCC[N+](C)(C)C.[Br-],anionic-cationic mixture,0.0,0.0,0.00027766084691438036,,,,,,P2SURF mixture; updated_CMC-Data-for-mixed-micelle.csv; experimental CMC dataset; mol_fraction_A=0.701049475; mol_fraction_B=0.298950525; logCMC(uM)=2.44351464 converted to mol/L; https://github.com/sandialabs/P2SURF
CCCCCCCCCCCCOS(=O)(=O)[O-].[Na+].CCCCCCCCCCCC[N+](C)(C)C.[Br-],anionic-cationic mixture,0.0,0.0,0.0002449747589480237,,,,,,P2SURF mixture; updated_CMC-Data-for-mixed-micelle.csv; experimental CMC dataset; mol_fraction_A=0.60029985; mol_fraction_B=0.39970015; logCMC(uM)=2.38912134 converted to mol/L; https://github.com/sandialabs/P2SURF
CCCCCCCCCCCCOS(=O)(=O)[O-].[Na+].CCCCCCCCCCCC[N+](C)(C)C.[Br-],anionic-cationic mixture,0.0,0.0,0.00023345374061689106,,,,,,P2SURF mixture; updated_CMC-Data-for-mixed-micelle.csv; experimental CMC dataset; mol_fraction_A=0.500449775; mol_fraction_B=0.499550225; logCMC(uM)=2.36820084 converted to mol/L; https://github.com/sandialabs/P2SURF
CCCCCCCCCCCCOS(=O)(=O)[O-].[Na+].CCCCCCCCCCCC[N+](C)(C)C.[Br-],anionic-cationic mixture,0.0,0.0,0.0002449747589480237,,,,,,P2SURF mixture; updated_CMC-Data-for-mixed-micelle.csv; experimental CMC dataset; mol_fraction_A=0.40149925; mol_fraction_B=0.59850075; logCMC(uM)=2.38912134 converted to mol/L; https://github.com/sandialabs/P2SURF
CCCCCCCCCCCCOS(=O)(=O)[O-].[Na+].CCCCCCCCCCCC[N+](C)(C)C.[Br-],anionic-cationic mixture,0.0,0.0,0.00025459961406936956,,,,,,P2SURF mixture; updated_CMC-Data-for-mixed-micelle.csv; experimental CMC dataset; mol_fraction_A=0.301649175; mol_fraction_B=0.698350825; logCMC(uM)=2.40585774 converted to mol/L; https://github.com/sandialabs/P2SURF
CCCCCCCCCCCCOS(=O)(=O)[O-].[Na+].CCCCCCCCCCCC[N+](C)(C)C.[Br-],anionic-cationic mixture,0.0,0.0,0.0002913635003766267,,,,,,P2SURF mixture; updated_CMC-Data-for-mixed-micelle.csv; experimental CMC dataset; mol_fraction_A=0.2; mol_fraction_B=0.8; logCMC(uM)=2.46443515 converted to mol/L; https://github.com/sandialabs/P2SURF
CCCCCCCCCCCCOS(=O)(=O)[O-].[Na+].CCCCCCCCCCCC[N+](C)(C)C.[Br-],anionic-cationic mixture,0.0,0.0,0.0004324971639754283,,,,,,P2SURF mixture; updated_CMC-Data-for-mixed-micelle.csv; experimental CMC dataset; mol_fraction_A=0.099250375; mol_fraction_B=0.900749625; logCMC(uM)=2.63598326 converted to mol/L; https://github.com/sandialabs/P2SURF
CCCCCCCCCCCCOS(=O)(=O)[O-].[Na+].CCCCCCCCCCCC[N+](C)(C)C.[Br-],anionic-cationic mixture,0.0,0.0,0.0005719027383313739,,,,,,P2SURF mixture; updated_CMC-Data-for-mixed-micelle.csv; experimental CMC dataset; mol_fraction_A=0.048875562; mol_fraction_B=0.951124438; logCMC(uM)=2.75732218 converted to mol/L; https://github.com/sandialabs/P2SURF
CCCCCCCCCCCCOS(=O)(=O)[O-].[Na+].CCCCCCCCCCCC[N+](C)(C)C.[Br-],anionic-cationic mixture,0.0,0.0,0.014010173546444285,,,,,,P2SURF mixture; updated_CMC-Data-for-mixed-micelle.csv; experimental CMC dataset; mol_fraction_A=0.0; mol_fraction_B=1.0; logCMC(uM)=4.14644351 converted to mol/L; https://github.com/sandialabs/P2SURF
CCCCCCCCCCCCOS(=O)(=O)[O-].[Na+].CCCCCCCCCCCC[N+](C)(C)CCC[N+](C)(C)CCCCCCCCCCCC.[Br-].[Br-],anionic-cationic mixture,0.0,0.0,0.011110000001512703,,,,,,P2SURF mixture; updated_CMC-Data-for-mixed-micelle.csv; experimental CMC dataset; mol_fraction_A=1.0; mol_fraction_B=0.0; logCMC(uM)=4.04571406 converted to mol/L; https://github.com/sandialabs/P2SURF
CCCCCCCCCCCCOS(=O)(=O)[O-].[Na+].CCCCCCCCCCCC[N+](C)(C)CCC[N+](C)(C)CCCCCCCCCCCC.[Br-].[Br-],anionic-cationic mixture,0.0,0.0,7.709554608673004e-05,,,,,,P2SURF mixture; updated_CMC-Data-for-mixed-micelle.csv; experimental CMC dataset; mol_fraction_A=0.949325337; mol_fraction_B=0.050674663; logCMC(uM)=1.88702929 converted to mol/L; https://github.com/sandialabs/P2SURF
CCCCCCCCCCCCOS(=O)(=O)[O-].[Na+].CCCCCCCCCCCC[N+](C)(C)CCC[N+](C)(C)CCCCCCCCCCCC.[Br-].[Br-],anionic-cationic mixture,0.0,0.0,6.482096333501612e-05,,,,,,P2SURF mixture; updated_CMC-Data-for-mixed-micelle.csv; experimental CMC dataset; mol_fraction_A=0.901649175; mol_fraction_B=0.098350825; logCMC(uM)=1.81171548 converted to mol/L; https://github.com/sandialabs/P2SURF
CCCCCCCCCCCCOS(=O)(=O)[O-].[Na+].CCCCCCCCCCCC[N+](C)(C)CCC[N+](C)(C)CCCCCCCCCCCC.[Br-].[Br-],anionic-cationic mixture,0.0,0.0,3.057423849656795e-05,,,,,,P2SURF mixture; updated_CMC-Data-for-mixed-micelle.csv; experimental CMC dataset; mol_fraction_A=0.80089955; mol_fraction_B=0.19910045; logCMC(uM)=1.48535565 converted to mol/L; https://github.com/sandialabs/P2SURF
CCCCCCCCCCCCOS(=O)(=O)[O-].[Na+].CCCCCCCCCCCC[N+](C)(C)CCC[N+](C)(C)CCCCCCCCCCCC.[Br-].[Br-],anionic-cationic mixture,0.0,0.0,1.0392891706993697e-05,,,,,,P2SURF mixture; updated_CMC-Data-for-mixed-micelle.csv; experimental CMC dataset; mol_fraction_A=0.668665667; mol_fraction_B=0.331334333; logCMC(uM)=1.0167364 converted to mol/L; https://github.com/sandialabs/P2SURF
CCCCCCCCCCCCOS(=O)(=O)[O-].[Na+].CCCCCCCCCCCC[N+](C)(C)CCC[N+](C)(C)CCCCCCCCCCCC.[Br-].[Br-],anionic-cationic mixture,0.0,0.0,1.4701580185825653e-05,,,,,,P2SURF mixture; updated_CMC-Data-for-mixed-micelle.csv; experimental CMC dataset; mol_fraction_A=0.6011994; mol_fraction_B=0.3988006; logCMC(uM)=1.16736402 converted to mol/L; https://github.com/sandialabs/P2SURF
CCCCCCCCCCCCOS(=O)(=O)[O-].[Na+].CCCCCCCCCCCC[N+](C)(C)CCC[N+](C)(C)CCCCCCCCCCCC.[Br-].[Br-],anionic-cationic mixture,0.0,0.0,1.5879499867774257e-05,,,,,,P2SURF mixture; updated_CMC-Data-for-mixed-micelle.csv; experimental CMC dataset; mol_fraction_A=0.501349325; mol_fraction_B=0.498650675; logCMC(uM)=1.20083682 converted to mol/L; https://github.com/sandialabs/P2SURF
CCCCCCCCCCCCOS(=O)(=O)[O-].[Na+].CCCCCCCCCCCC[N+](C)(C)CCC[N+](C)(C)CCCCCCCCCCCC.[Br-].[Br-],anionic-cationic mixture,0.0,0.0,2.4262594392372757e-05,,,,,,P2SURF mixture; updated_CMC-Data-for-mixed-micelle.csv; experimental CMC dataset; mol_fraction_A=0.4005997; mol_fraction_B=0.5994003; logCMC(uM)=1.38493724 converted to mol/L; https://github.com/sandialabs/P2SURF
CCCCCCCCCCCCOS(=O)(=O)[O-].[Na+].CCCCCCCCCCCC[N+](C)(C)CCC[N+](C)(C)CCCCCCCCCCCC.[Br-].[Br-],anionic-cationic mixture,0.0,0.0,3.399231581241289e-05,,,,,,P2SURF mixture; updated_CMC-Data-for-mixed-micelle.csv; experimental CMC dataset; mol_fraction_A=0.299850075; mol_fraction_B=0.700149925; logCMC(uM)=1.53138075 converted to mol/L; https://github.com/sandialabs/P2SURF
CCCCCCCCCCCCOS(=O)(=O)[O-].[Na+].CCCCCCCCCCCC[N+](C)(C)CCC[N+](C)(C)CCCCCCCCCCCC.[Br-].[Br-],anionic-cationic mixture,0.0,0.0,3.5669847697563186e-05,,,,,,P2SURF mixture; updated_CMC-Data-for-mixed-micelle.csv; experimental CMC dataset; mol_fraction_A=0.19910045; mol_fraction_B=0.80089955; logCMC(uM)=1.55230125 converted to mol/L; https://github.com/sandialabs/P2SURF
CCCCCCCCCCCCOS(=O)(=O)[O-].[Na+].CCCCCCCCCCCC[N+](C)(C)CCC[N+](C)(C)CCCCCCCCCCCC.[Br-].[Br-],anionic-cationic mixture,0.0,0.0,6.177247168619754e-05,,,,,,P2SURF mixture; updated_CMC-Data-for-mixed-micelle.csv; experimental CMC dataset; mol_fraction_A=0.099250375; mol_fraction_B=0.900749625; logCMC(uM)=1.79079498 converted to mol/L; https://github.com/sandialabs/P2SURF
CCCCCCCCCCCCOS(=O)(=O)[O-].[Na+].CCCCCCCCCCCC[N+](C)(C)CCC[N+](C)(C)CCCCCCCCCCCC.[Br-].[Br-],anionic-cationic mixture,0.0,0.0,7.859546540891134e-05,,,,,,P2SURF mixture; updated_CMC-Data-for-mixed-micelle.csv; experimental CMC dataset; mol_fraction_A=0.050674663; mol_fraction_B=0.949325337; logCMC(uM)=1.89539749 converted to mol/L; https://github.com/sandialabs/P2SURF
CCCCCCCCCCCCOS(=O)(=O)[O-].[Na+].CCCCCCCCCCCC[N+](C)(C)CCC[N+](C)(C)CCCCCCCCCCCC.[Br-].[Br-],anionic-cationic mixture,0.0,0.0,0.0009809159559730617,,,,,,P2SURF mixture; updated_CMC-Data-for-mixed-micelle.csv; experimental CMC dataset; mol_fraction_A=0.0; mol_fraction_B=1.0; logCMC(uM)=2.9916318 converted to mol/L; https://github.com/sandialabs/P2SURF
CCCCCCCCCCCCOS(=O)(=O)[O-].[Na+].CCCCCCCCCCCC[N+](C)(C)CCCCCCCCCCCC.[Br-],anionic-cationic mixture,0.0,0.0,0.011110000001512703,,,,,,P2SURF mixture; updated_CMC-Data-for-mixed-micelle.csv; experimental CMC dataset; mol_fraction_A=1.0; mol_fraction_B=0.0; logCMC(uM)=4.04571406 converted to mol/L; https://github.com/sandialabs/P2SURF
CCCCCCCCCCCCOS(=O)(=O)[O-].[Na+].CCCCCCCCCCCC[N+](C)(C)CCCCCCCCCCCC.[Br-],anionic-cationic mixture,0.0,0.0,4.949492482911232e-05,,,,,,P2SURF mixture; updated_CMC-Data-for-mixed-micelle.csv; experimental CMC dataset; mol_fraction_A=0.980809595; mol_fraction_B=0.019190405; logCMC(uM)=1.69456067 converted to mol/L; https://github.com/sandialabs/P2SURF
CCCCCCCCCCCCOS(=O)(=O)[O-].[Na+].CCCCCCCCCCCC[N+](C)(C)CCCCCCCCCCCC.[Br-],anionic-cationic mixture,0.0,0.0,3.707128643257327e-05,,,,,,P2SURF mixture; updated_CMC-Data-for-mixed-micelle.csv; experimental CMC dataset; mol_fraction_A=0.900749625; mol_fraction_B=0.099250375; logCMC(uM)=1.56903766 converted to mol/L; https://github.com/sandialabs/P2SURF
CCCCCCCCCCCCOS(=O)(=O)[O-].[Na+].CCCCCCCCCCCC[N+](C)(C)CCCCCCCCCCCC.[Br-],anionic-cationic mixture,0.0,0.0,2.5955293308545578e-05,,,,,,P2SURF mixture; updated_CMC-Data-for-mixed-micelle.csv; experimental CMC dataset; mol_fraction_A=0.80089955; mol_fraction_B=0.19910045; logCMC(uM)=1.41422594 converted to mol/L; https://github.com/sandialabs/P2SURF
CCCCCCCCCCCCOS(=O)(=O)[O-].[Na+].CCCCCCCCCCCC[N+](C)(C)CCCCCCCCCCCC.[Br-],anionic-cationic mixture,0.0,0.0,2.079656615827306e-05,,,,,,P2SURF mixture; updated_CMC-Data-for-mixed-micelle.csv; experimental CMC dataset; mol_fraction_A=0.700149925; mol_fraction_B=0.299850075; logCMC(uM)=1.31799163 converted to mol/L; https://github.com/sandialabs/P2SURF
CCCCCCCCCCCCOS(=O)(=O)[O-].[Na+].CCCCCCCCCCCC[N+](C)(C)CCCCCCCCCCCC.[Br-],anionic-cationic mixture,0.0,0.0,1.2846552941820564e-05,,,,,,P2SURF mixture; updated_CMC-Data-for-mixed-micelle.csv; experimental CMC dataset; mol_fraction_A=0.500449775; mol_fraction_B=0.499550225; logCMC(uM)=1.10878661 converted to mol/L; https://github.com/sandialabs/P2SURF
CCCCCCCCCCCCOS(=O)(=O)[O-].[Na+].CCCCCCCCCCCC[N+](C)(C)CCCCCCCCCCCC.[Br-],anionic-cationic mixture,0.0,0.0,2.4262594392372757e-05,,,,,,P2SURF mixture; updated_CMC-Data-for-mixed-micelle.csv; experimental CMC dataset; mol_fraction_A=0.299850075; mol_fraction_B=0.700149925; logCMC(uM)=1.38493724 converted to mol/L; https://github.com/sandialabs/P2SURF
CCCCCCCCCCCCOS(=O)(=O)[O-].[Na+].CCCCCCCCCCCC[N+](C)(C)CCCCCCCCCCCC.[Br-],anionic-cationic mixture,0.0,0.0,3.270727413578111e-05,,,,,,P2SURF mixture; updated_CMC-Data-for-mixed-micelle.csv; experimental CMC dataset; mol_fraction_A=0.100149925; mol_fraction_B=0.899850075; logCMC(uM)=1.51464435 converted to mol/L; https://github.com/sandialabs/P2SURF
CCCCCCCCCCCCOS(=O)(=O)[O-].[Na+].CCCCCCCCCCCC[N+](C)(C)CCCCCCCCCCCC.[Br-],anionic-cationic mixture,0.0,0.0,3.302390695604556e-05,,,,,,P2SURF mixture; updated_CMC-Data-for-mixed-micelle.csv; experimental CMC dataset; mol_fraction_A=0.048875562; mol_fraction_B=0.951124438; logCMC(uM)=1.51882845 converted to mol/L; https://github.com/sandialabs/P2SURF
CCCCCCCCCCCCOS(=O)(=O)[O-].[Na+].CCCCCCCCCCCC[N+](C)(C)CCCCCCCCCCCC.[Br-],anionic-cationic mixture,0.0,0.0,6.544848259412098e-05,,,,,,P2SURF mixture; updated_CMC-Data-for-mixed-micelle.csv; experimental CMC dataset; mol_fraction_A=0.0; mol_fraction_B=1.0; logCMC(uM)=1.81589958 converted to mol/L; https://github.com/sandialabs/P2SURF
C1=CC(=CC(=C1OC(C(=O)[O-])CCCCCCCCCC))OC(C(=O)[O-])CCCCCCCCCC.[Na+].[Na+].CCCCCCCCCCCC[N+](C)(C)C.[Br-],anionic-cationic mixture,0.0,0.0,0.008250000008549772,,,,,,P2SURF mixture; updated_CMC-Data-for-mixed-micelle.csv; experimental CMC dataset; mol_fraction_A=0.0; mol_fraction_B=1.0; logCMC(uM)=3.91645395 converted to mol/L; https://github.com/sandialabs/P2SURF
C1=CC(=CC(=C1OC(C(=O)[O-])CCCCCCCCCC))OC(C(=O)[O-])CCCCCCCCCC.[Na+].[Na+].CCCCCCCCCCCC[N+](C)(C)C.[Br-],anionic-cationic mixture,0.0,0.0,2.109999998553676e-05,,,,,,P2SURF mixture; updated_CMC-Data-for-mixed-micelle.csv; experimental CMC dataset; mol_fraction_A=0.1; mol_fraction_B=0.9; logCMC(uM)=1.32428246 converted to mol/L; https://github.com/sandialabs/P2SURF
C1=CC(=CC(=C1OC(C(=O)[O-])CCCCCCCCCC))OC(C(=O)[O-])CCCCCCCCCC.[Na+].[Na+].CCCCCCCCCCCC[N+](C)(C)C.[Br-],anionic-cationic mixture,0.0,0.0,1.5699999985205945e-05,,,,,,P2SURF mixture; updated_CMC-Data-for-mixed-micelle.csv; experimental CMC dataset; mol_fraction_A=0.2; mol_fraction_B=0.8; logCMC(uM)=1.19589965 converted to mol/L; https://github.com/sandialabs/P2SURF
C1=CC(=CC(=C1OC(C(=O)[O-])CCCCCCCCCC))OC(C(=O)[O-])CCCCCCCCCC.[Na+].[Na+].CCCCCCCCCCCC[N+](C)(C)C.[Br-],anionic-cationic mixture,0.0,0.0,1.1499999990636447e-05,,,,,,P2SURF mixture; updated_CMC-Data-for-mixed-micelle.csv; experimental CMC dataset; mol_fraction_A=0.33; mol_fraction_B=0.67; logCMC(uM)=1.06069784 converted to mol/L; https://github.com/sandialabs/P2SURF
C1=CC(=CC(=C1OC(C(=O)[O-])CCCCCCCCCC))OC(C(=O)[O-])CCCCCCCCCC.[Na+].[Na+].CCCCCCCCCCCC[N+](C)(C)C.[Br-],anionic-cationic mixture,0.0,0.0,2.0300000004056643e-05,,,,,,P2SURF mixture; updated_CMC-Data-for-mixed-micelle.csv; experimental CMC dataset; mol_fraction_A=0.5; mol_fraction_B=0.5; logCMC(uM)=1.30749604 converted to mol/L; https://github.com/sandialabs/P2SURF
C1=CC(=CC(=C1OC(C(=O)[O-])CCCCCCCCCC))OC(C(=O)[O-])CCCCCCCCCC.[Na+].[Na+].CCCCCCCCCCCC[N+](C)(C)C.[Br-],anionic-cationic mixture,0.0,0.0,2.190000000806231e-05,,,,,,P2SURF mixture; updated_CMC-Data-for-mixed-micelle.csv; experimental CMC dataset; mol_fraction_A=0.7; mol_fraction_B=0.3; logCMC(uM)=1.34044411 converted to mol/L; https://github.com/sandialabs/P2SURF
C1=CC(=CC(=C1OC(C(=O)[O-])CCCCCCCCCC))OC(C(=O)[O-])CCCCCCCCCC.[Na+].[Na+].CCCCCCCCCCCC[N+](C)(C)C.[Br-],anionic-cationic mixture,0.0,0.0,3.739999998273533e-05,,,,,,P2SURF mixture; updated_CMC-Data-for-mixed-micelle.csv; experimental CMC dataset; mol_fraction_A=0.9; mol_fraction_B=0.1; logCMC(uM)=1.5728716 converted to mol/L; https://github.com/sandialabs/P2SURF
C1=CC(=CC(=C1OC(C(=O)[O-])CCCCCCCCCC))OC(C(=O)[O-])CCCCCCCCCC.[Na+].[Na+].CCCCCCCCCCCC[N+](C)(C)C.[Br-],anionic-cationic mixture,0.0,0.0,9.300000009552057e-05,,,,,,P2SURF mixture; updated_CMC-Data-for-mixed-micelle.csv; experimental CMC dataset; mol_fraction_A=1.0; mol_fraction_B=0.0; logCMC(uM)=1.96848295 converted to mol/L; https://github.com/sandialabs/P2SURF
C(C(C(C(C(F)(F)F)(F)F)(F)F)(F)F)(F)(F)OCCOCCOCCOCCOCCOCCOCCOCCOCCOCCO.CCCCCCCCCCCC[N+](C)(C)C.[Br-],nonionic-cationic mixture,10.0,0.0,0.0003895195394066731,,,,,,P2SURF mixture; updated_CMC-Data-for-mixed-micelle.csv; experimental CMC dataset; mol_fraction_A=1.0; mol_fraction_B=0.0; logCMC(uM)=2.59052925 converted to mol/L; https://github.com/sandialabs/P2SURF
C(C(C(C(C(F)(F)F)(F)F)(F)F)(F)F)(F)(F)OCCOCCOCCOCCOCCOCCOCCOCCOCCOCCO.CCCCCCCCCCCC[N+](C)(C)C.[Br-],nonionic-cationic mixture,9.017483,0.0,0.00037722604560443005,,,,,,P2SURF mixture; updated_CMC-Data-for-mixed-micelle.csv; experimental CMC dataset; mol_fraction_A=0.901748252; mol_fraction_B=0.098251748; logCMC(uM)=2.57660167 converted to mol/L; https://github.com/sandialabs/P2SURF
C(C(C(C(C(F)(F)F)(F)F)(F)F)(F)F)(F)(F)OCCOCCOCCOCCOCCOCCOCCOCCOCCOCCO.CCCCCCCCCCCC[N+](C)(C)C.[Br-],nonionic-cationic mixture,8.0,0.0,0.0003629849167436281,,,,,,P2SURF mixture; updated_CMC-Data-for-mixed-micelle.csv; experimental CMC dataset; mol_fraction_A=0.8; mol_fraction_B=0.2; logCMC(uM)=2.55988858 converted to mol/L; https://github.com/sandialabs/P2SURF
C(C(C(C(C(F)(F)F)(F)F)(F)F)(F)F)(F)(F)OCCOCCOCCOCCOCCOCCOCCOCCOCCOCCO.CCCCCCCCCCCC[N+](C)(C)C.[Br-],nonionic-cationic mixture,6.993007,0.0,0.00027905027253021306,,,,,,P2SURF mixture; updated_CMC-Data-for-mixed-micelle.csv; experimental CMC dataset; mol_fraction_A=0.699300699; mol_fraction_B=0.300699301; logCMC(uM)=2.44568245 converted to mol/L; https://github.com/sandialabs/P2SURF
C(C(C(C(C(F)(F)F)(F)F)(F)F)(F)F)(F)(F)OCCOCCOCCOCCOCCOCCOCCOCCOCCOCCO.CCCCCCCCCCCC[N+](C)(C)C.[Br-],nonionic-cationic mixture,6.006993,0.0,0.0002650930421301366,,,,,,P2SURF mixture; updated_CMC-Data-for-mixed-micelle.csv; experimental CMC dataset; mol_fraction_A=0.600699301; mol_fraction_B=0.399300699; logCMC(uM)=2.42339833 converted to mol/L; https://github.com/sandialabs/P2SURF
C(C(C(C(C(F)(F)F)(F)F)(F)F)(F)F)(F)(F)OCCOCCOCCOCCOCCOCCOCCOCCOCCOCCO.CCCCCCCCCCCC[N+](C)(C)C.[Br-],nonionic-cationic mixture,4.98951,0.0,0.0002844716534202788,,,,,,P2SURF mixture; updated_CMC-Data-for-mixed-micelle.csv; experimental CMC dataset; mol_fraction_A=0.498951049; mol_fraction_B=0.501048951; logCMC(uM)=2.454039 converted to mol/L; https://github.com/sandialabs/P2SURF
C(C(C(C(C(F)(F)F)(F)F)(F)F)(F)F)(F)(F)OCCOCCOCCOCCOCCOCCOCCOCCOCCOCCO.CCCCCCCCCCCC[N+](C)(C)C.[Br-],nonionic-cationic mixture,3.993007,0.0,0.0003296900572925362,,,,,,P2SURF mixture; updated_CMC-Data-for-mixed-micelle.csv; experimental CMC dataset; mol_fraction_A=0.399300699; mol_fraction_B=0.600699301; logCMC(uM)=2.51810585 converted to mol/L; https://github.com/sandialabs/P2SURF
C(C(C(C(C(F)(F)F)(F)F)(F)F)(F)F)(F)(F)OCCOCCOCCOCCOCCOCCOCCOCCOCCOCCO.CCCCCCCCCCCC[N+](C)(C)C.[Br-],nonionic-cationic mixture,2.986014,0.0,0.0005002237930263018,,,,,,P2SURF mixture; updated_CMC-Data-for-mixed-micelle.csv; experimental CMC dataset; mol_fraction_A=0.298601399; mol_fraction_B=0.701398601; logCMC(uM)=2.69916434 converted to mol/L; https://github.com/sandialabs/P2SURF
C(C(C(C(C(F)(F)F)(F)F)(F)F)(F)F)(F)(F)OCCOCCOCCOCCOCCOCCOCCOCCOCCOCCO.CCCCCCCCCCCC[N+](C)(C)C.[Br-],nonionic-cationic mixture,1.98951,0.0,0.0013518210972669356,,,,,,P2SURF mixture; updated_CMC-Data-for-mixed-micelle.csv; experimental CMC dataset; mol_fraction_A=0.198951049; mol_fraction_B=0.801048951; logCMC(uM)=3.13091922 converted to mol/L; https://github.com/sandialabs/P2SURF
C(C(C(C(C(F)(F)F)(F)F)(F)F)(F)F)(F)(F)OCCOCCOCCOCCOCCOCCOCCOCCOCCOCCO.CCCCCCCCCCCC[N+](C)(C)C.[Br-],nonionic-cationic mixture,0.982517,0.0,0.0029753468723314976,,,,,,P2SURF mixture; updated_CMC-Data-for-mixed-micelle.csv; experimental CMC dataset; mol_fraction_A=0.098251748; mol_fraction_B=0.901748252; logCMC(uM)=3.4735376 converted to mol/L; https://github.com/sandialabs/P2SURF
C(C(C(C(C(F)(F)F)(F)F)(F)F)(F)F)(F)(F)OCCOCCOCCOCCOCCOCCOCCOCCOCCOCCO.CCCCCCCCCCCC[N+](C)(C)C.[Br-],nonionic-cationic mixture,0.0,0.0,0.01212175382831927,,,,,,P2SURF mixture; updated_CMC-Data-for-mixed-micelle.csv; experimental CMC dataset; mol_fraction_A=0.0; mol_fraction_B=1.0; logCMC(uM)=4.08356546 converted to mol/L; https://github.com/sandialabs/P2SURF
CCCCCCCCCCOS(=O)(=O)[O-].[Na+].CC(C)CC(C)(C#CC(C)(CC(C)C)OCCOCCOCCOCCOCCO)OCCOCCOCCOCCOCCO,anionic-nonionic mixture,10.0,0.0,0.010999999995992405,,,,,,P2SURF mixture; updated_CMC-Data-for-mixed-micelle.csv; experimental CMC dataset; mol_fraction_A=0.0; mol_fraction_B=1.0; logCMC(uM)=4.04139268 converted to mol/L; https://github.com/sandialabs/P2SURF
CCCCCCCCCCOS(=O)(=O)[O-].[Na+].CC(C)CC(C)(C#CC(C)(CC(C)C)OCCOCCOCCOCCOCCO)OCCOCCOCCOCCOCCO,anionic-nonionic mixture,9.5,0.0,0.0051299999986791954,,,,,,P2SURF mixture; updated_CMC-Data-for-mixed-micelle.csv; experimental CMC dataset; mol_fraction_A=0.05; mol_fraction_B=0.95; logCMC(uM)=3.71011736 converted to mol/L; https://github.com/sandialabs/P2SURF
CCCCCCCCCCOS(=O)(=O)[O-].[Na+].CC(C)CC(C)(C#CC(C)(CC(C)C)OCCOCCOCCOCCOCCO)OCCOCCOCCOCCOCCO,anionic-nonionic mixture,9.0,0.0,0.00524999999509256,,,,,,P2SURF mixture; updated_CMC-Data-for-mixed-micelle.csv; experimental CMC dataset; mol_fraction_A=0.1; mol_fraction_B=0.9; logCMC(uM)=3.7201593 converted to mol/L; https://github.com/sandialabs/P2SURF
CCCCCCCCCCOS(=O)(=O)[O-].[Na+].CC(C)CC(C)(C#CC(C)(CC(C)C)OCCOCCOCCOCCOCCO)OCCOCCOCCOCCOCCO,anionic-nonionic mixture,7.0,0.0,0.005499999993740787,,,,,,P2SURF mixture; updated_CMC-Data-for-mixed-micelle.csv; experimental CMC dataset; mol_fraction_A=0.3; mol_fraction_B=0.7; logCMC(uM)=3.74036269 converted to mol/L; https://github.com/sandialabs/P2SURF
CCCCCCCCCCOS(=O)(=O)[O-].[Na+].CC(C)CC(C)(C#CC(C)(CC(C)C)OCCOCCOCCOCCOCCO)OCCOCCOCCOCCOCCO,anionic-nonionic mixture,5.0,0.0,0.005499999993740787,,,,,,P2SURF mixture; updated_CMC-Data-for-mixed-micelle.csv; experimental CMC dataset; mol_fraction_A=0.5; mol_fraction_B=0.5; logCMC(uM)=3.74036269 converted to mol/L; https://github.com/sandialabs/P2SURF
CCCCCCCCCCOS(=O)(=O)[O-].[Na+].CC(C)CC(C)(C#CC(C)(CC(C)C)OCCOCCOCCOCCOCCO)OCCOCCOCCOCCOCCO,anionic-nonionic mixture,3.0,0.0,0.005750000004109251,,,,,,P2SURF mixture; updated_CMC-Data-for-mixed-micelle.csv; experimental CMC dataset; mol_fraction_A=0.7; mol_fraction_B=0.3; logCMC(uM)=3.75966785 converted to mol/L; https://github.com/sandialabs/P2SURF
CCCCCCCCCCOS(=O)(=O)[O-].[Na+].CC(C)CC(C)(C#CC(C)(CC(C)C)OCCOCCOCCOCCOCCO)OCCOCCOCCOCCOCCO,anionic-nonionic mixture,1.0,0.0,0.00955000000915329,,,,,,P2SURF mixture; updated_CMC-Data-for-mixed-micelle.csv; experimental CMC dataset; mol_fraction_A=0.9; mol_fraction_B=0.1; logCMC(uM)=3.98000337 converted to mol/L; https://github.com/sandialabs/P2SURF
CCCCCCCCCCOS(=O)(=O)[O-].[Na+].CC(C)CC(C)(C#CC(C)(CC(C)C)OCCOCCOCCOCCOCCO)OCCOCCOCCOCCOCCO,anionic-nonionic mixture,0.5,0.0,0.013490000010191272,,,,,,P2SURF mixture; updated_CMC-Data-for-mixed-micelle.csv; experimental CMC dataset; mol_fraction_A=0.95; mol_fraction_B=0.05; logCMC(uM)=4.13001195 converted to mol/L; https://github.com/sandialabs/P2SURF
CCCCCCCCCCOS(=O)(=O)[O-].[Na+].CC(C)CC(C)(C#CC(C)(CC(C)C)OCCOCCOCCOCCOCCO)OCCOCCOCCOCCOCCO,anionic-nonionic mixture,0.0,0.0,0.02399000000177699,,,,,,P2SURF mixture; updated_CMC-Data-for-mixed-micelle.csv; experimental CMC dataset; mol_fraction_A=1.0; mol_fraction_B=0.0; logCMC(uM)=4.38003025 converted to mol/L; https://github.com/sandialabs/P2SURF
CCCCCCCCCCCCOS(=O)(=O)[O-].[Na+].CC(C)CC(C)(C#CC(C)(CC(C)C)OCCOCCOCCOCCOCCO)OCCOCCOCCOCCOCCO,anionic-nonionic mixture,10.0,0.0,0.010999999995992405,,,,,,P2SURF mixture; updated_CMC-Data-for-mixed-micelle.csv; experimental CMC dataset; mol_fraction_A=0.0; mol_fraction_B=1.0; logCMC(uM)=4.04139268 converted to mol/L; https://github.com/sandialabs/P2SURF
CCCCCCCCCCCCOS(=O)(=O)[O-].[Na+].CC(C)CC(C)(C#CC(C)(CC(C)C)OCCOCCOCCOCCOCCO)OCCOCCOCCOCCOCCO,anionic-nonionic mixture,9.5,0.0,0.002750000001074795,,,,,,P2SURF mixture; updated_CMC-Data-for-mixed-micelle.csv; experimental CMC dataset; mol_fraction_A=0.05; mol_fraction_B=0.95; logCMC(uM)=3.43933269 converted to mol/L; https://github.com/sandialabs/P2SURF
CCCCCCCCCCCCOS(=O)(=O)[O-].[Na+].CC(C)CC(C)(C#CC(C)(CC(C)C)OCCOCCOCCOCCOCCO)OCCOCCOCCOCCOCCO,anionic-nonionic mixture,9.0,0.0,0.002629999997034125,,,,,,P2SURF mixture; updated_CMC-Data-for-mixed-micelle.csv; experimental CMC dataset; mol_fraction_A=0.1; mol_fraction_B=0.9; logCMC(uM)=3.41995575 converted to mol/L; https://github.com/sandialabs/P2SURF
CCCCCCCCCCCCOS(=O)(=O)[O-].[Na+].CC(C)CC(C)(C#CC(C)(CC(C)C)OCCOCCOCCOCCOCCO)OCCOCCOCCOCCOCCO,anionic-nonionic mixture,7.0,0.0,0.0020000000015474237,,,,,,P2SURF mixture; updated_CMC-Data-for-mixed-micelle.csv; experimental CMC dataset; mol_fraction_A=0.3; mol_fraction_B=0.7; logCMC(uM)=3.30103 converted to mol/L; https://github.com/sandialabs/P2SURF
CCCCCCCCCCCCOS(=O)(=O)[O-].[Na+].CC(C)CC(C)(C#CC(C)(CC(C)C)OCCOCCOCCOCCOCCO)OCCOCCOCCOCCOCCO,anionic-nonionic mixture,5.0,0.0,0.0019499999983722785,,,,,,P2SURF mixture; updated_CMC-Data-for-mixed-micelle.csv; experimental CMC dataset; mol_fraction_A=0.5; mol_fraction_B=0.5; logCMC(uM)=3.29003461 converted to mol/L; https://github.com/sandialabs/P2SURF
CCCCCCCCCCCCOS(=O)(=O)[O-].[Na+].CC(C)CC(C)(C#CC(C)(CC(C)C)OCCOCCOCCOCCOCCO)OCCOCCOCCOCCOCCO,anionic-nonionic mixture,3.0,0.0,0.0022399999982764575,,,,,,P2SURF mixture; updated_CMC-Data-for-mixed-micelle.csv; experimental CMC dataset; mol_fraction_A=0.7; mol_fraction_B=0.3; logCMC(uM)=3.35024802 converted to mol/L; https://github.com/sandialabs/P2SURF
CCCCCCCCCCCCOS(=O)(=O)[O-].[Na+].CC(C)CC(C)(C#CC(C)(CC(C)C)OCCOCCOCCOCCOCCO)OCCOCCOCCOCCOCCO,anionic-nonionic mixture,1.0,0.0,0.003889999997082616,,,,,,P2SURF mixture; updated_CMC-Data-for-mixed-micelle.csv; experimental CMC dataset; mol_fraction_A=0.9; mol_fraction_B=0.1; logCMC(uM)=3.5899496 converted to mol/L; https://github.com/sandialabs/P2SURF
CCCCCCCCCCCCOS(=O)(=O)[O-].[Na+].CC(C)CC(C)(C#CC(C)(CC(C)C)OCCOCCOCCOCCOCCO)OCCOCCOCCOCCOCCO,anionic-nonionic mixture,0.5,0.0,0.0039799999993247025,,,,,,P2SURF mixture; updated_CMC-Data-for-mixed-micelle.csv; experimental CMC dataset; mol_fraction_A=0.95; mol_fraction_B=0.05; logCMC(uM)=3.59988307 converted to mol/L; https://github.com/sandialabs/P2SURF
CCCCCCCCCCCCOS(=O)(=O)[O-].[Na+].CC(C)CC(C)(C#CC(C)(CC(C)C)OCCOCCOCCOCCOCCO)OCCOCCOCCOCCOCCO,anionic-nonionic mixture,0.0,0.0,0.008000000000148404,,,,,,P2SURF mixture; updated_CMC-Data-for-mixed-micelle.csv; experimental CMC dataset; mol_fraction_A=1.0; mol_fraction_B=0.0; logCMC(uM)=3.90308999 converted to mol/L; https://github.com/sandialabs/P2SURF
CCCCC(CC)CCC(CC(C)C)OS(=O)(=O)[O-].[Na+].CC(C)CC(C)(C#CC(C)(CC(C)C)OCCOCCOCCOCCOCCO)OCCOCCOCCOCCOCCO,anionic-nonionic mixture,10.0,0.0,0.010999999995992405,,,,,,P2SURF mixture; updated_CMC-Data-for-mixed-micelle.csv; experimental CMC dataset; mol_fraction_A=0.0; mol_fraction_B=1.0; logCMC(uM)=4.04139268 converted to mol/L; https://github.com/sandialabs/P2SURF
CCCCC(CC)CCC(CC(C)C)OS(=O)(=O)[O-].[Na+].CC(C)CC(C)(C#CC(C)(CC(C)C)OCCOCCOCCOCCOCCO)OCCOCCOCCOCCOCCO,anionic-nonionic mixture,9.5,0.0,0.0020000000015474237,,,,,,P2SURF mixture; updated_CMC-Data-for-mixed-micelle.csv; experimental CMC dataset; mol_fraction_A=0.05; mol_fraction_B=0.95; logCMC(uM)=3.30103 converted to mol/L; https://github.com/sandialabs/P2SURF
CCCCC(CC)CCC(CC(C)C)OS(=O)(=O)[O-].[Na+].CC(C)CC(C)(C#CC(C)(CC(C)C)OCCOCCOCCOCCOCCO)OCCOCCOCCOCCOCCO,anionic-nonionic mixture,9.0,0.0,0.0013799999987250443,,,,,,P2SURF mixture; updated_CMC-Data-for-mixed-micelle.csv; experimental CMC dataset; mol_fraction_A=0.1; mol_fraction_B=0.9; logCMC(uM)=3.13987909 converted to mol/L; https://github.com/sandialabs/P2SURF
CCCCC(CC)CCC(CC(C)C)OS(=O)(=O)[O-].[Na+].CC(C)CC(C)(C#CC(C)(CC(C)C)OCCOCCOCCOCCOCCO)OCCOCCOCCOCCOCCO,anionic-nonionic mixture,7.0,0.0,0.0009499999993681583,,,,,,P2SURF mixture; updated_CMC-Data-for-mixed-micelle.csv; experimental CMC dataset; mol_fraction_A=0.3; mol_fraction_B=0.7; logCMC(uM)=2.9777236 converted to mol/L; https://github.com/sandialabs/P2SURF
CCCCC(CC)CCC(CC(C)C)OS(=O)(=O)[O-].[Na+].CC(C)CC(C)(C#CC(C)(CC(C)C)OCCOCCOCCOCCOCCO)OCCOCCOCCOCCOCCO,anionic-nonionic mixture,5.0,0.0,0.0009099999993271958,,,,,,P2SURF mixture; updated_CMC-Data-for-mixed-micelle.csv; experimental CMC dataset; mol_fraction_A=0.5; mol_fraction_B=0.5; logCMC(uM)=2.95904139 converted to mol/L; https://github.com/sandialabs/P2SURF
CCCCC(CC)CCC(CC(C)C)OS(=O)(=O)[O-].[Na+].CC(C)CC(C)(C#CC(C)(CC(C)C)OCCOCCOCCOCCOCCO)OCCOCCOCCOCCOCCO,anionic-nonionic mixture,3.0,0.0,0.0009800000006938952,,,,,,P2SURF mixture; updated_CMC-Data-for-mixed-micelle.csv; experimental CMC dataset; mol_fraction_A=0.7; mol_fraction_B=0.3; logCMC(uM)=2.99122608 converted to mol/L; https://github.com/sandialabs/P2SURF
CCCCC(CC)CCC(CC(C)C)OS(=O)(=O)[O-].[Na+].CC(C)CC(C)(C#CC(C)(CC(C)C)OCCOCCOCCOCCOCCO)OCCOCCOCCOCCOCCO,anionic-nonionic mixture,1.0,0.0,0.001120000000850567,,,,,,P2SURF mixture; updated_CMC-Data-for-mixed-micelle.csv; experimental CMC dataset; mol_fraction_A=0.9; mol_fraction_B=0.1; logCMC(uM)=3.04921802 converted to mol/L; https://github.com/sandialabs/P2SURF
CCCCC(CC)CCC(CC(C)C)OS(=O)(=O)[O-].[Na+].CC(C)CC(C)(C#CC(C)(CC(C)C)OCCOCCOCCOCCOCCO)OCCOCCOCCOCCOCCO,anionic-nonionic mixture,0.5,0.0,0.0015800000001658142,,,,,,P2SURF mixture; updated_CMC-Data-for-mixed-micelle.csv; experimental CMC dataset; mol_fraction_A=0.95; mol_fraction_B=0.05; logCMC(uM)=3.19865709 converted to mol/L; https://github.com/sandialabs/P2SURF
CCCCC(CC)CCC(CC(C)C)OS(=O)(=O)[O-].[Na+].CC(C)CC(C)(C#CC(C)(CC(C)C)OCCOCCOCCOCCOCCO)OCCOCCOCCOCCOCCO,anionic-nonionic mixture,0.0,0.0,0.002750000001074795,,,,,,P2SURF mixture; updated_CMC-Data-for-mixed-micelle.csv; experimental CMC dataset; mol_fraction_A=1.0; mol_fraction_B=0.0; logCMC(uM)=3.43933269 converted to mol/L; https://github.com/sandialabs/P2SURF
CCCCCCCCCCS(=O)(=O)[O-].[Na+].CC(C)CC(C)(C#CC(C)(CC(C)C)OCCOCCOCCOCCOCCO)OCCOCCOCCOCCOCCO,anionic-nonionic mixture,10.0,0.0,0.010999999995992405,,,,,,P2SURF mixture; updated_CMC-Data-for-mixed-micelle.csv; experimental CMC dataset; mol_fraction_A=0.0; mol_fraction_B=1.0; logCMC(uM)=4.04139268 converted to mol/L; https://github.com/sandialabs/P2SURF
CCCCCCCCCCS(=O)(=O)[O-].[Na+].CC(C)CC(C)(C#CC(C)(CC(C)C)OCCOCCOCCOCCOCCO)OCCOCCOCCOCCOCCO,anionic-nonionic mixture,9.5,0.0,0.006919999992722069,,,,,,P2SURF mixture; updated_CMC-Data-for-mixed-micelle.csv; experimental CMC dataset; mol_fraction_A=0.05; mol_fraction_B=0.95; logCMC(uM)=3.84010609 converted to mol/L; https://github.com/sandialabs/P2SURF
CCCCCCCCCCS(=O)(=O)[O-].[Na+].CC(C)CC(C)(C#CC(C)(CC(C)C)OCCOCCOCCOCCOCCO)OCCOCCOCCOCCOCCO,anionic-nonionic mixture,9.0,0.0,0.0060999999998487715,,,,,,P2SURF mixture; updated_CMC-Data-for-mixed-micelle.csv; experimental CMC dataset; mol_fraction_A=0.1; mol_fraction_B=0.9; logCMC(uM)=3.78532984 converted to mol/L; https://github.com/sandialabs/P2SURF
CCCCCCCCCCS(=O)(=O)[O-].[Na+].CC(C)CC(C)(C#CC(C)(CC(C)C)OCCOCCOCCOCCOCCO)OCCOCCOCCOCCOCCO,anionic-nonionic mixture,7.0,0.0,0.0070800000050574765,,,,,,P2SURF mixture; updated_CMC-Data-for-mixed-micelle.csv; experimental CMC dataset; mol_fraction_A=0.3; mol_fraction_B=0.7; logCMC(uM)=3.85003326 converted to mol/L; https://github.com/sandialabs/P2SURF
CCCCCCCCCCS(=O)(=O)[O-].[Na+].CC(C)CC(C)(C#CC(C)(CC(C)C)OCCOCCOCCOCCOCCO)OCCOCCOCCOCCOCCO,anionic-nonionic mixture,5.0,0.0,0.005499999993740787,,,,,,P2SURF mixture; updated_CMC-Data-for-mixed-micelle.csv; experimental CMC dataset; mol_fraction_A=0.5; mol_fraction_B=0.5; logCMC(uM)=3.74036269 converted to mol/L; https://github.com/sandialabs/P2SURF
CCCCCCCCCCS(=O)(=O)[O-].[Na+].CC(C)CC(C)(C#CC(C)(CC(C)C)OCCOCCOCCOCCOCCO)OCCOCCOCCOCCOCCO,anionic-nonionic mixture,3.0,0.0,0.007590000001826652,,,,,,P2SURF mixture; updated_CMC-Data-for-mixed-micelle.csv; experimental CMC dataset; mol_fraction_A=0.7; mol_fraction_B=0.3; logCMC(uM)=3.88024178 converted to mol/L; https://github.com/sandialabs/P2SURF
CCCCCCCCCCS(=O)(=O)[O-].[Na+].CC(C)CC(C)(C#CC(C)(CC(C)C)OCCOCCOCCOCCOCCO)OCCOCCOCCOCCOCCO,anionic-nonionic mixture,1.0,0.0,0.01413000000492722,,,,,,P2SURF mixture; updated_CMC-Data-for-mixed-micelle.csv; experimental CMC dataset; mol_fraction_A=0.9; mol_fraction_B=0.1; logCMC(uM)=4.15014216 converted to mol/L; https://github.com/sandialabs/P2SURF
CCCCCCCCCCS(=O)(=O)[O-].[Na+].CC(C)CC(C)(C#CC(C)(CC(C)C)OCCOCCOCCOCCOCCO)OCCOCCOCCOCCOCCO,anionic-nonionic mixture,0.5,0.0,0.014790000000105831,,,,,,P2SURF mixture; updated_CMC-Data-for-mixed-micelle.csv; experimental CMC dataset; mol_fraction_A=0.95; mol_fraction_B=0.05; logCMC(uM)=4.16996817 converted to mol/L; https://github.com/sandialabs/P2SURF
CCCCCCCCCCS(=O)(=O)[O-].[Na+].CC(C)CC(C)(C#CC(C)(CC(C)C)OCCOCCOCCOCCOCCO)OCCOCCOCCOCCOCCO,anionic-nonionic mixture,0.0,0.0,0.0323600000044532,,,,,,P2SURF mixture; updated_CMC-Data-for-mixed-micelle.csv; experimental CMC dataset; mol_fraction_A=1.0; mol_fraction_B=0.0; logCMC(uM)=4.51000851 converted to mol/L; https://github.com/sandialabs/P2SURF
CCCCCCCCCCCCS(=O)(=O)[O-].[Na+].CC(C)CC(C)(C#CC(C)(CC(C)C)OCCOCCOCCOCCOCCO)OCCOCCOCCOCCOCCO,anionic-nonionic mixture,10.0,0.0,0.010999999995992405,,,,,,P2SURF mixture; updated_CMC-Data-for-mixed-micelle.csv; experimental CMC dataset; mol_fraction_A=0.0; mol_fraction_B=1.0; logCMC(uM)=4.04139268 converted to mol/L; https://github.com/sandialabs/P2SURF
CCCCCCCCCCCCS(=O)(=O)[O-].[Na+].CC(C)CC(C)(C#CC(C)(CC(C)C)OCCOCCOCCOCCOCCO)OCCOCCOCCOCCOCCO,anionic-nonionic mixture,9.5,0.0,0.0026899999999850863,,,,,,P2SURF mixture; updated_CMC-Data-for-mixed-micelle.csv; experimental CMC dataset; mol_fraction_A=0.05; mol_fraction_B=0.95; logCMC(uM)=3.42975228 converted to mol/L; https://github.com/sandialabs/P2SURF
CCCCCCCCCCCCS(=O)(=O)[O-].[Na+].CC(C)CC(C)(C#CC(C)(CC(C)C)OCCOCCOCCOCCOCCO)OCCOCCOCCOCCOCCO,anionic-nonionic mixture,9.0,0.0,0.0025699999980395172,,,,,,P2SURF mixture; updated_CMC-Data-for-mixed-micelle.csv; experimental CMC dataset; mol_fraction_A=0.1; mol_fraction_B=0.9; logCMC(uM)=3.40993312 converted to mol/L; https://github.com/sandialabs/P2SURF
CCCCCCCCCCCCS(=O)(=O)[O-].[Na+].CC(C)CC(C)(C#CC(C)(CC(C)C)OCCOCCOCCOCCOCCO)OCCOCCOCCOCCOCCO,anionic-nonionic mixture,7.0,0.0,0.002509999997219846,,,,,,P2SURF mixture; updated_CMC-Data-for-mixed-micelle.csv; experimental CMC dataset; mol_fraction_A=0.3; mol_fraction_B=0.7; logCMC(uM)=3.39967372 converted to mol/L; https://github.com/sandialabs/P2SURF
CCCCCCCCCCCCS(=O)(=O)[O-].[Na+].CC(C)CC(C)(C#CC(C)(CC(C)C)OCCOCCOCCOCCOCCO)OCCOCCOCCOCCOCCO,anionic-nonionic mixture,5.0,0.0,0.002449999997943552,,,,,,P2SURF mixture; updated_CMC-Data-for-mixed-micelle.csv; experimental CMC dataset; mol_fraction_A=0.5; mol_fraction_B=0.5; logCMC(uM)=3.38916608 converted to mol/L; https://github.com/sandialabs/P2SURF
CCCCCCCCCCCCS(=O)(=O)[O-].[Na+].CC(C)CC(C)(C#CC(C)(CC(C)C)OCCOCCOCCOCCOCCO)OCCOCCOCCOCCOCCO,anionic-nonionic mixture,3.0,0.0,0.002950000000148332,,,,,,P2SURF mixture; updated_CMC-Data-for-mixed-micelle.csv; experimental CMC dataset; mol_fraction_A=0.7; mol_fraction_B=0.3; logCMC(uM)=3.46982202 converted to mol/L; https://github.com/sandialabs/P2SURF
CCCCCCCCCCCCS(=O)(=O)[O-].[Na+].CC(C)CC(C)(C#CC(C)(CC(C)C)OCCOCCOCCOCCOCCO)OCCOCCOCCOCCOCCO,anionic-nonionic mixture,1.0,0.0,0.0032399999984585957,,,,,,P2SURF mixture; updated_CMC-Data-for-mixed-micelle.csv; experimental CMC dataset; mol_fraction_A=0.9; mol_fraction_B=0.1; logCMC(uM)=3.51054501 converted to mol/L; https://github.com/sandialabs/P2SURF
CCCCCCCCCCCCS(=O)(=O)[O-].[Na+].CC(C)CC(C)(C#CC(C)(CC(C)C)OCCOCCOCCOCCOCCO)OCCOCCOCCOCCOCCO,anionic-nonionic mixture,0.5,0.0,0.00456999999926498,,,,,,P2SURF mixture; updated_CMC-Data-for-mixed-micelle.csv; experimental CMC dataset; mol_fraction_A=0.95; mol_fraction_B=0.05; logCMC(uM)=3.6599162 converted to mol/L; https://github.com/sandialabs/P2SURF
CCCCCCCCCCCCS(=O)(=O)[O-].[Na+].CC(C)CC(C)(C#CC(C)(CC(C)C)OCCOCCOCCOCCOCCO)OCCOCCOCCOCCOCCO,anionic-nonionic mixture,0.0,0.0,0.0070800000050574765,,,,,,P2SURF mixture; updated_CMC-Data-for-mixed-micelle.csv; experimental CMC dataset; mol_fraction_A=1.0; mol_fraction_B=0.0; logCMC(uM)=3.85003326 converted to mol/L; https://github.com/sandialabs/P2SURF
CCCCC(CC)CCC(CC(C)C)S(=O)(=O)[O-].[Na+].CC(C)CC(C)(C#CC(C)(CC(C)C)OCCOCCOCCOCCOCCO)OCCOCCOCCOCCOCCO,anionic-nonionic mixture,10.0,0.0,0.010999999995992405,,,,,,P2SURF mixture; updated_CMC-Data-for-mixed-micelle.csv; experimental CMC dataset; mol_fraction_A=0.0; mol_fraction_B=1.0; logCMC(uM)=4.04139268 converted to mol/L; https://github.com/sandialabs/P2SURF
CCCCC(CC)CCC(CC(C)C)S(=O)(=O)[O-].[Na+].CC(C)CC(C)(C#CC(C)(CC(C)C)OCCOCCOCCOCCOCCO)OCCOCCOCCOCCOCCO,anionic-nonionic mixture,9.5,0.0,0.002750000001074795,,,,,,P2SURF mixture; updated_CMC-Data-for-mixed-micelle.csv; experimental CMC dataset; mol_fraction_A=0.05; mol_fraction_B=0.95; logCMC(uM)=3.43933269 converted to mol/L; https://github.com/sandialabs/P2SURF
CCCCC(CC)CCC(CC(C)C)S(=O)(=O)[O-].[Na+].CC(C)CC(C)(C#CC(C)(CC(C)C)OCCOCCOCCOCCOCCO)OCCOCCOCCOCCOCCO,anionic-nonionic mixture,9.0,0.0,0.002289999998207797,,,,,,P2SURF mixture; updated_CMC-Data-for-mixed-micelle.csv; experimental CMC dataset; mol_fraction_A=0.1; mol_fraction_B=0.9; logCMC(uM)=3.35983548 converted to mol/L; https://github.com/sandialabs/P2SURF
CCCCC(CC)CCC(CC(C)C)S(=O)(=O)[O-].[Na+].CC(C)CC(C)(C#CC(C)(CC(C)C)OCCOCCOCCOCCOCCO)OCCOCCOCCOCCOCCO,anionic-nonionic mixture,7.0,0.0,0.00190999999891051,,,,,,P2SURF mixture; updated_CMC-Data-for-mixed-micelle.csv; experimental CMC dataset; mol_fraction_A=0.3; mol_fraction_B=0.7; logCMC(uM)=3.28103337 converted to mol/L; https://github.com/sandialabs/P2SURF
CCCCC(CC)CCC(CC(C)C)S(=O)(=O)[O-].[Na+].CC(C)CC(C)(C#CC(C)(CC(C)C)OCCOCCOCCOCCOCCO)OCCOCCOCCOCCOCCO,anionic-nonionic mixture,5.0,0.0,0.0013799999987250443,,,,,,P2SURF mixture; updated_CMC-Data-for-mixed-micelle.csv; experimental CMC dataset; mol_fraction_A=0.5; mol_fraction_B=0.5; logCMC(uM)=3.13987909 converted to mol/L; https://github.com/sandialabs/P2SURF
CCCCC(CC)CCC(CC(C)C)S(=O)(=O)[O-].[Na+].CC(C)CC(C)(C#CC(C)(CC(C)C)OCCOCCOCCOCCOCCO)OCCOCCOCCOCCOCCO,anionic-nonionic mixture,3.0,0.0,0.0013799999987250443,,,,,,P2SURF mixture; updated_CMC-Data-for-mixed-micelle.csv; experimental CMC dataset; mol_fraction_A=0.7; mol_fraction_B=0.3; logCMC(uM)=3.13987909 converted to mol/L; https://github.com/sandialabs/P2SURF
CCCCC(CC)CCC(CC(C)C)S(=O)(=O)[O-].[Na+].CC(C)CC(C)(C#CC(C)(CC(C)C)OCCOCCOCCOCCOCCO)OCCOCCOCCOCCOCCO,anionic-nonionic mixture,1.0,0.0,0.0017399999988677657,,,,,,P2SURF mixture; updated_CMC-Data-for-mixed-micelle.csv; experimental CMC dataset; mol_fraction_A=0.9; mol_fraction_B=0.1; logCMC(uM)=3.24054925 converted to mol/L; https://github.com/sandialabs/P2SURF
CCCCC(CC)CCC(CC(C)C)S(=O)(=O)[O-].[Na+].CC(C)CC(C)(C#CC(C)(CC(C)C)OCCOCCOCCOCCOCCO)OCCOCCOCCOCCOCCO,anionic-nonionic mixture,0.5,0.0,0.0024000000015937245,,,,,,P2SURF mixture; updated_CMC-Data-for-mixed-micelle.csv; experimental CMC dataset; mol_fraction_A=0.95; mol_fraction_B=0.05; logCMC(uM)=3.38021124 converted to mol/L; https://github.com/sandialabs/P2SURF
CCCCC(CC)CCC(CC(C)C)S(=O)(=O)[O-].[Na+].CC(C)CC(C)(C#CC(C)(CC(C)C)OCCOCCOCCOCCOCCO)OCCOCCOCCOCCOCCO,anionic-nonionic mixture,0.0,0.0,0.002950000000148332,,,,,,P2SURF mixture; updated_CMC-Data-for-mixed-micelle.csv; experimental CMC dataset; mol_fraction_A=1.0; mol_fraction_B=0.0; logCMC(uM)=3.46982202 converted to mol/L; https://github.com/sandialabs/P2SURF
C(=O)(C(C(C(C(C(C(C(F)(F)F)(F)F)(F)F)(F)F)(F)F)(F)F)(F)F)O.[Na+].CCCCCCCCN1C=C[N+](=C1)C.[Cl-],nonionic-cationic mixture,0.0,0.0,0.10200000005591701,,,,,,P2SURF mixture; updated_CMC-Data-for-mixed-micelle.csv; experimental CMC dataset; mol_fraction_A=0.0; mol_fraction_B=1.0; logCMC(uM)=5.00860017 converted to mol/L; https://github.com/sandialabs/P2SURF
C(=O)(C(C(C(C(C(C(C(F)(F)F)(F)F)(F)F)(F)F)(F)F)(F)F)(F)F)O.[Na+].CCCCCCCCN1C=C[N+](=C1)C.[Cl-],nonionic-cationic mixture,0.0,0.0,0.0008900000007276802,,,,,,P2SURF mixture; updated_CMC-Data-for-mixed-micelle.csv; experimental CMC dataset; mol_fraction_A=0.25; mol_fraction_B=0.75; logCMC(uM)=2.94939001 converted to mol/L; https://github.com/sandialabs/P2SURF
C(=O)(C(C(C(C(C(C(C(F)(F)F)(F)F)(F)F)(F)F)(F)F)(F)F)(F)F)O.[Na+].CCCCCCCCN1C=C[N+](=C1)C.[Cl-],nonionic-cationic mixture,0.0,0.0,0.0006500000005345307,,,,,,P2SURF mixture; updated_CMC-Data-for-mixed-micelle.csv; experimental CMC dataset; mol_fraction_A=0.5; mol_fraction_B=0.5; logCMC(uM)=2.81291336 converted to mol/L; https://github.com/sandialabs/P2SURF
C(=O)(C(C(C(C(C(C(C(F)(F)F)(F)F)(F)F)(F)F)(F)F)(F)F)(F)F)O.[Na+].CCCCCCCCN1C=C[N+](=C1)C.[Cl-],nonionic-cationic mixture,0.0,0.0,0.0005900000004861564,,,,,,P2SURF mixture; updated_CMC-Data-for-mixed-micelle.csv; experimental CMC dataset; mol_fraction_A=0.75; mol_fraction_B=0.25; logCMC(uM)=2.77085201 converted to mol/L; https://github.com/sandialabs/P2SURF
C(=O)(C(C(C(C(C(C(C(F)(F)F)(F)F)(F)F)(F)F)(F)F)(F)F)(F)F)O.[Na+].CCCCCCCCN1C=C[N+](=C1)C.[Cl-],nonionic-cationic mixture,0.0,0.0,0.030000000019365043,,,,,,P2SURF mixture; updated_CMC-Data-for-mixed-micelle.csv; experimental CMC dataset; mol_fraction_A=1.0; mol_fraction_B=0.0; logCMC(uM)=4.47712126 converted to mol/L; https://github.com/sandialabs/P2SURF
C(=O)(C(C(C(C(C(C(C(F)(F)F)(F)F)(F)F)(F)F)(F)F)(F)F)(F)F)O.[Na+].CCCCCCCCCCN1C=C[N+](=C1)C.[Cl-],nonionic-cationic mixture,0.0,0.0,0.05950000003718977,,,,,,P2SURF mixture; updated_CMC-Data-for-mixed-micelle.csv; experimental CMC dataset; mol_fraction_A=0.0; mol_fraction_B=1.0; logCMC(uM)=4.77451697 converted to mol/L; https://github.com/sandialabs/P2SURF
C(=O)(C(C(C(C(C(C(C(F)(F)F)(F)F)(F)F)(F)F)(F)F)(F)F)(F)F)O.[Na+].CCCCCCCCCCN1C=C[N+](=C1)C.[Cl-],nonionic-cationic mixture,0.0,0.0,0.00022999999999068292,,,,,,P2SURF mixture; updated_CMC-Data-for-mixed-micelle.csv; experimental CMC dataset; mol_fraction_A=0.25; mol_fraction_B=0.75; logCMC(uM)=2.36172784 converted to mol/L; https://github.com/sandialabs/P2SURF
C(=O)(C(C(C(C(C(C(C(F)(F)F)(F)F)(F)F)(F)F)(F)F)(F)F)(F)F)O.[Na+].CCCCCCCCCCN1C=C[N+](=C1)C.[Cl-],nonionic-cationic mixture,0.0,0.0,0.000160000000126762,,,,,,P2SURF mixture; updated_CMC-Data-for-mixed-micelle.csv; experimental CMC dataset; mol_fraction_A=0.5; mol_fraction_B=0.5; logCMC(uM)=2.20411998 converted to mol/L; https://github.com/sandialabs/P2SURF
C(=O)(C(C(C(C(C(C(C(F)(F)F)(F)F)(F)F)(F)F)(F)F)(F)F)(F)F)O.[Na+].CCCCCCCCCCN1C=C[N+](=C1)C.[Cl-],nonionic-cationic mixture,0.0,0.0,0.0001,,,,,,P2SURF mixture; updated_CMC-Data-for-mixed-micelle.csv; experimental CMC dataset; mol_fraction_A=0.75; mol_fraction_B=0.25; logCMC(uM)=2 converted to mol/L; https://github.com/sandialabs/P2SURF
C(=O)(C(C(C(C(C(C(C(F)(F)F)(F)F)(F)F)(F)F)(F)F)(F)F)(F)F)O.[Na+].CCCCCCCCCCN1C=C[N+](=C1)C.[Cl-],nonionic-cationic mixture,0.0,0.0,0.030000000019365043,,,,,,P2SURF mixture; updated_CMC-Data-for-mixed-micelle.csv; experimental CMC dataset; mol_fraction_A=1.0; mol_fraction_B=0.0; logCMC(uM)=4.47712126 converted to mol/L; https://github.com/sandialabs/P2SURF
CCCCCCCCC(O)CO.CCCCCCCCC(O)CO,nonionic mixture,0.0,0.0,0.0022999999999068293,,,,,,P2SURF mixture; updated_CMC-Data-for-mixed-micelle.csv; experimental CMC dataset; mol_fraction_A=0.5; mol_fraction_B=0.5; logCMC(uM)=3.36172784 converted to mol/L; https://github.com/sandialabs/P2SURF
CCCCCCCCC(O)CCO.CCCCCCCCC(O)CCO,nonionic mixture,0.0,0.0,0.0022999999999068293,,,,,,P2SURF mixture; updated_CMC-Data-for-mixed-micelle.csv; experimental CMC dataset; mol_fraction_A=0.5; mol_fraction_B=0.5; logCMC(uM)=3.36172784 converted to mol/L; https://github.com/sandialabs/P2SURF
CCCCCCCCCCCCC(O)CCO.CCCCCCCCCCCCC(O)CCO,nonionic mixture,0.0,0.0,1.299999999081526e-05,,,,,,P2SURF mixture; updated_CMC-Data-for-mixed-micelle.csv; experimental CMC dataset; mol_fraction_A=0.5; mol_fraction_B=0.5; logCMC(uM)=1.11394335 converted to mol/L; https://github.com/sandialabs/P2SURF
CCCCCCCCOCCO.CCCCCCCCOCCO,nonionic mixture,1.0,0.0,0.004899999999678292,,,,,,P2SURF mixture; updated_CMC-Data-for-mixed-micelle.csv; experimental CMC dataset; mol_fraction_A=0.5; mol_fraction_B=0.5; logCMC(uM)=3.69019608 converted to mol/L; https://github.com/sandialabs/P2SURF
CCCCCCCCOCCOCCOCCO.CCCCCCCCOCCOCCOCCO,nonionic mixture,3.0,0.0,0.007499999993235582,,,,,,P2SURF mixture; updated_CMC-Data-for-mixed-micelle.csv; experimental CMC dataset; mol_fraction_A=0.5; mol_fraction_B=0.5; logCMC(uM)=3.87506126 converted to mol/L; https://github.com/sandialabs/P2SURF
CCCCCCCCOCCOCCOCCOCCOCCO.CCCCCCCCOCCOCCOCCOCCOCCO,nonionic mixture,5.0,0.0,0.009199999992679831,,,,,,P2SURF mixture; updated_CMC-Data-for-mixed-micelle.csv; experimental CMC dataset; mol_fraction_A=0.5; mol_fraction_B=0.5; logCMC(uM)=3.96378783 converted to mol/L; https://github.com/sandialabs/P2SURF
CCCCCCCCOCCOCCOCCOCCOCCOCCO.CCCCCCCCOCCOCCOCCOCCOCCOCCO,nonionic mixture,6.0,0.0,0.009900000009174093,,,,,,P2SURF mixture; updated_CMC-Data-for-mixed-micelle.csv; experimental CMC dataset; mol_fraction_A=0.5; mol_fraction_B=0.5; logCMC(uM)=3.9956352 converted to mol/L; https://github.com/sandialabs/P2SURF
CCCCCCCCCCOCCOCCOCCOCCO.CCCCCCCCCCOCCOCCOCCOCCO,nonionic mixture,4.0,0.0,0.0006800000004599625,,,,,,P2SURF mixture; updated_CMC-Data-for-mixed-micelle.csv; experimental CMC dataset; mol_fraction_A=0.5; mol_fraction_B=0.5; logCMC(uM)=2.83250891 converted to mol/L; https://github.com/sandialabs/P2SURF
CCCCCCCCCCOCCOCCOCCOCCOCCO.CCCCCCCCCCOCCOCCOCCOCCOCCO,nonionic mixture,5.0,0.0,0.000759999999508625,,,,,,P2SURF mixture; updated_CMC-Data-for-mixed-micelle.csv; experimental CMC dataset; mol_fraction_A=0.5; mol_fraction_B=0.5; logCMC(uM)=2.88081359 converted to mol/L; https://github.com/sandialabs/P2SURF
CCCCCCCCCCOCCOCCOCCOCCOCCOCCO.CCCCCCCCCCOCCOCCOCCOCCOCCOCCO,nonionic mixture,6.0,0.0,0.0008999999990895758,,,,,,P2SURF mixture; updated_CMC-Data-for-mixed-micelle.csv; experimental CMC dataset; mol_fraction_A=0.5; mol_fraction_B=0.5; logCMC(uM)=2.95424251 converted to mol/L; https://github.com/sandialabs/P2SURF
CCCCCCCCCCOCCOCCOCCOCCOCCOCCOCCOCCO.CCCCCCCCCCOCCOCCOCCOCCOCCOCCOCCOCCO,nonionic mixture,8.0,0.0,0.001,,,,,,P2SURF mixture; updated_CMC-Data-for-mixed-micelle.csv; experimental CMC dataset; mol_fraction_A=0.5; mol_fraction_B=0.5; logCMC(uM)=3 converted to mol/L; https://github.com/sandialabs/P2SURF
CCCCCCCCCCCOCCOCCOCCOCCOCCOCCOCCOCCO.CCCCCCCCCCCOCCOCCOCCOCCOCCOCCOCCOCCO,nonionic mixture,8.0,0.0,0.0003000000001936504,,,,,,P2SURF mixture; updated_CMC-Data-for-mixed-micelle.csv; experimental CMC dataset; mol_fraction_A=0.5; mol_fraction_B=0.5; logCMC(uM)=2.47712126 converted to mol/L; https://github.com/sandialabs/P2SURF
CCCCCCCCCCCCOCCOCCO.CCCCCCCCCCCCOCCOCCO,nonionic mixture,2.0,0.0,3.300000000927876e-05,,,,,,P2SURF mixture; updated_CMC-Data-for-mixed-micelle.csv; experimental CMC dataset; mol_fraction_A=0.5; mol_fraction_B=0.5; logCMC(uM)=1.51851394 converted to mol/L; https://github.com/sandialabs/P2SURF
CCCCCCCCCCCCOCCOCCOCCO.CCCCCCCCCCCCOCCOCCOCCO,nonionic mixture,3.0,0.0,5.200000004372708e-05,,,,,,P2SURF mixture; updated_CMC-Data-for-mixed-micelle.csv; experimental CMC dataset; mol_fraction_A=0.5; mol_fraction_B=0.5; logCMC(uM)=1.71600334 converted to mol/L; https://github.com/sandialabs/P2SURF
CCCCCCCCCCCCOCCOCCOCCOCCO.CCCCCCCCCCCCOCCOCCOCCOCCO,nonionic mixture,4.0,0.0,6.400000000237447e-05,,,,,,P2SURF mixture; updated_CMC-Data-for-mixed-micelle.csv; experimental CMC dataset; mol_fraction_A=0.5; mol_fraction_B=0.5; logCMC(uM)=1.80617997 converted to mol/L; https://github.com/sandialabs/P2SURF
CCCCCCCCCCCCOCCOCCOCCOCCOCCO.CCCCCCCCCCCCOCCOCCOCCOCCOCCO,nonionic mixture,5.0,0.0,6.400000000237447e-05,,,,,,P2SURF mixture; updated_CMC-Data-for-mixed-micelle.csv; experimental CMC dataset; mol_fraction_A=0.5; mol_fraction_B=0.5; logCMC(uM)=1.80617997 converted to mol/L; https://github.com/sandialabs/P2SURF
CCCCCCCCCCCCOCCOCCOCCOCCOCCOCCOCCO.CCCCCCCCCCCCOCCOCCOCCOCCOCCOCCOCCO,nonionic mixture,7.0,0.0,8.199999992754979e-05,,,,,,P2SURF mixture; updated_CMC-Data-for-mixed-micelle.csv; experimental CMC dataset; mol_fraction_A=0.5; mol_fraction_B=0.5; logCMC(uM)=1.91381385 converted to mol/L; https://github.com/sandialabs/P2SURF
CCCCCCCCCCCCOCCOCCOCCOCCOCCOCCOCCOCCO.CCCCCCCCCCCCOCCOCCOCCOCCOCCOCCOCCOCCO,nonionic mixture,8.0,0.0,0.00010900000001490235,,,,,,P2SURF mixture; updated_CMC-Data-for-mixed-micelle.csv; experimental CMC dataset; mol_fraction_A=0.5; mol_fraction_B=0.5; logCMC(uM)=2.0374265 converted to mol/L; https://github.com/sandialabs/P2SURF
CCCCCCCCCCCCCOCCOCCOCCOCCOCCO.CCCCCCCCCCCCCOCCOCCOCCOCCOCCO,nonionic mixture,5.0,0.0,4.899999999678287e-05,,,,,,P2SURF mixture; updated_CMC-Data-for-mixed-micelle.csv; experimental CMC dataset; mol_fraction_A=0.5; mol_fraction_B=0.5; logCMC(uM)=1.69019608 converted to mol/L; https://github.com/sandialabs/P2SURF
CCCCCCCCCCCCCOCCOCCOCCOCCOCCOCCOCCOCCO.CCCCCCCCCCCCCOCCOCCOCCOCCOCCOCCOCCOCCO,nonionic mixture,8.0,0.0,2.6999999990115812e-05,,,,,,P2SURF mixture; updated_CMC-Data-for-mixed-micelle.csv; experimental CMC dataset; mol_fraction_A=0.5; mol_fraction_B=0.5; logCMC(uM)=1.43136376 converted to mol/L; https://github.com/sandialabs/P2SURF
CCCCCCCCCCCCCCOCCOCCOCCOCCOCCOCCO.CCCCCCCCCCCCCCOCCOCCOCCOCCOCCOCCO,nonionic mixture,6.0,0.0,1e-05,,,,,,P2SURF mixture; updated_CMC-Data-for-mixed-micelle.csv; experimental CMC dataset; mol_fraction_A=0.5; mol_fraction_B=0.5; logCMC(uM)=1 converted to mol/L; https://github.com/sandialabs/P2SURF
CCCCCCCCCCCCCCOCCOCCOCCOCCOCCOCCOCCOCCO.CCCCCCCCCCCCCCOCCOCCOCCOCCOCCOCCOCCOCCO,nonionic mixture,8.0,0.0,8.999999990895758e-06,,,,,,P2SURF mixture; updated_CMC-Data-for-mixed-micelle.csv; experimental CMC dataset; mol_fraction_A=0.5; mol_fraction_B=0.5; logCMC(uM)=0.954242509 converted to mol/L; https://github.com/sandialabs/P2SURF
CCCCCCCCCCCCCCCOCCOCCOCCOCCOCCOCCOCCOCCO.CCCCCCCCCCCCCCCOCCOCCOCCOCCOCCOCCOCCOCCO,nonionic mixture,8.0,0.0,3.4999999971771144e-06,,,,,,P2SURF mixture; updated_CMC-Data-for-mixed-micelle.csv; experimental CMC dataset; mol_fraction_A=0.5; mol_fraction_B=0.5; logCMC(uM)=0.544068044 converted to mol/L; https://github.com/sandialabs/P2SURF
CCCCCCCCCCCCCCCCOCCOCCOCCOCCOCCOCCO.CCCCCCCCCCCCCCCCOCCOCCOCCOCCOCCOCCO,nonionic mixture,6.0,0.0,1.6599999998468975e-06,,,,,,P2SURF mixture; updated_CMC-Data-for-mixed-micelle.csv; experimental CMC dataset; mol_fraction_A=0.5; mol_fraction_B=0.5; logCMC(uM)=0.220108088 converted to mol/L; https://github.com/sandialabs/P2SURF
CCCCCCCCCCCCCCCCOCCOCCOCCOCCOCCOCCOCCO.CCCCCCCCCCCCCCCCOCCOCCOCCOCCOCCOCCOCCO,nonionic mixture,7.0,0.0,1.6999999985192859e-06,,,,,,P2SURF mixture; updated_CMC-Data-for-mixed-micelle.csv; experimental CMC dataset; mol_fraction_A=0.5; mol_fraction_B=0.5; logCMC(uM)=0.230448921 converted to mol/L; https://github.com/sandialabs/P2SURF
CCCCCCCCCCCCCCCCOCCOCCOCCOCCOCCOCCOCCOCCOCCO.CCCCCCCCCCCCCCCCOCCOCCOCCOCCOCCOCCOCCOCCOCCO,nonionic mixture,9.0,0.0,2.1000000012866145e-06,,,,,,P2SURF mixture; updated_CMC-Data-for-mixed-micelle.csv; experimental CMC dataset; mol_fraction_A=0.5; mol_fraction_B=0.5; logCMC(uM)=0.322219295 converted to mol/L; https://github.com/sandialabs/P2SURF
CCCCCCCCCCCCCCCCOCCOCCOCCOCCOCCOCCOCCOCCOCCOCCOCCOCCO.CCCCCCCCCCCCCCCCOCCOCCOCCOCCOCCOCCOCCOCCOCCOCCOCCOCCO,nonionic mixture,12.0,0.0,2.2999999999068293e-06,,,,,,P2SURF mixture; updated_CMC-Data-for-mixed-micelle.csv; experimental CMC dataset; mol_fraction_A=0.5; mol_fraction_B=0.5; logCMC(uM)=0.361727836 converted to mol/L; https://github.com/sandialabs/P2SURF
CCCCCCCCCCCCCCCCOCCOCCOCCOCCOCCOCCOCCOCCOCCOCCOCCOCCOCCOCCOCCO.CCCCCCCCCCCCCCCCOCCOCCOCCOCCOCCOCCOCCOCCOCCOCCOCCOCCOCCOCCOCCO,nonionic mixture,15.0,0.0,3.1000000011829645e-06,,,,,,P2SURF mixture; updated_CMC-Data-for-mixed-micelle.csv; experimental CMC dataset; mol_fraction_A=0.5; mol_fraction_B=0.5; logCMC(uM)=0.491361694 converted to mol/L; https://github.com/sandialabs/P2SURF
CCCCCCCCCCCCCCCCOCCOCCOCCOCCOCCOCCOCCOCCOCCOCCOCCOCCOCCOCCOCCOCCOCCOCCOCCOCCOCCO.CCCCCCCCCCCCCCCCOCCOCCOCCOCCOCCOCCOCCOCCOCCOCCOCCOCCOCCOCCOCCOCCOCCOCCOCCOCCOCCO,nonionic mixture,21.0,0.0,3.899999999762034e-06,,,,,,P2SURF mixture; updated_CMC-Data-for-mixed-micelle.csv; experimental CMC dataset; mol_fraction_A=0.5; mol_fraction_B=0.5; logCMC(uM)=0.591064607 converted to mol/L; https://github.com/sandialabs/P2SURF
CCCCCCCCCCCC(=O)N(CCO)CCO.CCCCCCCCCCCC(=O)N(CCO)CCO,nonionic mixture,0.0,0.0,0.0002640000000791274,,,,,,P2SURF mixture; updated_CMC-Data-for-mixed-micelle.csv; experimental CMC dataset; mol_fraction_A=0.5; mol_fraction_B=0.5; logCMC(uM)=2.42160393 converted to mol/L; https://github.com/sandialabs/P2SURF
OCCOCCOCCSCCC(F)(F)C(F)(F)C(F)(F)C(F)(F)C(F)(F)C(F)(F)F.OCCOCCOCCSCCC(F)(F)C(F)(F)C(F)(F)C(F)(F)C(F)(F)C(F)(F)F,nonionic mixture,3.0,0.0,0.0025000000018879035,,,,,,P2SURF mixture; updated_CMC-Data-for-mixed-micelle.csv; experimental CMC dataset; mol_fraction_A=0.5; mol_fraction_B=0.5; logCMC(uM)=3.39794001 converted to mol/L; https://github.com/sandialabs/P2SURF
OCCOCCOCCOCCSCCC(F)(F)C(F)(F)C(F)(F)C(F)(F)C(F)(F)C(F)(F)F.OCCOCCOCCOCCSCCC(F)(F)C(F)(F)C(F)(F)C(F)(F)C(F)(F)C(F)(F)F,nonionic mixture,4.0,0.0,0.0027999999977936303,,,,,,P2SURF mixture; updated_CMC-Data-for-mixed-micelle.csv; experimental CMC dataset; mol_fraction_A=0.5; mol_fraction_B=0.5; logCMC(uM)=3.44715803 converted to mol/L; https://github.com/sandialabs/P2SURF
OCCOCCOCCOCCOCCOCCSCCC(F)(F)C(F)(F)C(F)(F)C(F)(F)C(F)(F)C(F)(F)F.OCCOCCOCCOCCOCCOCCSCCC(F)(F)C(F)(F)C(F)(F)C(F)(F)C(F)(F)C(F)(F)F,nonionic mixture,6.0,0.0,0.0036999999994292328,,,,,,P2SURF mixture; updated_CMC-Data-for-mixed-micelle.csv; experimental CMC dataset; mol_fraction_A=0.5; mol_fraction_B=0.5; logCMC(uM)=3.56820172 converted to mol/L; https://github.com/sandialabs/P2SURF
OCCOCCOCCOCCOCCOCCOCCOCCSCCC(F)(F)C(F)(F)C(F)(F)C(F)(F)C(F)(F)C(F)(F)F.OCCOCCOCCOCCOCCOCCOCCOCCSCCC(F)(F)C(F)(F)C(F)(F)C(F)(F)C(F)(F)C(F)(F)F,nonionic mixture,8.0,0.0,0.0047999999958488575,,,,,,P2SURF mixture; updated_CMC-Data-for-mixed-micelle.csv; experimental CMC dataset; mol_fraction_A=0.5; mol_fraction_B=0.5; logCMC(uM)=3.68124124 converted to mol/L; https://github.com/sandialabs/P2SURF
CCCCCCNC(=O)C(O)C(O)C(OC1OC(CO)C(O)C(O)C1O)C(O)CO.CCCCCCNC(=O)C(O)C(O)C(OC1OC(CO)C(O)C(O)C1O)C(O)CO,nonionic mixture,0.0,0.0,0.08299999992812687,,,,,,P2SURF mixture; updated_CMC-Data-for-mixed-micelle.csv; experimental CMC dataset; mol_fraction_A=0.5; mol_fraction_B=0.5; logCMC(uM)=4.91907809 converted to mol/L; https://github.com/sandialabs/P2SURF
CC(C)(C)CC(C)(C)c1ccc(OCCOCCOCCOCCOCCOCCOCCOCCOCCOCCO)cc1.CC(C)(C)CC(C)(C)c1ccc(OCCOCCOCCOCCOCCOCCOCCOCCOCCOCCO)cc1,nonionic mixture,10.0,0.0,0.00033000000009278765,,,,,,P2SURF mixture; updated_CMC-Data-for-mixed-micelle.csv; experimental CMC dataset; mol_fraction_A=0.5; mol_fraction_B=0.5; logCMC(uM)=2.51851394 converted to mol/L; https://github.com/sandialabs/P2SURF
CC(C)(C)CC(C)(C)c1ccc(OCCOCCO)cc1.CC(C)(C)CC(C)(C)c1ccc(OCCOCCO)cc1,nonionic mixture,2.0,0.0,0.00012999999990815275,,,,,,P2SURF mixture; updated_CMC-Data-for-mixed-micelle.csv; experimental CMC dataset; mol_fraction_A=0.5; mol_fraction_B=0.5; logCMC(uM)=2.11394335 converted to mol/L; https://github.com/sandialabs/P2SURF
CC(C)(C)CC(C)(C)c1ccc(OCCOCCOCCO)cc1.CC(C)(C)CC(C)(C)c1ccc(OCCOCCOCCO)cc1,nonionic mixture,3.0,0.0,9.699999994053391e-05,,,,,,P2SURF mixture; updated_CMC-Data-for-mixed-micelle.csv; experimental CMC dataset; mol_fraction_A=0.5; mol_fraction_B=0.5; logCMC(uM)=1.98677173 converted to mol/L; https://github.com/sandialabs/P2SURF
CC(C)(C)CC(C)(C)c1ccc(OCCOCCOCCOCCO)cc1.CC(C)(C)CC(C)(C)c1ccc(OCCOCCOCCOCCO)cc1,nonionic mixture,4.0,0.0,0.00012999999990815275,,,,,,P2SURF mixture; updated_CMC-Data-for-mixed-micelle.csv; experimental CMC dataset; mol_fraction_A=0.5; mol_fraction_B=0.5; logCMC(uM)=2.11394335 converted to mol/L; https://github.com/sandialabs/P2SURF
CC(C)(C)CC(C)(C)c1ccc(OCCOCCOCCOCCOCCO)cc1.CC(C)(C)CC(C)(C)c1ccc(OCCOCCOCCOCCOCCO)cc1,nonionic mixture,5.0,0.0,0.0001499999999807684,,,,,,P2SURF mixture; updated_CMC-Data-for-mixed-micelle.csv; experimental CMC dataset; mol_fraction_A=0.5; mol_fraction_B=0.5; logCMC(uM)=2.17609126 converted to mol/L; https://github.com/sandialabs/P2SURF
CC(C)(C)CC(C)(C)c1ccc(OCCOCCOCCOCCOCCOCCO)cc1.CC(C)(C)CC(C)(C)c1ccc(OCCOCCOCCOCCOCCOCCO)cc1,nonionic mixture,6.0,0.0,0.00021000000012866144,,,,,,P2SURF mixture; updated_CMC-Data-for-mixed-micelle.csv; experimental CMC dataset; mol_fraction_A=0.5; mol_fraction_B=0.5; logCMC(uM)=2.3222193 converted to mol/L; https://github.com/sandialabs/P2SURF
CC(C)(C)CC(C)(C)c1ccc(OCCOCCOCCOCCOCCOCCOCCO)cc1.CC(C)(C)CC(C)(C)c1ccc(OCCOCCOCCOCCOCCOCCOCCO)cc1,nonionic mixture,7.0,0.0,0.00025000000018879034,,,,,,P2SURF mixture; updated_CMC-Data-for-mixed-micelle.csv; experimental CMC dataset; mol_fraction_A=0.5; mol_fraction_B=0.5; logCMC(uM)=2.39794001 converted to mol/L; https://github.com/sandialabs/P2SURF
CC(C)(C)CC(C)(C)c1ccc(OCCOCCOCCOCCOCCOCCOCCOCCO)cc1.CC(C)(C)CC(C)(C)c1ccc(OCCOCCOCCOCCOCCOCCOCCOCCO)cc1,nonionic mixture,8.0,0.0,0.000279999999779363,,,,,,P2SURF mixture; updated_CMC-Data-for-mixed-micelle.csv; experimental CMC dataset; mol_fraction_A=0.5; mol_fraction_B=0.5; logCMC(uM)=2.44715803 converted to mol/L; https://github.com/sandialabs/P2SURF
CC(C)(C)CC(C)(C)c1ccc(OCCOCCOCCOCCOCCOCCOCCOCCOCCO)cc1.CC(C)(C)CC(C)(C)c1ccc(OCCOCCOCCOCCOCCOCCOCCOCCOCCO)cc1,nonionic mixture,9.0,0.0,0.0003000000001936504,,,,,,P2SURF mixture; updated_CMC-Data-for-mixed-micelle.csv; experimental CMC dataset; mol_fraction_A=0.5; mol_fraction_B=0.5; logCMC(uM)=2.47712126 converted to mol/L; https://github.com/sandialabs/P2SURF
CCCCCCCCC=CCCCCCCCC(=O)OC1(OC2(CO)OC(CO)C(O)C2O)OC(CO)C(O)C(O)C1O.CCCCCCCCC=CCCCCCCCC(=O)OC1(OC2(CO)OC(CO)C(O)C2O)OC(CO)C(O)C(O)C1O,nonionic mixture,0.0,0.0,5.099999998849914e-06,,,,,,P2SURF mixture; updated_CMC-Data-for-mixed-micelle.csv; experimental CMC dataset; mol_fraction_A=0.5; mol_fraction_B=0.5; logCMC(uM)=0.707570176 converted to mol/L; https://github.com/sandialabs/P2SURF
CCCCCCCCCC(=O)CC(=O)NC1CCOC1=O.CCCCCCCCCC(=O)CC(=O)NC1CCOC1=O,nonionic mixture,0.0,0.0,9.699999994053391e-05,,,,,,P2SURF mixture; updated_CMC-Data-for-mixed-micelle.csv; experimental CMC dataset; mol_fraction_A=0.5; mol_fraction_B=0.5; logCMC(uM)=1.98677173 converted to mol/L; https://github.com/sandialabs/P2SURF
CCCCCC(=O)CC(=O)NC1CCOC1=O.CCCCCC(=O)CC(=O)NC1CCOC1=O,nonionic mixture,0.0,0.0,0.0021700000007568387,,,,,,P2SURF mixture; updated_CMC-Data-for-mixed-micelle.csv; experimental CMC dataset; mol_fraction_A=0.5; mol_fraction_B=0.5; logCMC(uM)=3.33645973 converted to mol/L; https://github.com/sandialabs/P2SURF
CCCCCCCCCCCC(=O)NC1CCOC1=O.CCCCCCCCCCCC(=O)NC1CCOC1=O,nonionic mixture,0.0,0.0,3.999999996979354e-06,,,,,,P2SURF mixture; updated_CMC-Data-for-mixed-micelle.csv; experimental CMC dataset; mol_fraction_A=0.5; mol_fraction_B=0.5; logCMC(uM)=0.602059991 converted to mol/L; https://github.com/sandialabs/P2SURF
CCCCCCCCCCCCCCCC(=O)NC1CCOC1=O.CCCCCCCCCCCCCCCC(=O)NC1CCOC1=O,nonionic mixture,0.0,0.0,1.60000000126762e-07,,,,,,P2SURF mixture; updated_CMC-Data-for-mixed-micelle.csv; experimental CMC dataset; mol_fraction_A=0.5; mol_fraction_B=0.5; logCMC(uM)=-0.795880017 converted to mol/L; https://github.com/sandialabs/P2SURF
CCCCCCCCOCC(O)CO.CCCCCCCCOCC(O)CO,nonionic mixture,0.0,0.0,0.005800000005836972,,,,,,P2SURF mixture; updated_CMC-Data-for-mixed-micelle.csv; experimental CMC dataset; mol_fraction_A=0.5; mol_fraction_B=0.5; logCMC(uM)=3.76342799 converted to mol/L; https://github.com/sandialabs/P2SURF
CCCCCCCCOC1OC(CO)C(O)C(O)C1O.CCCCCCCCOC1OC(CO)C(O)C(O)C1O,nonionic mixture,0.0,0.0,0.025000000018879035,,,,,,P2SURF mixture; updated_CMC-Data-for-mixed-micelle.csv; experimental CMC dataset; mol_fraction_A=0.5; mol_fraction_B=0.5; logCMC(uM)=4.39794001 converted to mol/L; https://github.com/sandialabs/P2SURF
CCCCOCC(O)C(O)C(O)CO.CCCCOCC(O)C(O)C(O)CO,nonionic mixture,0.0,0.0,0.05800000005836966,,,,,,P2SURF mixture; updated_CMC-Data-for-mixed-micelle.csv; experimental CMC dataset; mol_fraction_A=0.5; mol_fraction_B=0.5; logCMC(uM)=4.76342799 converted to mol/L; https://github.com/sandialabs/P2SURF
CCCCCCCCCC(=O)OCC(O)C(O)C(O)CO.CCCCCCCCCC(=O)OCC(O)C(O)C(O)CO,nonionic mixture,0.0,0.0,0.0017999999995718331,,,,,,P2SURF mixture; updated_CMC-Data-for-mixed-micelle.csv; experimental CMC dataset; mol_fraction_A=0.5; mol_fraction_B=0.5; logCMC(uM)=3.25527251 converted to mol/L; https://github.com/sandialabs/P2SURF
CCCCCCC(=O)OCC(O)C(O)C(O)CO.CCCCCCC(=O)OCC(O)C(O)C(O)CO,nonionic mixture,0.0,0.0,0.01,,,,,,P2SURF mixture; updated_CMC-Data-for-mixed-micelle.csv; experimental CMC dataset; mol_fraction_A=0.5; mol_fraction_B=0.5; logCMC(uM)=4 converted to mol/L; https://github.com/sandialabs/P2SURF
CCCCCCCOCC(O)C(O)C(O)CO.CCCCCCCOCC(O)C(O)C(O)CO,nonionic mixture,0.0,0.0,0.009199999992679831,,,,,,P2SURF mixture; updated_CMC-Data-for-mixed-micelle.csv; experimental CMC dataset; mol_fraction_A=0.5; mol_fraction_B=0.5; logCMC(uM)=3.96378783 converted to mol/L; https://github.com/sandialabs/P2SURF
CCCCCC(=O)OCC(O)C(O)C(O)CO.CCCCCC(=O)OCC(O)C(O)C(O)CO,nonionic mixture,0.0,0.0,0.05800000005836966,,,,,,P2SURF mixture; updated_CMC-Data-for-mixed-micelle.csv; experimental CMC dataset; mol_fraction_A=0.5; mol_fraction_B=0.5; logCMC(uM)=4.76342799 converted to mol/L; https://github.com/sandialabs/P2SURF
CCCCCCOCC(O)C(O)C(O)CO.CCCCCCOCC(O)C(O)C(O)CO,nonionic mixture,0.0,0.0,0.00940000000866424,,,,,,P2SURF mixture; updated_CMC-Data-for-mixed-micelle.csv; experimental CMC dataset; mol_fraction_A=0.5; mol_fraction_B=0.5; logCMC(uM)=3.97312785 converted to mol/L; https://github.com/sandialabs/P2SURF
CCCCCCCCC(=O)OCC(O)C(O)C(O)CO.CCCCCCCCC(=O)OCC(O)C(O)C(O)CO,nonionic mixture,0.0,0.0,0.004399999995074252,,,,,,P2SURF mixture; updated_CMC-Data-for-mixed-micelle.csv; experimental CMC dataset; mol_fraction_A=0.5; mol_fraction_B=0.5; logCMC(uM)=3.64345268 converted to mol/L; https://github.com/sandialabs/P2SURF
CCCCCCCCCOCC(O)C(O)C(O)CO.CCCCCCCCCOCC(O)C(O)C(O)CO,nonionic mixture,0.0,0.0,0.0021000000012866143,,,,,,P2SURF mixture; updated_CMC-Data-for-mixed-micelle.csv; experimental CMC dataset; mol_fraction_A=0.5; mol_fraction_B=0.5; logCMC(uM)=3.3222193 converted to mol/L; https://github.com/sandialabs/P2SURF
CCCCCCCC(=O)OCC(O)C(O)C(O)CO.CCCCCCCC(=O)OCC(O)C(O)C(O)CO,nonionic mixture,0.0,0.0,0.017999999995718313,,,,,,P2SURF mixture; updated_CMC-Data-for-mixed-micelle.csv; experimental CMC dataset; mol_fraction_A=0.5; mol_fraction_B=0.5; logCMC(uM)=4.2552725 converted to mol/L; https://github.com/sandialabs/P2SURF
CCCCCCCCOCC(O)C(O)C(O)CO.CCCCCCCCOCC(O)C(O)C(O)CO,nonionic mixture,0.0,0.0,0.006700000004615447,,,,,,P2SURF mixture; updated_CMC-Data-for-mixed-micelle.csv; experimental CMC dataset; mol_fraction_A=0.5; mol_fraction_B=0.5; logCMC(uM)=3.8260748 converted to mol/L; https://github.com/sandialabs/P2SURF
CCCCC(=O)OCC(O)C(O)C(O)CO.CCCCC(=O)OCC(O)C(O)C(O)CO,nonionic mixture,0.0,0.0,0.1199999999868408,,,,,,P2SURF mixture; updated_CMC-Data-for-mixed-micelle.csv; experimental CMC dataset; mol_fraction_A=0.5; mol_fraction_B=0.5; logCMC(uM)=5.07918125 converted to mol/L; https://github.com/sandialabs/P2SURF
CCCCCOCC(O)C(O)C(O)CO.CCCCCOCC(O)C(O)C(O)CO,nonionic mixture,0.0,0.0,0.0380000000335284,,,,,,P2SURF mixture; updated_CMC-Data-for-mixed-micelle.csv; experimental CMC dataset; mol_fraction_A=0.5; mol_fraction_B=0.5; logCMC(uM)=4.5797836 converted to mol/L; https://github.com/sandialabs/P2SURF
CCCCSCC(O)C(O)C(O)CO.CCCCSCC(O)C(O)C(O)CO,nonionic mixture,0.0,0.0,0.1799999999571831,,,,,,P2SURF mixture; updated_CMC-Data-for-mixed-micelle.csv; experimental CMC dataset; mol_fraction_A=0.5; mol_fraction_B=0.5; logCMC(uM)=5.2552725 converted to mol/L; https://github.com/sandialabs/P2SURF
CCCCCSCC(O)C(O)C(O)CO.CCCCCSCC(O)C(O)C(O)CO,nonionic mixture,0.0,0.0,0.046000000033727284,,,,,,P2SURF mixture; updated_CMC-Data-for-mixed-micelle.csv; experimental CMC dataset; mol_fraction_A=0.5; mol_fraction_B=0.5; logCMC(uM)=4.66275783 converted to mol/L; https://github.com/sandialabs/P2SURF
CCCCCC(CCCC)OC1OC(CO)C(O)C(O)C1O.CCCCCC(CCCC)OC1OC(CO)C(O)C(O)C1O,nonionic mixture,0.0,0.0,0.014999999998076826,,,,,,P2SURF mixture; updated_CMC-Data-for-mixed-micelle.csv; experimental CMC dataset; mol_fraction_A=0.5; mol_fraction_B=0.5; logCMC(uM)=4.17609126 converted to mol/L; https://github.com/sandialabs/P2SURF
CCCCCCCC(CC)OC1OC(CO)C(O)C(O)C1O.CCCCCCCC(CC)OC1OC(CO)C(O)C(O)C1O,nonionic mixture,0.0,0.0,0.008500000005591852,,,,,,P2SURF mixture; updated_CMC-Data-for-mixed-micelle.csv; experimental CMC dataset; mol_fraction_A=0.5; mol_fraction_B=0.5; logCMC(uM)=3.92941893 converted to mol/L; https://github.com/sandialabs/P2SURF
CCCCCCCCC(C)OC1OC(CO)C(O)C(O)C1O.CCCCCCCCC(C)OC1OC(CO)C(O)C(O)C1O,nonionic mixture,0.0,0.0,0.004500000002327804,,,,,,P2SURF mixture; updated_CMC-Data-for-mixed-micelle.csv; experimental CMC dataset; mol_fraction_A=0.5; mol_fraction_B=0.5; logCMC(uM)=3.65321251 converted to mol/L; https://github.com/sandialabs/P2SURF
CCCCCCC(CCC)OC1OC(CO)C(O)C(O)C1O.CCCCCCC(CCC)OC1OC(CO)C(O)C(O)C1O,nonionic mixture,0.0,0.0,0.01199999999868408,,,,,,P2SURF mixture; updated_CMC-Data-for-mixed-micelle.csv; experimental CMC dataset; mol_fraction_A=0.5; mol_fraction_B=0.5; logCMC(uM)=4.07918125 converted to mol/L; https://github.com/sandialabs/P2SURF
CCCCCCCCCCCC(=O)OCC1OC(OC2C(CO)OC(O)C(O)C2O)C(O)C(O)C1O.CCCCCCCCCCCC(=O)OCC1OC(OC2C(CO)OC(O)C(O)C2O)C(O)C(O)C1O,nonionic mixture,0.0,0.0,0.00033000000009278765,,,,,,P2SURF mixture; updated_CMC-Data-for-mixed-micelle.csv; experimental CMC dataset; mol_fraction_A=0.5; mol_fraction_B=0.5; logCMC(uM)=2.51851394 converted to mol/L; https://github.com/sandialabs/P2SURF
CCCCCCCC(CCCCCC)SCCC(=O)OCC1(O)C(O)C(O)C(O)C1O.CCCCCCCC(CCCCCC)SCCC(=O)OCC1(O)C(O)C(O)C(O)C1O,nonionic mixture,0.0,0.0,6.299999993420215e-06,,,,,,P2SURF mixture; updated_CMC-Data-for-mixed-micelle.csv; experimental CMC dataset; mol_fraction_A=0.5; mol_fraction_B=0.5; logCMC(uM)=0.799340549 converted to mol/L; https://github.com/sandialabs/P2SURF
CCCCCCCCCC(=O)N(C)CC(O)C(O)C(O)C(O)CO.CCCCCCCCCC(=O)N(C)CC(O)C(O)C(O)C(O)CO,nonionic mixture,0.0,0.0,0.006700000004615447,,,,,,P2SURF mixture; updated_CMC-Data-for-mixed-micelle.csv; experimental CMC dataset; mol_fraction_A=0.5; mol_fraction_B=0.5; logCMC(uM)=3.8260748 converted to mol/L; https://github.com/sandialabs/P2SURF
CCCCCCCCC(=O)N(C)CC(O)C(O)C(O)C(O)CO.CCCCCCCCC(=O)N(C)CC(O)C(O)C(O)C(O)CO,nonionic mixture,0.0,0.0,0.021000000012866143,,,,,,P2SURF mixture; updated_CMC-Data-for-mixed-micelle.csv; experimental CMC dataset; mol_fraction_A=0.5; mol_fraction_B=0.5; logCMC(uM)=4.3222193 converted to mol/L; https://github.com/sandialabs/P2SURF
CCCCCCCC(=O)N(C)CC(O)C(O)C(O)C(O)CO.CCCCCCCC(=O)N(C)CC(O)C(O)C(O)C(O)CO,nonionic mixture,0.0,0.0,0.06900000004174447,,,,,,P2SURF mixture; updated_CMC-Data-for-mixed-micelle.csv; experimental CMC dataset; mol_fraction_A=0.5; mol_fraction_B=0.5; logCMC(uM)=4.83884909 converted to mol/L; https://github.com/sandialabs/P2SURF
CCCCCCCCCCCC(=O)OCC1OC(OCC2OC(OC3(CO)OC(CO)C(O)C3O)C(O)C(O)C2O)C(O)C(O)C1O.CCCCCCCCCCCC(=O)OCC1OC(OCC2OC(OC3(CO)OC(CO)C(O)C3O)C(O)C(O)C2O)C(O)C(O)C1O,nonionic mixture,0.0,0.0,0.0009499999993681583,,,,,,P2SURF mixture; updated_CMC-Data-for-mixed-micelle.csv; experimental CMC dataset; mol_fraction_A=0.5; mol_fraction_B=0.5; logCMC(uM)=2.9777236 converted to mol/L; https://github.com/sandialabs/P2SURF
CCCCCCCCCCCC(=O)OCC1OC(OCC2OC(OCC3OC(OC4(CO)OC(CO)C(O)C4O)C(O)C(O)C3O)C(O)C(O)C2O)C(O)C(O)C1O.CCCCCCCCCCCC(=O)OCC1OC(OCC2OC(OCC3OC(OC4(CO)OC(CO)C(O)C4O)C(O)C(O)C3O)C(O)C(O)C2O)C(O)C(O)C1O,nonionic mixture,0.0,0.0,0.0022999999999068293,,,,,,P2SURF mixture; updated_CMC-Data-for-mixed-micelle.csv; experimental CMC dataset; mol_fraction_A=0.5; mol_fraction_B=0.5; logCMC(uM)=3.36172784 converted to mol/L; https://github.com/sandialabs/P2SURF
CCCCCCCCCCCC(=O)OCC1OC(OC2(CO)OC(CO)C(O)C2O)C(O)C(O)C1O.CCCCCCCCCCCC(=O)OCC1OC(OC2(CO)OC(CO)C(O)C2O)C(O)C(O)C1O,nonionic mixture,0.0,0.0,0.00046000000033727335,,,,,,P2SURF mixture; updated_CMC-Data-for-mixed-micelle.csv; experimental CMC dataset; mol_fraction_A=0.5; mol_fraction_B=0.5; logCMC(uM)=2.66275783 converted to mol/L; https://github.com/sandialabs/P2SURF
CCCCCCCCCCSCC(O)C(O)C(O)CO.CCCCCCCCCCSCC(O)C(O)C(O)CO,nonionic mixture,0.0,0.0,0.00039999999969793544,,,,,,P2SURF mixture; updated_CMC-Data-for-mixed-micelle.csv; experimental CMC dataset; mol_fraction_A=0.5; mol_fraction_B=0.5; logCMC(uM)=2.60205999 converted to mol/L; https://github.com/sandialabs/P2SURF
CCCCCCCCCCSC1OC(=O)C(O)C1O.CCCCCCCCCCSC1OC(=O)C(O)C1O,nonionic mixture,0.0,0.0,3.300000000927876e-05,,,,,,P2SURF mixture; updated_CMC-Data-for-mixed-micelle.csv; experimental CMC dataset; mol_fraction_A=0.5; mol_fraction_B=0.5; logCMC(uM)=1.51851394 converted to mol/L; https://github.com/sandialabs/P2SURF
CCCCCCSCC(O)C(O)C(O)CO.CCCCCCSCC(O)C(O)C(O)CO,nonionic mixture,0.0,0.0,0.01199999999868408,,,,,,P2SURF mixture; updated_CMC-Data-for-mixed-micelle.csv; experimental CMC dataset; mol_fraction_A=0.5; mol_fraction_B=0.5; logCMC(uM)=4.07918125 converted to mol/L; https://github.com/sandialabs/P2SURF
CCCCCCSC1OC(=O)C(O)C1O.CCCCCCSC1OC(=O)C(O)C1O,nonionic mixture,0.0,0.0,0.006700000004615447,,,,,,P2SURF mixture; updated_CMC-Data-for-mixed-micelle.csv; experimental CMC dataset; mol_fraction_A=0.5; mol_fraction_B=0.5; logCMC(uM)=3.8260748 converted to mol/L; https://github.com/sandialabs/P2SURF
CCCCCCCCSCC(O)C(O)C(O)CO.CCCCCCCCSCC(O)C(O)C(O)CO,nonionic mixture,0.0,0.0,0.001199999999868408,,,,,,P2SURF mixture; updated_CMC-Data-for-mixed-micelle.csv; experimental CMC dataset; mol_fraction_A=0.5; mol_fraction_B=0.5; logCMC(uM)=3.07918125 converted to mol/L; https://github.com/sandialabs/P2SURF
CCCCCCCCSC1OC(=O)C(O)C1O.CCCCCCCCSC1OC(=O)C(O)C1O,nonionic mixture,0.0,0.0,0.0004799999995848857,,,,,,P2SURF mixture; updated_CMC-Data-for-mixed-micelle.csv; experimental CMC dataset; mol_fraction_A=0.5; mol_fraction_B=0.5; logCMC(uM)=2.68124124 converted to mol/L; https://github.com/sandialabs/P2SURF
CCCCCCCC(=O)NC1C(O)OC(CO)C(O)C1O.CCCCCCCC(=O)NC1C(O)OC(CO)C(O)C1O,nonionic mixture,0.0,0.0,0.045000000023278044,,,,,,P2SURF mixture; updated_CMC-Data-for-mixed-micelle.csv; experimental CMC dataset; mol_fraction_A=0.5; mol_fraction_B=0.5; logCMC(uM)=4.65321251 converted to mol/L; https://github.com/sandialabs/P2SURF
CCCCCCCC(=O)NC1OC(CO)C(O)C(O)C1O.CCCCCCCC(=O)NC1OC(CO)C(O)C(O)C1O,nonionic mixture,0.0,0.0,0.06999999999770205,,,,,,P2SURF mixture; updated_CMC-Data-for-mixed-micelle.csv; experimental CMC dataset; mol_fraction_A=0.5; mol_fraction_B=0.5; logCMC(uM)=4.84509804 converted to mol/L; https://github.com/sandialabs/P2SURF
CC(C)CCCC(C)CCOC1OC(CO)C(O)C(O)C1O.CC(C)CCCC(C)CCOC1OC(CO)C(O)C(O)C1O,nonionic mixture,0.0,0.0,0.003999999996979355,,,,,,P2SURF mixture; updated_CMC-Data-for-mixed-micelle.csv; experimental CMC dataset; mol_fraction_A=0.5; mol_fraction_B=0.5; logCMC(uM)=3.60205999 converted to mol/L; https://github.com/sandialabs/P2SURF
CC(C)CCCC(C)CCOC1OC(CO)C(OC2OC(CO)C(O)C(O)C2O)C(O)C1O.CC(C)CCCC(C)CCOC1OC(CO)C(OC2OC(CO)C(O)C(O)C2O)C(O)C1O,nonionic mixture,0.0,0.0,0.005300000004871852,,,,,,P2SURF mixture; updated_CMC-Data-for-mixed-micelle.csv; experimental CMC dataset; mol_fraction_A=0.5; mol_fraction_B=0.5; logCMC(uM)=3.72427587 converted to mol/L; https://github.com/sandialabs/P2SURF
CC(C)CCCC(C)CCOC1OC(CO)C(OC2OC(CO)C(OC3OC(CO)C(O)C(O)C3O)C(O)C2O)C(O)C1O.CC(C)CCCC(C)CCOC1OC(CO)C(OC2OC(CO)C(OC3OC(CO)C(O)C(O)C3O)C(O)C2O)C(O)C1O,nonionic mixture,0.0,0.0,0.00499999999613144,,,,,,P2SURF mixture; updated_CMC-Data-for-mixed-micelle.csv; experimental CMC dataset; mol_fraction_A=0.5; mol_fraction_B=0.5; logCMC(uM)=3.69897 converted to mol/L; https://github.com/sandialabs/P2SURF
CCCCCCCCCOC1OC(CO)C(O)C(O)C1N.CCCCCCCCCOC1OC(CO)C(O)C(O)C1N,nonionic mixture,0.0,0.0,0.006999999999770205,,,,,,P2SURF mixture; updated_CMC-Data-for-mixed-micelle.csv; experimental CMC dataset; mol_fraction_A=0.5; mol_fraction_B=0.5; logCMC(uM)=3.84509804 converted to mol/L; https://github.com/sandialabs/P2SURF
CCCCCCCCOC1OC(CO)C(O)C(O)C1N.CCCCCCCCOC1OC(CO)C(O)C(O)C1N,nonionic mixture,0.0,0.0,0.022999999999068294,,,,,,P2SURF mixture; updated_CMC-Data-for-mixed-micelle.csv; experimental CMC dataset; mol_fraction_A=0.5; mol_fraction_B=0.5; logCMC(uM)=4.36172784 converted to mol/L; https://github.com/sandialabs/P2SURF
CCCCCCCCCCN(C)C(=O)C(O)C(O)C(O)C(O)CO.CCCCCCCCCCN(C)C(=O)C(O)C(O)C(O)C(O)CO,nonionic mixture,0.0,0.0,0.0012999999990815274,,,,,,P2SURF mixture; updated_CMC-Data-for-mixed-micelle.csv; experimental CMC dataset; mol_fraction_A=0.5; mol_fraction_B=0.5; logCMC(uM)=3.11394335 converted to mol/L; https://github.com/sandialabs/P2SURF
CCCCCCCCCCN(C)C(=O)C(O)C(O)C(OC1OC(CO)C(O)C(O)C1O)C(O)CO.CCCCCCCCCCN(C)C(=O)C(O)C(O)C(OC1OC(CO)C(O)C(O)C1O)C(O)CO,nonionic mixture,0.0,0.0,0.0022999999999068293,,,,,,P2SURF mixture; updated_CMC-Data-for-mixed-micelle.csv; experimental CMC dataset; mol_fraction_A=0.5; mol_fraction_B=0.5; logCMC(uM)=3.36172784 converted to mol/L; https://github.com/sandialabs/P2SURF
CCCCCCCCCCCCN(C)C(=O)C(O)C(O)C(O)C(O)CO.CCCCCCCCCCCCN(C)C(=O)C(O)C(O)C(O)C(O)CO,nonionic mixture,0.0,0.0,0.00014000000010372377,,,,,,P2SURF mixture; updated_CMC-Data-for-mixed-micelle.csv; experimental CMC dataset; mol_fraction_A=0.5; mol_fraction_B=0.5; logCMC(uM)=2.14612804 converted to mol/L; https://github.com/sandialabs/P2SURF
CCCCCCCCCCCCN(C)C(=O)C(O)C(O)C(OC1OC(CO)C(O)C(O)C1O)C(O)CO.CCCCCCCCCCCCN(C)C(=O)C(O)C(O)C(OC1OC(CO)C(O)C(O)C1O)C(O)CO,nonionic mixture,0.0,0.0,0.00025000000018879034,,,,,,P2SURF mixture; updated_CMC-Data-for-mixed-micelle.csv; experimental CMC dataset; mol_fraction_A=0.5; mol_fraction_B=0.5; logCMC(uM)=2.39794001 converted to mol/L; https://github.com/sandialabs/P2SURF
CCCCCCCCCCCCCCCCN(C)C(=O)C(O)C(O)C(OC1OC(CO)C(O)C(O)C1O)C(O)CO.CCCCCCCCCCCCCCCCN(C)C(=O)C(O)C(O)C(OC1OC(CO)C(O)C(O)C1O)C(O)CO,nonionic mixture,0.0,0.0,9.300000009552056e-06,,,,,,P2SURF mixture; updated_CMC-Data-for-mixed-micelle.csv; experimental CMC dataset; mol_fraction_A=0.5; mol_fraction_B=0.5; logCMC(uM)=0.968482949 converted to mol/L; https://github.com/sandialabs/P2SURF
CCCCCCCCCCCCCCCCCCN(C)C(=O)C(O)C(O)C(OC1OC(CO)C(O)C(O)C1O)C(O)CO.CCCCCCCCCCCCCCCCCCN(C)C(=O)C(O)C(O)C(OC1OC(CO)C(O)C(O)C1O)C(O)CO,nonionic mixture,0.0,0.0,3.300000000927876e-06,,,,,,P2SURF mixture; updated_CMC-Data-for-mixed-micelle.csv; experimental CMC dataset; mol_fraction_A=0.5; mol_fraction_B=0.5; logCMC(uM)=0.51851394 converted to mol/L; https://github.com/sandialabs/P2SURF
CCCCCCCCC=CCCCCCCCCN(C)C(=O)C(O)C(O)C(O)C(O)CO.CCCCCCCCC=CCCCCCCCCN(C)C(=O)C(O)C(O)C(O)C(O)CO,nonionic mixture,0.0,0.0,3.199999997642849e-05,,,,,,P2SURF mixture; updated_CMC-Data-for-mixed-micelle.csv; experimental CMC dataset; mol_fraction_A=0.5; mol_fraction_B=0.5; logCMC(uM)=1.50514998 converted to mol/L; https://github.com/sandialabs/P2SURF
CCCCCCCCC=CCCCCCCCCN(C)C(=O)C(O)C(O)C(OC1OC(CO)C(O)C(O)C1O)C(O)CO.CCCCCCCCC=CCCCCCCCCN(C)C(=O)C(O)C(O)C(OC1OC(CO)C(O)C(O)C1O)C(O)CO,nonionic mixture,0.0,0.0,5.400000002201201e-05,,,,,,P2SURF mixture; updated_CMC-Data-for-mixed-micelle.csv; experimental CMC dataset; mol_fraction_A=0.5; mol_fraction_B=0.5; logCMC(uM)=1.73239376 converted to mol/L; https://github.com/sandialabs/P2SURF
CCCCCCCCCCCCCCN(C)C(=O)C(O)C(O)C(O)C(O)CO.CCCCCCCCCCCCCCN(C)C(=O)C(O)C(O)C(O)C(O)CO,nonionic mixture,0.0,0.0,2.4000000015937224e-05,,,,,,P2SURF mixture; updated_CMC-Data-for-mixed-micelle.csv; experimental CMC dataset; mol_fraction_A=0.5; mol_fraction_B=0.5; logCMC(uM)=1.38021124 converted to mol/L; https://github.com/sandialabs/P2SURF
CCCCCCCCCCCCCCN(C)C(=O)C(O)C(O)C(OC1OC(CO)C(O)C(O)C1O)C(O)CO.CCCCCCCCCCCCCCN(C)C(=O)C(O)C(O)C(OC1OC(CO)C(O)C(O)C1O)C(O)CO,nonionic mixture,0.0,0.0,3.600000001929029e-05,,,,,,P2SURF mixture; updated_CMC-Data-for-mixed-micelle.csv; experimental CMC dataset; mol_fraction_A=0.5; mol_fraction_B=0.5; logCMC(uM)=1.5563025 converted to mol/L; https://github.com/sandialabs/P2SURF
CCCCCCCCCCCC(=O)N(C)CC(O)CO.CCCCCCCCCCCC(=O)N(C)CC(O)CO,nonionic mixture,0.0,0.0,0.00022999999999068292,,,,,,P2SURF mixture; updated_CMC-Data-for-mixed-micelle.csv; experimental CMC dataset; mol_fraction_A=0.5; mol_fraction_B=0.5; logCMC(uM)=2.36172784 converted to mol/L; https://github.com/sandialabs/P2SURF
CCCCCCCCCCCC(=O)N(C)CC(O)C(O)C(O)CO.CCCCCCCCCCCC(=O)N(C)CC(O)C(O)C(O)CO,nonionic mixture,0.0,0.0,0.0003600000001929025,,,,,,P2SURF mixture; updated_CMC-Data-for-mixed-micelle.csv; experimental CMC dataset; mol_fraction_A=0.5; mol_fraction_B=0.5; logCMC(uM)=2.5563025 converted to mol/L; https://github.com/sandialabs/P2SURF
CCCCCCCCCCOC1OC(CO)C(O)C(O)C1O.CCCCCCCCCCOC1OC(CO)C(O)C(O)C1O,nonionic mixture,0.0,0.0,0.0020000000015474237,,,,,,P2SURF mixture; updated_CMC-Data-for-mixed-micelle.csv; experimental CMC dataset; mol_fraction_A=0.5; mol_fraction_B=0.5; logCMC(uM)=3.30103 converted to mol/L; https://github.com/sandialabs/P2SURF
CCCCCCCCCCOC1OC(CO)C(OC2OC(CO)C(O)C(O)C2O)C(O)C1O.CCCCCCCCCCOC1OC(CO)C(OC2OC(CO)C(O)C(O)C2O)C(O)C1O,nonionic mixture,0.0,0.0,0.0020000000015474237,,,,,,P2SURF mixture; updated_CMC-Data-for-mixed-micelle.csv; experimental CMC dataset; mol_fraction_A=0.5; mol_fraction_B=0.5; logCMC(uM)=3.30103 converted to mol/L; https://github.com/sandialabs/P2SURF
CCCCCCCCCCCCOC1OC(CO)C(O)C(O)C1O.CCCCCCCCCCCCOC1OC(CO)C(O)C(O)C1O,nonionic mixture,0.0,0.0,0.00019000000002063693,,,,,,P2SURF mixture; updated_CMC-Data-for-mixed-micelle.csv; experimental CMC dataset; mol_fraction_A=0.5; mol_fraction_B=0.5; logCMC(uM)=2.2787536 converted to mol/L; https://github.com/sandialabs/P2SURF
CCCCCCCCC=CCCCCCCCC(=O)NCCOC1OC(CO)C(OC2OC(CO)C(O)C(O)C2O)C(O)C1O.CCCCCCCCC=CCCCCCCCC(=O)NCCOC1OC(CO)C(OC2OC(CO)C(O)C(O)C2O)C(O)C1O,nonionic mixture,0.0,0.0,8.999999990895757e-05,,,,,,P2SURF mixture; updated_CMC-Data-for-mixed-micelle.csv; experimental CMC dataset; mol_fraction_A=0.5; mol_fraction_B=0.5; logCMC(uM)=1.95424251 converted to mol/L; https://github.com/sandialabs/P2SURF
CCCCCCCCC=CCCCCCCCCOC1OC(CO)C(OC2OC(CO)C(O)C(O)C2O)C(O)C1O.CCCCCCCCC=CCCCCCCCCOC1OC(CO)C(OC2OC(CO)C(O)C(O)C2O)C(O)C1O,nonionic mixture,0.0,0.0,2.000000001547426e-05,,,,,,P2SURF mixture; updated_CMC-Data-for-mixed-micelle.csv; experimental CMC dataset; mol_fraction_A=0.5; mol_fraction_B=0.5; logCMC(uM)=1.30103 converted to mol/L; https://github.com/sandialabs/P2SURF
CCCCCCCCC=CCCCCCCCCOC1OC(CO)C(OC2OC(CO)C(OC3OC(CO)C(O)C(O)C3O)C(O)C2O)C(O)C1O.CCCCCCCCC=CCCCCCCCCOC1OC(CO)C(OC2OC(CO)C(OC3OC(CO)C(O)C(O)C3O)C(O)C2O)C(O)C1O,nonionic mixture,0.0,0.0,4.199999996151965e-05,,,,,,P2SURF mixture; updated_CMC-Data-for-mixed-micelle.csv; experimental CMC dataset; mol_fraction_A=0.5; mol_fraction_B=0.5; logCMC(uM)=1.62324929 converted to mol/L; https://github.com/sandialabs/P2SURF
CCCCCCCCCCNC(=O)C(O)C(O)C(OC1OC(CO)C(O)C(O)C1O)C(O)CO.CCCCCCCCCCNC(=O)C(O)C(O)C(OC1OC(CO)C(O)C(O)C1O)C(O)CO,nonionic mixture,0.0,0.0,0.0012999999990815274,,,,,,P2SURF mixture; updated_CMC-Data-for-mixed-micelle.csv; experimental CMC dataset; mol_fraction_A=0.5; mol_fraction_B=0.5; logCMC(uM)=3.11394335 converted to mol/L; https://github.com/sandialabs/P2SURF
CCCCCCCCCCCCNC(=O)C(O)C(O)C(OC1OC(CO)C(O)C(O)C1O)C(O)CO.CCCCCCCCCCCCNC(=O)C(O)C(O)C(OC1OC(CO)C(O)C(O)C1O)C(O)CO,nonionic mixture,0.0,0.0,0.00031000000011829643,,,,,,P2SURF mixture; updated_CMC-Data-for-mixed-micelle.csv; experimental CMC dataset; mol_fraction_A=0.5; mol_fraction_B=0.5; logCMC(uM)=2.49136169 converted to mol/L; https://github.com/sandialabs/P2SURF
CCCCCCCCCCCCOC1OC(CO)C(OC2OC(CO)C(O)C(O)C2O)C(O)C1O.CCCCCCCCCCCCOC1OC(CO)C(OC2OC(CO)C(O)C(O)C2O)C(O)C1O,nonionic mixture,0.0,0.0,0.00016999999985192857,,,,,,P2SURF mixture; updated_CMC-Data-for-mixed-micelle.csv; experimental CMC dataset; mol_fraction_A=0.5; mol_fraction_B=0.5; logCMC(uM)=2.23044892 converted to mol/L; https://github.com/sandialabs/P2SURF
CCCCCCCCNC(=O)C(O)C(O)C(OC1OC(CO)C(O)C(O)C1O)C(O)CO.CCCCCCCCNC(=O)C(O)C(O)C(OC1OC(CO)C(O)C(O)C1O)C(O)CO,nonionic mixture,0.0,0.0,0.0057000000042984654,,,,,,P2SURF mixture; updated_CMC-Data-for-mixed-micelle.csv; experimental CMC dataset; mol_fraction_A=0.5; mol_fraction_B=0.5; logCMC(uM)=3.75587486 converted to mol/L; https://github.com/sandialabs/P2SURF
CCCCCCCCCC(=O)N(C)CC(O)C(O)C(OC1OC(CO)C(O)C(O)C1O)C(O)CO.CCCCCCCCCC(=O)N(C)CC(O)C(O)C(OC1OC(CO)C(O)C(O)C1O)C(O)CO,nonionic mixture,0.0,0.0,0.0033000000009278762,,,,,,P2SURF mixture; updated_CMC-Data-for-mixed-micelle.csv; experimental CMC dataset; mol_fraction_A=0.5; mol_fraction_B=0.5; logCMC(uM)=3.51851394 converted to mol/L; https://github.com/sandialabs/P2SURF
CCCCCCCCCCCC(=O)N(C)CC(O)C(O)C(OC1OC(CO)C(O)C(O)C1O)C(O)CO.CCCCCCCCCCCC(=O)N(C)CC(O)C(O)C(OC1OC(CO)C(O)C(O)C1O)C(O)CO,nonionic mixture,0.0,0.0,0.0004500000002327804,,,,,,P2SURF mixture; updated_CMC-Data-for-mixed-micelle.csv; experimental CMC dataset; mol_fraction_A=0.5; mol_fraction_B=0.5; logCMC(uM)=2.65321251 converted to mol/L; https://github.com/sandialabs/P2SURF
CCCCCCCCCCCCCC(=O)N(C)CC(O)C(O)C(OC1OC(CO)C(O)C(O)C1O)C(O)CO.CCCCCCCCCCCCCC(=O)N(C)CC(O)C(O)C(OC1OC(CO)C(O)C(O)C1O)C(O)CO,nonionic mixture,0.0,0.0,6.800000004599626e-05,,,,,,P2SURF mixture; updated_CMC-Data-for-mixed-micelle.csv; experimental CMC dataset; mol_fraction_A=0.5; mol_fraction_B=0.5; logCMC(uM)=1.83250891 converted to mol/L; https://github.com/sandialabs/P2SURF
CCCCCCCCCOC1OC(CO)C(O)C(O)C1O.CCCCCCCCCOC1OC(CO)C(O)C(O)C1O,nonionic mixture,0.0,0.0,0.006900000004174447,,,,,,P2SURF mixture; updated_CMC-Data-for-mixed-micelle.csv; experimental CMC dataset; mol_fraction_A=0.5; mol_fraction_B=0.5; logCMC(uM)=3.83884909 converted to mol/L; https://github.com/sandialabs/P2SURF
CCCCCCCCSC1OC(CO)C(O)C(O)C1O.CCCCCCCCSC1OC(CO)C(O)C(O)C1O,nonionic mixture,0.0,0.0,0.008500000005591852,,,,,,P2SURF mixture; updated_CMC-Data-for-mixed-micelle.csv; experimental CMC dataset; mol_fraction_A=0.5; mol_fraction_B=0.5; logCMC(uM)=3.92941893 converted to mol/L; https://github.com/sandialabs/P2SURF
CCCCCCOCCOCCOCCO.CCCCCCOCCOCCOCCO,nonionic mixture,3.0,0.0,0.1,,,,,,P2SURF mixture; updated_CMC-Data-for-mixed-micelle.csv; experimental CMC dataset; mol_fraction_A=0.5; mol_fraction_B=0.5; logCMC(uM)=5 converted to mol/L; https://github.com/sandialabs/P2SURF
CCCCCCCCCCOCCOCCOCCO.CCCCCCCCCCOCCOCCOCCO,nonionic mixture,3.0,0.0,0.0005999999994699769,,,,,,P2SURF mixture; updated_CMC-Data-for-mixed-micelle.csv; experimental CMC dataset; mol_fraction_A=0.5; mol_fraction_B=0.5; logCMC(uM)=2.77815125 converted to mol/L; https://github.com/sandialabs/P2SURF
CCCCCCCCCCCCOCCOCCOCCOCCOCCOCCO.CCCCCCCCCCCCOCCOCCOCCOCCOCCOCCO,nonionic mixture,6.0,0.0,8.700000007640026e-05,,,,,,P2SURF mixture; updated_CMC-Data-for-mixed-micelle.csv; experimental CMC dataset; mol_fraction_A=0.5; mol_fraction_B=0.5; logCMC(uM)=1.93951925 converted to mol/L; https://github.com/sandialabs/P2SURF
CCCCCCCCOCCOCCOCCOCCOCCOCCOCCOCCO.CCCCCCCCOCCOCCOCCOCCOCCOCCOCCOCCO,nonionic mixture,8.0,0.0,0.012999999990815261,,,,,,P2SURF mixture; updated_CMC-Data-for-mixed-micelle.csv; experimental CMC dataset; mol_fraction_A=0.5; mol_fraction_B=0.5; logCMC(uM)=4.11394335 converted to mol/L; https://github.com/sandialabs/P2SURF
CCCCCCCCCCOCCOCCOCCOCCOCCOCCOCCOCCOCCO.CCCCCCCCCCOCCOCCOCCOCCOCCOCCOCCOCCOCCO,nonionic mixture,9.0,0.0,0.0012999999990815274,,,,,,P2SURF mixture; updated_CMC-Data-for-mixed-micelle.csv; experimental CMC dataset; mol_fraction_A=0.5; mol_fraction_B=0.5; logCMC(uM)=3.11394335 converted to mol/L; https://github.com/sandialabs/P2SURF
CCCCCCCC[N+](C)(C)C.[Br-].CCCCCCCC[N+](C)(C)C.[Br-],cationic mixture,0.0,0.0,0.14000000010372393,,,,,,P2SURF mixture; updated_CMC-Data-for-mixed-micelle.csv; experimental CMC dataset; mol_fraction_A=0.5; mol_fraction_B=0.5; logCMC(uM)=5.14612804 converted to mol/L; https://github.com/sandialabs/P2SURF
CCCCCCCCCC[N+](C)(C)C.[Br-].CCCCCCCCCC[N+](C)(C)C.[Br-],cationic mixture,0.0,0.0,0.06800000004599625,,,,,,P2SURF mixture; updated_CMC-Data-for-mixed-micelle.csv; experimental CMC dataset; mol_fraction_A=0.5; mol_fraction_B=0.5; logCMC(uM)=4.83250891 converted to mol/L; https://github.com/sandialabs/P2SURF
CCCCCCCCCC[N+](C)(C)C.[Cl-].CCCCCCCCCC[N+](C)(C)C.[Cl-],cationic mixture,0.0,0.0,0.06800000004599625,,,,,,P2SURF mixture; updated_CMC-Data-for-mixed-micelle.csv; experimental CMC dataset; mol_fraction_A=0.5; mol_fraction_B=0.5; logCMC(uM)=4.83250891 converted to mol/L; https://github.com/sandialabs/P2SURF
CCCCCCCCCCCC[N+](C)(C)C.[Br-].CCCCCCCCCCCC[N+](C)(C)C.[Br-],cationic mixture,0.0,0.0,0.0160000000126762,,,,,,P2SURF mixture; updated_CMC-Data-for-mixed-micelle.csv; experimental CMC dataset; mol_fraction_A=0.5; mol_fraction_B=0.5; logCMC(uM)=4.20411998 converted to mol/L; https://github.com/sandialabs/P2SURF
CCCCCCCCCCCC[N+](C)(C)C.[Cl-].CCCCCCCCCCCC[N+](C)(C)C.[Cl-],cationic mixture,0.0,0.0,0.02000000001547422,,,,,,P2SURF mixture; updated_CMC-Data-for-mixed-micelle.csv; experimental CMC dataset; mol_fraction_A=0.5; mol_fraction_B=0.5; logCMC(uM)=4.30103 converted to mol/L; https://github.com/sandialabs/P2SURF
CCCCCCCCCCCCCC[N+](C)(C)C.[Br-].CCCCCCCCCCCCCC[N+](C)(C)C.[Br-],cationic mixture,0.0,0.0,0.0036000000019290254,,,,,,P2SURF mixture; updated_CMC-Data-for-mixed-micelle.csv; experimental CMC dataset; mol_fraction_A=0.5; mol_fraction_B=0.5; logCMC(uM)=3.5563025 converted to mol/L; https://github.com/sandialabs/P2SURF
CCCCCCCCCCCCCC[N+](C)(C)C.[Cl-].CCCCCCCCCCCCCC[N+](C)(C)C.[Cl-],cationic mixture,0.0,0.0,0.004500000002327804,,,,,,P2SURF mixture; updated_CMC-Data-for-mixed-micelle.csv; experimental CMC dataset; mol_fraction_A=0.5; mol_fraction_B=0.5; logCMC(uM)=3.65321251 converted to mol/L; https://github.com/sandialabs/P2SURF
CCCCCCCCCCCCCCCC[N+](C)(C)C.[Br-].CCCCCCCCCCCCCCCC[N+](C)(C)C.[Br-],cationic mixture,0.0,0.0,0.0009800000006938952,,,,,,P2SURF mixture; updated_CMC-Data-for-mixed-micelle.csv; experimental CMC dataset; mol_fraction_A=0.5; mol_fraction_B=0.5; logCMC(uM)=2.99122608 converted to mol/L; https://github.com/sandialabs/P2SURF
CCCCCCCCCC[n+]1ccccc1.[Br-].CCCCCCCCCC[n+]1ccccc1.[Br-],cationic mixture,0.0,0.0,0.04399999995074252,,,,,,P2SURF mixture; updated_CMC-Data-for-mixed-micelle.csv; experimental CMC dataset; mol_fraction_A=0.5; mol_fraction_B=0.5; logCMC(uM)=4.64345268 converted to mol/L; https://github.com/sandialabs/P2SURF
CCCCCCCCCCC[n+]1ccccc1.[Br-].CCCCCCCCCCC[n+]1ccccc1.[Br-],cationic mixture,0.0,0.0,0.021000000012866143,,,,,,P2SURF mixture; updated_CMC-Data-for-mixed-micelle.csv; experimental CMC dataset; mol_fraction_A=0.5; mol_fraction_B=0.5; logCMC(uM)=4.3222193 converted to mol/L; https://github.com/sandialabs/P2SURF
CCCCCCCCCCCC[n+]1ccccc1.[Br-].CCCCCCCCCCCC[n+]1ccccc1.[Br-],cationic mixture,0.0,0.0,0.011399999991167763,,,,,,P2SURF mixture; updated_CMC-Data-for-mixed-micelle.csv; experimental CMC dataset; mol_fraction_A=0.5; mol_fraction_B=0.5; logCMC(uM)=4.05690485 converted to mol/L; https://github.com/sandialabs/P2SURF
CCCCCCCCCCCC[n+]1ccccc1.[Cl-].CCCCCCCCCCCC[n+]1ccccc1.[Cl-],cationic mixture,0.0,0.0,0.01699999998519286,,,,,,P2SURF mixture; updated_CMC-Data-for-mixed-micelle.csv; experimental CMC dataset; mol_fraction_A=0.5; mol_fraction_B=0.5; logCMC(uM)=4.23044892 converted to mol/L; https://github.com/sandialabs/P2SURF
CCCCCCCCCCCC[n+]1ccccc1.[I-].CCCCCCCCCCCC[n+]1ccccc1.[I-],cationic mixture,0.0,0.0,0.005300000004871852,,,,,,P2SURF mixture; updated_CMC-Data-for-mixed-micelle.csv; experimental CMC dataset; mol_fraction_A=0.5; mol_fraction_B=0.5; logCMC(uM)=3.72427587 converted to mol/L; https://github.com/sandialabs/P2SURF
CCCCCCCCCCCCC[n+]1ccccc1.[Br-].CCCCCCCCCCCCC[n+]1ccccc1.[Br-],cationic mixture,0.0,0.0,0.005300000004871852,,,,,,P2SURF mixture; updated_CMC-Data-for-mixed-micelle.csv; experimental CMC dataset; mol_fraction_A=0.5; mol_fraction_B=0.5; logCMC(uM)=3.72427587 converted to mol/L; https://github.com/sandialabs/P2SURF
CCCCCCCCCCCCCC[n+]1ccccc1.[Br-].CCCCCCCCCCCCCC[n+]1ccccc1.[Br-],cationic mixture,0.0,0.0,0.002699999999011578,,,,,,P2SURF mixture; updated_CMC-Data-for-mixed-micelle.csv; experimental CMC dataset; mol_fraction_A=0.5; mol_fraction_B=0.5; logCMC(uM)=3.43136376 converted to mol/L; https://github.com/sandialabs/P2SURF
CCCCCCCCCCCCCC[n+]1ccccc1.[Cl-].CCCCCCCCCCCCCC[n+]1ccccc1.[Cl-],cationic mixture,0.0,0.0,0.0034999999971771106,,,,,,P2SURF mixture; updated_CMC-Data-for-mixed-micelle.csv; experimental CMC dataset; mol_fraction_A=0.5; mol_fraction_B=0.5; logCMC(uM)=3.54406804 converted to mol/L; https://github.com/sandialabs/P2SURF
CCCCCCCCCCCCCCC[n+]1ccccc1.[Br-].CCCCCCCCCCCCCCC[n+]1ccccc1.[Br-],cationic mixture,0.0,0.0,0.0012999999990815274,,,,,,P2SURF mixture; updated_CMC-Data-for-mixed-micelle.csv; experimental CMC dataset; mol_fraction_A=0.5; mol_fraction_B=0.5; logCMC(uM)=3.11394335 converted to mol/L; https://github.com/sandialabs/P2SURF
CCCCCCCCCCCCCCCC[n+]1ccccc1.[Br-].CCCCCCCCCCCCCCCC[n+]1ccccc1.[Br-],cationic mixture,0.0,0.0,0.0006400000000237447,,,,,,P2SURF mixture; updated_CMC-Data-for-mixed-micelle.csv; experimental CMC dataset; mol_fraction_A=0.5; mol_fraction_B=0.5; logCMC(uM)=2.80617997 converted to mol/L; https://github.com/sandialabs/P2SURF
CCCCCCCCCCCCCCCC[n+]1ccccc1.[Cl-].CCCCCCCCCCCCCCCC[n+]1ccccc1.[Cl-],cationic mixture,0.0,0.0,0.0008999999990895758,,,,,,P2SURF mixture; updated_CMC-Data-for-mixed-micelle.csv; experimental CMC dataset; mol_fraction_A=0.5; mol_fraction_B=0.5; logCMC(uM)=2.95424251 converted to mol/L; https://github.com/sandialabs/P2SURF
CCCCCCCCCCCCCCCCCC[n+]1ccccc1.[Cl-].CCCCCCCCCCCCCCCCCC[n+]1ccccc1.[Cl-],cationic mixture,0.0,0.0,0.00024000000015937247,,,,,,P2SURF mixture; updated_CMC-Data-for-mixed-micelle.csv; experimental CMC dataset; mol_fraction_A=0.5; mol_fraction_B=0.5; logCMC(uM)=2.38021124 converted to mol/L; https://github.com/sandialabs/P2SURF
CCCCCCCCCCCC[N+](C)(C)CC.[Br-].CCCCCCCCCCCC[N+](C)(C)CC.[Br-],cationic mixture,0.0,0.0,0.014000000010372392,,,,,,P2SURF mixture; updated_CMC-Data-for-mixed-micelle.csv; experimental CMC dataset; mol_fraction_A=0.5; mol_fraction_B=0.5; logCMC(uM)=4.14612804 converted to mol/L; https://github.com/sandialabs/P2SURF
CCCCCCCCCCCC[N+](C)(C)CCCC.[Br-].CCCCCCCCCCCC[N+](C)(C)CCCC.[Br-],cationic mixture,0.0,0.0,0.007499999993235582,,,,,,P2SURF mixture; updated_CMC-Data-for-mixed-micelle.csv; experimental CMC dataset; mol_fraction_A=0.5; mol_fraction_B=0.5; logCMC(uM)=3.87506126 converted to mol/L; https://github.com/sandialabs/P2SURF
CCCCCCCCCCCC[N+](C)(C)CCCCCC.[Br-].CCCCCCCCCCCC[N+](C)(C)CCCCCC.[Br-],cationic mixture,0.0,0.0,0.003100000001182964,,,,,,P2SURF mixture; updated_CMC-Data-for-mixed-micelle.csv; experimental CMC dataset; mol_fraction_A=0.5; mol_fraction_B=0.5; logCMC(uM)=3.49136169 converted to mol/L; https://github.com/sandialabs/P2SURF
CCCCCCCCCCCC[N+](C)(C)CCCCCCCC.[Br-].CCCCCCCCCCCC[N+](C)(C)CCCCCCCC.[Br-],cationic mixture,0.0,0.0,0.0010999999995992406,,,,,,P2SURF mixture; updated_CMC-Data-for-mixed-micelle.csv; experimental CMC dataset; mol_fraction_A=0.5; mol_fraction_B=0.5; logCMC(uM)=3.04139268 converted to mol/L; https://github.com/sandialabs/P2SURF
CCCCCCCCCCCCCC[N+](CC)(CC)CC.[Br-].CCCCCCCCCCCCCC[N+](CC)(CC)CC.[Br-],cationic mixture,0.0,0.0,0.003100000001182964,,,,,,P2SURF mixture; updated_CMC-Data-for-mixed-micelle.csv; experimental CMC dataset; mol_fraction_A=0.5; mol_fraction_B=0.5; logCMC(uM)=3.49136169 converted to mol/L; https://github.com/sandialabs/P2SURF
CCCCCCCCCCCCCC[N+](CCC)(CCC)CCC.[Br-].CCCCCCCCCCCCCC[N+](CCC)(CCC)CCC.[Br-],cationic mixture,0.0,0.0,0.0021000000012866143,,,,,,P2SURF mixture; updated_CMC-Data-for-mixed-micelle.csv; experimental CMC dataset; mol_fraction_A=0.5; mol_fraction_B=0.5; logCMC(uM)=3.3222193 converted to mol/L; https://github.com/sandialabs/P2SURF
CCCCCCCCCCCCCC[N+](CCCC)(CCCC)CCCC.[Br-].CCCCCCCCCCCCCC[N+](CCCC)(CCCC)CCCC.[Br-],cationic mixture,0.0,0.0,0.001199999999868408,,,,,,P2SURF mixture; updated_CMC-Data-for-mixed-micelle.csv; experimental CMC dataset; mol_fraction_A=0.5; mol_fraction_B=0.5; logCMC(uM)=3.07918125 converted to mol/L; https://github.com/sandialabs/P2SURF
CCCCCCCCCC[N+](C)(C)Cc1ccccc1.[Cl-].CCCCCCCCCC[N+](C)(C)Cc1ccccc1.[Cl-],cationic mixture,0.0,0.0,0.038999999997620334,,,,,,P2SURF mixture; updated_CMC-Data-for-mixed-micelle.csv; experimental CMC dataset; mol_fraction_A=0.5; mol_fraction_B=0.5; logCMC(uM)=4.59106461 converted to mol/L; https://github.com/sandialabs/P2SURF
CCCCCCCCCCCC[N+](C)(C)Cc1ccccc1.[Cl-].CCCCCCCCCCCC[N+](C)(C)Cc1ccccc1.[Cl-],cationic mixture,0.0,0.0,0.008799999996957169,,,,,,P2SURF mixture; updated_CMC-Data-for-mixed-micelle.csv; experimental CMC dataset; mol_fraction_A=0.5; mol_fraction_B=0.5; logCMC(uM)=3.94448267 converted to mol/L; https://github.com/sandialabs/P2SURF
CCCCCCCCCCCCCC[N+](C)(C)Cc1ccccc1.[Cl-].CCCCCCCCCCCCCC[N+](C)(C)Cc1ccccc1.[Cl-],cationic mixture,0.0,0.0,0.0020000000015474237,,,,,,P2SURF mixture; updated_CMC-Data-for-mixed-micelle.csv; experimental CMC dataset; mol_fraction_A=0.5; mol_fraction_B=0.5; logCMC(uM)=3.30103 converted to mol/L; https://github.com/sandialabs/P2SURF
CCCCCCCCCCCC[NH2+]CCO.[Cl-].CCCCCCCCCCCC[NH2+]CCO.[Cl-],nonionic mixture,0.0,0.0,0.045000000023278044,,,,,,P2SURF mixture; updated_CMC-Data-for-mixed-micelle.csv; experimental CMC dataset; mol_fraction_A=0.5; mol_fraction_B=0.5; logCMC(uM)=4.65321251 converted to mol/L; https://github.com/sandialabs/P2SURF
CCCCCCCCCCCC[NH+]CCO.[Cl-].CCCCCCCCCCCC[NH+]CCO.[Cl-],nonionic mixture,0.0,0.0,0.03600000001929029,,,,,,P2SURF mixture; updated_CMC-Data-for-mixed-micelle.csv; experimental CMC dataset; mol_fraction_A=0.5; mol_fraction_B=0.5; logCMC(uM)=4.5563025 converted to mol/L; https://github.com/sandialabs/P2SURF
CCCCCCCCCCCC[N+]CCO.[Cl-].CCCCCCCCCCCC[N+]CCO.[Cl-],cationic mixture,0.0,0.0,0.025000000018879035,,,,,,P2SURF mixture; updated_CMC-Data-for-mixed-micelle.csv; experimental CMC dataset; mol_fraction_A=0.5; mol_fraction_B=0.5; logCMC(uM)=4.39794001 converted to mol/L; https://github.com/sandialabs/P2SURF
CCCCCCCCCC[N+](C)(C)CCCCCCCCCC.[Br-].CCCCCCCCCC[N+](C)(C)CCCCCCCCCC.[Br-],cationic mixture,0.0,0.0,0.0018499999982832494,,,,,,P2SURF mixture; updated_CMC-Data-for-mixed-micelle.csv; experimental CMC dataset; mol_fraction_A=0.5; mol_fraction_B=0.5; logCMC(uM)=3.26717173 converted to mol/L; https://github.com/sandialabs/P2SURF
CCCCCCCCCCCC[N+](C)(C)CCCCCCCCCCCC.[Br-].CCCCCCCCCCCC[N+](C)(C)CCCCCCCCCCCC.[Br-],cationic mixture,0.0,0.0,0.00017600000007531667,,,,,,P2SURF mixture; updated_CMC-Data-for-mixed-micelle.csv; experimental CMC dataset; mol_fraction_A=0.5; mol_fraction_B=0.5; logCMC(uM)=2.24551267 converted to mol/L; https://github.com/sandialabs/P2SURF
CCCCCCCCCCCCCCCC(=O)NC(C(=O)[O-])C(C)C.[Na+].CCCCCCCCCCCCCCCC(=O)NC(C(=O)[O-])C(C)C.[Na+],anionic mixture,0.0,0.0,0.0019000000002063692,,,,,,P2SURF mixture; updated_CMC-Data-for-mixed-micelle.csv; experimental CMC dataset; mol_fraction_A=0.5; mol_fraction_B=0.5; logCMC(uM)=3.2787536 converted to mol/L; https://github.com/sandialabs/P2SURF
CCCCCCCCCCCCCCCC(=O)NC(CC(C)C)C(=O)[O-].[Na+].CCCCCCCCCCCCCCCC(=O)NC(CC(C)C)C(=O)[O-].[Na+],anionic mixture,0.0,0.0,0.0014999999998076842,,,,,,P2SURF mixture; updated_CMC-Data-for-mixed-micelle.csv; experimental CMC dataset; mol_fraction_A=0.5; mol_fraction_B=0.5; logCMC(uM)=3.17609126 converted to mol/L; https://github.com/sandialabs/P2SURF
CCCCCCCCCCS(=O)(=O)[O-].[Na+].CCCCCCCCCCS(=O)(=O)[O-].[Na+],anionic mixture,0.0,0.0,0.04300000004162564,,,,,,P2SURF mixture; updated_CMC-Data-for-mixed-micelle.csv; experimental CMC dataset; mol_fraction_A=0.5; mol_fraction_B=0.5; logCMC(uM)=4.63346846 converted to mol/L; https://github.com/sandialabs/P2SURF
CCCCCCCCCCCCS(=O)(=O)[O-].[Na+].CCCCCCCCCCCCS(=O)(=O)[O-].[Na+],anionic mixture,0.0,0.0,0.012399999995367856,,,,,,P2SURF mixture; updated_CMC-Data-for-mixed-micelle.csv; experimental CMC dataset; mol_fraction_A=0.5; mol_fraction_B=0.5; logCMC(uM)=4.09342169 converted to mol/L; https://github.com/sandialabs/P2SURF
CCCCCCCCCCCCS(=O)(=O)[O-].[Li+].CCCCCCCCCCCCS(=O)(=O)[O-].[Li+],anionic mixture,0.0,0.0,0.010999999995992405,,,,,,P2SURF mixture; updated_CMC-Data-for-mixed-micelle.csv; experimental CMC dataset; mol_fraction_A=0.5; mol_fraction_B=0.5; logCMC(uM)=4.04139268 converted to mol/L; https://github.com/sandialabs/P2SURF
CCCCCCCCCCCCS(=O)(=O)[O-].[NH4+].CCCCCCCCCCCCS(=O)(=O)[O-].[NH4+],anionic mixture,0.0,0.0,0.008900000007276802,,,,,,P2SURF mixture; updated_CMC-Data-for-mixed-micelle.csv; experimental CMC dataset; mol_fraction_A=0.5; mol_fraction_B=0.5; logCMC(uM)=3.94939001 converted to mol/L; https://github.com/sandialabs/P2SURF
CCCCCCCCCCCCS(=O)(=O)[O-].[K+].CCCCCCCCCCCCS(=O)(=O)[O-].[K+],anionic mixture,0.0,0.0,0.009300000009552056,,,,,,P2SURF mixture; updated_CMC-Data-for-mixed-micelle.csv; experimental CMC dataset; mol_fraction_A=0.5; mol_fraction_B=0.5; logCMC(uM)=3.96848295 converted to mol/L; https://github.com/sandialabs/P2SURF
CCCCCCCCCCCCOS(=O)(=O)[O-].[Na+].CCCCCCCCCCCCOS(=O)(=O)[O-].[Na+],anionic mixture,0.0,0.0,0.008199999992754971,,,,,,P2SURF mixture; updated_CMC-Data-for-mixed-micelle.csv; experimental CMC dataset; mol_fraction_A=0.5; mol_fraction_B=0.5; logCMC(uM)=3.91381385 converted to mol/L; https://github.com/sandialabs/P2SURF
CCCCCCCCCCCCOS(=O)(=O)[O-].[Li+].CCCCCCCCCCCCOS(=O)(=O)[O-].[Li+],anionic mixture,0.0,0.0,0.008900000007276802,,,,,,P2SURF mixture; updated_CMC-Data-for-mixed-micelle.csv; experimental CMC dataset; mol_fraction_A=0.5; mol_fraction_B=0.5; logCMC(uM)=3.94939001 converted to mol/L; https://github.com/sandialabs/P2SURF
CCCCCCCCCCCCCCOS(=O)(=O)[O-].[Na+].CCCCCCCCCCCCCCOS(=O)(=O)[O-].[Na+],anionic mixture,0.0,0.0,0.0021000000012866143,,,,,,P2SURF mixture; updated_CMC-Data-for-mixed-micelle.csv; experimental CMC dataset; mol_fraction_A=0.5; mol_fraction_B=0.5; logCMC(uM)=3.3222193 converted to mol/L; https://github.com/sandialabs/P2SURF
CCCCCCCCCCOCCS(=O)(=O)[O-].[Na+].CCCCCCCCCCOCCS(=O)(=O)[O-].[Na+],anionic mixture,1.0,0.0,0.015899999988267906,,,,,,P2SURF mixture; updated_CMC-Data-for-mixed-micelle.csv; experimental CMC dataset; mol_fraction_A=0.5; mol_fraction_B=0.5; logCMC(uM)=4.20139712 converted to mol/L; https://github.com/sandialabs/P2SURF
CCCCCCCCCCCCOCCOS(=O)(=O)[O-].[Na+].CCCCCCCCCCCCOCCOS(=O)(=O)[O-].[Na+],anionic mixture,1.0,0.0,0.0038999999997620335,,,,,,P2SURF mixture; updated_CMC-Data-for-mixed-micelle.csv; experimental CMC dataset; mol_fraction_A=0.5; mol_fraction_B=0.5; logCMC(uM)=3.59106461 converted to mol/L; https://github.com/sandialabs/P2SURF
CCCCCCCCCCCCOCCOCCOS(=O)(=O)[O-].[Na+].CCCCCCCCCCCCOCCOCCOS(=O)(=O)[O-].[Na+],anionic mixture,2.0,0.0,0.0029000000006747214,,,,,,P2SURF mixture; updated_CMC-Data-for-mixed-micelle.csv; experimental CMC dataset; mol_fraction_A=0.5; mol_fraction_B=0.5; logCMC(uM)=3.462398 converted to mol/L; https://github.com/sandialabs/P2SURF
CCCCCCCCCCCCCCCCOCCOCCOCCOCCOCCOS(=O)(=O)[O-].[Na+].CCCCCCCCCCCCCCCCOCCOCCOCCOCCOCCOS(=O)(=O)[O-].[Na+],anionic mixture,5.0,0.0,2.5000000018879034e-05,,,,,,P2SURF mixture; updated_CMC-Data-for-mixed-micelle.csv; experimental CMC dataset; mol_fraction_A=0.5; mol_fraction_B=0.5; logCMC(uM)=1.39794001 converted to mol/L; https://github.com/sandialabs/P2SURF
CCCCCCCCC(CCCCCC)COCCOCCOCCOCCOCCOS(=O)(=O)[O-].[Na+].CCCCCCCCC(CCCCCC)COCCOCCOCCOCCOCCOS(=O)(=O)[O-].[Na+],anionic mixture,5.0,0.0,8.599999995176808e-05,,,,,,P2SURF mixture; updated_CMC-Data-for-mixed-micelle.csv; experimental CMC dataset; mol_fraction_A=0.5; mol_fraction_B=0.5; logCMC(uM)=1.93449845 converted to mol/L; https://github.com/sandialabs/P2SURF
CCCCCCOC(=O)CS(=O)(=O)[O-].[Na+].CCCCCCOC(=O)CS(=O)(=O)[O-].[Na+],anionic mixture,0.0,0.0,0.16999999985192857,,,,,,P2SURF mixture; updated_CMC-Data-for-mixed-micelle.csv; experimental CMC dataset; mol_fraction_A=0.5; mol_fraction_B=0.5; logCMC(uM)=5.23044892 converted to mol/L; https://github.com/sandialabs/P2SURF
CCCCCCCCOC(=O)CS(=O)(=O)[O-].[Na+].CCCCCCCCOC(=O)CS(=O)(=O)[O-].[Na+],anionic mixture,0.0,0.0,0.06600000006962245,,,,,,P2SURF mixture; updated_CMC-Data-for-mixed-micelle.csv; experimental CMC dataset; mol_fraction_A=0.5; mol_fraction_B=0.5; logCMC(uM)=4.81954394 converted to mol/L; https://github.com/sandialabs/P2SURF
CCCCCCCCCCOC(=O)CS(=O)(=O)[O-].[Na+].CCCCCCCCCCOC(=O)CS(=O)(=O)[O-].[Na+],anionic mixture,0.0,0.0,0.022000000009006496,,,,,,P2SURF mixture; updated_CMC-Data-for-mixed-micelle.csv; experimental CMC dataset; mol_fraction_A=0.5; mol_fraction_B=0.5; logCMC(uM)=4.34242268 converted to mol/L; https://github.com/sandialabs/P2SURF
CCCCOC(=O)CC(C(=O)OCCCC)S(=O)(=O)[O-].[Na+].CCCCOC(=O)CC(C(=O)OCCCC)S(=O)(=O)[O-].[Na+],anionic mixture,1.0,0.0,0.20000000015474217,,,,,,P2SURF mixture; updated_CMC-Data-for-mixed-micelle.csv; experimental CMC dataset; mol_fraction_A=0.5; mol_fraction_B=0.5; logCMC(uM)=5.30103 converted to mol/L; https://github.com/sandialabs/P2SURF
CCCCCOC(=O)CC(C(=O)OCCCCC)S(=O)(=O)[O-].[Na+].CCCCCOC(=O)CC(C(=O)OCCCCC)S(=O)(=O)[O-].[Na+],anionic mixture,1.0,0.0,0.053000000048718465,,,,,,P2SURF mixture; updated_CMC-Data-for-mixed-micelle.csv; experimental CMC dataset; mol_fraction_A=0.5; mol_fraction_B=0.5; logCMC(uM)=4.72427587 converted to mol/L; https://github.com/sandialabs/P2SURF
CCCCC(CC)COC(=O)CC(C(=O)OCC(CC)CCCC)S(=O)(=O)[O-].[Na+].CCCCC(CC)COC(=O)CC(C(=O)OCC(CC)CCCC)S(=O)(=O)[O-].[Na+],anionic mixture,0.0,0.0,0.0025000000018879035,,,,,,P2SURF mixture; updated_CMC-Data-for-mixed-micelle.csv; experimental CMC dataset; mol_fraction_A=0.5; mol_fraction_B=0.5; logCMC(uM)=3.39794001 converted to mol/L; https://github.com/sandialabs/P2SURF
CCCCCCCCOC(=O)CC(C(=O)OCCCCCCCC)S(=O)(=O)[O-].[Na+].CCCCCCCCOC(=O)CC(C(=O)OCCCCCCCC)S(=O)(=O)[O-].[Na+],anionic mixture,1.0,0.0,0.0009099999993271958,,,,,,P2SURF mixture; updated_CMC-Data-for-mixed-micelle.csv; experimental CMC dataset; mol_fraction_A=0.5; mol_fraction_B=0.5; logCMC(uM)=2.95904139 converted to mol/L; https://github.com/sandialabs/P2SURF
CCCCCCCCCCCCC(C(=O)OCC)S(=O)(=O)[O-].[Na+].CCCCCCCCCCCCC(C(=O)OCC)S(=O)(=O)[O-].[Na+],anionic mixture,0.0,0.0,0.0022499999994230525,,,,,,P2SURF mixture; updated_CMC-Data-for-mixed-micelle.csv; experimental CMC dataset; mol_fraction_A=0.5; mol_fraction_B=0.5; logCMC(uM)=3.35218252 converted to mol/L; https://github.com/sandialabs/P2SURF
CCCCCCCCCCCCC(C(=O)OCCCC)S(=O)(=O)[O-].[Na+].CCCCCCCCCCCCC(C(=O)OCCCC)S(=O)(=O)[O-].[Na+],anionic mixture,1.0,0.0,0.001349999998461278,,,,,,P2SURF mixture; updated_CMC-Data-for-mixed-micelle.csv; experimental CMC dataset; mol_fraction_A=0.5; mol_fraction_B=0.5; logCMC(uM)=3.13033377 converted to mol/L; https://github.com/sandialabs/P2SURF
O=C([O-])C(F)(F)C(F)(F)C(F)(F)C(F)(F)C(F)(F)C(F)(F)C(F)(F)F.[K+].O=C([O-])C(F)(F)C(F)(F)C(F)(F)C(F)(F)C(F)(F)C(F)(F)C(F)(F)F.[K+],anionic mixture,0.0,0.0,0.029000000006747212,,,,,,P2SURF mixture; updated_CMC-Data-for-mixed-micelle.csv; experimental CMC dataset; mol_fraction_A=0.5; mol_fraction_B=0.5; logCMC(uM)=4.462398 converted to mol/L; https://github.com/sandialabs/P2SURF
O=C([O-])C(F)(F)C(F)(F)C(F)(F)C(F)(F)C(F)(F)C(F)(F)C(F)(F)F.[Na+].O=C([O-])C(F)(F)C(F)(F)C(F)(F)C(F)(F)C(F)(F)C(F)(F)C(F)(F)F.[Na+],anionic mixture,0.0,0.0,0.030000000019365043,,,,,,P2SURF mixture; updated_CMC-Data-for-mixed-micelle.csv; experimental CMC dataset; mol_fraction_A=0.5; mol_fraction_B=0.5; logCMC(uM)=4.47712126 converted to mol/L; https://github.com/sandialabs/P2SURF
O=C([O-])C(F)(F)C(F)(F)C(F)(F)C(F)(F)C(F)(F)C(F)(F)C(F)(F)F.[Li+].O=C([O-])C(F)(F)C(F)(F)C(F)(F)C(F)(F)C(F)(F)C(F)(F)C(F)(F)F.[Li+],anionic mixture,0.0,0.0,0.03300000000927876,,,,,,P2SURF mixture; updated_CMC-Data-for-mixed-micelle.csv; experimental CMC dataset; mol_fraction_A=0.5; mol_fraction_B=0.5; logCMC(uM)=4.51851394 converted to mol/L; https://github.com/sandialabs/P2SURF
O=C([O-])C(F)(F)C(F)(F)C(F)(F)C(F)(F)C(F)(C(F)(F)F)C(F)(F)F.[Na+].O=C([O-])C(F)(F)C(F)(F)C(F)(F)C(F)(F)C(F)(C(F)(F)F)C(F)(F)F.[Na+],anionic mixture,0.0,0.0,0.030000000019365043,,,,,,P2SURF mixture; updated_CMC-Data-for-mixed-micelle.csv; experimental CMC dataset; mol_fraction_A=0.5; mol_fraction_B=0.5; logCMC(uM)=4.47712126 converted to mol/L; https://github.com/sandialabs/P2SURF
O=C([O-])C(F)(F)C(F)(F)C(F)(F)C(F)(F)C(F)(F)C(F)(F)C(F)(F)C(F)(F)F.[Li+].O=C([O-])C(F)(F)C(F)(F)C(F)(F)C(F)(F)C(F)(F)C(F)(F)C(F)(F)C(F)(F)F.[Li+],anionic mixture,0.0,0.0,0.004899999999678292,,,,,,P2SURF mixture; updated_CMC-Data-for-mixed-micelle.csv; experimental CMC dataset; mol_fraction_A=0.5; mol_fraction_B=0.5; logCMC(uM)=3.69019608 converted to mol/L; https://github.com/sandialabs/P2SURF
O=S(=O)([O-])C(F)(F)C(F)(F)C(F)(F)C(F)(F)C(F)(F)C(F)(F)C(F)(F)C(F)(F)F.[Li+].O=S(=O)([O-])C(F)(F)C(F)(F)C(F)(F)C(F)(F)C(F)(F)C(F)(F)C(F)(F)C(F)(F)F.[Li+],anionic mixture,0.0,0.0,0.006299999993420215,,,,,,P2SURF mixture; updated_CMC-Data-for-mixed-micelle.csv; experimental CMC dataset; mol_fraction_A=0.5; mol_fraction_B=0.5; logCMC(uM)=3.79934055 converted to mol/L; https://github.com/sandialabs/P2SURF
CCCCCCOC(=O)CC(C(=O)OCCCCCC)S(=O)(=O)[O-].[Na+].CCCCCCOC(=O)CC(C(=O)OCCCCCC)S(=O)(=O)[O-].[Na+],anionic mixture,1.0,0.0,0.0014000000010372378,,,,,,P2SURF mixture; updated_CMC-Data-for-mixed-micelle.csv; experimental CMC dataset; mol_fraction_A=0.5; mol_fraction_B=0.5; logCMC(uM)=3.14612804 converted to mol/L; https://github.com/sandialabs/P2SURF
CCCCCCCCCCCCCCC(C(=O)OC)S(=O)(=O)[O-].[Na+].CCCCCCCCCCCCCCC(C(=O)OC)S(=O)(=O)[O-].[Na+],anionic mixture,0.0,0.0,0.0007299999997975269,,,,,,P2SURF mixture; updated_CMC-Data-for-mixed-micelle.csv; experimental CMC dataset; mol_fraction_A=0.5; mol_fraction_B=0.5; logCMC(uM)=2.86332286 converted to mol/L; https://github.com/sandialabs/P2SURF
CCCCCCCCCC[N+](C)(C)CC(=O)[O-].CCCCCCCCCC[N+](C)(C)CC(=O)[O-],zwitterionic/ionic mixture,0.0,0.0,0.017999999995718313,,,,,,P2SURF mixture; updated_CMC-Data-for-mixed-micelle.csv; experimental CMC dataset; mol_fraction_A=0.5; mol_fraction_B=0.5; logCMC(uM)=4.2552725 converted to mol/L; https://github.com/sandialabs/P2SURF
CCCCCCCCCCCC[N+](C)(C)CC(=O)[O-].CCCCCCCCCCCC[N+](C)(C)CC(=O)[O-],zwitterionic/ionic mixture,0.0,0.0,0.0020000000015474237,,,,,,P2SURF mixture; updated_CMC-Data-for-mixed-micelle.csv; experimental CMC dataset; mol_fraction_A=0.5; mol_fraction_B=0.5; logCMC(uM)=3.30103 converted to mol/L; https://github.com/sandialabs/P2SURF
CCCCCCCCCCCCCC[N+](C)(C)CC(=O)[O-].CCCCCCCCCCCCCC[N+](C)(C)CC(=O)[O-],zwitterionic/ionic mixture,0.0,0.0,0.00022000000009006474,,,,,,P2SURF mixture; updated_CMC-Data-for-mixed-micelle.csv; experimental CMC dataset; mol_fraction_A=0.5; mol_fraction_B=0.5; logCMC(uM)=2.34242268 converted to mol/L; https://github.com/sandialabs/P2SURF
CCCCCCCCCCCCCCCC[N+](C)(C)CC(=O)[O-].CCCCCCCCCCCCCCCC[N+](C)(C)CC(=O)[O-],zwitterionic/ionic mixture,0.0,0.0,2.000000001547426e-05,,,,,,P2SURF mixture; updated_CMC-Data-for-mixed-micelle.csv; experimental CMC dataset; mol_fraction_A=0.5; mol_fraction_B=0.5; logCMC(uM)=1.30103 converted to mol/L; https://github.com/sandialabs/P2SURF
CCCCCCCCCCCC[N+](C)(C)CCCC(=O)[O-].CCCCCCCCCCCC[N+](C)(C)CCCC(=O)[O-],zwitterionic/ionic mixture,0.0,0.0,0.0046000000033727334,,,,,,P2SURF mixture; updated_CMC-Data-for-mixed-micelle.csv; experimental CMC dataset; mol_fraction_A=0.5; mol_fraction_B=0.5; logCMC(uM)=3.66275783 converted to mol/L; https://github.com/sandialabs/P2SURF
CCCCCCCCCCCC[N+](C)(C)CCCCCC(=O)[O-].CCCCCCCCCCCC[N+](C)(C)CCCCCC(=O)[O-],zwitterionic/ionic mixture,0.0,0.0,0.0026000000001747056,,,,,,P2SURF mixture; updated_CMC-Data-for-mixed-micelle.csv; experimental CMC dataset; mol_fraction_A=0.5; mol_fraction_B=0.5; logCMC(uM)=3.41497335 converted to mol/L; https://github.com/sandialabs/P2SURF
CCCCCCCCCCCC[N+](C)(C)CCCCCCCC(=O)[O-].CCCCCCCCCCCC[N+](C)(C)CCCCCCCC(=O)[O-],zwitterionic/ionic mixture,0.0,0.0,0.0014999999998076842,,,,,,P2SURF mixture; updated_CMC-Data-for-mixed-micelle.csv; experimental CMC dataset; mol_fraction_A=0.5; mol_fraction_B=0.5; logCMC(uM)=3.17609126 converted to mol/L; https://github.com/sandialabs/P2SURF
CCCCCCCCCCC(C(=O)[O-])[n+]1ccccc1.CCCCCCCCCCC(C(=O)[O-])[n+]1ccccc1,zwitterionic/ionic mixture,0.0,0.0,0.005200000004372714,,,,,,P2SURF mixture; updated_CMC-Data-for-mixed-micelle.csv; experimental CMC dataset; mol_fraction_A=0.5; mol_fraction_B=0.5; logCMC(uM)=3.71600334 converted to mol/L; https://github.com/sandialabs/P2SURF
CCCCCCCCCCCCC(C(=O)[O-])[n+]1ccccc1.CCCCCCCCCCCCC(C(=O)[O-])[n+]1ccccc1,zwitterionic/ionic mixture,0.0,0.0,0.0005999999994699769,,,,,,P2SURF mixture; updated_CMC-Data-for-mixed-micelle.csv; experimental CMC dataset; mol_fraction_A=0.5; mol_fraction_B=0.5; logCMC(uM)=2.77815125 converted to mol/L; https://github.com/sandialabs/P2SURF
CCCCCCCCCCCC[N+](C)(C)CCCS(=O)(=O)[O-].CCCCCCCCCCCC[N+](C)(C)CCCS(=O)(=O)[O-],zwitterionic/ionic mixture,0.0,0.0,0.0030000000019365044,,,,,,P2SURF mixture; updated_CMC-Data-for-mixed-micelle.csv; experimental CMC dataset; mol_fraction_A=0.5; mol_fraction_B=0.5; logCMC(uM)=3.47712126 converted to mol/L; https://github.com/sandialabs/P2SURF
CCCCCCCCCCCCCC[N+](C)(C)CCCS(=O)(=O)[O-].CCCCCCCCCCCCCC[N+](C)(C)CCCS(=O)(=O)[O-],zwitterionic/ionic mixture,0.0,0.0,0.0003199999997642845,,,,,,P2SURF mixture; updated_CMC-Data-for-mixed-micelle.csv; experimental CMC dataset; mol_fraction_A=0.5; mol_fraction_B=0.5; logCMC(uM)=2.50514998 converted to mol/L; https://github.com/sandialabs/P2SURF
CCCCC(C)CCCCOCCOCCOCCOCCOCCOCCO.CCCCC(C)CCCCOCCOCCOCCOCCOCCOCCO,nonionic mixture,6.0,0.0,0.0029699999978306858,,,,,,P2SURF mixture; updated_CMC-Data-for-mixed-micelle.csv; experimental CMC dataset; mol_fraction_A=0.5; mol_fraction_B=0.5; logCMC(uM)=3.47275645 converted to mol/L; https://github.com/sandialabs/P2SURF
CCCCC(C)CCCCOCCOCCOCCOCCOCCOCCOCCOCCOCCO.CCCCC(C)CCCCOCCOCCOCCOCCOCCOCCOCCOCCOCCO,nonionic mixture,9.0,0.0,0.0031999999976428453,,,,,,P2SURF mixture; updated_CMC-Data-for-mixed-micelle.csv; experimental CMC dataset; mol_fraction_A=0.5; mol_fraction_B=0.5; logCMC(uM)=3.50514998 converted to mol/L; https://github.com/sandialabs/P2SURF
CCC(C)CCOCCOCCOCCOCCOCCOCCO.CCC(C)CCOCCOCCOCCOCCOCCOCCO,nonionic mixture,6.0,0.0,0.1,,,,,,P2SURF mixture; updated_CMC-Data-for-mixed-micelle.csv; experimental CMC dataset; mol_fraction_A=0.5; mol_fraction_B=0.5; logCMC(uM)=5 converted to mol/L; https://github.com/sandialabs/P2SURF
CCCC(C)CCCOCCOCCOCCOCCOCCOCCO.CCCC(C)CCCOCCOCCOCCOCCOCCOCCO,nonionic mixture,6.0,0.0,0.022999999999068294,,,,,,P2SURF mixture; updated_CMC-Data-for-mixed-micelle.csv; experimental CMC dataset; mol_fraction_A=0.5; mol_fraction_B=0.5; logCMC(uM)=4.36172784 converted to mol/L; https://github.com/sandialabs/P2SURF
CCCCCCCCCCCCC(C(=O)O)S(=O)(=O)O.CCCCCCCCCCCCC(C(=O)O)S(=O)(=O)O,anionic mixture,0.0,0.0,0.005200000004372714,,,,,,P2SURF mixture; updated_CMC-Data-for-mixed-micelle.csv; experimental CMC dataset; mol_fraction_A=0.5; mol_fraction_B=0.5; logCMC(uM)=3.71600334 converted to mol/L; https://github.com/sandialabs/P2SURF
CCCCCCOCCOCCOCCOCCOCCOCCO.CCCCCCOCCOCCOCCOCCOCCOCCO,nonionic mixture,6.0,0.0,0.796000000480816,,,,,,P2SURF mixture; updated_CMC-Data-for-mixed-micelle.csv; experimental CMC dataset; mol_fraction_A=0.5; mol_fraction_B=0.5; logCMC(uM)=5.90091307 converted to mol/L; https://github.com/sandialabs/P2SURF
CCCCCCCCCCCC[NH3+].[Cl-].CCCCCCCCCCCC[NH3+].[Cl-],nonionic mixture,0.0,0.0,0.014766666683551569,,,,,,P2SURF mixture; updated_CMC-Data-for-mixed-micelle.csv; experimental CMC dataset; mol_fraction_A=0.5; mol_fraction_B=0.5; logCMC(uM)=4.16928247 converted to mol/L; https://github.com/sandialabs/P2SURF
CCCCCCCCCCCC[n+]1cccc2ccccc21.[Br-].CCCCCCCCCCCC[n+]1cccc2ccccc21.[Br-],cationic mixture,0.0,0.0,0.0047999999958488575,,,,,,P2SURF mixture; updated_CMC-Data-for-mixed-micelle.csv; experimental CMC dataset; mol_fraction_A=0.5; mol_fraction_B=0.5; logCMC(uM)=3.68124124 converted to mol/L; https://github.com/sandialabs/P2SURF
CCCCCCOCCOCCOCCOCCO.CCCCCCOCCOCCOCCOCCO,nonionic mixture,4.0,0.0,0.08999999990895757,,,,,,P2SURF mixture; updated_CMC-Data-for-mixed-micelle.csv; experimental CMC dataset; mol_fraction_A=0.5; mol_fraction_B=0.5; logCMC(uM)=4.95424251 converted to mol/L; https://github.com/sandialabs/P2SURF
CCCCCCOCCOCCOCCOCCOCCO.CCCCCCOCCOCCOCCOCCOCCO,nonionic mixture,5.0,0.0,0.09250000005558316,,,,,,P2SURF mixture; updated_CMC-Data-for-mixed-micelle.csv; experimental CMC dataset; mol_fraction_A=0.5; mol_fraction_B=0.5; logCMC(uM)=4.96614173 converted to mol/L; https://github.com/sandialabs/P2SURF
CC(C)(C)OCCOCCOCCOCCOCCOCCO.CC(C)(C)OCCOCCOCCOCCOCCOCCO,nonionic mixture,6.0,0.0,0.9099999993271949,,,,,,P2SURF mixture; updated_CMC-Data-for-mixed-micelle.csv; experimental CMC dataset; mol_fraction_A=0.5; mol_fraction_B=0.5; logCMC(uM)=5.95904139 converted to mol/L; https://github.com/sandialabs/P2SURF
C[N+](C)([O-])CCC(F)(F)C(F)(F)C(F)(F)C(F)(F)C(F)(F)C(F)(F)C(F)(F)F.C[N+](C)([O-])CCC(F)(F)C(F)(F)C(F)(F)C(F)(F)C(F)(F)C(F)(F)C(F)(F)F,zwitterionic/ionic mixture,0.0,0.0,0.0004700000000695674,,,,,,P2SURF mixture; updated_CMC-Data-for-mixed-micelle.csv; experimental CMC dataset; mol_fraction_A=0.5; mol_fraction_B=0.5; logCMC(uM)=2.67209786 converted to mol/L; https://github.com/sandialabs/P2SURF
CCCCCCCCC[N+](C)(C)[O-].CCCCCCCCC[N+](C)(C)[O-],zwitterionic/ionic mixture,0.0,0.0,0.05400000002201201,,,,,,P2SURF mixture; updated_CMC-Data-for-mixed-micelle.csv; experimental CMC dataset; mol_fraction_A=0.5; mol_fraction_B=0.5; logCMC(uM)=4.73239376 converted to mol/L; https://github.com/sandialabs/P2SURF
CCCCCCCCOCCOCCOCCOCCOCCOCCOCCOCCOCCO.CCCCCCCCOCCOCCOCCOCCOCCOCCOCCOCCOCCO,nonionic mixture,9.0,0.0,0.012999999990815261,,,,,,P2SURF mixture; updated_CMC-Data-for-mixed-micelle.csv; experimental CMC dataset; mol_fraction_A=0.5; mol_fraction_B=0.5; logCMC(uM)=4.11394335 converted to mol/L; https://github.com/sandialabs/P2SURF
CCCCCCCCCCCCc1cccc(S(=O)(=O)[O-])c1.[Na+].CCCCCCCCCCCCc1cccc(S(=O)(=O)[O-])c1.[Na+],anionic mixture,0.0,0.0,0.0014600000007246733,,,,,,P2SURF mixture; updated_CMC-Data-for-mixed-micelle.csv; experimental CMC dataset; mol_fraction_A=0.5; mol_fraction_B=0.5; logCMC(uM)=3.16435286 converted to mol/L; https://github.com/sandialabs/P2SURF
CCCCCCCCCCCCc1ccc(S(=O)(=O)[O-])cc1.[Na+].CCCCCCCCCCCCc1ccc(S(=O)(=O)[O-])cc1.[Na+],anionic mixture,0.0,0.0,0.001589999998826792,,,,,,P2SURF mixture; updated_CMC-Data-for-mixed-micelle.csv; experimental CMC dataset; mol_fraction_A=0.5; mol_fraction_B=0.5; logCMC(uM)=3.20139712 converted to mol/L; https://github.com/sandialabs/P2SURF
CCCCCCCCCC(=O)[O-].[Na+].CCCCCCCCCC(=O)[O-].[Na+],anionic mixture,0.0,0.0,0.0940000000866425,,,,,,P2SURF mixture; updated_CMC-Data-for-mixed-micelle.csv; experimental CMC dataset; mol_fraction_A=0.5; mol_fraction_B=0.5; logCMC(uM)=4.97312785 converted to mol/L; https://github.com/sandialabs/P2SURF
CCCCCCCCCCOS(=O)(=O)[O-].[Na+].CCCCCCCCCCOS(=O)(=O)[O-].[Na+],anionic mixture,0.0,0.0,0.03302000000556744,,,,,,P2SURF mixture; updated_CMC-Data-for-mixed-micelle.csv; experimental CMC dataset; mol_fraction_A=0.5; mol_fraction_B=0.5; logCMC(uM)=4.51877707 converted to mol/L; https://github.com/sandialabs/P2SURF
CCCCCCCCC(C)OS(=O)(=O)[O-].[Na+].CCCCCCCCC(C)OS(=O)(=O)[O-].[Na+],anionic mixture,0.0,0.0,0.04629999999808599,,,,,,P2SURF mixture; updated_CMC-Data-for-mixed-micelle.csv; experimental CMC dataset; mol_fraction_A=0.5; mol_fraction_B=0.5; logCMC(uM)=4.66558099 converted to mol/L; https://github.com/sandialabs/P2SURF
CCCCC(OC(=O)C(CC(=O)[O-])S(=O)(=O)O)C(CC)CC.[Na+].CCCCC(OC(=O)C(CC(=O)[O-])S(=O)(=O)O)C(CC)CC.[Na+],anionic mixture,0.0,0.0,0.0025000000018879035,,,,,,P2SURF mixture; updated_CMC-Data-for-mixed-micelle.csv; experimental CMC dataset; mol_fraction_A=0.5; mol_fraction_B=0.5; logCMC(uM)=3.39794001 converted to mol/L; https://github.com/sandialabs/P2SURF
CCCCCCCCCCCC(=O)[O-].[Na+].CCCCCCCCCCCC(=O)[O-].[Na+],anionic mixture,0.0,0.0,0.024399999980969124,,,,,,P2SURF mixture; updated_CMC-Data-for-mixed-micelle.csv; experimental CMC dataset; mol_fraction_A=0.5; mol_fraction_B=0.5; logCMC(uM)=4.38738983 converted to mol/L; https://github.com/sandialabs/P2SURF
CCCCCCCCCOS(=O)(=O)[O-].[Na+].CCCCCCCCCOS(=O)(=O)[O-].[Na+],anionic mixture,0.0,0.0,0.06458000004741433,,,,,,P2SURF mixture; updated_CMC-Data-for-mixed-micelle.csv; experimental CMC dataset; mol_fraction_A=0.5; mol_fraction_B=0.5; logCMC(uM)=4.81009804 converted to mol/L; https://github.com/sandialabs/P2SURF
CCCCCCCCOS(=O)(=O)[O-].[Na+].CCCCCCCCOS(=O)(=O)[O-].[Na+],anionic mixture,0.0,0.0,0.13325000009247234,,,,,,P2SURF mixture; updated_CMC-Data-for-mixed-micelle.csv; experimental CMC dataset; mol_fraction_A=0.5; mol_fraction_B=0.5; logCMC(uM)=5.12466722 converted to mol/L; https://github.com/sandialabs/P2SURF
CCCCCCCCS(=O)(=O)[O-].[Na+].CCCCCCCCS(=O)(=O)[O-].[Na+],anionic mixture,0.0,0.0,0.1549999999392227,,,,,,P2SURF mixture; updated_CMC-Data-for-mixed-micelle.csv; experimental CMC dataset; mol_fraction_A=0.5; mol_fraction_B=0.5; logCMC(uM)=5.1903317 converted to mol/L; https://github.com/sandialabs/P2SURF
CCCCCCCCCc1ccc(S(=O)(=O)[O-])cc1.[Na+].CCCCCCCCCc1ccc(S(=O)(=O)[O-])cc1.[Na+],anionic mixture,0.0,0.0,0.0046000000033727334,,,,,,P2SURF mixture; updated_CMC-Data-for-mixed-micelle.csv; experimental CMC dataset; mol_fraction_A=0.5; mol_fraction_B=0.5; logCMC(uM)=3.66275783 converted to mol/L; https://github.com/sandialabs/P2SURF
CCCCCCCCCCCCCC(=O)[O-].[Na+].CCCCCCCCCCCCCC(=O)[O-].[Na+],anionic mixture,0.0,0.0,0.006900000004174447,,,,,,P2SURF mixture; updated_CMC-Data-for-mixed-micelle.csv; experimental CMC dataset; mol_fraction_A=0.5; mol_fraction_B=0.5; logCMC(uM)=3.83884909 converted to mol/L; https://github.com/sandialabs/P2SURF
CCCCCCCCCCCCC(C)OS(=O)(=O)[O-].[Na+].CCCCCCCCCCCCC(C)OS(=O)(=O)[O-].[Na+],anionic mixture,0.0,0.0,0.00327000000255786,,,,,,P2SURF mixture; updated_CMC-Data-for-mixed-micelle.csv; experimental CMC dataset; mol_fraction_A=0.5; mol_fraction_B=0.5; logCMC(uM)=3.51454775 converted to mol/L; https://github.com/sandialabs/P2SURF
CCCCCCCCCCC(CCC)OS(=O)(=O)[O-].[Na+].CCCCCCCCCCC(CCC)OS(=O)(=O)[O-].[Na+],anionic mixture,0.0,0.0,0.0051200000002849366,,,,,,P2SURF mixture; updated_CMC-Data-for-mixed-micelle.csv; experimental CMC dataset; mol_fraction_A=0.5; mol_fraction_B=0.5; logCMC(uM)=3.70926996 converted to mol/L; https://github.com/sandialabs/P2SURF
CCCCCCCCCCCOS(=O)(=O)[O-].[Na+].CCCCCCCCCCCOS(=O)(=O)[O-].[Na+],anionic mixture,0.0,0.0,0.0160000000126762,,,,,,P2SURF mixture; updated_CMC-Data-for-mixed-micelle.csv; experimental CMC dataset; mol_fraction_A=0.5; mol_fraction_B=0.5; logCMC(uM)=4.20411998 converted to mol/L; https://github.com/sandialabs/P2SURF
O[C@H]([C@H]([C@@H]([C@@H](CO)O1)O)O)C1OCCCCCCCC.O[C@H]([C@H]([C@@H]([C@@H](CO)O1)O)O)C1OCCCCCCCC,nonionic mixture,1.0,0.0,0.02539943453066296,,,,,,P2SURF mixture; updated_CMC-Data-for-mixed-micelle.csv; experimental CMC dataset; mol_fraction_A=0.5; mol_fraction_B=0.5; logCMC(uM)=4.40482405 converted to mol/L; https://github.com/sandialabs/P2SURF
CCCCCCCC[N+]1=CC=CC=C1.CCCCCCCC[N+]1=CC=CC=C1,cationic mixture,0.0,0.0,0.19477485737208103,,,,,,P2SURF mixture; updated_CMC-Data-for-mixed-micelle.csv; experimental CMC dataset; mol_fraction_A=0.5; mol_fraction_B=0.5; logCMC(uM)=5.28953289 converted to mol/L; https://github.com/sandialabs/P2SURF
CCCCCCCCCCCCCCCC[N+](C)(C)C.CCCCCCCCCCCCCCCC[N+](C)(C)C,cationic mixture,0.0,0.0,6.715034835585255e-05,,,,,,P2SURF mixture; updated_CMC-Data-for-mixed-micelle.csv; experimental CMC dataset; mol_fraction_A=0.5; mol_fraction_B=0.5; logCMC(uM)=1.82704827 converted to mol/L; https://github.com/sandialabs/P2SURF
CCCCCCCCCCCC[N+](C)(C)C.CCCCCCCCCCCC[N+](C)(C)C,cationic mixture,0.0,0.0,0.0016918516684501254,,,,,,P2SURF mixture; updated_CMC-Data-for-mixed-micelle.csv; experimental CMC dataset; mol_fraction_A=0.5; mol_fraction_B=0.5; logCMC(uM)=3.22836228 converted to mol/L; https://github.com/sandialabs/P2SURF
CCCCCCOCCOCCOCCO.CCCCCCOCCOCCOCCO,nonionic mixture,3.0,0.0,0.0618768098623515,,,,,,P2SURF mixture; updated_CMC-Data-for-mixed-micelle.csv; experimental CMC dataset; mol_fraction_A=0.5; mol_fraction_B=0.5; logCMC(uM)=4.79152791 converted to mol/L; https://github.com/sandialabs/P2SURF
CCC[N+](CCC)(CCCCCCCCCCCCCCCC)CCC.CCC[N+](CCC)(CCCCCCCCCCCCCCCC)CCC,cationic mixture,0.0,0.0,0.0012990059370453374,,,,,,P2SURF mixture; updated_CMC-Data-for-mixed-micelle.csv; experimental CMC dataset; mol_fraction_A=0.5; mol_fraction_B=0.5; logCMC(uM)=3.11361114 converted to mol/L; https://github.com/sandialabs/P2SURF
CCC[N+](CCC)(CCCCCCCCCCCCCC)CCC.CCC[N+](CCC)(CCCCCCCCCCCCCC)CCC,cationic mixture,0.0,0.0,0.00477492758938982,,,,,,P2SURF mixture; updated_CMC-Data-for-mixed-micelle.csv; experimental CMC dataset; mol_fraction_A=0.5; mol_fraction_B=0.5; logCMC(uM)=3.67896679 converted to mol/L; https://github.com/sandialabs/P2SURF
C[N+](C)(CCCCCCCCCCCCCC)C.C[N+](C)(CCCCCCCCCCCCCC)C,cationic mixture,0.0,0.0,0.010103458105971025,,,,,,P2SURF mixture; updated_CMC-Data-for-mixed-micelle.csv; experimental CMC dataset; mol_fraction_A=0.5; mol_fraction_B=0.5; logCMC(uM)=4.00447004 converted to mol/L; https://github.com/sandialabs/P2SURF
CCCCCCCCCCCCCC[N+]1=CC=CC=C1.CCCCCCCCCCCCCC[N+]1=CC=CC=C1,cationic mixture,0.0,0.0,0.006864649474200463,,,,,,P2SURF mixture; updated_CMC-Data-for-mixed-micelle.csv; experimental CMC dataset; mol_fraction_A=0.5; mol_fraction_B=0.5; logCMC(uM)=3.83661837 converted to mol/L; https://github.com/sandialabs/P2SURF
CCCCCCCCCCCC[N+]1=CC=CC=C1.CCCCCCCCCCCC[N+]1=CC=CC=C1,cationic mixture,0.0,0.0,0.03616392692410418,,,,,,P2SURF mixture; updated_CMC-Data-for-mixed-micelle.csv; experimental CMC dataset; mol_fraction_A=0.5; mol_fraction_B=0.5; logCMC(uM)=4.55827558 converted to mol/L; https://github.com/sandialabs/P2SURF
CCCCCCCCCCCCCCCCOCCOCCOCCOS(=O)([O-])=O.CCCCCCCCCCCCCCCCOCCOCCOCCOS(=O)([O-])=O,anionic mixture,3.0,0.0,7.292872635418485e-05,,,,,,P2SURF mixture; updated_CMC-Data-for-mixed-micelle.csv; experimental CMC dataset; mol_fraction_A=0.5; mol_fraction_B=0.5; logCMC(uM)=1.86289863 converted to mol/L; https://github.com/sandialabs/P2SURF
CCCCCCCCCCCCCCCCOCCOCCOS(=O)([O-])=O.CCCCCCCCCCCCCCCCOCCOCCOS(=O)([O-])=O,anionic mixture,2.0,0.0,0.00012239139307217744,,,,,,P2SURF mixture; updated_CMC-Data-for-mixed-micelle.csv; experimental CMC dataset; mol_fraction_A=0.5; mol_fraction_B=0.5; logCMC(uM)=2.08775088 converted to mol/L; https://github.com/sandialabs/P2SURF
CCCCCCCCCCCCCCCCOCCOS(=O)([O-])=O.CCCCCCCCCCCCCCCCOCCOS(=O)([O-])=O,anionic mixture,1.0,0.0,0.00020469305650820885,,,,,,P2SURF mixture; updated_CMC-Data-for-mixed-micelle.csv; experimental CMC dataset; mol_fraction_A=0.5; mol_fraction_B=0.5; logCMC(uM)=2.31110311 converted to mol/L; https://github.com/sandialabs/P2SURF
O=S(OCCOCCOCCOCCCCCCCCCCCCCCCCCC)([O-])=O.O=S(OCCOCCOCCOCCCCCCCCCCCCCCCCCC)([O-])=O,anionic mixture,4.0,0.0,4.461146589242475e-05,,,,,,P2SURF mixture; updated_CMC-Data-for-mixed-micelle.csv; experimental CMC dataset; mol_fraction_A=0.5; mol_fraction_B=0.5; logCMC(uM)=1.64944649 converted to mol/L; https://github.com/sandialabs/P2SURF
O=S(OCCOCCOCCCCCCCCCCCCCCCCCC)([O-])=O.O=S(OCCOCCOCCCCCCCCCCCCCCCCCC)([O-])=O,anionic mixture,3.0,0.0,9.131657308832121e-05,,,,,,P2SURF mixture; updated_CMC-Data-for-mixed-micelle.csv; experimental CMC dataset; mol_fraction_A=0.5; mol_fraction_B=0.5; logCMC(uM)=1.9605496 converted to mol/L; https://github.com/sandialabs/P2SURF
O=S(OCCOCCCCCCCCCCCCCCCCCC)([O-])=O.O=S(OCCOCCCCCCCCCCCCCCCCCC)([O-])=O,anionic mixture,2.0,0.0,0.0001889307997687822,,,,,,P2SURF mixture; updated_CMC-Data-for-mixed-micelle.csv; experimental CMC dataset; mol_fraction_A=0.5; mol_fraction_B=0.5; logCMC(uM)=2.27630276 converted to mol/L; https://github.com/sandialabs/P2SURF
CCCCCC(C1=CC=C(OCCO)C=C1)(C)C.CCCCCC(C1=CC=C(OCCO)C=C1)(C)C,nonionic mixture,1.0,0.0,0.00022377084301587687,,,,,,P2SURF mixture; updated_CMC-Data-for-mixed-micelle.csv; experimental CMC dataset; mol_fraction_A=0.5; mol_fraction_B=0.5; logCMC(uM)=2.3498035 converted to mol/L; https://github.com/sandialabs/P2SURF
CCCCCC(C1=CC=C(OCCOCCO)C=C1)(C)C.CCCCCC(C1=CC=C(OCCOCCO)C=C1)(C)C,nonionic mixture,2.0,0.0,0.00011791002080571182,,,,,,P2SURF mixture; updated_CMC-Data-for-mixed-micelle.csv; experimental CMC dataset; mol_fraction_A=0.5; mol_fraction_B=0.5; logCMC(uM)=2.07155072 converted to mol/L; https://github.com/sandialabs/P2SURF
CCCCCC(C1=CC=C(OCCOCCOCCO)C=C1)(C)C.CCCCCC(C1=CC=C(OCCOCCOCCO)C=C1)(C)C,nonionic mixture,3.0,0.0,0.0001020587133739557,,,,,,P2SURF mixture; updated_CMC-Data-for-mixed-micelle.csv; experimental CMC dataset; mol_fraction_A=0.5; mol_fraction_B=0.5; logCMC(uM)=2.00885009 converted to mol/L; https://github.com/sandialabs/P2SURF
CCCCCC(C1=CC=C(OCCOCCOCCOCCO)C=C1)(C)C.CCCCCC(C1=CC=C(OCCOCCOCCOCCO)C=C1)(C)C,nonionic mixture,4.0,0.0,0.0001261249502681519,,,,,,P2SURF mixture; updated_CMC-Data-for-mixed-micelle.csv; experimental CMC dataset; mol_fraction_A=0.5; mol_fraction_B=0.5; logCMC(uM)=2.10080101 converted to mol/L; https://github.com/sandialabs/P2SURF
CCCCCC(C1=CC=C(OCCOCCOCCOCCOCCO)C=C1)(C)C.CCCCCC(C1=CC=C(OCCOCCOCCOCCOCCO)C=C1)(C)C,nonionic mixture,5.0,0.0,0.00014958971990610746,,,,,,P2SURF mixture; updated_CMC-Data-for-mixed-micelle.csv; experimental CMC dataset; mol_fraction_A=0.5; mol_fraction_B=0.5; logCMC(uM)=2.17490175 converted to mol/L; https://github.com/sandialabs/P2SURF
CCCCCC(C1=CC=C(OCCOCCOCCOCCOCCOCCO)C=C1)(C)C.CCCCCC(C1=CC=C(OCCOCCOCCOCCOCCOCCO)C=C1)(C)C,nonionic mixture,6.0,0.0,0.00020139702038753413,,,,,,P2SURF mixture; updated_CMC-Data-for-mixed-micelle.csv; experimental CMC dataset; mol_fraction_A=0.5; mol_fraction_B=0.5; logCMC(uM)=2.30405304 converted to mol/L; https://github.com/sandialabs/P2SURF
CCCCCC(C1=CC=C(OCCOCCOCCOCCOCCOCCOCCO)C=C1)(C)C.CCCCCC(C1=CC=C(OCCOCCOCCOCCOCCOCCOCCO)C=C1)(C)C,nonionic mixture,7.0,0.0,0.0002457275807869821,,,,,,P2SURF mixture; updated_CMC-Data-for-mixed-micelle.csv; experimental CMC dataset; mol_fraction_A=0.5; mol_fraction_B=0.5; logCMC(uM)=2.39045391 converted to mol/L; https://github.com/sandialabs/P2SURF
CCCCCC(C1=CC=C(OCCOCCOCCOCCOCCOCCOCCOCCO)C=C1)(C)C.CCCCCC(C1=CC=C(OCCOCCOCCOCCOCCOCCOCCOCCO)C=C1)(C)C,nonionic mixture,8.0,0.0,0.000286354867031658,,,,,,P2SURF mixture; updated_CMC-Data-for-mixed-micelle.csv; experimental CMC dataset; mol_fraction_A=0.5; mol_fraction_B=0.5; logCMC(uM)=2.45690457 converted to mol/L; https://github.com/sandialabs/P2SURF
CCCCCC(C1=CC=C(OCCOCCOCCOCCOCCOCCOCCOCCOCCO)C=C1)(C)C.CCCCCC(C1=CC=C(OCCOCCOCCOCCOCCOCCOCCOCCOCCO)C=C1)(C)C,nonionic mixture,9.0,0.0,0.00033799111901869317,,,,,,P2SURF mixture; updated_CMC-Data-for-mixed-micelle.csv; experimental CMC dataset; mol_fraction_A=0.5; mol_fraction_B=0.5; logCMC(uM)=2.52890529 converted to mol/L; https://github.com/sandialabs/P2SURF
CCCCCC(C1=CC=C(OCCOCCOCCOCCOCCOCCOCCOCCOCCOCCO)C=C1)(C)C.CCCCCC(C1=CC=C(OCCOCCOCCOCCOCCOCCOCCOCCOCCOCCO)C=C1)(C)C,nonionic mixture,10.0,0.0,0.0003560865057766022,,,,,,P2SURF mixture; updated_CMC-Data-for-mixed-micelle.csv; experimental CMC dataset; mol_fraction_A=0.5; mol_fraction_B=0.5; logCMC(uM)=2.55155552 converted to mol/L; https://github.com/sandialabs/P2SURF
CCCCCCCCCCCCCCCCOCCOCCOCCOCCOCCOCCO.CCCCCCCCCCCCCCCCOCCOCCOCCOCCOCCOCCO,nonionic mixture,6.0,0.0,1.7200154778601632e-06,,,,,,P2SURF mixture; updated_CMC-Data-for-mixed-micelle.csv; experimental CMC dataset; mol_fraction_A=0.5; mol_fraction_B=0.5; logCMC(uM)=0.235532355 converted to mol/L; https://github.com/sandialabs/P2SURF
OCCOCCOCCOCCOCCOCCOCCOCCOCCOCCCCCCCCCCCCCCCC.OCCOCCOCCOCCOCCOCCOCCOCCOCCOCCCCCCCCCCCCCCCC,nonionic mixture,10.0,0.0,2.0863309177420534e-06,,,,,,P2SURF mixture; updated_CMC-Data-for-mixed-micelle.csv; experimental CMC dataset; mol_fraction_A=0.5; mol_fraction_B=0.5; logCMC(uM)=0.319383194 converted to mol/L; https://github.com/sandialabs/P2SURF
OCCOCCOCCOCCOCCOCCOCCOCCOCCOCCOCCOCCOCCOCCOCCOCCCCCCCCCCCCCCCC.OCCOCCOCCOCCOCCOCCOCCOCCOCCOCCOCCOCCOCCOCCOCCOCCCCCCCCCCCCCCCC,nonionic mixture,16.0,0.0,3.1469147570714137e-06,,,,,,P2SURF mixture; updated_CMC-Data-for-mixed-micelle.csv; experimental CMC dataset; mol_fraction_A=0.5; mol_fraction_B=0.5; logCMC(uM)=0.497884979 converted to mol/L; https://github.com/sandialabs/P2SURF
CCCCCCCCCCCCCCCCOCCOCCOCCOCCOCCOCCOCCO.CCCCCCCCCCCCCCCCOCCOCCOCCOCCOCCOCCOCCO,nonionic mixture,7.0,0.0,1.7081748565987867e-06,,,,,,P2SURF mixture; updated_CMC-Data-for-mixed-micelle.csv; experimental CMC dataset; mol_fraction_A=0.5; mol_fraction_B=0.5; logCMC(uM)=0.232532325 converted to mol/L; https://github.com/sandialabs/P2SURF
OCCOCCOCCOCCOCCOCCOCCOCCOCCOCCOCCOCCOCCCCCCCCCCCCCCCC.OCCOCCOCCOCCOCCOCCOCCOCCOCCOCCOCCOCCOCCCCCCCCCCCCCCCC,nonionic mixture,13.0,0.0,2.1160857129414252e-06,,,,,,P2SURF mixture; updated_CMC-Data-for-mixed-micelle.csv; experimental CMC dataset; mol_fraction_A=0.5; mol_fraction_B=0.5; logCMC(uM)=0.325533255 converted to mol/L; https://github.com/sandialabs/P2SURF
OCCOCCOCCOCCOCCOCCOCCOCCOCCOCCOCCOCCOCCOCCOCCOCCOCCOCCOCCOCCOCCOCCCCCCCCCCCCCCCC.OCCOCCOCCOCCOCCOCCOCCOCCOCCOCCOCCOCCOCCOCCOCCOCCOCCOCCOCCOCCOCCOCCCCCCCCCCCCCCCC,nonionic mixture,22.0,0.0,3.7182253117925135e-06,,,,,,P2SURF mixture; updated_CMC-Data-for-mixed-micelle.csv; experimental CMC dataset; mol_fraction_A=0.5; mol_fraction_B=0.5; logCMC(uM)=0.570335703 converted to mol/L; https://github.com/sandialabs/P2SURF
O=S(C1=CC=C(OCCCCCCOC2=CC=C(S(=O)([O-])=O)C=C2)C=C1)([O-])=O.O=S(C1=CC=C(OCCCCCCOC2=CC=C(S(=O)([O-])=O)C=C2)C=C1)([O-])=O,anionic mixture,1.0,0.0,0.004373875420235297,,,,,,P2SURF mixture; updated_CMC-Data-for-mixed-micelle.csv; experimental CMC dataset; mol_fraction_A=0.5; mol_fraction_B=0.5; logCMC(uM)=3.64086641 converted to mol/L; https://github.com/sandialabs/P2SURF
[O-]S(=O)(OC1CCOCC1CCCCCCCCC)=O.[O-]S(=O)(OC1CCOCC1CCCCCCCCC)=O,anionic mixture,0.0,0.0,0.02958862004546894,,,,,,P2SURF mixture; updated_CMC-Data-for-mixed-micelle.csv; experimental CMC dataset; mol_fraction_A=0.5; mol_fraction_B=0.5; logCMC(uM)=4.47112471 converted to mol/L; https://github.com/sandialabs/P2SURF
[O-]S(=O)(OC1CCOCC1CCCCCCCCCCC)=O.[O-]S(=O)(OC1CCOCC1CCCCCCCCCCC)=O,anionic mixture,0.0,0.0,0.0058259620858144585,,,,,,P2SURF mixture; updated_CMC-Data-for-mixed-micelle.csv; experimental CMC dataset; mol_fraction_A=0.5; mol_fraction_B=0.5; logCMC(uM)=3.76536765 converted to mol/L; https://github.com/sandialabs/P2SURF
[O-]S(=O)(OC1CCOCC1CCCCCCCCCCCCC)=O.[O-]S(=O)(OC1CCOCC1CCCCCCCCCCCCC)=O,anionic mixture,0.0,0.0,0.0015054341965982673,,,,,,P2SURF mixture; updated_CMC-Data-for-mixed-micelle.csv; experimental CMC dataset; mol_fraction_A=0.5; mol_fraction_B=0.5; logCMC(uM)=3.17766178 converted to mol/L; https://github.com/sandialabs/P2SURF
[O-]S(=O)(OC1CCOCC1CCCCCCCCCCCCCCC)=O.[O-]S(=O)(OC1CCOCC1CCCCCCCCCCCCCCC)=O,anionic mixture,0.0,0.0,0.00035107948611833934,,,,,,P2SURF mixture; updated_CMC-Data-for-mixed-micelle.csv; experimental CMC dataset; mol_fraction_A=0.5; mol_fraction_B=0.5; logCMC(uM)=2.54540545 converted to mol/L; https://github.com/sandialabs/P2SURF
CCCCCCCCCCC(O)CO.CCCCCCCCCCC(O)CO,nonionic mixture,0.0,0.0,0.0001751670576431839,,,,,,P2SURF mixture; updated_CMC-Data-for-mixed-micelle.csv; experimental CMC dataset; mol_fraction_A=0.5; mol_fraction_B=0.5; logCMC(uM)=2.24345244 converted to mol/L; https://github.com/sandialabs/P2SURF
CCCCCCCCC(O)CO.CCCCCCCCC(O)CO,nonionic mixture,0.0,0.0,0.002212653703599799,,,,,,P2SURF mixture; updated_CMC-Data-for-mixed-micelle.csv; experimental CMC dataset; mol_fraction_A=0.5; mol_fraction_B=0.5; logCMC(uM)=3.34491345 converted to mol/L; https://github.com/sandialabs/P2SURF
CCCCCCCCCCCCC(O)CCO.CCCCCCCCCCCCC(O)CCO,nonionic mixture,0.0,0.0,1.2250135175542392e-05,,,,,,P2SURF mixture; updated_CMC-Data-for-mixed-micelle.csv; experimental CMC dataset; mol_fraction_A=0.5; mol_fraction_B=0.5; logCMC(uM)=1.08814088 converted to mol/L; https://github.com/sandialabs/P2SURF
CCCCCCCCCCC(O)CCO.CCCCCCCCCCC(O)CCO,nonionic mixture,0.0,0.0,0.000141059225182611,,,,,,P2SURF mixture; updated_CMC-Data-for-mixed-micelle.csv; experimental CMC dataset; mol_fraction_A=0.5; mol_fraction_B=0.5; logCMC(uM)=2.14940149 converted to mol/L; https://github.com/sandialabs/P2SURF
CCCCCCCCC(O)CCO.CCCCCCCCC(O)CCO,nonionic mixture,0.0,0.0,0.0022364721581049417,,,,,,P2SURF mixture; updated_CMC-Data-for-mixed-micelle.csv; experimental CMC dataset; mol_fraction_A=0.5; mol_fraction_B=0.5; logCMC(uM)=3.3495635 converted to mol/L; https://github.com/sandialabs/P2SURF
CCCCCCCCOCCO.CCCCCCCCOCCO,nonionic mixture,1.0,0.0,0.005006301430213645,,,,,,P2SURF mixture; updated_CMC-Data-for-mixed-micelle.csv; experimental CMC dataset; mol_fraction_A=0.5; mol_fraction_B=0.5; logCMC(uM)=3.699517 converted to mol/L; https://github.com/sandialabs/P2SURF
OC(CO)COCCCCCCCC.OC(CO)COCCCCCCCC,nonionic mixture,1.0,0.0,0.006285907472689111,,,,,,P2SURF mixture; updated_CMC-Data-for-mixed-micelle.csv; experimental CMC dataset; mol_fraction_A=0.5; mol_fraction_B=0.5; logCMC(uM)=3.79836798 converted to mol/L; https://github.com/sandialabs/P2SURF
CC(OCCOCCO)CCCCCCCCCC.CC(OCCOCCO)CCCCCCCCCC,nonionic mixture,2.0,0.0,3.386454906624882e-05,,,,,,P2SURF mixture; updated_CMC-Data-for-mixed-micelle.csv; experimental CMC dataset; mol_fraction_A=0.5; mol_fraction_B=0.5; logCMC(uM)=1.5297453 converted to mol/L; https://github.com/sandialabs/P2SURF
CC(OCCOCCOCCOCCOCCO)CCCCCCCCCC.CC(OCCOCCOCCOCCOCCO)CCCCCCCCCC,nonionic mixture,5.0,0.0,6.62290018864915e-05,,,,,,P2SURF mixture; updated_CMC-Data-for-mixed-micelle.csv; experimental CMC dataset; mol_fraction_A=0.5; mol_fraction_B=0.5; logCMC(uM)=1.82104821 converted to mol/L; https://github.com/sandialabs/P2SURF
CC(OCCOCCOCCO)CCCCCCCCCC.CC(OCCOCCOCCO)CCCCCCCCCC,nonionic mixture,3.0,0.0,5.023969683005379e-05,,,,,,P2SURF mixture; updated_CMC-Data-for-mixed-micelle.csv; experimental CMC dataset; mol_fraction_A=0.5; mol_fraction_B=0.5; logCMC(uM)=1.70104701 converted to mol/L; https://github.com/sandialabs/P2SURF
CC(OCCOCCOCCOCCOCCOCCOCCO)CCCCCCCCCC.CC(OCCOCCOCCOCCOCCOCCOCCO)CCCCCCCCCC,nonionic mixture,7.0,0.0,8.61686627124507e-05,,,,,,P2SURF mixture; updated_CMC-Data-for-mixed-micelle.csv; experimental CMC dataset; mol_fraction_A=0.5; mol_fraction_B=0.5; logCMC(uM)=1.93534935 converted to mol/L; https://github.com/sandialabs/P2SURF
CC(OCCOCCOCCOCCO)CCCCCCCCCC.CC(OCCOCCOCCOCCO)CCCCCCCCCC,nonionic mixture,4.0,0.0,6.251697561754043e-05,,,,,,P2SURF mixture; updated_CMC-Data-for-mixed-micelle.csv; experimental CMC dataset; mol_fraction_A=0.5; mol_fraction_B=0.5; logCMC(uM)=1.79599796 converted to mol/L; https://github.com/sandialabs/P2SURF
CC(OCCOCCOCCOCCOCCOCCOCCOCCO)CCCCCCCCCC.CC(OCCOCCOCCOCCOCCOCCOCCOCCO)CCCCCCCCCC,nonionic mixture,8.0,0.0,0.00011176362590856942,,,,,,P2SURF mixture; updated_CMC-Data-for-mixed-micelle.csv; experimental CMC dataset; mol_fraction_A=0.5; mol_fraction_B=0.5; logCMC(uM)=2.04830048 converted to mol/L; https://github.com/sandialabs/P2SURF
CCCCCCCCCCCC([N+]1=CC=CC=C1)C(O)=O.CCCCCCCCCCCC([N+]1=CC=CC=C1)C(O)=O,cationic mixture,0.0,0.0,0.0005986290275846877,,,,,,P2SURF mixture; updated_CMC-Data-for-mixed-micelle.csv; experimental CMC dataset; mol_fraction_A=0.5; mol_fraction_B=0.5; logCMC(uM)=2.77715777 converted to mol/L; https://github.com/sandialabs/P2SURF
CCCCCCCCCCC([N+]1=CC=CC=C1)C(O)=O.CCCCCCCCCCC([N+]1=CC=CC=C1)C(O)=O,cationic mixture,0.0,0.0,0.004907009604192324,,,,,,P2SURF mixture; updated_CMC-Data-for-mixed-micelle.csv; experimental CMC dataset; mol_fraction_A=0.5; mol_fraction_B=0.5; logCMC(uM)=3.69081691 converted to mol/L; https://github.com/sandialabs/P2SURF
CCCCCCCCCCCCS(=O)([O-])=O.CCCCCCCCCCCCS(=O)([O-])=O,anionic mixture,0.0,0.0,0.011401725210619221,,,,,,P2SURF mixture; updated_CMC-Data-for-mixed-micelle.csv; experimental CMC dataset; mol_fraction_A=0.5; mol_fraction_B=0.5; logCMC(uM)=4.05697057 converted to mol/L; https://github.com/sandialabs/P2SURF
CCCCCCCCCCOCCS(=O)([O-])=O.CCCCCCCCCCOCCS(=O)([O-])=O,anionic mixture,1.0,0.0,0.01605543423564691,,,,,,P2SURF mixture; updated_CMC-Data-for-mixed-micelle.csv; experimental CMC dataset; mol_fraction_A=0.5; mol_fraction_B=0.5; logCMC(uM)=4.20562206 converted to mol/L; https://github.com/sandialabs/P2SURF
CCCCCCCCCCCCOCCOS(=O)([O-])=O.CCCCCCCCCCCCOCCOS(=O)([O-])=O,anionic mixture,1.0,0.0,0.003933833260837641,,,,,,P2SURF mixture; updated_CMC-Data-for-mixed-micelle.csv; experimental CMC dataset; mol_fraction_A=0.5; mol_fraction_B=0.5; logCMC(uM)=3.59481595 converted to mol/L; https://github.com/sandialabs/P2SURF
CCCCCCCCCCCCOCCOCCOS(=O)([O-])=O.CCCCCCCCCCCCOCCOCCOS(=O)([O-])=O,anionic mixture,2.0,0.0,0.00286889449402619,,,,,,P2SURF mixture; updated_CMC-Data-for-mixed-micelle.csv; experimental CMC dataset; mol_fraction_A=0.5; mol_fraction_B=0.5; logCMC(uM)=3.45771458 converted to mol/L; https://github.com/sandialabs/P2SURF
CCCCCCCCCCCCOCCOCCOCCOCCOCCOCCOCCOCCO.CCCCCCCCCCCCOCCOCCOCCOCCOCCOCCOCCOCCO,nonionic mixture,8.0,0.0,0.00011257721872497524,,,,,,P2SURF mixture; updated_CMC-Data-for-mixed-micelle.csv; experimental CMC dataset; mol_fraction_A=0.5; mol_fraction_B=0.5; logCMC(uM)=2.05145051 converted to mol/L; https://github.com/sandialabs/P2SURF
CCCCCCCCOCCOCCOCCOCCOCCOCCO.CCCCCCCCOCCOCCOCCOCCOCCOCCO,nonionic mixture,6.0,0.0,0.009999309248330089,,,,,,P2SURF mixture; updated_CMC-Data-for-mixed-micelle.csv; experimental CMC dataset; mol_fraction_A=0.5; mol_fraction_B=0.5; logCMC(uM)=3.99997 converted to mol/L; https://github.com/sandialabs/P2SURF
O[C@H]1[C@H](OCCCCCCCC)O[C@H](CO)[C@@H](O)[C@@H]1O.O[C@H]1[C@H](OCCCCCCCC)O[C@H](CO)[C@@H](O)[C@@H]1O,nonionic mixture,1.0,0.0,0.02500771325677289,,,,,,P2SURF mixture; updated_CMC-Data-for-mixed-micelle.csv; experimental CMC dataset; mol_fraction_A=0.5; mol_fraction_B=0.5; logCMC(uM)=4.39807398 converted to mol/L; https://github.com/sandialabs/P2SURF
O[C@H]1[C@@H](O[C@@H]([C@H]([C@@H]1O)O)CO)OCCCCCCCCCC.O[C@H]1[C@@H](O[C@@H]([C@H]([C@@H]1O)O)CO)OCCCCCCCCCC,nonionic mixture,1.0,0.0,0.0021419696256685236,,,,,,P2SURF mixture; updated_CMC-Data-for-mixed-micelle.csv; experimental CMC dataset; mol_fraction_A=0.5; mol_fraction_B=0.5; logCMC(uM)=3.33081331 converted to mol/L; https://github.com/sandialabs/P2SURF
O[C@H]1[C@H](OCCCCCCCCCCCC)O[C@H](CO)[C@@H](O)[C@@H]1O.O[C@H]1[C@H](OCCCCCCCCCCCC)O[C@H](CO)[C@@H](O)[C@@H]1O,nonionic mixture,1.0,0.0,0.00018245367357528394,,,,,,P2SURF mixture; updated_CMC-Data-for-mixed-micelle.csv; experimental CMC dataset; mol_fraction_A=0.5; mol_fraction_B=0.5; logCMC(uM)=2.26115261 converted to mol/L; https://github.com/sandialabs/P2SURF
O=C([O-])C[N+](C)(CCCCCCCCCCCCCCCC)C.O=C([O-])C[N+](C)(CCCCCCCCCCCCCCCC)C,zwitterionic/ionic mixture,0.0,0.0,2.1281061167507235e-05,,,,,,P2SURF mixture; updated_CMC-Data-for-mixed-micelle.csv; experimental CMC dataset; mol_fraction_A=0.5; mol_fraction_B=0.5; logCMC(uM)=1.32799328 converted to mol/L; https://github.com/sandialabs/P2SURF
O=C(C[N+](CCCCCCCCCCCCCC)(C)C)[O-].O=C(C[N+](CCCCCCCCCCCCCC)(C)C)[O-],zwitterionic/ionic mixture,0.0,0.0,0.000203705657128709,,,,,,P2SURF mixture; updated_CMC-Data-for-mixed-micelle.csv; experimental CMC dataset; mol_fraction_A=0.5; mol_fraction_B=0.5; logCMC(uM)=2.30900309 converted to mol/L; https://github.com/sandialabs/P2SURF
O=C(C[N+](CCCCCCCCCCCC)(C)C)[O-].O=C(C[N+](CCCCCCCCCCCC)(C)C)[O-],zwitterionic/ionic mixture,0.0,0.0,0.0021147705458573456,,,,,,P2SURF mixture; updated_CMC-Data-for-mixed-micelle.csv; experimental CMC dataset; mol_fraction_A=0.5; mol_fraction_B=0.5; logCMC(uM)=3.32526325 converted to mol/L; https://github.com/sandialabs/P2SURF
O=C(C[N+](CCCCCCCCCCC)(C)C)[O-].O=C(C[N+](CCCCCCCCCCC)(C)C)[O-],zwitterionic/ionic mixture,0.0,0.0,0.007209722995038926,,,,,,P2SURF mixture; updated_CMC-Data-for-mixed-micelle.csv; experimental CMC dataset; mol_fraction_A=0.5; mol_fraction_B=0.5; logCMC(uM)=3.85791858 converted to mol/L; https://github.com/sandialabs/P2SURF
O=C(C[N+](CCCCCCCCCC)(C)C)[O-].O=C(C[N+](CCCCCCCCCC)(C)C)[O-],zwitterionic/ionic mixture,0.0,0.0,0.018459615977988165,,,,,,P2SURF mixture; updated_CMC-Data-for-mixed-micelle.csv; experimental CMC dataset; mol_fraction_A=0.5; mol_fraction_B=0.5; logCMC(uM)=4.26622266 converted to mol/L; https://github.com/sandialabs/P2SURF
O=C(C[N+](CCCCCCCC)(C)C)[O-].O=C(C[N+](CCCCCCCC)(C)C)[O-],zwitterionic/ionic mixture,0.0,0.0,0.15647031036330605,,,,,,P2SURF mixture; updated_CMC-Data-for-mixed-micelle.csv; experimental CMC dataset; mol_fraction_A=0.5; mol_fraction_B=0.5; logCMC(uM)=5.19443194 converted to mol/L; https://github.com/sandialabs/P2SURF
O[C@H]([C@H]([C@@H]([C@@H](CO)O)O)O)C(N(CCCCCCCCCC)C)=O.O[C@H]([C@H]([C@@H]([C@@H](CO)O)O)O)C(N(CCCCCCCCCC)C)=O,nonionic mixture,0.0,0.0,0.001427452107067383,,,,,,P2SURF mixture; updated_CMC-Data-for-mixed-micelle.csv; experimental CMC dataset; mol_fraction_A=0.5; mol_fraction_B=0.5; logCMC(uM)=3.15456155 converted to mol/L; https://github.com/sandialabs/P2SURF
O[C@H]([C@H]([C@@H]([C@@H](CO)O)O)O)C(N(CCCCCCCCCCCC)C)=O.O[C@H]([C@H]([C@@H]([C@@H](CO)O)O)O)C(N(CCCCCCCCCCCC)C)=O,nonionic mixture,0.0,0.0,0.0001912285869924663,,,,,,P2SURF mixture; updated_CMC-Data-for-mixed-micelle.csv; experimental CMC dataset; mol_fraction_A=0.5; mol_fraction_B=0.5; logCMC(uM)=2.28155282 converted to mol/L; https://github.com/sandialabs/P2SURF
O[C@H]([C@H]([C@@H]([C@@H](CO)O)O)O)C(N(CCCCCCCCCCCCCC)C)=O.O[C@H]([C@H]([C@@H]([C@@H](CO)O)O)O)C(N(CCCCCCCCCCCCCC)C)=O,nonionic mixture,0.0,0.0,2.4696984319603265e-05,,,,,,P2SURF mixture; updated_CMC-Data-for-mixed-micelle.csv; experimental CMC dataset; mol_fraction_A=0.5; mol_fraction_B=0.5; logCMC(uM)=1.39264393 converted to mol/L; https://github.com/sandialabs/P2SURF
O[C@H]([C@H]([C@@H]([C@@H](CO)O)O)O)C(N(CCCCCCCCCCCCCCCC)C)=O.O[C@H]([C@H]([C@@H]([C@@H](CO)O)O)O)C(N(CCCCCCCCCCCCCCCC)C)=O,nonionic mixture,0.0,0.0,8.305947735121655e-06,,,,,,P2SURF mixture; updated_CMC-Data-for-mixed-micelle.csv; experimental CMC dataset; mol_fraction_A=0.5; mol_fraction_B=0.5; logCMC(uM)=0.919389194 converted to mol/L; https://github.com/sandialabs/P2SURF
O[C@H]([C@H]([C@@H]([C@@H](CO)O)O)O)C(N(CCCCCCCCCCCCCCCCCC)C)=O.O[C@H]([C@H]([C@@H]([C@@H](CO)O)O)O)C(N(CCCCCCCCCCCCCCCCCC)C)=O,nonionic mixture,0.0,0.0,2.9206845613449716e-06,,,,,,P2SURF mixture; updated_CMC-Data-for-mixed-micelle.csv; experimental CMC dataset; mol_fraction_A=0.5; mol_fraction_B=0.5; logCMC(uM)=0.465484655 converted to mol/L; https://github.com/sandialabs/P2SURF
O[C@H]([C@H]([C@@H]([C@@H](CO)O)O)O)C(N(CCCCCCCC/C=C\CCCCCCCC)C)=O.O[C@H]([C@H]([C@@H]([C@@H](CO)O)O)O)C(N(CCCCCCCC/C=C\CCCCCCCC)C)=O,nonionic mixture,0.0,0.0,2.875044598658964e-05,,,,,,P2SURF mixture; updated_CMC-Data-for-mixed-micelle.csv; experimental CMC dataset; mol_fraction_A=0.5; mol_fraction_B=0.5; logCMC(uM)=1.45864459 converted to mol/L; https://github.com/sandialabs/P2SURF
O[C@H]([C@H]([C@@H]([C@@H](CO)O)OC1OC(O)C(O)C(O)C1O)O)C(N(CCCCCCCCCC)C)=O.O[C@H]([C@H]([C@@H]([C@@H](CO)O)OC1OC(O)C(O)C(O)C1O)O)C(N(CCCCCCCCCC)C)=O,nonionic mixture,0.0,0.0,0.0022856703257525825,,,,,,P2SURF mixture; updated_CMC-Data-for-mixed-micelle.csv; experimental CMC dataset; mol_fraction_A=0.5; mol_fraction_B=0.5; logCMC(uM)=3.35901359 converted to mol/L; https://github.com/sandialabs/P2SURF
O[C@H]([C@H]([C@@H]([C@@H](CO)O)OC1OC(O)C(O)C(O)C1O)O)C(N(CCCCCCCCCCCC)C)=O.O[C@H]([C@H]([C@@H]([C@@H](CO)O)OC1OC(O)C(O)C(O)C1O)O)C(N(CCCCCCCCCCCC)C)=O,nonionic mixture,0.0,0.0,0.0002556843091298027,,,,,,P2SURF mixture; updated_CMC-Data-for-mixed-micelle.csv; experimental CMC dataset; mol_fraction_A=0.5; mol_fraction_B=0.5; logCMC(uM)=2.40770408 converted to mol/L; https://github.com/sandialabs/P2SURF
O[C@H]([C@H]([C@@H]([C@@H](CO)O)OC1OC(O)C(O)C(O)C1O)O)C(N(CCCCCCCCCCCCCC)C)=O.O[C@H]([C@H]([C@@H]([C@@H](CO)O)OC1OC(O)C(O)C(O)C1O)O)C(N(CCCCCCCCCCCCCC)C)=O,nonionic mixture,0.0,0.0,4.7048602178891306e-05,,,,,,P2SURF mixture; updated_CMC-Data-for-mixed-micelle.csv; experimental CMC dataset; mol_fraction_A=0.5; mol_fraction_B=0.5; logCMC(uM)=1.67254672 converted to mol/L; https://github.com/sandialabs/P2SURF
O[C@H]([C@H]([C@@H]([C@@H](CO)O)OC1OC(O)C(O)C(O)C1O)O)C(N(CCCCCCCCCCCCCCCC)C)=O.O[C@H]([C@H]([C@@H]([C@@H](CO)O)OC1OC(O)C(O)C(O)C1O)O)C(N(CCCCCCCCCCCCCCCC)C)=O,nonionic mixture,0.0,0.0,1.524375046831146e-05,,,,,,P2SURF mixture; updated_CMC-Data-for-mixed-micelle.csv; experimental CMC dataset; mol_fraction_A=0.5; mol_fraction_B=0.5; logCMC(uM)=1.18309183 converted to mol/L; https://github.com/sandialabs/P2SURF
O[C@H]([C@H]([C@@H]([C@@H](CO)O)OC1OC(O)C(O)C(O)C1O)O)C(N(CCCCCCCCCCCCCCCCCC)C)=O.O[C@H]([C@H]([C@@H]([C@@H](CO)O)OC1OC(O)C(O)C(O)C1O)O)C(N(CCCCCCCCCCCCCCCCCC)C)=O,nonionic mixture,0.0,0.0,3.388326871360142e-06,,,,,,P2SURF mixture; updated_CMC-Data-for-mixed-micelle.csv; experimental CMC dataset; mol_fraction_A=0.5; mol_fraction_B=0.5; logCMC(uM)=0.5299853 converted to mol/L; https://github.com/sandialabs/P2SURF
O[C@H]([C@H]([C@@H]([C@@H](CO)O)OC1OC(O)C(O)C(O)C1O)O)C(N(CCCCCCCC/C=C\CCCCCCCC)C)=O.O[C@H]([C@H]([C@@H]([C@@H](CO)O)OC1OC(O)C(O)C(O)C1O)O)C(N(CCCCCCCC/C=C\CCCCCCCC)C)=O,nonionic mixture,0.0,0.0,5.3057556718341807e-05,,,,,,P2SURF mixture; updated_CMC-Data-for-mixed-micelle.csv; experimental CMC dataset; mol_fraction_A=0.5; mol_fraction_B=0.5; logCMC(uM)=1.72474725 converted to mol/L; https://github.com/sandialabs/P2SURF
O=C(C[N+](CCCCCCCCCC)(C)CC1=CC=CC=C1)O.O=C(C[N+](CCCCCCCCCC)(C)CC1=CC=CC=C1)O,cationic mixture,0.0,0.0,0.005128815778982379,,,,,,P2SURF mixture; updated_CMC-Data-for-mixed-micelle.csv; experimental CMC dataset; mol_fraction_A=0.5; mol_fraction_B=0.5; logCMC(uM)=3.7100171 converted to mol/L; https://github.com/sandialabs/P2SURF
O=C(C[N+](CCCCCCCCCCCC)(C)CC1=CC=CC=C1)O.O=C(C[N+](CCCCCCCCCCCC)(C)CC1=CC=CC=C1)O,cationic mixture,0.0,0.0,0.0005701741975263939,,,,,,P2SURF mixture; updated_CMC-Data-for-mixed-micelle.csv; experimental CMC dataset; mol_fraction_A=0.5; mol_fraction_B=0.5; logCMC(uM)=2.75600756 converted to mol/L; https://github.com/sandialabs/P2SURF
CCCCCCCCCCCCOCCOCCOCCOCCO.CCCCCCCCCCCCOCCOCCOCCOCCO,nonionic mixture,4.0,0.0,5.182593487912293e-05,,,,,,P2SURF mixture; updated_CMC-Data-for-mixed-micelle.csv; experimental CMC dataset; mol_fraction_A=0.5; mol_fraction_B=0.5; logCMC(uM)=1.71454715 converted to mol/L; https://github.com/sandialabs/P2SURF
CCCCCCCCCCOCCOCCOCCOCCOCCO.CCCCCCCCCCOCCOCCOCCOCCOCCO,nonionic mixture,5.0,0.0,0.0009405020229011064,,,,,,P2SURF mixture; updated_CMC-Data-for-mixed-micelle.csv; experimental CMC dataset; mol_fraction_A=0.5; mol_fraction_B=0.5; logCMC(uM)=2.97335973 converted to mol/L; https://github.com/sandialabs/P2SURF
CCCCCCCCCCCC(NCCOCCOCCOCCO)=O.CCCCCCCCCCCC(NCCOCCOCCOCCO)=O,nonionic mixture,3.0,0.0,0.0005059493484840861,,,,,,P2SURF mixture; updated_CMC-Data-for-mixed-micelle.csv; experimental CMC dataset; mol_fraction_A=0.5; mol_fraction_B=0.5; logCMC(uM)=2.70410704 converted to mol/L; https://github.com/sandialabs/P2SURF
CCCCCCCCCCOCCOCCOCCOCCOCCOCCOCCOCCO.CCCCCCCCCCOCCOCCOCCOCCOCCOCCOCCOCCO,nonionic mixture,8.0,0.0,0.0009745629303248905,,,,,,P2SURF mixture; updated_CMC-Data-for-mixed-micelle.csv; experimental CMC dataset; mol_fraction_A=0.5; mol_fraction_B=0.5; logCMC(uM)=2.98880989 converted to mol/L; https://github.com/sandialabs/P2SURF
CCCCCCCCCCCOCCOCCOCCOCCOCCOCCOCCOCCO.CCCCCCCCCCCOCCOCCOCCOCCOCCOCCOCCOCCO,nonionic mixture,8.0,0.0,0.0002938696136487028,,,,,,P2SURF mixture; updated_CMC-Data-for-mixed-micelle.csv; experimental CMC dataset; mol_fraction_A=0.5; mol_fraction_B=0.5; logCMC(uM)=2.46815468 converted to mol/L; https://github.com/sandialabs/P2SURF
CCCCCCCCCCCCCOCCOCCOCCOCCOCCOCCOCCOCCO.CCCCCCCCCCCCCOCCOCCOCCOCCOCCOCCOCCOCCO,nonionic mixture,8.0,0.0,2.754510295692587e-05,,,,,,P2SURF mixture; updated_CMC-Data-for-mixed-micelle.csv; experimental CMC dataset; mol_fraction_A=0.5; mol_fraction_B=0.5; logCMC(uM)=1.4400444 converted to mol/L; https://github.com/sandialabs/P2SURF
CCCCCCCCCCCCCCOCCOCCOCCOCCOCCOCCOCCOCCO.CCCCCCCCCCCCCCOCCOCCOCCOCCOCCOCCOCCOCCO,nonionic mixture,8.0,0.0,7.647840730553475e-06,,,,,,P2SURF mixture; updated_CMC-Data-for-mixed-micelle.csv; experimental CMC dataset; mol_fraction_A=0.5; mol_fraction_B=0.5; logCMC(uM)=0.883538835 converted to mol/L; https://github.com/sandialabs/P2SURF
CCCCCCCCCCCCCCCOCCOCCOCCOCCOCCOCCOCCOCCO.CCCCCCCCCCCCCCCOCCOCCOCCOCCOCCOCCOCCOCCO,nonionic mixture,8.0,0.0,3.377810535957506e-06,,,,,,P2SURF mixture; updated_CMC-Data-for-mixed-micelle.csv; experimental CMC dataset; mol_fraction_A=0.5; mol_fraction_B=0.5; logCMC(uM)=0.528635286 converted to mol/L; https://github.com/sandialabs/P2SURF
CCCCCCCCCCCCOCCOCCOCCOCCOCCOCCOCCOCCOCCOCCO.CCCCCCCCCCCCOCCOCCOCCOCCOCCOCCOCCOCCOCCOCCO,nonionic mixture,10.0,0.0,0.00014037878299373558,,,,,,P2SURF mixture; updated_CMC-Data-for-mixed-micelle.csv; experimental CMC dataset; mol_fraction_A=0.5; mol_fraction_B=0.5; logCMC(uM)=2.14730147 converted to mol/L; https://github.com/sandialabs/P2SURF
[O-][N+](C)(CCCCCCCCCCCC)C.[O-][N+](C)(CCCCCCCCCCCC)C,zwitterionic/ionic mixture,0.0,0.0,0.0011443545111949527,,,,,,P2SURF mixture; updated_CMC-Data-for-mixed-micelle.csv; experimental CMC dataset; mol_fraction_A=0.5; mol_fraction_B=0.5; logCMC(uM)=3.05856059 converted to mol/L; https://github.com/sandialabs/P2SURF
CCCCCCCCOc2ccc(NC(=O)C[N+](C)(C)CC[N+](C)(C)CC(=O)Nc1ccc(OCCCCCCCC)cc1)cc2.[Br-].[Br-].CCCCCCCCOc2ccc(NC(=O)C[N+](C)(C)CC[N+](C)(C)CC(=O)Nc1ccc(OCCCCCCCC)cc1)cc2.[Br-].[Br-],cationic mixture,1.0,0.0,0.0002509999997219846,,,,,,P2SURF mixture; updated_CMC-Data-for-mixed-micelle.csv; experimental CMC dataset; mol_fraction_A=0.5; mol_fraction_B=0.5; logCMC(uM)=2.39967372 converted to mol/L; https://github.com/sandialabs/P2SURF
CCCCCCCCOc2ccc(NC(=O)C[N+](C)(C)CCCC[N+](C)(C)CC(=O)Nc1ccc(OCCCCCCCC)cc1)cc2.[Br-].[Br-].CCCCCCCCOc2ccc(NC(=O)C[N+](C)(C)CCCC[N+](C)(C)CC(=O)Nc1ccc(OCCCCCCCC)cc1)cc2.[Br-].[Br-],cationic mixture,1.0,0.0,0.00020800000001783498,,,,,,P2SURF mixture; updated_CMC-Data-for-mixed-micelle.csv; experimental CMC dataset; mol_fraction_A=0.5; mol_fraction_B=0.5; logCMC(uM)=2.31806334 converted to mol/L; https://github.com/sandialabs/P2SURF
CCCCCCCCOc2ccc(NC(=O)C[N+](C)(C)CCCCCC[N+](C)(C)CC(=O)Nc1ccc(OCCCCCCCC)cc1)cc2.[Br-].[Br-].CCCCCCCCOc2ccc(NC(=O)C[N+](C)(C)CCCCCC[N+](C)(C)CC(=O)Nc1ccc(OCCCCCCCC)cc1)cc2.[Br-].[Br-],cationic mixture,1.0,0.0,0.00010900000001490235,,,,,,P2SURF mixture; updated_CMC-Data-for-mixed-micelle.csv; experimental CMC dataset; mol_fraction_A=0.5; mol_fraction_B=0.5; logCMC(uM)=2.0374265 converted to mol/L; https://github.com/sandialabs/P2SURF
CCCCCCCCCCOc2ccc(NC(=O)C[N+](C)(C)CC[N+](C)(C)CC(=O)Nc1ccc(OCCCCCCCCCC)cc1)cc2.[Br-].[Br-].CCCCCCCCCCOc2ccc(NC(=O)C[N+](C)(C)CC[N+](C)(C)CC(=O)Nc1ccc(OCCCCCCCCCC)cc1)cc2.[Br-].[Br-],cationic mixture,1.0,0.0,4.069999997889342e-05,,,,,,P2SURF mixture; updated_CMC-Data-for-mixed-micelle.csv; experimental CMC dataset; mol_fraction_A=0.5; mol_fraction_B=0.5; logCMC(uM)=1.60959441 converted to mol/L; https://github.com/sandialabs/P2SURF
CCCCCCCCCCOc2ccc(NC(=O)C[N+](C)(C)CCCC[N+](C)(C)CC(=O)Nc1ccc(OCCCCCCCCCC)cc1)cc2.[Br-].[Br-].CCCCCCCCCCOc2ccc(NC(=O)C[N+](C)(C)CCCC[N+](C)(C)CC(=O)Nc1ccc(OCCCCCCCCCC)cc1)cc2.[Br-].[Br-],cationic mixture,1.0,0.0,2.0699999978221704e-05,,,,,,P2SURF mixture; updated_CMC-Data-for-mixed-micelle.csv; experimental CMC dataset; mol_fraction_A=0.5; mol_fraction_B=0.5; logCMC(uM)=1.31597034 converted to mol/L; https://github.com/sandialabs/P2SURF
CCCCCCCCCCOc2ccc(NC(=O)C[N+](C)(C)CCCCCC[N+](C)(C)CC(=O)Nc1ccc(OCCCCCCCCCC)cc1)cc2.[Br-].[Br-].CCCCCCCCCCOc2ccc(NC(=O)C[N+](C)(C)CCCCCC[N+](C)(C)CC(=O)Nc1ccc(OCCCCCCCCCC)cc1)cc2.[Br-].[Br-],cationic mixture,1.0,0.0,1.0900000001490247e-05,,,,,,P2SURF mixture; updated_CMC-Data-for-mixed-micelle.csv; experimental CMC dataset; mol_fraction_A=0.5; mol_fraction_B=0.5; logCMC(uM)=1.0374265 converted to mol/L; https://github.com/sandialabs/P2SURF
CCCCCCCCCCCCOc2ccc(NC(=O)C[N+](C)(C)CC[N+](C)(C)CC(=O)Nc1ccc(OCCCCCCCCCCCC)cc1)cc2.[Br-].[Br-].CCCCCCCCCCCCOc2ccc(NC(=O)C[N+](C)(C)CC[N+](C)(C)CC(=O)Nc1ccc(OCCCCCCCCCCCC)cc1)cc2.[Br-].[Br-],cationic mixture,1.0,0.0,3.710000003288501e-05,,,,,,P2SURF mixture; updated_CMC-Data-for-mixed-micelle.csv; experimental CMC dataset; mol_fraction_A=0.5; mol_fraction_B=0.5; logCMC(uM)=1.56937391 converted to mol/L; https://github.com/sandialabs/P2SURF
CCCCCCCCCCCCOc2ccc(NC(=O)C[N+](C)(C)CCCC[N+](C)(C)CC(=O)Nc1ccc(OCCCCCCCCCCCC)cc1)cc2.[Br-].[Br-].CCCCCCCCCCCCOc2ccc(NC(=O)C[N+](C)(C)CCCC[N+](C)(C)CC(=O)Nc1ccc(OCCCCCCCCCCCC)cc1)cc2.[Br-].[Br-],cationic mixture,1.0,0.0,1.419999998747533e-05,,,,,,P2SURF mixture; updated_CMC-Data-for-mixed-micelle.csv; experimental CMC dataset; mol_fraction_A=0.5; mol_fraction_B=0.5; logCMC(uM)=1.15228834 converted to mol/L; https://github.com/sandialabs/P2SURF
CCCCCCCCCCCCOc2ccc(NC(=O)C[N+](C)(C)CCCCCC[N+](C)(C)CC(=O)Nc1ccc(OCCCCCCCCCCCC)cc1)cc2.[Br-].[Br-].CCCCCCCCCCCCOc2ccc(NC(=O)C[N+](C)(C)CCCCCC[N+](C)(C)CC(=O)Nc1ccc(OCCCCCCCCCCCC)cc1)cc2.[Br-].[Br-],cationic mixture,1.0,0.0,1.0399999992845145e-05,,,,,,P2SURF mixture; updated_CMC-Data-for-mixed-micelle.csv; experimental CMC dataset; mol_fraction_A=0.5; mol_fraction_B=0.5; logCMC(uM)=1.01703334 converted to mol/L; https://github.com/sandialabs/P2SURF
CCCCCCCCCCCCCCOc2ccc(NC(=O)C[N+](C)(C)CC[N+](C)(C)CC(=O)Nc1ccc(OCCCCCCCCCCCCCC)cc1)cc2.[Br-].[Br-].CCCCCCCCCCCCCCOc2ccc(NC(=O)C[N+](C)(C)CC[N+](C)(C)CC(=O)Nc1ccc(OCCCCCCCCCCCCCC)cc1)cc2.[Br-].[Br-],cationic mixture,1.0,0.0,2.0800000001783476e-05,,,,,,P2SURF mixture; updated_CMC-Data-for-mixed-micelle.csv; experimental CMC dataset; mol_fraction_A=0.5; mol_fraction_B=0.5; logCMC(uM)=1.31806333 converted to mol/L; https://github.com/sandialabs/P2SURF
CCCCCCCCCCCCCCOc2ccc(NC(=O)C[N+](C)(C)CCCC[N+](C)(C)CC(=O)Nc1ccc(OCCCCCCCCCCCCCC)cc1)cc2.[Br-].[Br-].CCCCCCCCCCCCCCOc2ccc(NC(=O)C[N+](C)(C)CCCC[N+](C)(C)CC(=O)Nc1ccc(OCCCCCCCCCCCCCC)cc1)cc2.[Br-].[Br-],cationic mixture,1.0,0.0,1.1799999991682423e-05,,,,,,P2SURF mixture; updated_CMC-Data-for-mixed-micelle.csv; experimental CMC dataset; mol_fraction_A=0.5; mol_fraction_B=0.5; logCMC(uM)=1.07188201 converted to mol/L; https://github.com/sandialabs/P2SURF
CCCCCCCCCCCCCCOc2ccc(NC(=O)C[N+](C)(C)CCCCCC[N+](C)(C)CC(=O)Nc1ccc(OCCCCCCCCCCCCCC)cc1)cc2.[Br-].[Br-].CCCCCCCCCCCCCCOc2ccc(NC(=O)C[N+](C)(C)CCCCCC[N+](C)(C)CC(=O)Nc1ccc(OCCCCCCCCCCCCCC)cc1)cc2.[Br-].[Br-],cationic mixture,1.0,0.0,2.750000001074795e-05,,,,,,P2SURF mixture; updated_CMC-Data-for-mixed-micelle.csv; experimental CMC dataset; mol_fraction_A=0.5; mol_fraction_B=0.5; logCMC(uM)=1.43933269 converted to mol/L; https://github.com/sandialabs/P2SURF
CCCCCCCCCCCCCCCCOc2ccc(NC(=O)C[N+](C)(C)CC[N+](C)(C)CC(=O)Nc1ccc(OCCCCCCCCCCCCCCCC)cc1)cc2.[Br-].[Br-].CCCCCCCCCCCCCCCCOc2ccc(NC(=O)C[N+](C)(C)CC[N+](C)(C)CC(=O)Nc1ccc(OCCCCCCCCCCCCCCCC)cc1)cc2.[Br-].[Br-],cationic mixture,1.0,0.0,1.4000000010372393e-05,,,,,,P2SURF mixture; updated_CMC-Data-for-mixed-micelle.csv; experimental CMC dataset; mol_fraction_A=0.5; mol_fraction_B=0.5; logCMC(uM)=1.14612804 converted to mol/L; https://github.com/sandialabs/P2SURF
CCCCCCCCCCCCCCCCOc2ccc(NC(=O)C[N+](C)(C)CCCC[N+](C)(C)CC(=O)Nc1ccc(OCCCCCCCCCCCCCCCC)cc1)cc2.[Br-].[Br-].CCCCCCCCCCCCCCCCOc2ccc(NC(=O)C[N+](C)(C)CCCC[N+](C)(C)CC(=O)Nc1ccc(OCCCCCCCCCCCCCCCC)cc1)cc2.[Br-].[Br-],cationic mixture,1.0,0.0,8.999999990895758e-06,,,,,,P2SURF mixture; updated_CMC-Data-for-mixed-micelle.csv; experimental CMC dataset; mol_fraction_A=0.5; mol_fraction_B=0.5; logCMC(uM)=0.954242509 converted to mol/L; https://github.com/sandialabs/P2SURF
CCCCCCCCCCCCCCCCOc2ccc(NC(=O)C[N+](C)(C)CCCCCC[N+](C)(C)CC(=O)Nc1ccc(OCCCCCCCCCCCCCCCC)cc1)cc2.[Br-].[Br-].CCCCCCCCCCCCCCCCOc2ccc(NC(=O)C[N+](C)(C)CCCCCC[N+](C)(C)CC(=O)Nc1ccc(OCCCCCCCCCCCCCCCC)cc1)cc2.[Br-].[Br-],cationic mixture,1.0,0.0,2.8800000015966458e-05,,,,,,P2SURF mixture; updated_CMC-Data-for-mixed-micelle.csv; experimental CMC dataset; mol_fraction_A=0.5; mol_fraction_B=0.5; logCMC(uM)=1.45939249 converted to mol/L; https://github.com/sandialabs/P2SURF
CCCCCCCCCC[N+](CCCCCC[N+](CCCCCCCCCC)(C)C)(C)C.[Br-].[Br-].CCCCCCCCCC[N+](CCCCCC[N+](CCCCCCCCCC)(C)C)(C)C.[Br-].[Br-],cationic mixture,0.0,0.0,0.005997910762555094,,,,,,P2SURF mixture; updated_CMC-Data-for-mixed-micelle.csv; experimental CMC dataset; mol_fraction_A=0.5; mol_fraction_B=0.5; logCMC(uM)=3.778 converted to mol/L; https://github.com/sandialabs/P2SURF
CCCCCCCCCCC(=O)N[N+](CCC[N+](NC(=O)CCCCCCCCCC)(C)C)(C)C.[Br-].[Br-].CCCCCCCCCCC(=O)N[N+](CCC[N+](NC(=O)CCCCCCCCCC)(C)C)(C)C.[Br-].[Br-],cationic mixture,0.0,0.0,0.002338837238659356,,,,,,P2SURF mixture; updated_CMC-Data-for-mixed-micelle.csv; experimental CMC dataset; mol_fraction_A=0.5; mol_fraction_B=0.5; logCMC(uM)=3.369 converted to mol/L; https://github.com/sandialabs/P2SURF
CCCCCCCCCC[N+](CC(C(C[N+](CCCCCCCCCC)(C)C)O)O)(C)C.[Br-].[Br-].CCCCCCCCCC[N+](CC(C(C[N+](CCCCCCCCCC)(C)C)O)O)(C)C.[Br-].[Br-],cationic mixture,0.0,0.0,0.003698281797802663,,,,,,P2SURF mixture; updated_CMC-Data-for-mixed-micelle.csv; experimental CMC dataset; mol_fraction_A=0.5; mol_fraction_B=0.5; logCMC(uM)=3.568 converted to mol/L; https://github.com/sandialabs/P2SURF
CCCCCCCCCCOc1ccc(cc1)NC(=O)C[N+](CC[N+](CC(=O)Nc1ccc(cc1)OCCCCCCCCCC)(C)C)(C)C.[Br-].[Br-].CCCCCCCCCCOc1ccc(cc1)NC(=O)C[N+](CC[N+](CC(=O)Nc1ccc(cc1)OCCCCCCCCCC)(C)C)(C)C.[Br-].[Br-],cationic mixture,1.0,0.0,4.819477976251272e-05,,,,,,P2SURF mixture; updated_CMC-Data-for-mixed-micelle.csv; experimental CMC dataset; mol_fraction_A=0.5; mol_fraction_B=0.5; logCMC(uM)=1.683 converted to mol/L; https://github.com/sandialabs/P2SURF
CCCCCCCCCCOc1ccc(cc1)NC(=O)C[N+](CCCC[N+](CC(=O)Nc1ccc(cc1)OCCCCCCCCCC)(C)C)(C)C.[Br-].[Br-].CCCCCCCCCCOc1ccc(cc1)NC(=O)C[N+](CCCC[N+](CC(=O)Nc1ccc(cc1)OCCCCCCCCCC)(C)C)(C)C.[Br-].[Br-],cationic mixture,1.0,0.0,4.3651583224016566e-05,,,,,,P2SURF mixture; updated_CMC-Data-for-mixed-micelle.csv; experimental CMC dataset; mol_fraction_A=0.5; mol_fraction_B=0.5; logCMC(uM)=1.64 converted to mol/L; https://github.com/sandialabs/P2SURF
CCCCCN(CC(C[N+](C(COC(=O)CCCCCCCCCCC)C)(C)C)O)CC(C[N+](C(COC(=O)CCCCCCCCCCC)C)(C)C)O.[Cl-].[Cl-].CCCCCN(CC(C[N+](C(COC(=O)CCCCCCCCCCC)C)(C)C)O)CC(C[N+](C(COC(=O)CCCCCCCCCCC)C)(C)C)O.[Cl-].[Cl-],cationic mixture,0.0,0.0,6.28058358813318e-05,,,,,,P2SURF mixture; updated_CMC-Data-for-mixed-micelle.csv; experimental CMC dataset; mol_fraction_A=0.5; mol_fraction_B=0.5; logCMC(uM)=1.798 converted to mol/L; https://github.com/sandialabs/P2SURF
CCCCCCN(CC(C[N+](C(COC(=O)CCCCCCCCCCC)C)(C)C)O)CC(C[N+](C(COC(=O)CCCCCCCCCCC)C)(C)C)O.[Cl-].[Cl-].CCCCCCN(CC(C[N+](C(COC(=O)CCCCCCCCCCC)C)(C)C)O)CC(C[N+](C(COC(=O)CCCCCCCCCCC)C)(C)C)O.[Cl-].[Cl-],cationic mixture,0.0,0.0,5.9156163417547426e-05,,,,,,P2SURF mixture; updated_CMC-Data-for-mixed-micelle.csv; experimental CMC dataset; mol_fraction_A=0.5; mol_fraction_B=0.5; logCMC(uM)=1.772 converted to mol/L; https://github.com/sandialabs/P2SURF
CCCCCCCCN(CC(C[N+](C(COC(=O)CCCCCCCCCCC)C)(C)C)O)CC(C[N+](C(COC(=O)CCCCCCCCCCC)C)(C)C)O.[Cl-].[Cl-].CCCCCCCCN(CC(C[N+](C(COC(=O)CCCCCCCCCCC)C)(C)C)O)CC(C[N+](C(COC(=O)CCCCCCCCCCC)C)(C)C)O.[Cl-].[Cl-],cationic mixture,0.0,0.0,5.4075432294558155e-05,,,,,,P2SURF mixture; updated_CMC-Data-for-mixed-micelle.csv; experimental CMC dataset; mol_fraction_A=0.5; mol_fraction_B=0.5; logCMC(uM)=1.733 converted to mol/L; https://github.com/sandialabs/P2SURF
CCCCCN(CC(C[N+](CCCOC(=O)CCCCCCCCCCC)(C)C)O)CC(C[N+](CCCOC(=O)CCCCCCCCCCC)(C)C)O.[Cl-].[Cl-].CCCCCN(CC(C[N+](CCCOC(=O)CCCCCCCCCCC)(C)C)O)CC(C[N+](CCCOC(=O)CCCCCCCCCCC)(C)C)O.[Cl-].[Cl-],cationic mixture,0.0,0.0,4.87528490103386e-05,,,,,,P2SURF mixture; updated_CMC-Data-for-mixed-micelle.csv; experimental CMC dataset; mol_fraction_A=0.5; mol_fraction_B=0.5; logCMC(uM)=1.688 converted to mol/L; https://github.com/sandialabs/P2SURF
CCCCCCN(CC(C[N+](CCCOC(=O)CCCCCCCCCCC)(C)C)O)CC(C[N+](CCCOC(=O)CCCCCCCCCCC)(C)C)O.[Cl-].[Cl-].CCCCCCN(CC(C[N+](CCCOC(=O)CCCCCCCCCCC)(C)C)O)CC(C[N+](CCCOC(=O)CCCCCCCCCCC)(C)C)O.[Cl-].[Cl-],cationic mixture,0.0,0.0,4.466835921509635e-05,,,,,,P2SURF mixture; updated_CMC-Data-for-mixed-micelle.csv; experimental CMC dataset; mol_fraction_A=0.5; mol_fraction_B=0.5; logCMC(uM)=1.65 converted to mol/L; https://github.com/sandialabs/P2SURF
CCCCCCCCN(CC(C[N+](CCCOC(=O)CCCCCCCCCCC)(C)C)O)CC(C[N+](CCCOC(=O)CCCCCCCCCCC)(C)C)O.[Cl-].[Cl-].CCCCCCCCN(CC(C[N+](CCCOC(=O)CCCCCCCCCCC)(C)C)O)CC(C[N+](CCCOC(=O)CCCCCCCCCCC)(C)C)O.[Cl-].[Cl-],cationic mixture,0.0,0.0,4.07380277804113e-05,,,,,,P2SURF mixture; updated_CMC-Data-for-mixed-micelle.csv; experimental CMC dataset; mol_fraction_A=0.5; mol_fraction_B=0.5; logCMC(uM)=1.61 converted to mol/L; https://github.com/sandialabs/P2SURF
CCCCCCCCCCCC[N+](CCCC[N+](CCCCCCCCCCCC)(C)C)(C)C.[Br-].[Br-].CCCCCCCCCCCC[N+](CCCC[N+](CCCCCCCCCCCC)(C)C)(C)C.[Br-].[Br-],cationic mixture,0.0,0.0,0.001169499391019871,,,,,,P2SURF mixture; updated_CMC-Data-for-mixed-micelle.csv; experimental CMC dataset; mol_fraction_A=0.5; mol_fraction_B=0.5; logCMC(uM)=3.068 converted to mol/L; https://github.com/sandialabs/P2SURF
CCCCCCCCCCCC[N+](CCCCCC[N+](CCCCCCCCCCCC)(C)C)(C)C.[Br-].[Br-].CCCCCCCCCCCC[N+](CCCCCC[N+](CCCCCCCCCCCC)(C)C)(C)C.[Br-].[Br-],cationic mixture,0.0,0.0,0.0010889300933334333,,,,,,P2SURF mixture; updated_CMC-Data-for-mixed-micelle.csv; experimental CMC dataset; mol_fraction_A=0.5; mol_fraction_B=0.5; logCMC(uM)=3.037 converted to mol/L; https://github.com/sandialabs/P2SURF
CCCCCCCCCCCC[N+](CCCCCC[N+](CCCCCC)(C)C)(C)C.[Br-].[Br-].CCCCCCCCCCCC[N+](CCCCCC[N+](CCCCCC)(C)C)(C)C.[Br-].[Br-],cationic mixture,0.0,0.0,0.0162181009735893,,,,,,P2SURF mixture; updated_CMC-Data-for-mixed-micelle.csv; experimental CMC dataset; mol_fraction_A=0.5; mol_fraction_B=0.5; logCMC(uM)=4.21 converted to mol/L; https://github.com/sandialabs/P2SURF
CCCCCCCCCCCC[N+](CCCCCCC[N+](CCCCCCCCCCCC)(C)C)(C)C.[Br-].[Br-].CCCCCCCCCCCC[N+](CCCCCCC[N+](CCCCCCCCCCCC)(C)C)(C)C.[Br-].[Br-],cationic mixture,0.0,0.0,0.0008994975815300356,,,,,,P2SURF mixture; updated_CMC-Data-for-mixed-micelle.csv; experimental CMC dataset; mol_fraction_A=0.5; mol_fraction_B=0.5; logCMC(uM)=2.954 converted to mol/L; https://github.com/sandialabs/P2SURF
CCCCCCCCCCCC[N+](C(=O)NCCCCCCCCCCCCNC(=O)[N+](CCCCCCCCCCCC)(C)C)(C)C.[Cl-].[Cl-].CCCCCCCCCCCC[N+](C(=O)NCCCCCCCCCCCCNC(=O)[N+](CCCCCCCCCCCC)(C)C)(C)C.[Cl-].[Cl-],cationic mixture,0.0,0.0,0.00021978598727848253,,,,,,P2SURF mixture; updated_CMC-Data-for-mixed-micelle.csv; experimental CMC dataset; mol_fraction_A=0.5; mol_fraction_B=0.5; logCMC(uM)=2.342 converted to mol/L; https://github.com/sandialabs/P2SURF
CCCCCCCCCCCC[N+](C(=O)NCCNC(=O)[N+](CCCCCCCCCCCC)(C)C)(C)C.[Cl-].[Cl-].CCCCCCCCCCCC[N+](C(=O)NCCNC(=O)[N+](CCCCCCCCCCCC)(C)C)(C)C.[Cl-].[Cl-],cationic mixture,0.0,0.0,0.0009397233105646375,,,,,,P2SURF mixture; updated_CMC-Data-for-mixed-micelle.csv; experimental CMC dataset; mol_fraction_A=0.5; mol_fraction_B=0.5; logCMC(uM)=2.973 converted to mol/L; https://github.com/sandialabs/P2SURF
CCCCCCCCCCCCC(=O)N[N+](CCC[N+](NC(=O)CCCCCCCCCCCC)(C)C)(C)C.[Br-].[Br-].CCCCCCCCCCCCC(=O)N[N+](CCC[N+](NC(=O)CCCCCCCCCCCC)(C)C)(C)C.[Br-].[Br-],cationic mixture,0.0,0.0,0.0014092887984218747,,,,,,P2SURF mixture; updated_CMC-Data-for-mixed-micelle.csv; experimental CMC dataset; mol_fraction_A=0.5; mol_fraction_B=0.5; logCMC(uM)=3.149 converted to mol/L; https://github.com/sandialabs/P2SURF
CCCCCCCCCCCC[N+](CC(CN(CC(C[N+](CCCCCCCCCCCC)(C)C)O)CC)O)(C)C.[Cl-].[Cl-].CCCCCCCCCCCC[N+](CC(CN(CC(C[N+](CCCCCCCCCCCC)(C)C)O)CC)O)(C)C.[Cl-].[Cl-],cationic mixture,0.0,0.0,0.0007447319739059888,,,,,,P2SURF mixture; updated_CMC-Data-for-mixed-micelle.csv; experimental CMC dataset; mol_fraction_A=0.5; mol_fraction_B=0.5; logCMC(uM)=2.872 converted to mol/L; https://github.com/sandialabs/P2SURF
CCCN(CC(C[N+](CCCCCCCCCCCC)(C)C)O)CC(C[N+](CCCCCCCCCCCC)(C)C)O.[Cl-].[Cl-].CCCN(CC(C[N+](CCCCCCCCCCCC)(C)C)O)CC(C[N+](CCCCCCCCCCCC)(C)C)O.[Cl-].[Cl-],cationic mixture,0.0,0.0,0.0006237348354824192,,,,,,P2SURF mixture; updated_CMC-Data-for-mixed-micelle.csv; experimental CMC dataset; mol_fraction_A=0.5; mol_fraction_B=0.5; logCMC(uM)=2.795 converted to mol/L; https://github.com/sandialabs/P2SURF
CCCCN(CC(C[N+](CCCCCCCCCCCC)(C)C)O)CC(C[N+](CCCCCCCCCCCC)(C)C)O.[Cl-].[Cl-].CCCCN(CC(C[N+](CCCCCCCCCCCC)(C)C)O)CC(C[N+](CCCCCCCCCCCC)(C)C)O.[Cl-].[Cl-],cationic mixture,0.0,0.0,0.0005610479760324706,,,,,,P2SURF mixture; updated_CMC-Data-for-mixed-micelle.csv; experimental CMC dataset; mol_fraction_A=0.5; mol_fraction_B=0.5; logCMC(uM)=2.749 converted to mol/L; https://github.com/sandialabs/P2SURF
CCCCCN(CC(C[N+](CCCCCCCCCCCC)(C)C)O)CC(C[N+](CCCCCCCCCCCC)(C)C)O.[Cl-].[Cl-].CCCCCN(CC(C[N+](CCCCCCCCCCCC)(C)C)O)CC(C[N+](CCCCCCCCCCCC)(C)C)O.[Cl-].[Cl-],cationic mixture,0.0,0.0,0.0003926449353995997,,,,,,P2SURF mixture; updated_CMC-Data-for-mixed-micelle.csv; experimental CMC dataset; mol_fraction_A=0.5; mol_fraction_B=0.5; logCMC(uM)=2.594 converted to mol/L; https://github.com/sandialabs/P2SURF
CCCCCCCCCCCC[N+](CC(C(C[N+](CCCCCCCCCCCC)(C)C)O)O)(C)C.[Br-].[Br-].CCCCCCCCCCCC[N+](CC(C(C[N+](CCCCCCCCCCCC)(C)C)O)O)(C)C.[Br-].[Br-],cationic mixture,0.0,0.0,0.0006998419960022738,,,,,,P2SURF mixture; updated_CMC-Data-for-mixed-micelle.csv; experimental CMC dataset; mol_fraction_A=0.5; mol_fraction_B=0.5; logCMC(uM)=2.845 converted to mol/L; https://github.com/sandialabs/P2SURF
CCCCCCCCCCCCOc1ccc(cc1)NC(=O)C[N+](CC[N+](CC(=O)Nc1ccc(cc1)OCCCCCCCCCCCC)(C)C)(C)C.[Br-].[Br-].CCCCCCCCCCCCOc1ccc(cc1)NC(=O)C[N+](CC[N+](CC(=O)Nc1ccc(cc1)OCCCCCCCCCCCC)(C)C)(C)C.[Br-].[Br-],cationic mixture,1.0,0.0,3.443499307633384e-05,,,,,,P2SURF mixture; updated_CMC-Data-for-mixed-micelle.csv; experimental CMC dataset; mol_fraction_A=0.5; mol_fraction_B=0.5; logCMC(uM)=1.537 converted to mol/L; https://github.com/sandialabs/P2SURF
CCCCCCCCCCCCOc1ccc(cc1)NC(=O)C[N+](CCCC[N+](CC(=O)Nc1ccc(cc1)OCCCCCCCCCCCC)(C)C)(C)C.[Br-].[Br-].CCCCCCCCCCCCOc1ccc(cc1)NC(=O)C[N+](CCCC[N+](CC(=O)Nc1ccc(cc1)OCCCCCCCCCCCC)(C)C)(C)C.[Br-].[Br-],cationic mixture,1.0,0.0,2.1577444091526645e-05,,,,,,P2SURF mixture; updated_CMC-Data-for-mixed-micelle.csv; experimental CMC dataset; mol_fraction_A=0.5; mol_fraction_B=0.5; logCMC(uM)=1.334 converted to mol/L; https://github.com/sandialabs/P2SURF
CCCCCCCCCCn1cc[n+](c1)CC(C[n+]1ccn(c1)CCCCCCCCCC)O.[Cl-].[Cl-].CCCCCCCCCCn1cc[n+](c1)CC(C[n+]1ccn(c1)CCCCCCCCCC)O.[Cl-].[Cl-],cationic mixture,0.0,0.0,0.0025292979964461446,,,,,,P2SURF mixture; updated_CMC-Data-for-mixed-micelle.csv; experimental CMC dataset; mol_fraction_A=0.5; mol_fraction_B=0.5; logCMC(uM)=3.403 converted to mol/L; https://github.com/sandialabs/P2SURF
CCCCCCCCCCn1cc[n+](c1)CCC[n+]1ccn(c1)CCCCCCCCCC.[Br-].[Br-].CCCCCCCCCCn1cc[n+](c1)CCC[n+]1ccn(c1)CCCCCCCCCC.[Br-].[Br-],cationic mixture,0.0,0.0,0.003372873086588689,,,,,,P2SURF mixture; updated_CMC-Data-for-mixed-micelle.csv; experimental CMC dataset; mol_fraction_A=0.5; mol_fraction_B=0.5; logCMC(uM)=3.528 converted to mol/L; https://github.com/sandialabs/P2SURF
CCCCCCCCCCn1cc[n+](c1)CCCC[n+]1ccn(c1)CCCCCCCCCC.[Br-].[Br-].CCCCCCCCCCn1cc[n+](c1)CCCC[n+]1ccn(c1)CCCCCCCCCC.[Br-].[Br-],cationic mixture,0.0,0.0,0.005069907082747045,,,,,,P2SURF mixture; updated_CMC-Data-for-mixed-micelle.csv; experimental CMC dataset; mol_fraction_A=0.5; mol_fraction_B=0.5; logCMC(uM)=3.705 converted to mol/L; https://github.com/sandialabs/P2SURF
CCCCCCCCCCC(Cn1cc[n+](c1)CCC[n+]1ccn(c1)CC(CCCCCCCCCC)O)O.[Br-].[Br-].CCCCCCCCCCC(Cn1cc[n+](c1)CCC[n+]1ccn(c1)CC(CCCCCCCCCC)O)O.[Br-].[Br-],cationic mixture,0.0,0.0,0.0013708817661648536,,,,,,P2SURF mixture; updated_CMC-Data-for-mixed-micelle.csv; experimental CMC dataset; mol_fraction_A=0.5; mol_fraction_B=0.5; logCMC(uM)=3.137 converted to mol/L; https://github.com/sandialabs/P2SURF
CCCCCCCCCCC(Cn1cc[n+](c1)CCCC[n+]1ccn(c1)CC(CCCCCCCCCC)O)O.[Br-].[Br-].CCCCCCCCCCC(Cn1cc[n+](c1)CCCC[n+]1ccn(c1)CC(CCCCCCCCCC)O)O.[Br-].[Br-],cationic mixture,0.0,0.0,0.0013995873225726178,,,,,,P2SURF mixture; updated_CMC-Data-for-mixed-micelle.csv; experimental CMC dataset; mol_fraction_A=0.5; mol_fraction_B=0.5; logCMC(uM)=3.146 converted to mol/L; https://github.com/sandialabs/P2SURF
CCCCCCCCCCCCn1cc[n+](c1)CC(C[n+]1ccn(c1)CCCCCCCCCCCC)O.[Cl-].[Cl-].CCCCCCCCCCCCn1cc[n+](c1)CC(C[n+]1ccn(c1)CCCCCCCCCCCC)O.[Cl-].[Cl-],cationic mixture,0.0,0.0,0.0007798301105232585,,,,,,P2SURF mixture; updated_CMC-Data-for-mixed-micelle.csv; experimental CMC dataset; mol_fraction_A=0.5; mol_fraction_B=0.5; logCMC(uM)=2.892 converted to mol/L; https://github.com/sandialabs/P2SURF
CCCCCCCCCCCCn1cc[n+](c1)CC[n+]1ccn(c1)CCCCCCCCCCCC.[Br-].[Br-].CCCCCCCCCCCCn1cc[n+](c1)CC[n+]1ccn(c1)CCCCCCCCCCCC.[Br-].[Br-],cationic mixture,0.0,0.0,0.0006397348354826482,,,,,,P2SURF mixture; updated_CMC-Data-for-mixed-micelle.csv; experimental CMC dataset; mol_fraction_A=0.5; mol_fraction_B=0.5; logCMC(uM)=2.806 converted to mol/L; https://github.com/sandialabs/P2SURF
CCCCCCCCCCCCn1cc[n+](c1)CCCC[n+]1ccn(c1)CCCCCCCCCCCC.[Br-].[Br-].CCCCCCCCCCCCn1cc[n+](c1)CCCC[n+]1ccn(c1)CCCCCCCCCCCC.[Br-].[Br-],cationic mixture,0.0,0.0,0.0007294575102545687,,,,,,P2SURF mixture; updated_CMC-Data-for-mixed-micelle.csv; experimental CMC dataset; mol_fraction_A=0.5; mol_fraction_B=0.5; logCMC(uM)=2.863 converted to mol/L; https://github.com/sandialabs/P2SURF
CCCCCCCCCCCCn1cc[n+](c1)CCCCCC[n+]1ccn(c1)CCCCCCCCCCCC.[Br-].[Br-].CCCCCCCCCCCCn1cc[n+](c1)CCCCCC[n+]1ccn(c1)CCCCCCCCCCCC.[Br-].[Br-],cationic mixture,0.0,0.0,0.0007396052750582382,,,,,,P2SURF mixture; updated_CMC-Data-for-mixed-micelle.csv; experimental CMC dataset; mol_fraction_A=0.5; mol_fraction_B=0.5; logCMC(uM)=2.869 converted to mol/L; https://github.com/sandialabs/P2SURF
CCCCCCCCCCc1cccc[n+]1CCCC[n+]1ccccc1CCCCCCCCCC.[Br-].[Br-].CCCCCCCCCCc1cccc[n+]1CCCC[n+]1ccccc1CCCCCCCCCC.[Br-].[Br-],cationic mixture,0.0,0.0,0.0024210290467361778,,,,,,P2SURF mixture; updated_CMC-Data-for-mixed-micelle.csv; experimental CMC dataset; mol_fraction_A=0.5; mol_fraction_B=0.5; logCMC(uM)=3.384 converted to mol/L; https://github.com/sandialabs/P2SURF
CCCCCCCCCCc1cccc[n+]1CCCCCC[n+]1ccccc1CCCCCCCCCC.[Br-].[Br-].CCCCCCCCCCc1cccc[n+]1CCCCCC[n+]1ccccc1CCCCCCCCCC.[Br-].[Br-],cationic mixture,0.0,0.0,0.0021577444091526667,,,,,,P2SURF mixture; updated_CMC-Data-for-mixed-micelle.csv; experimental CMC dataset; mol_fraction_A=0.5; mol_fraction_B=0.5; logCMC(uM)=3.334 converted to mol/L; https://github.com/sandialabs/P2SURF
CCCCCCCCCCOc1ccc[n+](c1)CC(C[n+]1cccc(c1)OCCCCCCCCCC)O.[Br-].[Br-].CCCCCCCCCCOc1ccc[n+](c1)CC(C[n+]1cccc(c1)OCCCCCCCCCC)O.[Br-].[Br-],cationic mixture,1.0,0.0,0.001,,,,,,P2SURF mixture; updated_CMC-Data-for-mixed-micelle.csv; experimental CMC dataset; mol_fraction_A=0.5; mol_fraction_B=0.5; logCMC(uM)=3 converted to mol/L; https://github.com/sandialabs/P2SURF
CCCCCCCCCCC([n+]1ccccc1)CSCCSCC([n+]1ccccc1)CCCCCCCCCC.[Br-].[Br-].CCCCCCCCCCC([n+]1ccccc1)CSCCSCC([n+]1ccccc1)CCCCCCCCCC.[Br-].[Br-],cationic mixture,0.0,0.0,0.00042953642676488727,,,,,,P2SURF mixture; updated_CMC-Data-for-mixed-micelle.csv; experimental CMC dataset; mol_fraction_A=0.5; mol_fraction_B=0.5; logCMC(uM)=2.633 converted to mol/L; https://github.com/sandialabs/P2SURF
CCCCCCCCCCCC[n+]1cccc(c1)NC(=O)Nc1ccc[n+](c1)CCCCCCCCCCCC.[Br-].[Br-].CCCCCCCCCCCC[n+]1cccc(c1)NC(=O)Nc1ccc[n+](c1)CCCCCCCCCCCC.[Br-].[Br-],cationic mixture,0.0,0.0,0.0001671090614310707,,,,,,P2SURF mixture; updated_CMC-Data-for-mixed-micelle.csv; experimental CMC dataset; mol_fraction_A=0.5; mol_fraction_B=0.5; logCMC(uM)=2.223 converted to mol/L; https://github.com/sandialabs/P2SURF
CCCCCCCCCCCCOc1ccc[n+](c1)CCCC[n+]1cccc(c1)OCCCCCCCCCCCC.[Br-].[Br-].CCCCCCCCCCCCOc1ccc[n+](c1)CCCC[n+]1cccc(c1)OCCCCCCCCCCCC.[Br-].[Br-],cationic mixture,1.0,0.0,0.000239883291901949,,,,,,P2SURF mixture; updated_CMC-Data-for-mixed-micelle.csv; experimental CMC dataset; mol_fraction_A=0.5; mol_fraction_B=0.5; logCMC(uM)=2.38 converted to mol/L; https://github.com/sandialabs/P2SURF
CCCCCCCCCCCCOc1ccc[n+](c1)CCC[n+]1cccc(c1)OCCCCCCCCCCCC.[Br-].[Br-].CCCCCCCCCCCCOc1ccc[n+](c1)CCC[n+]1cccc(c1)OCCCCCCCCCCCC.[Br-].[Br-],cationic mixture,1.0,0.0,0.00019010782799232996,,,,,,P2SURF mixture; updated_CMC-Data-for-mixed-micelle.csv; experimental CMC dataset; mol_fraction_A=0.5; mol_fraction_B=0.5; logCMC(uM)=2.279 converted to mol/L; https://github.com/sandialabs/P2SURF
CCCCCCCC[N+](CCOCC[N+](CCCCCCCC)(C)C)(C)C.[Br-].[Br-].CCCCCCCC[N+](CCOCC[N+](CCCCCCCC)(C)C)(C)C.[Br-].[Br-],cationic mixture,1.0,0.0,0.021086281499332886,,,,,,P2SURF mixture; updated_CMC-Data-for-mixed-micelle.csv; experimental CMC dataset; mol_fraction_A=0.5; mol_fraction_B=0.5; logCMC(uM)=4.324 converted to mol/L; https://github.com/sandialabs/P2SURF
CCCCCCCCCC[N+](CCOCC[N+](CCCCCCCCCC)(C)C)(C)C.[Br-].[Br-].CCCCCCCCCC[N+](CCOCC[N+](CCCCCCCCCC)(C)C)(C)C.[Br-].[Br-],cationic mixture,1.0,0.0,0.006591738952443213,,,,,,P2SURF mixture; updated_CMC-Data-for-mixed-micelle.csv; experimental CMC dataset; mol_fraction_A=0.5; mol_fraction_B=0.5; logCMC(uM)=3.819 converted to mol/L; https://github.com/sandialabs/P2SURF
CCCCCCCCCCCC[N+](CCOCC[N+](CCCCCCCCCCCC)(C)C)(C)C.[Br-].[Br-].CCCCCCCCCCCC[N+](CCOCC[N+](CCCCCCCCCCCC)(C)C)(C)C.[Br-].[Br-],cationic mixture,1.0,0.0,0.0010471285480508996,,,,,,P2SURF mixture; updated_CMC-Data-for-mixed-micelle.csv; experimental CMC dataset; mol_fraction_A=0.5; mol_fraction_B=0.5; logCMC(uM)=3.02 converted to mol/L; https://github.com/sandialabs/P2SURF
CCCCCCCCCCCCCC[N+](CCOCC[N+](CCCCCCCCCCCCCC)(C)C)(C)C.[Br-].[Br-].CCCCCCCCCCCCCC[N+](CCOCC[N+](CCCCCCCCCCCCCC)(C)C)(C)C.[Br-].[Br-],cationic mixture,1.0,0.0,0.00020090928126087278,,,,,,P2SURF mixture; updated_CMC-Data-for-mixed-micelle.csv; experimental CMC dataset; mol_fraction_A=0.5; mol_fraction_B=0.5; logCMC(uM)=2.303 converted to mol/L; https://github.com/sandialabs/P2SURF
Cn1cc[n+](c1)COCCOC[n+]1ccn(c1)C.[Cl-].[Cl-].Cn1cc[n+](c1)COCCOC[n+]1ccn(c1)C.[Cl-].[Cl-],cationic mixture,1.0,0.0,0.00707945784384138,,,,,,P2SURF mixture; updated_CMC-Data-for-mixed-micelle.csv; experimental CMC dataset; mol_fraction_A=0.5; mol_fraction_B=0.5; logCMC(uM)=3.85 converted to mol/L; https://github.com/sandialabs/P2SURF
Cn1cc[n+](c1)COCCCOC[n+]1ccn(c1)C.[Cl-].[Cl-].Cn1cc[n+](c1)COCCCOC[n+]1ccn(c1)C.[Cl-].[Cl-],cationic mixture,1.0,0.0,0.006606934480075957,,,,,,P2SURF mixture; updated_CMC-Data-for-mixed-micelle.csv; experimental CMC dataset; mol_fraction_A=0.5; mol_fraction_B=0.5; logCMC(uM)=3.82 converted to mol/L; https://github.com/sandialabs/P2SURF
CCn1cc[n+](c1)COCCOC[n+]1ccn(c1)CC.[Cl-].[Cl-].CCn1cc[n+](c1)COCCOC[n+]1ccn(c1)CC.[Cl-].[Cl-],cationic mixture,1.0,0.0,0.00588843655355589,,,,,,P2SURF mixture; updated_CMC-Data-for-mixed-micelle.csv; experimental CMC dataset; mol_fraction_A=0.5; mol_fraction_B=0.5; logCMC(uM)=3.77 converted to mol/L; https://github.com/sandialabs/P2SURF
Cn1cc[n+](c1)COCCCCCOC[n+]1ccn(c1)C.[Cl-].[Cl-].Cn1cc[n+](c1)COCCCCCOC[n+]1ccn(c1)C.[Cl-].[Cl-],cationic mixture,1.0,0.0,0.005623413251903491,,,,,,P2SURF mixture; updated_CMC-Data-for-mixed-micelle.csv; experimental CMC dataset; mol_fraction_A=0.5; mol_fraction_B=0.5; logCMC(uM)=3.75 converted to mol/L; https://github.com/sandialabs/P2SURF
CCn1cc[n+](c1)COCCCOC[n+]1ccn(c1)CC.[Cl-].[Cl-].CCn1cc[n+](c1)COCCCOC[n+]1ccn(c1)CC.[Cl-].[Cl-],cationic mixture,1.0,0.0,0.005495408738576248,,,,,,P2SURF mixture; updated_CMC-Data-for-mixed-micelle.csv; experimental CMC dataset; mol_fraction_A=0.5; mol_fraction_B=0.5; logCMC(uM)=3.74 converted to mol/L; https://github.com/sandialabs/P2SURF
CCn1cc[n+](c1)COCCCCOC[n+]1ccn(c1)CC.[Cl-].[Cl-].CCn1cc[n+](c1)COCCCCOC[n+]1ccn(c1)CC.[Cl-].[Cl-],cationic mixture,1.0,0.0,0.005011872336272725,,,,,,P2SURF mixture; updated_CMC-Data-for-mixed-micelle.csv; experimental CMC dataset; mol_fraction_A=0.5; mol_fraction_B=0.5; logCMC(uM)=3.7 converted to mol/L; https://github.com/sandialabs/P2SURF
CCn1cc[n+](c1)COCCCCCOC[n+]1ccn(c1)CC.[Cl-].[Cl-].CCn1cc[n+](c1)COCCCCCOC[n+]1ccn(c1)CC.[Cl-].[Cl-],cationic mixture,1.0,0.0,0.004677351412871981,,,,,,P2SURF mixture; updated_CMC-Data-for-mixed-micelle.csv; experimental CMC dataset; mol_fraction_A=0.5; mol_fraction_B=0.5; logCMC(uM)=3.67 converted to mol/L; https://github.com/sandialabs/P2SURF
CCn1cc[n+](c1)COCCCCCCOC[n+]1ccn(c1)CC.[Cl-].[Cl-].CCn1cc[n+](c1)COCCCCCCOC[n+]1ccn(c1)CC.[Cl-].[Cl-],cationic mixture,1.0,0.0,0.004265795188015926,,,,,,P2SURF mixture; updated_CMC-Data-for-mixed-micelle.csv; experimental CMC dataset; mol_fraction_A=0.5; mol_fraction_B=0.5; logCMC(uM)=3.63 converted to mol/L; https://github.com/sandialabs/P2SURF
CCCn1cc[n+](c1)COCCOC[n+]1ccn(c1)CCC.[Cl-].[Cl-].CCCn1cc[n+](c1)COCCOC[n+]1ccn(c1)CCC.[Cl-].[Cl-],cationic mixture,1.0,0.0,0.004168693834703355,,,,,,P2SURF mixture; updated_CMC-Data-for-mixed-micelle.csv; experimental CMC dataset; mol_fraction_A=0.5; mol_fraction_B=0.5; logCMC(uM)=3.62 converted to mol/L; https://github.com/sandialabs/P2SURF
CCCn1cc[n+](c1)COCCCCOC[n+]1ccn(c1)CCC.[Cl-].[Cl-].CCCn1cc[n+](c1)COCCCCOC[n+]1ccn(c1)CCC.[Cl-].[Cl-],cationic mixture,1.0,0.0,0.004073802778041126,,,,,,P2SURF mixture; updated_CMC-Data-for-mixed-micelle.csv; experimental CMC dataset; mol_fraction_A=0.5; mol_fraction_B=0.5; logCMC(uM)=3.61 converted to mol/L; https://github.com/sandialabs/P2SURF
CCCCn1cc[n+](c1)COCCOC[n+]1ccn(c1)CCCC.[Cl-].[Cl-].CCCCn1cc[n+](c1)COCCOC[n+]1ccn(c1)CCCC.[Cl-].[Cl-],cationic mixture,1.0,0.0,0.003890451449942805,,,,,,P2SURF mixture; updated_CMC-Data-for-mixed-micelle.csv; experimental CMC dataset; mol_fraction_A=0.5; mol_fraction_B=0.5; logCMC(uM)=3.59 converted to mol/L; https://github.com/sandialabs/P2SURF
CCCn1cc[n+](c1)COCCCCCOC[n+]1ccn(c1)CCC.[Cl-].[Cl-].CCCn1cc[n+](c1)COCCCCCOC[n+]1ccn(c1)CCC.[Cl-].[Cl-],cationic mixture,1.0,0.0,0.003890451449942805,,,,,,P2SURF mixture; updated_CMC-Data-for-mixed-micelle.csv; experimental CMC dataset; mol_fraction_A=0.5; mol_fraction_B=0.5; logCMC(uM)=3.59 converted to mol/L; https://github.com/sandialabs/P2SURF
CCCCn1cc[n+](c1)COCCCOC[n+]1ccn(c1)CCCC.[Cl-].[Cl-].CCCCn1cc[n+](c1)COCCCOC[n+]1ccn(c1)CCCC.[Cl-].[Cl-],cationic mixture,1.0,0.0,0.003630780547701014,,,,,,P2SURF mixture; updated_CMC-Data-for-mixed-micelle.csv; experimental CMC dataset; mol_fraction_A=0.5; mol_fraction_B=0.5; logCMC(uM)=3.56 converted to mol/L; https://github.com/sandialabs/P2SURF
CCCn1cc[n+](c1)COCCCCCCOC[n+]1ccn(c1)CCC.[Cl-].[Cl-].CCCn1cc[n+](c1)COCCCCCCOC[n+]1ccn(c1)CCC.[Cl-].[Cl-],cationic mixture,1.0,0.0,0.0035481338923357532,,,,,,P2SURF mixture; updated_CMC-Data-for-mixed-micelle.csv; experimental CMC dataset; mol_fraction_A=0.5; mol_fraction_B=0.5; logCMC(uM)=3.55 converted to mol/L; https://github.com/sandialabs/P2SURF
CCCCn1cc[n+](c1)COCCCCCOC[n+]1ccn(c1)CCCC.[Cl-].[Cl-].CCCCn1cc[n+](c1)COCCCCCOC[n+]1ccn(c1)CCCC.[Cl-].[Cl-],cationic mixture,1.0,0.0,0.003235936569296281,,,,,,P2SURF mixture; updated_CMC-Data-for-mixed-micelle.csv; experimental CMC dataset; mol_fraction_A=0.5; mol_fraction_B=0.5; logCMC(uM)=3.51 converted to mol/L; https://github.com/sandialabs/P2SURF
CCCCCn1cc[n+](c1)COCCOC[n+]1ccn(c1)CCCCC.[Cl-].[Cl-].CCCCCn1cc[n+](c1)COCCOC[n+]1ccn(c1)CCCCC.[Cl-].[Cl-],cationic mixture,1.0,0.0,0.003235936569296281,,,,,,P2SURF mixture; updated_CMC-Data-for-mixed-micelle.csv; experimental CMC dataset; mol_fraction_A=0.5; mol_fraction_B=0.5; logCMC(uM)=3.51 converted to mol/L; https://github.com/sandialabs/P2SURF
CCCCCn1cc[n+](c1)COCCCOC[n+]1ccn(c1)CCCCC.[Cl-].[Cl-].CCCCCn1cc[n+](c1)COCCCOC[n+]1ccn(c1)CCCCC.[Cl-].[Cl-],cationic mixture,1.0,0.0,0.003019951720402016,,,,,,P2SURF mixture; updated_CMC-Data-for-mixed-micelle.csv; experimental CMC dataset; mol_fraction_A=0.5; mol_fraction_B=0.5; logCMC(uM)=3.48 converted to mol/L; https://github.com/sandialabs/P2SURF
CCCCCn1cc[n+](c1)COCCCCOC[n+]1ccn(c1)CCCCC.[Cl-].[Cl-].CCCCCn1cc[n+](c1)COCCCCOC[n+]1ccn(c1)CCCCC.[Cl-].[Cl-],cationic mixture,1.0,0.0,0.002951209226666387,,,,,,P2SURF mixture; updated_CMC-Data-for-mixed-micelle.csv; experimental CMC dataset; mol_fraction_A=0.5; mol_fraction_B=0.5; logCMC(uM)=3.47 converted to mol/L; https://github.com/sandialabs/P2SURF
CCCCn1cc[n+](c1)COCCCCCCOC[n+]1ccn(c1)CCCC.[Cl-].[Cl-].CCCCn1cc[n+](c1)COCCCCCCOC[n+]1ccn(c1)CCCC.[Cl-].[Cl-],cationic mixture,1.0,0.0,0.0028840315031266055,,,,,,P2SURF mixture; updated_CMC-Data-for-mixed-micelle.csv; experimental CMC dataset; mol_fraction_A=0.5; mol_fraction_B=0.5; logCMC(uM)=3.46 converted to mol/L; https://github.com/sandialabs/P2SURF
CCCCCn1cc[n+](c1)COCCCCCCOC[n+]1ccn(c1)CCCCC.[Cl-].[Cl-].CCCCCn1cc[n+](c1)COCCCCCCOC[n+]1ccn(c1)CCCCC.[Cl-].[Cl-],cationic mixture,1.0,0.0,0.00239883291901949,,,,,,P2SURF mixture; updated_CMC-Data-for-mixed-micelle.csv; experimental CMC dataset; mol_fraction_A=0.5; mol_fraction_B=0.5; logCMC(uM)=3.38 converted to mol/L; https://github.com/sandialabs/P2SURF
CCCCCCn1cc[n+](c1)COCCCCOC[n+]1ccn(c1)CCCCCC.[Cl-].[Cl-].CCCCCCn1cc[n+](c1)COCCCCOC[n+]1ccn(c1)CCCCCC.[Cl-].[Cl-],cationic mixture,1.0,0.0,0.0022908676527677724,,,,,,P2SURF mixture; updated_CMC-Data-for-mixed-micelle.csv; experimental CMC dataset; mol_fraction_A=0.5; mol_fraction_B=0.5; logCMC(uM)=3.36 converted to mol/L; https://github.com/sandialabs/P2SURF
CCCCCCCn1cc[n+](c1)COCCOC[n+]1ccn(c1)CCCCCCC.[Cl-].[Cl-].CCCCCCCn1cc[n+](c1)COCCOC[n+]1ccn(c1)CCCCCCC.[Cl-].[Cl-],cationic mixture,1.0,0.0,0.00223872113856834,,,,,,P2SURF mixture; updated_CMC-Data-for-mixed-micelle.csv; experimental CMC dataset; mol_fraction_A=0.5; mol_fraction_B=0.5; logCMC(uM)=3.35 converted to mol/L; https://github.com/sandialabs/P2SURF
CCCCCCn1cc[n+](c1)COCCCCCOC[n+]1ccn(c1)CCCCCC.[Cl-].[Cl-].CCCCCCn1cc[n+](c1)COCCCCCOC[n+]1ccn(c1)CCCCCC.[Cl-].[Cl-],cationic mixture,1.0,0.0,0.0021379620895022326,,,,,,P2SURF mixture; updated_CMC-Data-for-mixed-micelle.csv; experimental CMC dataset; mol_fraction_A=0.5; mol_fraction_B=0.5; logCMC(uM)=3.33 converted to mol/L; https://github.com/sandialabs/P2SURF
CCCCCCCn1cc[n+](c1)COCCCOC[n+]1ccn(c1)CCCCCCC.[Cl-].[Cl-].CCCCCCCn1cc[n+](c1)COCCCOC[n+]1ccn(c1)CCCCCCC.[Cl-].[Cl-],cationic mixture,1.0,0.0,0.0020892961308540386,,,,,,P2SURF mixture; updated_CMC-Data-for-mixed-micelle.csv; experimental CMC dataset; mol_fraction_A=0.5; mol_fraction_B=0.5; logCMC(uM)=3.32 converted to mol/L; https://github.com/sandialabs/P2SURF
CCCCCCCn1cc[n+](c1)COCCCCOC[n+]1ccn(c1)CCCCCCC.[Cl-].[Cl-].CCCCCCCn1cc[n+](c1)COCCCCOC[n+]1ccn(c1)CCCCCCC.[Cl-].[Cl-],cationic mixture,1.0,0.0,0.0019498445997580456,,,,,,P2SURF mixture; updated_CMC-Data-for-mixed-micelle.csv; experimental CMC dataset; mol_fraction_A=0.5; mol_fraction_B=0.5; logCMC(uM)=3.29 converted to mol/L; https://github.com/sandialabs/P2SURF
CCCCCCn1cc[n+](c1)COCCCCCCOC[n+]1ccn(c1)CCCCCC.[Cl-].[Cl-].CCCCCCn1cc[n+](c1)COCCCCCCOC[n+]1ccn(c1)CCCCCC.[Cl-].[Cl-],cationic mixture,1.0,0.0,0.0019498445997580456,,,,,,P2SURF mixture; updated_CMC-Data-for-mixed-micelle.csv; experimental CMC dataset; mol_fraction_A=0.5; mol_fraction_B=0.5; logCMC(uM)=3.29 converted to mol/L; https://github.com/sandialabs/P2SURF
CCCCCCCCn1cc[n+](c1)COCCOC[n+]1ccn(c1)CCCCCCCC.[Cl-].[Cl-].CCCCCCCCn1cc[n+](c1)COCCOC[n+]1ccn(c1)CCCCCCCC.[Cl-].[Cl-],cationic mixture,1.0,0.0,0.0019054607179632462,,,,,,P2SURF mixture; updated_CMC-Data-for-mixed-micelle.csv; experimental CMC dataset; mol_fraction_A=0.5; mol_fraction_B=0.5; logCMC(uM)=3.28 converted to mol/L; https://github.com/sandialabs/P2SURF
CCCCCCCCn1cc[n+](c1)COCCCOC[n+]1ccn(c1)CCCCCCCC.[Cl-].[Cl-].CCCCCCCCn1cc[n+](c1)COCCCOC[n+]1ccn(c1)CCCCCCCC.[Cl-].[Cl-],cationic mixture,1.0,0.0,0.0017782794100389228,,,,,,P2SURF mixture; updated_CMC-Data-for-mixed-micelle.csv; experimental CMC dataset; mol_fraction_A=0.5; mol_fraction_B=0.5; logCMC(uM)=3.25 converted to mol/L; https://github.com/sandialabs/P2SURF
CCCCCCCn1cc[n+](c1)COCCCCCOC[n+]1ccn(c1)CCCCCCC.[Cl-].[Cl-].CCCCCCCn1cc[n+](c1)COCCCCCOC[n+]1ccn(c1)CCCCCCC.[Cl-].[Cl-],cationic mixture,1.0,0.0,0.0017782794100389228,,,,,,P2SURF mixture; updated_CMC-Data-for-mixed-micelle.csv; experimental CMC dataset; mol_fraction_A=0.5; mol_fraction_B=0.5; logCMC(uM)=3.25 converted to mol/L; https://github.com/sandialabs/P2SURF
CCCCCCCCn1cc[n+](c1)COCCCCOC[n+]1ccn(c1)CCCCCCCC.[Cl-].[Cl-].CCCCCCCCn1cc[n+](c1)COCCCCOC[n+]1ccn(c1)CCCCCCCC.[Cl-].[Cl-],cationic mixture,1.0,0.0,0.0016218100973589297,,,,,,P2SURF mixture; updated_CMC-Data-for-mixed-micelle.csv; experimental CMC dataset; mol_fraction_A=0.5; mol_fraction_B=0.5; logCMC(uM)=3.21 converted to mol/L; https://github.com/sandialabs/P2SURF
CCCCCCCn1cc[n+](c1)COCCCCCCOC[n+]1ccn(c1)CCCCCCC.[Cl-].[Cl-].CCCCCCCn1cc[n+](c1)COCCCCCCOC[n+]1ccn(c1)CCCCCCC.[Cl-].[Cl-],cationic mixture,1.0,0.0,0.0016218100973589297,,,,,,P2SURF mixture; updated_CMC-Data-for-mixed-micelle.csv; experimental CMC dataset; mol_fraction_A=0.5; mol_fraction_B=0.5; logCMC(uM)=3.21 converted to mol/L; https://github.com/sandialabs/P2SURF
CCCCCCCCCn1cc[n+](c1)COCCOC[n+]1ccn(c1)CCCCCCCCC.[Cl-].[Cl-].CCCCCCCCCn1cc[n+](c1)COCCOC[n+]1ccn(c1)CCCCCCCCC.[Cl-].[Cl-],cationic mixture,1.0,0.0,0.0015488166189124811,,,,,,P2SURF mixture; updated_CMC-Data-for-mixed-micelle.csv; experimental CMC dataset; mol_fraction_A=0.5; mol_fraction_B=0.5; logCMC(uM)=3.19 converted to mol/L; https://github.com/sandialabs/P2SURF
CCCCCCCCCn1cc[n+](c1)COCCCOC[n+]1ccn(c1)CCCCCCCCC.[Cl-].[Cl-].CCCCCCCCCn1cc[n+](c1)COCCCOC[n+]1ccn(c1)CCCCCCCCC.[Cl-].[Cl-],cationic mixture,1.0,0.0,0.001445439770745928,,,,,,P2SURF mixture; updated_CMC-Data-for-mixed-micelle.csv; experimental CMC dataset; mol_fraction_A=0.5; mol_fraction_B=0.5; logCMC(uM)=3.16 converted to mol/L; https://github.com/sandialabs/P2SURF
CCCCCCCCn1cc[n+](c1)COCCCCCCOC[n+]1ccn(c1)CCCCCCCC.[Cl-].[Cl-].CCCCCCCCn1cc[n+](c1)COCCCCCCOC[n+]1ccn(c1)CCCCCCCC.[Cl-].[Cl-],cationic mixture,1.0,0.0,0.0013489628825916532,,,,,,P2SURF mixture; updated_CMC-Data-for-mixed-micelle.csv; experimental CMC dataset; mol_fraction_A=0.5; mol_fraction_B=0.5; logCMC(uM)=3.13 converted to mol/L; https://github.com/sandialabs/P2SURF
CCCCCCCCCn1cc[n+](c1)COCCCCOC[n+]1ccn(c1)CCCCCCCCC.[Cl-].[Cl-].CCCCCCCCCn1cc[n+](c1)COCCCCOC[n+]1ccn(c1)CCCCCCCCC.[Cl-].[Cl-],cationic mixture,1.0,0.0,0.0013182567385564075,,,,,,P2SURF mixture; updated_CMC-Data-for-mixed-micelle.csv; experimental CMC dataset; mol_fraction_A=0.5; mol_fraction_B=0.5; logCMC(uM)=3.12 converted to mol/L; https://github.com/sandialabs/P2SURF
CCCCCCCCCn1cc[n+](c1)COCCCCCOC[n+]1ccn(c1)CCCCCCCCC.[Cl-].[Cl-].CCCCCCCCCn1cc[n+](c1)COCCCCCOC[n+]1ccn(c1)CCCCCCCCC.[Cl-].[Cl-],cationic mixture,1.0,0.0,0.0012302687708123812,,,,,,P2SURF mixture; updated_CMC-Data-for-mixed-micelle.csv; experimental CMC dataset; mol_fraction_A=0.5; mol_fraction_B=0.5; logCMC(uM)=3.09 converted to mol/L; https://github.com/sandialabs/P2SURF
CCCCCCCCCCCC[N+](CCCNCCC[N+](CCCCCCCCCCCC)(C)C)(C)C.[Br-].[Br-].CCCCCCCCCCCC[N+](CCCNCCC[N+](CCCCCCCCCCCC)(C)C)(C)C.[Br-].[Br-],cationic mixture,0.0,0.0,0.001169499391019871,,,,,,P2SURF mixture; updated_CMC-Data-for-mixed-micelle.csv; experimental CMC dataset; mol_fraction_A=0.5; mol_fraction_B=0.5; logCMC(uM)=3.068 converted to mol/L; https://github.com/sandialabs/P2SURF
CCCCCCCCCCn1cc[n+](c1)COCCCOC[n+]1ccn(c1)CCCCCCCCCC.[Cl-].[Cl-].CCCCCCCCCCn1cc[n+](c1)COCCCOC[n+]1ccn(c1)CCCCCCCCCC.[Cl-].[Cl-],cationic mixture,1.0,0.0,0.001122018454301963,,,,,,P2SURF mixture; updated_CMC-Data-for-mixed-micelle.csv; experimental CMC dataset; mol_fraction_A=0.5; mol_fraction_B=0.5; logCMC(uM)=3.05 converted to mol/L; https://github.com/sandialabs/P2SURF
CCCCCCCCCn1cc[n+](c1)COCCCCCCOC[n+]1ccn(c1)CCCCCCCCC.[Cl-].[Cl-].CCCCCCCCCn1cc[n+](c1)COCCCCCCOC[n+]1ccn(c1)CCCCCCCCC.[Cl-].[Cl-],cationic mixture,1.0,0.0,0.001122018454301963,,,,,,P2SURF mixture; updated_CMC-Data-for-mixed-micelle.csv; experimental CMC dataset; mol_fraction_A=0.5; mol_fraction_B=0.5; logCMC(uM)=3.05 converted to mol/L; https://github.com/sandialabs/P2SURF
CCCCCCCCCCn1cc[n+](c1)COCCCCOC[n+]1ccn(c1)CCCCCCCCCC.[Cl-].[Cl-].CCCCCCCCCCn1cc[n+](c1)COCCCCOC[n+]1ccn(c1)CCCCCCCCCC.[Cl-].[Cl-],cationic mixture,1.0,0.0,0.001,,,,,,P2SURF mixture; updated_CMC-Data-for-mixed-micelle.csv; experimental CMC dataset; mol_fraction_A=0.5; mol_fraction_B=0.5; logCMC(uM)=3 converted to mol/L; https://github.com/sandialabs/P2SURF
CCCCCCCCCCCn1cc[n+](c1)COCCOC[n+]1ccn(c1)CCCCCCCCCCC.[Cl-].[Cl-].CCCCCCCCCCCn1cc[n+](c1)COCCOC[n+]1ccn(c1)CCCCCCCCCCC.[Cl-].[Cl-],cationic mixture,1.0,0.0,0.0009120108393559096,,,,,,P2SURF mixture; updated_CMC-Data-for-mixed-micelle.csv; experimental CMC dataset; mol_fraction_A=0.5; mol_fraction_B=0.5; logCMC(uM)=2.96 converted to mol/L; https://github.com/sandialabs/P2SURF
CCCCCCCCCCCn1cc[n+](c1)COCCCOC[n+]1ccn(c1)CCCCCCCCCCC.[Cl-].[Cl-].CCCCCCCCCCCn1cc[n+](c1)COCCCOC[n+]1ccn(c1)CCCCCCCCCCC.[Cl-].[Cl-],cationic mixture,1.0,0.0,0.0008511380382023768,,,,,,P2SURF mixture; updated_CMC-Data-for-mixed-micelle.csv; experimental CMC dataset; mol_fraction_A=0.5; mol_fraction_B=0.5; logCMC(uM)=2.93 converted to mol/L; https://github.com/sandialabs/P2SURF
CCCCCCCCCCn1cc[n+](c1)COCCCCCOC[n+]1ccn(c1)CCCCCCCCCC.[Cl-].[Cl-].CCCCCCCCCCn1cc[n+](c1)COCCCCCOC[n+]1ccn(c1)CCCCCCCCCC.[Cl-].[Cl-],cationic mixture,1.0,0.0,0.0008511380382023768,,,,,,P2SURF mixture; updated_CMC-Data-for-mixed-micelle.csv; experimental CMC dataset; mol_fraction_A=0.5; mol_fraction_B=0.5; logCMC(uM)=2.93 converted to mol/L; https://github.com/sandialabs/P2SURF
CCCCCCCCCCn1cc[n+](c1)COCCCCCCOC[n+]1ccn(c1)CCCCCCCCCC.[Cl-].[Cl-].CCCCCCCCCCn1cc[n+](c1)COCCCCCCOC[n+]1ccn(c1)CCCCCCCCCC.[Cl-].[Cl-],cationic mixture,1.0,0.0,0.0008511380382023768,,,,,,P2SURF mixture; updated_CMC-Data-for-mixed-micelle.csv; experimental CMC dataset; mol_fraction_A=0.5; mol_fraction_B=0.5; logCMC(uM)=2.93 converted to mol/L; https://github.com/sandialabs/P2SURF
CCCCCCCCCCCn1cc[n+](c1)COCCCCOC[n+]1ccn(c1)CCCCCCCCCCC.[Cl-].[Cl-].CCCCCCCCCCCn1cc[n+](c1)COCCCCOC[n+]1ccn(c1)CCCCCCCCCCC.[Cl-].[Cl-],cationic mixture,1.0,0.0,0.0007413102413009177,,,,,,P2SURF mixture; updated_CMC-Data-for-mixed-micelle.csv; experimental CMC dataset; mol_fraction_A=0.5; mol_fraction_B=0.5; logCMC(uM)=2.87 converted to mol/L; https://github.com/sandialabs/P2SURF
CCCCCCCCCCCCn1cc[n+](c1)COCCOC[n+]1ccn(c1)CCCCCCCCCCCC.[Cl-].[Cl-].CCCCCCCCCCCCn1cc[n+](c1)COCCOC[n+]1ccn(c1)CCCCCCCCCCCC.[Cl-].[Cl-],cationic mixture,1.0,0.0,0.000707945784384138,,,,,,P2SURF mixture; updated_CMC-Data-for-mixed-micelle.csv; experimental CMC dataset; mol_fraction_A=0.5; mol_fraction_B=0.5; logCMC(uM)=2.85 converted to mol/L; https://github.com/sandialabs/P2SURF
CCCCCCCCCCCn1cc[n+](c1)COCCCCCOC[n+]1ccn(c1)CCCCCCCCCCC.[Cl-].[Cl-].CCCCCCCCCCCn1cc[n+](c1)COCCCCCOC[n+]1ccn(c1)CCCCCCCCCCC.[Cl-].[Cl-],cationic mixture,1.0,0.0,0.0006918309709189362,,,,,,P2SURF mixture; updated_CMC-Data-for-mixed-micelle.csv; experimental CMC dataset; mol_fraction_A=0.5; mol_fraction_B=0.5; logCMC(uM)=2.84 converted to mol/L; https://github.com/sandialabs/P2SURF
CCCCCCCCCCCCn1cc[n+](c1)COCCCOC[n+]1ccn(c1)CCCCCCCCCCCC.[Cl-].[Cl-].CCCCCCCCCCCCn1cc[n+](c1)COCCCOC[n+]1ccn(c1)CCCCCCCCCCCC.[Cl-].[Cl-],cationic mixture,1.0,0.0,0.0006606934480075957,,,,,,P2SURF mixture; updated_CMC-Data-for-mixed-micelle.csv; experimental CMC dataset; mol_fraction_A=0.5; mol_fraction_B=0.5; logCMC(uM)=2.82 converted to mol/L; https://github.com/sandialabs/P2SURF
CCCCCCCCCCCn1cc[n+](c1)COCCCCCCOC[n+]1ccn(c1)CCCCCCCCCCC.[Cl-].[Cl-].CCCCCCCCCCCn1cc[n+](c1)COCCCCCCOC[n+]1ccn(c1)CCCCCCCCCCC.[Cl-].[Cl-],cationic mixture,1.0,0.0,0.000630957344480193,,,,,,P2SURF mixture; updated_CMC-Data-for-mixed-micelle.csv; experimental CMC dataset; mol_fraction_A=0.5; mol_fraction_B=0.5; logCMC(uM)=2.8 converted to mol/L; https://github.com/sandialabs/P2SURF
CCCCCCCCCCCCn1cc[n+](c1)CCC[n+]1ccn(c1)CCCCCCCCCCCC.[Br-].[Br-].CCCCCCCCCCCCn1cc[n+](c1)CCC[n+]1ccn(c1)CCCCCCCCCCCC.[Br-].[Br-],cationic mixture,0.0,0.0,0.0005296634438916581,,,,,,P2SURF mixture; updated_CMC-Data-for-mixed-micelle.csv; experimental CMC dataset; mol_fraction_A=0.5; mol_fraction_B=0.5; logCMC(uM)=2.724 converted to mol/L; https://github.com/sandialabs/P2SURF
CCCCCCCCCCCCC[N+](CCCCCC[N+](CCCCCCCCCCC)(C)C)(C)C.[Br-].[Br-].CCCCCCCCCCCCC[N+](CCCCCC[N+](CCCCCCCCCCC)(C)C)(C)C.[Br-].[Br-],cationic mixture,0.0,0.0,0.0009794899854086991,,,,,,P2SURF mixture; updated_CMC-Data-for-mixed-micelle.csv; experimental CMC dataset; mol_fraction_A=0.5; mol_fraction_B=0.5; logCMC(uM)=2.991 converted to mol/L; https://github.com/sandialabs/P2SURF
CCCCCCCCCCCCCC[N+](CCCCCC[N+](CCCCCCCCCC)(C)C)(C)C.[Br-].[Br-].CCCCCCCCCCCCCC[N+](CCCCCC[N+](CCCCCCCCCC)(C)C)(C)C.[Br-].[Br-],cationic mixture,0.0,0.0,0.0009506047936562819,,,,,,P2SURF mixture; updated_CMC-Data-for-mixed-micelle.csv; experimental CMC dataset; mol_fraction_A=0.5; mol_fraction_B=0.5; logCMC(uM)=2.978 converted to mol/L; https://github.com/sandialabs/P2SURF
CCCCCCCCCCCCCC[N+](CCCCCC[N+](CCCCCC)(C)C)(C)C.[Br-].[Br-].CCCCCCCCCCCCCC[N+](CCCCCC[N+](CCCCCC)(C)C)(C)C.[Br-].[Br-],cationic mixture,0.0,0.0,0.005105049999754065,,,,,,P2SURF mixture; updated_CMC-Data-for-mixed-micelle.csv; experimental CMC dataset; mol_fraction_A=0.5; mol_fraction_B=0.5; logCMC(uM)=3.708 converted to mol/L; https://github.com/sandialabs/P2SURF
CCCCCCCC[N+]1(CCCC1)CC#CC[N+]1(CCCCCCCC)CCCC1.[Br-].[Br-].CCCCCCCC[N+]1(CCCC1)CC#CC[N+]1(CCCCCCCC)CCCC1.[Br-].[Br-],cationic mixture,0.0,0.0,0.03548133892335753,,,,,,P2SURF mixture; updated_CMC-Data-for-mixed-micelle.csv; experimental CMC dataset; mol_fraction_A=0.5; mol_fraction_B=0.5; logCMC(uM)=4.55 converted to mol/L; https://github.com/sandialabs/P2SURF
CCCC[N+](CCOCC[N+](CCCC)(C)C)(C)C.[Br-].[Br-].CCCC[N+](CCOCC[N+](CCCC)(C)C)(C)C.[Br-].[Br-],cationic mixture,1.0,0.0,0.15848931924611143,,,,,,P2SURF mixture; updated_CMC-Data-for-mixed-micelle.csv; experimental CMC dataset; mol_fraction_A=0.5; mol_fraction_B=0.5; logCMC(uM)=5.2 converted to mol/L; https://github.com/sandialabs/P2SURF
CCCCCC[N+](CCOCC[N+](CCCCCC)(C)C)(C)C.[Br-].[Br-].CCCCCC[N+](CCOCC[N+](CCCCCC)(C)C)(C)C.[Br-].[Br-],cationic mixture,1.0,0.0,0.08109610578538404,,,,,,P2SURF mixture; updated_CMC-Data-for-mixed-micelle.csv; experimental CMC dataset; mol_fraction_A=0.5; mol_fraction_B=0.5; logCMC(uM)=4.909 converted to mol/L; https://github.com/sandialabs/P2SURF
CCCCCCCC[N+]1(CCCCC1)CC#CC[N+]1(CCCCCCCC)CCCCC1.[Br-].[Br-].CCCCCCCC[N+]1(CCCCC1)CC#CC[N+]1(CCCCCCCC)CCCCC1.[Br-].[Br-],cationic mixture,0.0,0.0,0.04775292736576912,,,,,,P2SURF mixture; updated_CMC-Data-for-mixed-micelle.csv; experimental CMC dataset; mol_fraction_A=0.5; mol_fraction_B=0.5; logCMC(uM)=4.679 converted to mol/L; https://github.com/sandialabs/P2SURF
Cn1cc[n+](c1)COCCCCOC[n+]1ccn(c1)C.[Cl-].[Cl-].Cn1cc[n+](c1)COCCCCOC[n+]1ccn(c1)C.[Cl-].[Cl-],cationic mixture,1.0,0.0,0.006025595860743574,,,,,,P2SURF mixture; updated_CMC-Data-for-mixed-micelle.csv; experimental CMC dataset; mol_fraction_A=0.5; mol_fraction_B=0.5; logCMC(uM)=3.78 converted to mol/L; https://github.com/sandialabs/P2SURF
Cn1cc[n+](c1)COCCCCCCOC[n+]1ccn(c1)C.[Cl-].[Cl-].Cn1cc[n+](c1)COCCCCCCOC[n+]1ccn(c1)C.[Cl-].[Cl-],cationic mixture,1.0,0.0,0.005128613839913648,,,,,,P2SURF mixture; updated_CMC-Data-for-mixed-micelle.csv; experimental CMC dataset; mol_fraction_A=0.5; mol_fraction_B=0.5; logCMC(uM)=3.71 converted to mol/L; https://github.com/sandialabs/P2SURF
CCCn1cc[n+](c1)COCCCOC[n+]1ccn(c1)CCC.[Cl-].[Cl-].CCCn1cc[n+](c1)COCCCOC[n+]1ccn(c1)CCC.[Cl-].[Cl-],cationic mixture,1.0,0.0,0.004786300923226385,,,,,,P2SURF mixture; updated_CMC-Data-for-mixed-micelle.csv; experimental CMC dataset; mol_fraction_A=0.5; mol_fraction_B=0.5; logCMC(uM)=3.68 converted to mol/L; https://github.com/sandialabs/P2SURF
CCCCn1cc[n+](c1)COCCCCOC[n+]1ccn(c1)CCCC.[Cl-].[Cl-].CCCCn1cc[n+](c1)COCCCCOC[n+]1ccn(c1)CCCC.[Cl-].[Cl-],cationic mixture,1.0,0.0,0.0035481338923357532,,,,,,P2SURF mixture; updated_CMC-Data-for-mixed-micelle.csv; experimental CMC dataset; mol_fraction_A=0.5; mol_fraction_B=0.5; logCMC(uM)=3.55 converted to mol/L; https://github.com/sandialabs/P2SURF
CCCCCn1cc[n+](c1)COCCCCCOC[n+]1ccn(c1)CCCCC.[Cl-].[Cl-].CCCCCn1cc[n+](c1)COCCCCCOC[n+]1ccn(c1)CCCCC.[Cl-].[Cl-],cationic mixture,1.0,0.0,0.0026302679918953813,,,,,,P2SURF mixture; updated_CMC-Data-for-mixed-micelle.csv; experimental CMC dataset; mol_fraction_A=0.5; mol_fraction_B=0.5; logCMC(uM)=3.42 converted to mol/L; https://github.com/sandialabs/P2SURF
CCCCCCn1cc[n+](c1)COCCOC[n+]1ccn(c1)CCCCCC.[Cl-].[Cl-].CCCCCCn1cc[n+](c1)COCCOC[n+]1ccn(c1)CCCCCC.[Cl-].[Cl-],cationic mixture,1.0,0.0,0.0026302679918953813,,,,,,P2SURF mixture; updated_CMC-Data-for-mixed-micelle.csv; experimental CMC dataset; mol_fraction_A=0.5; mol_fraction_B=0.5; logCMC(uM)=3.42 converted to mol/L; https://github.com/sandialabs/P2SURF
CCCCCCn1cc[n+](c1)COCCCOC[n+]1ccn(c1)CCCCCC.[Cl-].[Cl-].CCCCCCn1cc[n+](c1)COCCCOC[n+]1ccn(c1)CCCCCC.[Cl-].[Cl-],cationic mixture,1.0,0.0,0.002454708915685031,,,,,,P2SURF mixture; updated_CMC-Data-for-mixed-micelle.csv; experimental CMC dataset; mol_fraction_A=0.5; mol_fraction_B=0.5; logCMC(uM)=3.39 converted to mol/L; https://github.com/sandialabs/P2SURF
CCCCCCCCn1cc[n+](c1)COCCCCCOC[n+]1ccn(c1)CCCCCCCC.[Cl-].[Cl-].CCCCCCCCn1cc[n+](c1)COCCCCCOC[n+]1ccn(c1)CCCCCCCC.[Cl-].[Cl-],cationic mixture,1.0,0.0,0.0014791083881682072,,,,,,P2SURF mixture; updated_CMC-Data-for-mixed-micelle.csv; experimental CMC dataset; mol_fraction_A=0.5; mol_fraction_B=0.5; logCMC(uM)=3.17 converted to mol/L; https://github.com/sandialabs/P2SURF
CCCCCCCCCCn1cc[n+](c1)COCCOC[n+]1ccn(c1)CCCCCCCCCC.[Cl-].[Cl-].CCCCCCCCCCn1cc[n+](c1)COCCOC[n+]1ccn(c1)CCCCCCCCCC.[Cl-].[Cl-],cationic mixture,1.0,0.0,0.001202264434617413,,,,,,P2SURF mixture; updated_CMC-Data-for-mixed-micelle.csv; experimental CMC dataset; mol_fraction_A=0.5; mol_fraction_B=0.5; logCMC(uM)=3.08 converted to mol/L; https://github.com/sandialabs/P2SURF
CCCCCCCCCCCCOC(=O)C[n+]1ccc(cc1)CCCc1cc[n+](cc1)CC(=O)OCCCCCCCCCCCC.[Br-].[Br-].CCCCCCCCCCCCOC(=O)C[n+]1ccc(cc1)CCCc1cc[n+](cc1)CC(=O)OCCCCCCCCCCCC.[Br-].[Br-],cationic mixture,1.0,0.0,3.5974933515574234e-05,,,,,,P2SURF mixture; updated_CMC-Data-for-mixed-micelle.csv; experimental CMC dataset; mol_fraction_A=0.5; mol_fraction_B=0.5; logCMC(uM)=1.556 converted to mol/L; https://github.com/sandialabs/P2SURF
CCCCCCCCCCCCCCCC[N+]1(CCCC[N+]2(CCCCCCCCCCCCCCCC)CCCC2)CCCC1.[Br-].[Br-].CCCCCCCCCCCCCCCC[N+]1(CCCC[N+]2(CCCCCCCCCCCCCCCC)CCCC2)CCCC1.[Br-].[Br-],cationic mixture,0.0,0.0,2.8973435877013213e-05,,,,,,P2SURF mixture; updated_CMC-Data-for-mixed-micelle.csv; experimental CMC dataset; mol_fraction_A=0.5; mol_fraction_B=0.5; logCMC(uM)=1.462 converted to mol/L; https://github.com/sandialabs/P2SURF
CCCCCCCCCCCCOCC(Cn1cc[n+](c1)CCC[n+]1ccn(c1)CC(COCCCCCCCCCCCC)O)O.[Br-].[Br-].CCCCCCCCCCCCOCC(Cn1cc[n+](c1)CCC[n+]1ccn(c1)CC(COCCCCCCCCCCCC)O)O.[Br-].[Br-],cationic mixture,1.0,0.0,1.9998618696327447e-05,,,,,,P2SURF mixture; updated_CMC-Data-for-mixed-micelle.csv; experimental CMC dataset; mol_fraction_A=0.5; mol_fraction_B=0.5; logCMC(uM)=1.301 converted to mol/L; https://github.com/sandialabs/P2SURF
CCCCCCCCCCCCCCCCCC[N+]1(CCCC1)CC#CC[N+]1(CCCCCCCCCCCCCCCCCC)CCCC1.[Br-].[Br-].CCCCCCCCCCCCCCCCCC[N+]1(CCCC1)CC#CC[N+]1(CCCCCCCCCCCCCCCCCC)CCCC1.[Br-].[Br-],cationic mixture,0.0,0.0,1.049542428652322e-05,,,,,,P2SURF mixture; updated_CMC-Data-for-mixed-micelle.csv; experimental CMC dataset; mol_fraction_A=0.5; mol_fraction_B=0.5; logCMC(uM)=1.021 converted to mol/L; https://github.com/sandialabs/P2SURF
CCCCCCCCCCCC[N+]1(CCCCCCCCCCCCCCCC[N+]2(CCCCCCCCCCCC)CCCC2)CCCC1.[Br-].[Br-].CCCCCCCCCCCC[N+]1(CCCCCCCCCCCCCCCC[N+]2(CCCCCCCCCCCC)CCCC2)CCCC1.[Br-].[Br-],cationic mixture,0.0,0.0,3.1988951096913973e-05,,,,,,P2SURF mixture; updated_CMC-Data-for-mixed-micelle.csv; experimental CMC dataset; mol_fraction_A=0.5; mol_fraction_B=0.5; logCMC(uM)=1.505 converted to mol/L; https://github.com/sandialabs/P2SURF
CCCCCCCCCCCCCCCCn1cc[n+](c1)CC(C[n+]1ccn(c1)CCCCCCCCCCCCCCCC)O.[Cl-].[Cl-] .CCCCCCCCCCCCCCCCn1cc[n+](c1)CC(C[n+]1ccn(c1)CCCCCCCCCCCCCCCC)O.[Cl-].[Cl-] ,cationic mixture,0.0,0.0,4.102041029866064e-05,,,,,,P2SURF mixture; updated_CMC-Data-for-mixed-micelle.csv; experimental CMC dataset; mol_fraction_A=0.5; mol_fraction_B=0.5; logCMC(uM)=1.613 converted to mol/L; https://github.com/sandialabs/P2SURF
CCCCCCCCCCCCCCCCOc1ccc(cc1)NC(=O)C[N+](CCCC[N+](CC(=O)Nc1ccc(cc1)OCCCCCCCCCCCCCCCC)(C)C)(C)C.[Br-].[Br-].CCCCCCCCCCCCCCCCOc1ccc(cc1)NC(=O)C[N+](CCCC[N+](CC(=O)Nc1ccc(cc1)OCCCCCCCCCCCCCCCC)(C)C)(C)C.[Br-].[Br-],cationic mixture,1.0,0.0,1.981527025805097e-05,,,,,,P2SURF mixture; updated_CMC-Data-for-mixed-micelle.csv; experimental CMC dataset; mol_fraction_A=0.5; mol_fraction_B=0.5; logCMC(uM)=1.297 converted to mol/L; https://github.com/sandialabs/P2SURF
CCCCCCCCCCCCCCCCOc1ccc(cc1)NC(=O)C[N+](CC[N+](CC(=O)Nc1ccc(cc1)OCCCCCCCCCCCCCCCC)(C)C)(C)C.[Br-].[Br-] .CCCCCCCCCCCCCCCCOc1ccc(cc1)NC(=O)C[N+](CC[N+](CC(=O)Nc1ccc(cc1)OCCCCCCCCCCCCCCCC)(C)C)(C)C.[Br-].[Br-] ,cationic mixture,1.0,0.0,1.3995873225726178e-05,,,,,,P2SURF mixture; updated_CMC-Data-for-mixed-micelle.csv; experimental CMC dataset; mol_fraction_A=0.5; mol_fraction_B=0.5; logCMC(uM)=1.146 converted to mol/L; https://github.com/sandialabs/P2SURF
CCCCCCCCCCCCCCOc1ccc(cc1)NC(=O)C[N+](CCCCCC[N+](CC(=O)Nc1ccc(cc1)OCCCCCCCCCCCCCC)(C)C)(C)C.[Br-].[Br-].CCCCCCCCCCCCCCOc1ccc(cc1)NC(=O)C[N+](CCCCCC[N+](CC(=O)Nc1ccc(cc1)OCCCCCCCCCCCCCC)(C)C)(C)C.[Br-].[Br-],cationic mixture,1.0,0.0,2.5003453616964294e-05,,,,,,P2SURF mixture; updated_CMC-Data-for-mixed-micelle.csv; experimental CMC dataset; mol_fraction_A=0.5; mol_fraction_B=0.5; logCMC(uM)=1.398 converted to mol/L; https://github.com/sandialabs/P2SURF
CCCCCCCCCCOc1ccc(cc1)NC(=O)C[N+](CCCCCC[N+](CC(=O)Nc1ccc(cc1)OCCCCCCCCCC)(C)C)(C)C.[Br-].[Br-].CCCCCCCCCCOc1ccc(cc1)NC(=O)C[N+](CCCCCC[N+](CC(=O)Nc1ccc(cc1)OCCCCCCCCCC)(C)C)(C)C.[Br-].[Br-],cationic mixture,1.0,0.0,2.0417379446695318e-05,,,,,,P2SURF mixture; updated_CMC-Data-for-mixed-micelle.csv; experimental CMC dataset; mol_fraction_A=0.5; mol_fraction_B=0.5; logCMC(uM)=1.31 converted to mol/L; https://github.com/sandialabs/P2SURF
CCCCCCCCCCCCCCOc1ccc[n+](c1)CC[n+]1cccc(c1)OCCCCCCCCCCCCCC.[Br-].[Br-].CCCCCCCCCCCCCCOc1ccc[n+](c1)CC[n+]1cccc(c1)OCCCCCCCCCCCCCC.[Br-].[Br-],cationic mixture,1.0,0.0,3.3962527259040815e-05,,,,,,P2SURF mixture; updated_CMC-Data-for-mixed-micelle.csv; experimental CMC dataset; mol_fraction_A=0.5; mol_fraction_B=0.5; logCMC(uM)=1.531 converted to mol/L; https://github.com/sandialabs/P2SURF
CCCCCCCCCCCCCCCCCC[N+](CCOCC[N+](CCCCCCCCCCCCCCCCCC)(C)C)(C) C.[Br-].[Br-].CCCCCCCCCCCCCCCCCC[N+](CCOCC[N+](CCCCCCCCCCCCCCCCCC)(C)C)(C) C.[Br-].[Br-],cationic mixture,1.0,0.0,3.303695410368149e-05,,,,,,P2SURF mixture; updated_CMC-Data-for-mixed-micelle.csv; experimental CMC dataset; mol_fraction_A=0.5; mol_fraction_B=0.5; logCMC(uM)=1.519 converted to mol/L; https://github.com/sandialabs/P2SURF
CCCCCCCCCCCCCCCC[N+](CCOCC[N+](CCCCCCCCCCCCCCCC)(C)C)(C)C.[Br-].[Br-].CCCCCCCCCCCCCCCC[N+](CCOCC[N+](CCCCCCCCCCCCCCCC)(C)C)(C)C.[Br-].[Br-],cationic mixture,1.0,0.0,3.1988951096913973e-05,,,,,,P2SURF mixture; updated_CMC-Data-for-mixed-micelle.csv; experimental CMC dataset; mol_fraction_A=0.5; mol_fraction_B=0.5; logCMC(uM)=1.505 converted to mol/L; https://github.com/sandialabs/P2SURF
CCCCCCCCCCCCCCOc1ccc[n+](c1)CCCC[n+]1cccc(c1)OCCCCCCCCCCCCCC.[Br-].[Br-].CCCCCCCCCCCCCCOc1ccc[n+](c1)CCCC[n+]1cccc(c1)OCCCCCCCCCCCCCC.[Br-].[Br-],cationic mixture,1.0,0.0,5.9979107625551005e-05,,,,,,P2SURF mixture; updated_CMC-Data-for-mixed-micelle.csv; experimental CMC dataset; mol_fraction_A=0.5; mol_fraction_B=0.5; logCMC(uM)=1.778 converted to mol/L; https://github.com/sandialabs/P2SURF
CCCCCCCCCCCCCCOc1ccc[n+](c1)CCC[n+]1cccc(c1)OCCCCCCCCCCCCCC.[Br-].[Br-].CCCCCCCCCCCCCCOc1ccc[n+](c1)CCC[n+]1cccc(c1)OCCCCCCCCCCCCCC.[Br-].[Br-],cationic mixture,1.0,0.0,5.199959965335162e-05,,,,,,P2SURF mixture; updated_CMC-Data-for-mixed-micelle.csv; experimental CMC dataset; mol_fraction_A=0.5; mol_fraction_B=0.5; logCMC(uM)=1.716 converted to mol/L; https://github.com/sandialabs/P2SURF
CCCCCCCCCCCCCCOc1ccc[n+](c1)CC(C[n+]1cccc(c1)OCCCCCCCCCCCCCC)O.[Br-].[Br-].CCCCCCCCCCCCCCOc1ccc[n+](c1)CC(C[n+]1cccc(c1)OCCCCCCCCCCCCCC)O.[Br-].[Br-],cationic mixture,1.0,0.0,2.6977394324449205e-05,,,,,,P2SURF mixture; updated_CMC-Data-for-mixed-micelle.csv; experimental CMC dataset; mol_fraction_A=0.5; mol_fraction_B=0.5; logCMC(uM)=1.431 converted to mol/L; https://github.com/sandialabs/P2SURF
CCCCCCCCCCCCCCC([n+]1ccccc1)CSCCSCC([n+]1ccccc1)CCCCCCCCCCCCCC.[Br-].[Br-].CCCCCCCCCCCCCCC([n+]1ccccc1)CSCCSCC([n+]1ccccc1)CCCCCCCCCCCCCC.[Br-].[Br-],cationic mixture,0.0,0.0,2.999162518987653e-05,,,,,,P2SURF mixture; updated_CMC-Data-for-mixed-micelle.csv; experimental CMC dataset; mol_fraction_A=0.5; mol_fraction_B=0.5; logCMC(uM)=1.477 converted to mol/L; https://github.com/sandialabs/P2SURF
CCCCCCCCCCCCCCCCC(=O)OCC[n+]1ccc(cc1)CCCc1cc[n+](cc1)CCOC(=O)CCCCCCCCCCCCCCCC.[Br-].[Br-].CCCCCCCCCCCCCCCCC(=O)OCC[n+]1ccc(cc1)CCCc1cc[n+](cc1)CCOC(=O)CCCCCCCCCCCCCCCC.[Br-].[Br-],cationic mixture,1.0,0.0,3.5974933515574234e-05,,,,,,P2SURF mixture; updated_CMC-Data-for-mixed-micelle.csv; experimental CMC dataset; mol_fraction_A=0.5; mol_fraction_B=0.5; logCMC(uM)=1.556 converted to mol/L; https://github.com/sandialabs/P2SURF
CCCCCCCCCCCCCCCCC(=O)OCC[n+]1ccc(cc1)CCCc1cc[n+](cc1)CCOC(=O)CCCCCCCCCCCCCCCC.[Cl-].[Cl-].CCCCCCCCCCCCCCCCC(=O)OCC[n+]1ccc(cc1)CCCc1cc[n+](cc1)CCOC(=O)CCCCCCCCCCCCCCCC.[Cl-].[Cl-],cationic mixture,1.0,0.0,5.495408738576248e-05,,,,,,P2SURF mixture; updated_CMC-Data-for-mixed-micelle.csv; experimental CMC dataset; mol_fraction_A=0.5; mol_fraction_B=0.5; logCMC(uM)=1.74 converted to mol/L; https://github.com/sandialabs/P2SURF
CCCCCCCCCCCCC([n+]1ccn(c1)C)CSCCSCC([n+]1ccn(c1)C)CCCCCCCCCCCC.[Br-].[Br-].CCCCCCCCCCCCC([n+]1ccn(c1)C)CSCCSCC([n+]1ccn(c1)C)CCCCCCCCCCCC.[Br-].[Br-],cationic mixture,0.0,0.0,0.0001,,,,,,P2SURF mixture; updated_CMC-Data-for-mixed-micelle.csv; experimental CMC dataset; mol_fraction_A=0.5; mol_fraction_B=0.5; logCMC(uM)=2 converted to mol/L; https://github.com/sandialabs/P2SURF
CCCCCCCCCCCCC([n+]1ccn(c1)C)CSCCCSCC([n+]1ccn(c1)C)CCCCCCCCCCCC.[Br-].[Br-].CCCCCCCCCCCCC([n+]1ccn(c1)C)CSCCCSCC([n+]1ccn(c1)C)CCCCCCCCCCCC.[Br-].[Br-],cationic mixture,0.0,0.0,8.491804750363143e-05,,,,,,P2SURF mixture; updated_CMC-Data-for-mixed-micelle.csv; experimental CMC dataset; mol_fraction_A=0.5; mol_fraction_B=0.5; logCMC(uM)=1.929 converted to mol/L; https://github.com/sandialabs/P2SURF
CCCCCCCCCCCCC([n+]1ccn(c1)C)CSCCCCSCC([n+]1ccn(c1)C)CCCCCCCCCCCC.[Br-].[Br-].CCCCCCCCCCCCC([n+]1ccn(c1)C)CSCCCCSCC([n+]1ccn(c1)C)CCCCCCCCCCCC.[Br-].[Br-],cationic mixture,0.0,0.0,7.095777679633887e-05,,,,,,P2SURF mixture; updated_CMC-Data-for-mixed-micelle.csv; experimental CMC dataset; mol_fraction_A=0.5; mol_fraction_B=0.5; logCMC(uM)=1.851 converted to mol/L; https://github.com/sandialabs/P2SURF
CCCCCCCCCCCCCCOCC(Cn1cc[n+](c1)CCC[n+]1ccn(c1)CC(COCCCCCCCCCCCCCC)O)O.[Br-].[Br-].CCCCCCCCCCCCCCOCC(Cn1cc[n+](c1)CCC[n+]1ccn(c1)CC(COCCCCCCCCCCCCCC)O)O.[Br-].[Br-],cationic mixture,1.0,0.0,7.095777679633887e-05,,,,,,P2SURF mixture; updated_CMC-Data-for-mixed-micelle.csv; experimental CMC dataset; mol_fraction_A=0.5; mol_fraction_B=0.5; logCMC(uM)=1.851 converted to mol/L; https://github.com/sandialabs/P2SURF
CCCCCCCCCCCCCCC([n+]1ccn(c1)C)CSCCSCC([n+]1ccn(c1)C)CCCCCCCCCCCCCC.[Br-].[Br-].CCCCCCCCCCCCCCC([n+]1ccn(c1)C)CSCCSCC([n+]1ccn(c1)C)CCCCCCCCCCCCCC.[Br-].[Br-],cationic mixture,0.0,0.0,2.1978598727848274e-05,,,,,,P2SURF mixture; updated_CMC-Data-for-mixed-micelle.csv; experimental CMC dataset; mol_fraction_A=0.5; mol_fraction_B=0.5; logCMC(uM)=1.342 converted to mol/L; https://github.com/sandialabs/P2SURF
CCCCCCCCCCCCCCC([n+]1ccn(c1)C)CSCCCSCC([n+]1ccn(c1)C)CCCCCCCCCCCCCC.[Br-].[Br-].CCCCCCCCCCCCCCC([n+]1ccn(c1)C)CSCCCSCC([n+]1ccn(c1)C)CCCCCCCCCCCCCC.[Br-].[Br-],cationic mixture,0.0,0.0,2.0989398836235246e-05,,,,,,P2SURF mixture; updated_CMC-Data-for-mixed-micelle.csv; experimental CMC dataset; mol_fraction_A=0.5; mol_fraction_B=0.5; logCMC(uM)=1.322 converted to mol/L; https://github.com/sandialabs/P2SURF
CCCCCCCCCCCCCCC([n+]1ccn(c1)C)CSCCCCSCC([n+]1ccn(c1)C)CCCCCCCCCCCCCC.[Br-].[Br-].CCCCCCCCCCCCCCC([n+]1ccn(c1)C)CSCCCCSCC([n+]1ccn(c1)C)CCCCCCCCCCCCCC.[Br-].[Br-],cationic mixture,0.0,0.0,1.9998618696327447e-05,,,,,,P2SURF mixture; updated_CMC-Data-for-mixed-micelle.csv; experimental CMC dataset; mol_fraction_A=0.5; mol_fraction_B=0.5; logCMC(uM)=1.301 converted to mol/L; https://github.com/sandialabs/P2SURF
CCCCCCCCCCCCCCCC(=O)OCC(C[n+]1ccn(c1)C)(C[n+]1ccn(c1)C)COC(=O)CCCCCCCCCCCCCCC.[Br-].[Br-].CCCCCCCCCCCCCCCC(=O)OCC(C[n+]1ccn(c1)C)(C[n+]1ccn(c1)C)COC(=O)CCCCCCCCCCCCCCC.[Br-].[Br-],cationic mixture,0.0,0.0,4.1975898399100776e-05,,,,,,P2SURF mixture; updated_CMC-Data-for-mixed-micelle.csv; experimental CMC dataset; mol_fraction_A=0.5; mol_fraction_B=0.5; logCMC(uM)=1.623 converted to mol/L; https://github.com/sandialabs/P2SURF
