Compound No.,Mol. Wgt.,Name,Additives,Temperature,CMC,Qual. Mat. Meth.,Method,Authors,Reference,Source,Evaluation,CMC Value 1,CMC Units 1,CMC Value 2,CMC Units 2,CMC Value 3,CMC Units 3
1,288.3,SODIUM DODECYL 1 SULFATE,,,53005,,VALUES FRM REF IN CMC,KLIN LANG,57022,,R,,,,,,
1,288.3,SODIUM DODECYL 1 SULFATE,,,59016,,VALUES FRM REF IN CMC,BOTR CRES,60024,,R,,,,,,
1,288.3,SODIUM DODECYL 1 SULFATE,,,47006,,VALUES FRM REF IN CMC,CORR HARK,46005,,R,,,,,,
1,288.3,SODIUM DODECYL 1 SULFATE,,,,,GRAPH DATA NOT RETRIEVED,KLEV,46007,,R,,,,,,
1,288.3,SODIUM DODECYL 1 SULFATE,,01.0,7.6 X10-3 M,BB,SURFACE TENSION LOG PLOT,SCHI,63026,L,L,0.0076,M,,,,
1,288.3,SODIUM DODECYL 1 SULFATE,,05.0,7.5 X10-3 M,BB,SURFACE TENSION LOG PLOT,SCHI MANN,66001,L,L,0.0075,M,,,,
1,288.3,SODIUM DODECYL 1 SULFATE,,08.0,8.6 X10-3 M,BB,AVER SP EQUIV COND,FLOC UBBE,53008,G,L,0.0086,M,,,,
1,288.3,SODIUM DODECYL 1 SULFATE,,UNK,1.83 X10-1 D 6.347X10-3 M,CC,TURBIDITY PLT LITE SCATR,KUSH HUBB,55003,K M,L,0.183,D,0.006347,M,,
1,288.3,SODIUM DODECYL 1 SULFATE,,10,8.67 X10-3 M,BA,AVER SP EQUIV COND,FLOC,61007,L,1,0.00867,M,,,,
1,288.3,SODIUM DODECYL 1 SULFATE,,10,8.81 X10-3 W,BA,SPECFC CONDCTNCE EQUATNS,GODD BENS,57011,L,1,0.00881,W,,,,
1,288.3,SODIUM DODECYL 1 SULFATE,,10.5,8.5 X10-3 M,BB,AVER SP EQUIV COND,FLOC UBBE,53008,G,L,0.0085,M,,,,
1,288.3,SODIUM DODECYL 1 SULFATE,,10,8.55 X10-3 M,BA,EQUIV CONDCTNCE GRAPH,FLOC,57013,L,1,0.00855,M,,,,
1,288.3,SODIUM DODECYL 1 SULFATE,,10,7.4 X10-3 M,BB,SURFACE TENSION LOG PLOT,SCHI,64020,T,L,0.0074,M,,,,
1,288.3,SODIUM DODECYL 1 SULFATE,,15,8.51 X10-3 W,BA,SPECFC CONDCTNCE EQUATNS,GODD BENS,57011,L,1,0.00851,W,,,,
1,288.3,SODIUM DODECYL 1 SULFATE,,15,9.65 X10-3 M,BB,EQUIV CONDCTNCE GRAPH,SHIR MATU,65020,L,L,0.00965,M,,,,
1,288.3,SODIUM DODECYL 1 SULFATE,,15,8.43 X10-3 M,BA,AVER SP EQUIV COND,FLOC,61007,L,1,0.00843,M,,,,
1,288.3,SODIUM DODECYL 1 SULFATE,,20,8.47 X10-3 W,BA,SPECFC CONDCTNCE EQUATNS,GODD BENS,57011,L,1,0.00847,W,,,,
1,288.3,SODIUM DODECYL 1 SULFATE,,20,9. X10-3 M,DE,VISCOSITY,HESS PHIL,39009,T,L,0.009,M,,,,
1,288.3,SODIUM DODECYL 1 SULFATE,,20,8.0 X10-3 M,BB,INTERFACIAL TENSION LOGM,V VO,60025,T,L,0.008,M,,,,
1,288.3,SODIUM DODECYL 1 SULFATE,,20,7.22 X10-3 M,CG,EQUIV COND 1ST DEVIATION,WARD,40004,T,L,0.00722,M,,,,
1,288.3,SODIUM DODECYL 1 SULFATE,,20,8.5 X10-3 M,CB,EQUIV CONDCTNCE GRAPH,WARD,40004,P,L,0.0085,M,,,,
1,288.3,SODIUM DODECYL 1 SULFATE,,20,7.7 X10-3 M,BG,FOTOMTR SPCTR CHNGE PNCN,GODD HARV,53012,T,L,0.0077,M,,,,
1,288.3,SODIUM DODECYL 1 SULFATE,,20,6.6 X10-3 M,BB,SURFACE TENSION LOG PLOT,HARR,60004,L,L,0.0066,M,,,,
1,288.3,SODIUM DODECYL 1 SULFATE,,20,7.1 X10-3 M,BB,SURFACE TENSION LOG PLOT,HARR,60004,G,L,0.0071,M,,,,
1,288.3,SODIUM DODECYL 1 SULFATE,,20,8.25 X10-3 M,BA,AVER SP EQUIV COND,FLOC,61007,L,1,0.00825,M,,,,
1,288.3,SODIUM DODECYL 1 SULFATE,,20,7.95 X10-3 M,BB,INTERFACIAL TENSION LOGM,HAYD PHIL,58012,L,L,0.00795,M,,,,
1,288.3,SODIUM DODECYL 1 SULFATE,,20,8.0 X10-3 M,BB,SURFACE TENSION LOG PLOT,V VO,61026,TL,L,0.008,M,,,,
1,288.3,SODIUM DODECYL 1 SULFATE,,21,2.5 X10-1 D 8.67 X10-3 M,BD,REFRACTIVE INDEX,HUIS,64047,T M,L,0.25,D,0.00867,M,,
1,288.3,SODIUM DODECYL 1 SULFATE,,21,2.30 X10-1 D 7.977X10-3 M,BB,TURBIDITY PLT LITE SCATR,HUIS,64047,T M,L,0.23,D,0.007977,M,,
1,288.3,SODIUM DODECYL 1 SULFATE,,21,2.15 X10-1 D 7.457X10-3 M,BB,SURFACE TENSION LOG PLOT,HUIS,64047,T M,L,0.215,D,0.007457,M,,
1,288.3,SODIUM DODECYL 1 SULFATE,,23,8. X10-3 N,CD,UNSPECIFIED CONDUCTANCE,TART LELO,55021,T,L,0.008,N,,,,
1,288.3,SODIUM DODECYL 1 SULFATE,,24.7,1.3 X10-1 P,HC,SPECFC CONDCTNCE GRAPH,ROSS BRAM,57031,T,L,0.13,P,,,,
1,288.3,SODIUM DODECYL 1 SULFATE,,25,1.83 X10-1 D 6.347X10-3 M,CG,VISUAL SPCTR CHNGE PNCN,SCHI FOWK,57014,T M,L,0.183,D,0.006347,M,,
1,288.3,SODIUM DODECYL 1 SULFATE,,25,2.21 X10-1 D 7.665X10-3 M,CB,UNSPECIFIED CONDUCTANCE,SCHI FOWK,57014,T M,L,0.221,D,0.007665,M,,
1,288.3,SODIUM DODECYL 1 SULFATE,,25,7.4 X10-3 M,BB,SURFACE TENSION LOG PLOT,MIYA,60029,T,L,0.0074,M,,,,
1,288.3,SODIUM DODECYL 1 SULFATE,,25,2.330X10-1 D 8.081X10-3 M,BA,EQUIV CONDCTNCE GRAPH,WILL MYSE,55005,T M,1,0.233,D,0.008081,M,,
1,288.3,SODIUM DODECYL 1 SULFATE,,25,2.340X10-1 D 8.116X10-3 M,BA,FOTOMTR SOLUBLZTN OROT,WILL MYSE,55005,T M,1,0.234,D,0.008116,M,,
1,288.3,SODIUM DODECYL 1 SULFATE,,25,2.36 X10-1 D 3.185X10-3 M,BB,DEBYE PLT LIGHT SCATTER,WILL MYSE,55005,T M,1,0.236,D,0.003185,M,,
1,288.3,SODIUM DODECYL 1 SULFATE,,25,8.39 X10-3 W,BA,SPECFC CONDCTNCE EQUATNS,GODD BENS,57011,L,1,0.00839,W,,,,
1,288.3,SODIUM DODECYL 1 SULFATE,,25.2,8.0 X10-3 M,BA,AVER SP EQUIV COND,FLOC UBBE,53008,T,L,0.008,M,,,,
1,288.3,SODIUM DODECYL 1 SULFATE,,25,8.2 X10-3 M,BA,SPECFC CONDCTNCE GRAPH,CORK GOOD,62006,T,L,0.0082,M,,,,
1,288.3,SODIUM DODECYL 1 SULFATE,,25,5.8 X10-3 M,CC,REFRACTIVE INDEX,KLEV,48005,T,L,0.0058,M,,,,
1,288.3,SODIUM DODECYL 1 SULFATE,,25,6. X10-3 M,CE,ELECTROMOTIVE FORCE,STAN RADL,60021,T,L,0.006,M,,,,
1,288.3,SODIUM DODECYL 1 SULFATE,,25,8.1 X10-3 N,CC,UNSPECIFIED CONDUCTANCE,HAFF PICC,42003,T,L,0.0081,N,,,,
1,288.3,SODIUM DODECYL 1 SULFATE,,25,7.8 X10-3 M,BB,EQUIV COND 1ST DEVIATION,GODD HIGH,55018,T,L,0.0078,M,,,,
1,288.3,SODIUM DODECYL 1 SULFATE,,25,8.1 X10-3 M,BA,EQUIV CONDCTNCE GRAPH,GODD HIGH,55018,K,1,0.0081,M,,,,
1,288.3,SODIUM DODECYL 1 SULFATE,,25,8.3 X10-3 M,HB,FOTOMTR SOLUBLZTN OROT,GINN HARR,60010,G,L,0.0083,M,,,,
1,288.3,SODIUM DODECYL 1 SULFATE,,25,7.4 X10-3 M,BB,SURFACE TENSION LOG PLOT,SCHI,63026,L,L,0.0074,M,,,,
1,288.3,SODIUM DODECYL 1 SULFATE,,25,2.324X10-1 D 8.061X10-3 M,BA,FOTOMTR SOLUBLZTN OROT,SCHO,66036,T M,1,0.2324,D,0.008061,M,,
1,288.3,SODIUM DODECYL 1 SULFATE,,25,8.11 X10-3 M,CA,SPECFC CONDCTNCE GRAPH,BENT SPAR,66038,T,L,0.00811,M,,,,
1,288.3,SODIUM DODECYL 1 SULFATE,,25,8.3 X10-3 M,BB,EQUIV CONDCTNCE GRAPH,SHIR MATU,65020,L,L,0.0083,M,,,,
1,288.3,SODIUM DODECYL 1 SULFATE,,25,8.8 X10-3 M,BC,VISCOSITY,MIUR MATS,57025,T,L,0.0088,M,,,,
1,288.3,SODIUM DODECYL 1 SULFATE,,25,8.3 X10-3 M,BB,SURFACE TNSN LINEAR PLOT,MIUR MATS,57025,TA,1,0.0083,M,,,,
1,288.3,SODIUM DODECYL 1 SULFATE,,25,8.2 X10-3 M,BC,EQUIV CONDCTNCE GRAPH,MIUR MATS,57025,T,L,0.0082,M,,,,
1,288.3,SODIUM DODECYL 1 SULFATE,,25,8.16 X10-3 M,BA,AVER SP EQUIV COND,FLOC,61007,L,1,0.00816,M,,,,
1,288.3,SODIUM DODECYL 1 SULFATE,,25,8.2 X10-3 M,BC,SPECFC CONDCTNCE GRAPH,MIUR MATS,57025,T,L,0.0082,M,,,,
1,288.3,SODIUM DODECYL 1 SULFATE,,25.6,5.4 X10-3 M,CG,FOTOMTR SPCTR CHNGE PNCN,KLEV,47004,T,L,0.0054,M,,,,
1,288.3,SODIUM DODECYL 1 SULFATE,,25,8.27 X10-3 W,BA,SPECFC CONDCTNCE GRAPH,HAMA,62036,T,1,0.00827,W,,,,
1,288.3,SODIUM DODECYL 1 SULFATE,,25,7.3 X10-4 M,HG,FOTOMTR SPCTR CHNGE PNCN,GINN HARR,58008,T,L,0.00073,M,,,,
1,288.3,SODIUM DODECYL 1 SULFATE,,25,5.63 X10-3 M,HC,SPECFC CONDCTNCE GRAPH,GINN HARR,58008,T,L,0.00563,M,,,,
1,288.3,SODIUM DODECYL 1 SULFATE,,25,7.2 X10-3 M,BB,SURFACE TENSION LOG PLOT,SCHI MANN,66001,L,L,0.0072,M,,,,
1,288.3,SODIUM DODECYL 1 SULFATE,,25,1.63 X10-3 M,HG,FOTOMTR SPCTR CHNGE PNCN,GINN HARR,58008,T,L,0.00163,M,,,,
1,288.3,SODIUM DODECYL 1 SULFATE,,25,4.03 X10-3 M,HC,SPECFC CONDCTNCE GRAPH,GINN HARR,58008,T,L,0.00403,M,,,,
1,288.3,SODIUM DODECYL 1 SULFATE,,25,7.2 X10-2 D,HE,METHOD NOT CITED,GINN HARR,61014,T,L,0.072,D,,,,
1,288.3,SODIUM DODECYL 1 SULFATE,,25,7.2 X10-3 M,BB,SURFACE TENSION LOG PLOT,SCHI,64020,T,L,0.0072,M,,,,
1,288.3,SODIUM DODECYL 1 SULFATE,,25,2.29 X10-1 D 7.943X10-3 M,DC,FOTOMTR SOLUBLZTN OROT,GINN KINN,61015,T M,L,0.229,D,0.007943,M,,
1,288.3,SODIUM DODECYL 1 SULFATE,,25,8.22 X10-3 M,CA,SPECFC CONDCTNCE GRAPH,MYSE OTTE,61017,TL,L,0.00822,M,,,,
1,288.3,SODIUM DODECYL 1 SULFATE,,25,7.83 X10-3 M,CA,EQUIV CONDCTNCE GRAPH,MYSE OTTE,61017,L,L,0.00783,M,,,,
1,288.3,SODIUM DODECYL 1 SULFATE,,25,8.2 X10-3 M,BC,UNSPECIFIED CONDUCTANCE,MIUR ARIS,58023,G,L,0.0082,M,,,,
1,288.3,SODIUM DODECYL 1 SULFATE,,25,8.27 X10-3 M,BA,SPECFC CONDCTNCE EQUATNS,MUKE KAPA,66002,T,1,0.00827,M,,,,
1,288.3,SODIUM DODECYL 1 SULFATE,,25,8.0 X10-3 M,CB,EQUIV CONDCTNCE GRAPH,NAKA KAWA,64034,G,L,0.008,M,,,,
1,288.3,SODIUM DODECYL 1 SULFATE,,25,8.15 X10-3 M,AB,SURFACE TENSION LOG PLOT,ELWO MYSE,66007,T,1,0.00815,M,,,,
1,288.3,SODIUM DODECYL 1 SULFATE,,25,8.2 X10-3 M,AA,SURFACE TNSN LINEAR PLOT,ELWO MYSE,66007,T,1,0.0082,M,,,,
1,288.3,SODIUM DODECYL 1 SULFATE,,25,8.4 X10-3 M,BA,SPECFC CONDCTNCE GRAPH,ELWO MYSE,66007,T,1,0.0084,M,,,,
1,288.3,SODIUM DODECYL 1 SULFATE,,25,6.0 X10-3 M,GC,REFRACTIVE INDEX,LIN,57005,T,L,0.006,M,,,,
1,288.3,SODIUM DODECYL 1 SULFATE,,26,6.02 X10-3 M,DG,VISUAL SPCTR CHNGE PNCN,CORR HARK,47006,T,L,0.00602,M,,,,
1,288.3,SODIUM DODECYL 1 SULFATE,,26,6.12 X10-3 M,DG,VISUAL SPCTR CHNGE RHD6,CORR HARK,47006,T,L,0.00612,M,,,,
1,288.3,SODIUM DODECYL 1 SULFATE,,26,6.02 X10-3 M,DG,VISUAL SPCTR CHNGE PNCN,CORR HARK,47010,T,L,0.00602,M,,,,
1,288.3,SODIUM DODECYL 1 SULFATE,,29,7.7 X10-3 M,BB,SURFACE TENSION LOG PLOT,BRAD,48022,T,L,0.0077,M,,,,
1,288.3,SODIUM DODECYL 1 SULFATE,,30,1.00 X10-2 M,GB,SPECFC CONDCTNCE GRAPH,MARK TSIK,64051,T,L,0.01,M,,,,
1,288.3,SODIUM DODECYL 1 SULFATE,,30,8.0 X10-3 M,CB,VELOCITY OF SOUND,SHIG,65022,T,L,0.008,M,,,,
1,288.3,SODIUM DODECYL 1 SULFATE,,30,8.44 X10-3 W,BA,SPECFC CONDCTNCE EQUATNS,GODD BENS,57011,L,1,0.00844,W,,,,
1,288.3,SODIUM DODECYL 1 SULFATE,,30,5. X10-3 M,CE,SURFACE TENSION MINIMUM,KLEV RAIS,54010,T,L,0.005,M,,,,
1,288.3,SODIUM DODECYL 1 SULFATE,,30,7.0 X10-3 W,CC,VAPR PRESURE LOWERING,HUFF MCBA,51004,T,L,0.007,W,,,,
1,288.3,SODIUM DODECYL 1 SULFATE,,30,8.23 X10-3 M,BA,AVER SP EQUIV COND,FLOC,61007,L,1,0.00823,M,,,,
1,288.3,SODIUM DODECYL 1 SULFATE,,35,8.57 X10-3 W,BA,SPECFC CONDCTNCE EQUATNS,GODD BENS,57011,L,1,0.00857,W,,,,
1,288.3,SODIUM DODECYL 1 SULFATE,,35,8.4 X10-3 M,BA,SPECFC CONDCTNCE GRAPH,CORK GOOD,62006,T,1,0.0084,M,,,,
1,288.3,SODIUM DODECYL 1 SULFATE,,35,9.18 X10-3 M,BB,EQUIV CONDCTNCE GRAPH,SHIR MATU,65020,L,L,0.00918,M,,,,
1,288.3,SODIUM DODECYL 1 SULFATE,,35,8.39 X10-3 M,BA,AVER SP EQUIV COND,FLOC,61007,L,1,0.00839,M,,,,
1,288.3,SODIUM DODECYL 1 SULFATE,,35.8,5.0 X10-3 M,CG,FOTOMTR SPCTR CHNGE PNCN,KLEV,47004,T,L,0.005,M,,,,
1,288.3,SODIUM DODECYL 1 SULFATE,,35,7.2 X10-3 M,BC,TURBIDMTR SOLUBLZTN LOH,MIUR ARIS,58023,TA,L,0.0072,M,,,,
1,288.3,SODIUM DODECYL 1 SULFATE,,40,1.2 X10-2 M,XG,VISCOSITY MINIMUM,SATA TYUZ,53006,T,L,0.012,M,,,,
1,288.3,SODIUM DODECYL 1 SULFATE,,40,8.88 X10-3 W,BA,SPECFC CONDCTNCE EQUATNS,GODD BENS,57011,L,1,0.00888,W,,,,
1,288.3,SODIUM DODECYL 1 SULFATE,,40.1,8.1 X10-3 M,BB,AVER SP EQUIV COND,FLOC UBBE,53008,G,L,0.0081,M,,,,
1,288.3,SODIUM DODECYL 1 SULFATE,,40,6.1 X10-3 M,BG,VISUAL SPCTR CHNGE PNCN,MIYA,60029,T,L,0.0061,M,,,,
1,288.3,SODIUM DODECYL 1 SULFATE,,40,6.1 X10-3 M,BG,VISUAL SPCTR CHNGE RHD6,MIYA,60029,T,L,0.0061,M,,,,
1,288.3,SODIUM DODECYL 1 SULFATE,,40,7.00 X10-3 M,BG,FOTOMTR SPCTR CHNGE PNCN,GODD HARV,53012,L,L,0.007,M,,,,
1,288.3,SODIUM DODECYL 1 SULFATE,,40,8.60 X10-3 M,BA,AVER SP EQUIV COND,FLOC,61007,L,1,0.0086,M,,,,
1,288.3,SODIUM DODECYL 1 SULFATE,,40,8.65 X10-3 M,BB,SPECFC CONDCTNCE GRAPH,EVAN,56006,T,L,0.00865,M,,,,
1,288.3,SODIUM DODECYL 1 SULFATE,,40,7.2 X10-3 M,XG,VELOCITY OF SOUND,KUPP SURY,65028,T,L,0.0072,M,,,,
1,288.3,SODIUM DODECYL 1 SULFATE,,40,8. X10-3 M,CD,VISCOSITY,NAKA NINO,64025,T,L,0.008,M,,,,
1,288.3,SODIUM DODECYL 1 SULFATE,,40,8.9 X10-3 M,CB,SPECFC CONDCTNCE GRAPH,MEGU KOND,56020,T,L,0.0089,M,,,,
1,288.3,SODIUM DODECYL 1 SULFATE,,45,9.10 X10-3 W,BA,SPECFC CONDCTNCE EQUATNS,GODD BENS,57011,L,1,0.0091,W,,,,
1,288.3,SODIUM DODECYL 1 SULFATE,,45,8.86 X10-3 M,BA,AVER SP EQUIV COND,FLOC,61007,L,1,0.00886,M,,,,
1,288.3,SODIUM DODECYL 1 SULFATE,,45,4.6 X10-3 M,CG,FOTOMTR SPCTR CHNGE PNCN,KLEV,47004,T,L,0.0046,M,,,,
1,288.3,SODIUM DODECYL 1 SULFATE,,45,7.6 X10-3 M,BB,SURFACE TENSION LOG PLOT,SCHI MANN,66001,L,L,0.0076,M,,,,
1,288.3,SODIUM DODECYL 1 SULFATE,,45,7.6 X10-3 M,BB,SURFACE TENSION LOG PLOT,SCHI,64020,T,L,0.0076,M,,,,
1,288.3,SODIUM DODECYL 1 SULFATE,,45,7.2 X10-3 M,BC,TURBIDMTR SOLUBLZTN LOH,MIUR ARIS,58023,TA,L,0.0072,M,,,,
1,288.3,SODIUM DODECYL 1 SULFATE,,50,8.1 X10-3 M,CB,EQUIV COND 1ST DEVIATION,LANG,53005,T,L,0.0081,M,,,,
1,288.3,SODIUM DODECYL 1 SULFATE,,50,9.3 X10-3 M,CB,EQUIV CONDCTNCE GRAPH,LANG,53005,K,L,0.0093,M,,,,
1,288.3,SODIUM DODECYL 1 SULFATE,,50,8.1 X10-3 M,BB,INTERFACIAL TENSION LOGM,KLIN LANG,57022,T,L,0.0081,M,,,,
1,288.3,SODIUM DODECYL 1 SULFATE,,50,8.1 X10-3 M,BB,SURFACE TENSION LQG PLOT,KLIN LANG,57022,T,L,0.0081,M,,,,
1,288.3,SODIUM DODECYL 1 SULFATE,,50,9.61 X10-3 W,BA,SPECFC CONDCTNCE EQUATNS,GODD BENS,57011,L,D,0.00961,W,,,,
1,288.3,SODIUM DODECYL 1 SULFATE,,50,8.00 X10-3 M,CD,SURFACE TENSION UNSPEC,GOTT,60018,G,L,0.008,M,,,,
1,288.3,SODIUM DODECYL 1 SULFATE,,50,7.3 X10-3 W,CC,VAPR PRESURE LOWERING,HUFF MCBA,51004,T,L,0.0073,W,,,,
1,288.3,SODIUM DODECYL 1 SULFATE,,50,8.9 X10-3 M,HB,FOTOMTR SOLUBLZTN OROT,GINN HARR,60010,G,L,0.0089,M,,,,
1,288.3,SODIUM DODECYL 1 SULFATE,,50,9.18 X10-3 M,BA,AVER SP EQUIV COND,FLOC,61007,L,D,0.00918,M,,,,
1,288.3,SODIUM DODECYL 1 SULFATE,,50,5.0 X10-3 M,DG,VISUAL SPCTR CHNGE PNCN,RAIS,52016,T,L,0.005,M,,,,
1,288.3,SODIUM DODECYL 1 SULFATE,,50,6.8 X10-3 M,BG,VISUAL SPCTR CHNGE PNCN,WEIL STIR,63013,T,L,0.0068,M,,,,
1,288.3,SODIUM DODECYL 1 SULFATE,,50,6.8 X10-3 M,CG,VISUAL SPCTR CHNGE PNCN,WEIL STIR,59004,T,L,0.0068,M,,,,
1,288.3,SODIUM DODECYL 1 SULFATE,,54,9.2 X10-3 M,BB,SURFACE TENSION LOG PLOT,MIYA,60029,T,L,0.0092,M,,,,
1,288.3,SODIUM DODECYL 1 SULFATE,,55,9.95 X10-3 W,BA,SPECFC CONDCTNCE EQUATNS,GODD BENS,57011,L,1,0.00995,W,,,,
1,288.3,SODIUM DODECYL 1 SULFATE,,55,9.8 X10-3 M,BA,SPECFC CONDCTNCE GRAPH,CORK GOOD,62006,T,1,0.0098,M,,,,
1,288.3,SODIUM DODECYL 1 SULFATE,,55,9.3 X10-3 M,BB,AVER SP EQUIV COND,FLOC UBBE,53008,G,L,0.0093,M,,,,
1,288.3,SODIUM DODECYL 1 SULFATE,,55,9.49 X10-3 M,BA,EQUIV CONDCTNCE GRAPH,FLOC,57013,L,1,0.00949,M,,,,
1,288.3,SODIUM DODECYL 1 SULFATE,,55,2.26 X10-1 D 7.839X10-3 M,CB,UNSPECIFIED CONDUCTANCE,SCHI FOWK,57014,T M,L,0.226,D,0.007839,M,,
1,288.3,SODIUM DODECYL 1 SULFATE,,55,7.8 X10-3 M,BB,SURFACE TENSION LOG PLOT,SCHI,63026,L,L,0.0078,M,,,,
1,288.3,SODIUM DODECYL 1 SULFATE,,55,9.61 X10-3 M,BA,AVER SP EQUIV COND,FLOC,61007,L,1,0.00961,M,,,,
1,288.3,SODIUM DODECYL 1 SULFATE,,55,4.5 X10-3 M,CG,FOTOMTR SPCTR CHNGE PNCN,KLEV,47004,T,L,0.0045,M,,,,
1,288.3,SODIUM DODECYL 1 SULFATE,,55,7.3 X10-3 M,BC,TURBIDMTR SOLUBLZTN LOH,MIUR ARIS,58023,TA,L,0.0073,M,,,,
1,288.3,SODIUM DODECYL 1 SULFATE,,60,1.10 X10-2 M,GB,SPECFC CONDCTNCE GRAPH,MARK TSIK,64051,T,L,0.011,M,,,,
1,288.3,SODIUM DODECYL 1 SULFATE,,60,1.016X10-2 M,BA,AVER SP EQUIV COND,FLOC,61007,L,2,0.01016,M,,,,
1,288.3,SODIUM DODECYL 1 SULFATE,,60,2.25 X10-1 D 7.804x10-3 M,DC,FOTOMTR SOLUBLZTN OROT,GINN KINN,61015,T M,L,0.225,D,0.007804,M,,
1,288.3,SODIUM DODECYL 1 SULFATE,,65,1.091X10-2 M,BA,AVER SP EQUIV COND,FLOC,61007,L,3,0.01091,M,,,,
1,288.3,SODIUM DODECYL 1 SULFATE,,70,1.4 X10-2 M,XG,VISCOSITY MINIMUM,SATA TYUZ,53006,T,L,0.014,M,,,,
1,288.3,SODIUM DODECYL 1 SULFATE,,65,1.091 X10-21,BA,AVER SP EQUIV COND,FLOC,61007,L,3,,,,,,
1,288.3,SODIUM DODECYL 1 SULFATE,,70,1.4 X10-2,XG,VISCOSITY MINIMUM,SATA TYUZ,53006,T,L,,,,,,
1,288.3,SODIUM DODECYL 1 SULFATE,,70,1.14 X10-2 M,BA,SPECFC CONDCTNCE GRAPH,CORK GOOD,62006,T,3,0.0114,M,,,,
1,288.3,SODIUM DODECYL 1 SULFATE,,70,6.6 X10-3 M,CG,VISUAL SPCTR CHNGE PNCN,LANG,51005,L,L,0.0066,M,,,,
1,288.3,SODIUM DODECYL 1 SULFATE,,75,1.13 X10-4 M,HB,FOTOMTR SOLUBLZTN OROT,GINN HARR,60010,G,L,0.000113,M,,,,
1,288.3,SODIUM DODECYL 1 SULFATE,,75,6.6 X10-2 D,HE,METHOD NOT CITED,GINN HARR,61014,T,L,0.066,D,,,,
1,288.3,SODIUM DODECYL 1 SULFATE,,90,1.20 X10-2 M,GB,SPECFC CONDCTNCE GRAPH,MARK TSIK,64051,T,L,0.012,M,,,,
1,288.3,SODIUM DODECYL 1 SULFATE,,UNK,1.4 X10-2 D,HG,SURFACE TENSION UNSPEC,WAN,66018,T,L,0.014,D,,,,
1,288.3,SODIUM DODECYL 1 SULFATE,,UNK,7.8 X10-3 M,BD,EMF ALONG CONC GRADIENT,BOTR CRES,59015,T,L,0.0078,M,,,,
1,288.3,SODIUM DODECYL 1 SULFATE,,UNK,8. X10-3 M,BD,ELECTROMOTIVE FORCE,BOTR CRES,59016,T,L,0.008,M,,,,
1,288.3,SODIUM DODECYL 1 SULFATE,,UNK,5.9 X10-3 M,CG,VISUAL SPCTR CHNGE RHD6,STAN RADL,60021,T,L,0.0059,M,,,,
1,288.3,SODIUM DODECYL 1 SULFATE,,UNK,8.0 X10-3 M,BB,UNSPECIFIED CONDUCTANCE,BOTR CRES,59015,T,L,0.008,M,,,,
1,288.3,SODIUM DODECYL 1 SULFATE,,UNK,8. X10-3 M,BC,UNSPECIFIED CONDUCTANCE,BOTR CRES,59016,T,L,0.008,M,,,,
1,288.3,SODIUM DODECYL 1 SULFATE,,UNK,8.6 X10-3 M,BC,ULTRAFILTRATION,HUTC,59018,K,L,0.0086,M,,,,
1,288.3,SODIUM DODECYL 1 SULFATE,,UNK,5.1 X10-3 M,BG,METHOD NOT CITED,KLEV CARR,56001,T,L,0.0051,M,,,,
1,288.3,SODIUM DODECYL 1 SULFATE,,RM,7.6 X10-3 M,CG,UNSPECIFIED CONDUCTANCE,PRIN HERM,56002,T,L,0.0076,M,,,,
1,288.3,SODIUM DODECYL 1 SULFATE,,RM,7.15 X10-3 M,CG,VISUAL FLUOR CHNGE RHD6,PRIN HERM,56002,T,L,0.00715,M,,,,
1,288.3,SODIUM DODECYL 1 SULFATE,,UNK,6.2 X10-3 M,DG,VISUAL SPCTR CHNGE PNCN,CORR HARK,46015,G,L,0.0062,M,,,,
1,288.3,SODIUM DODECYL 1 SULFATE,,RM,7.2 X10-3 M,BG,FOTOMTR SPCTR CHNGE PNCN,MIUR MATS,57025,T,L,0.0072,M,,,,
1,288.3,SODIUM DODECYL 1 SULFATE,,UNK,6.5 X10-3 M,XG,METHOD NOT CITED,KLEV RAIS,54004,T,L,0.0065,M,,,,
1,288.3,SODIUM DODECYL 1 SULFATE,,RM,7.55 X10-3 M,BB,ELECTROMOTIVE FORCE,SHED JAKO,63001,T,L,0.00755,M,,,,
1,288.3,SODIUM DODECYL 1 SULFATE,,UNK,8.0 X10-3 M,BB,ELECTROMOTIVE FORCE,BOTR DE M,64032,T,L,0.008,M,,,,
1,288.3,SODIUM DODECYL 1 SULFATE,,UNK,1.7 X10-1 D 5.89 X10-3 M,XG,VISUAL SPCTR CHNGE PNCN,DEMC,61031,T M,L,0.17,D,0.00589,M,,
1,288.3,SODIUM DODECYL 1 SULFATE,1. E-2 M AG N03,35,5.0 X10-3 M,BA,SPECFC CONDCTNCE GRAPH,CORK GOOD,62006,T,3,0.005,M,,,,
1,288.3,SODIUM DODECYL 1 SULFATE,5. E-4 N AL CL3,70,5.1 X10-3 M,CG,VISUAL SPCTR CHNGE PNCN,LANG,51005,L,L,0.0051,M,,,,
1,288.3,SODIUM DODECYL 1 SULFATE,7. E-4 N AL CL3,70,3.8 X10-3 M,CG,VISUAL SPCTR CHNGE PNCN,LANG,51005,L,L,0.0038,M,,,,
1,288.3,SODIUM DODECYL 1 SULFATE,1. E-3 N AL CL3,70,2.2 X10-3 M,CG,VISUAL SPCTR CHNGE PNCN,LANG,51005,L,L,0.0022,M,,,,
1,288.3,SODIUM DODECYL 1 SULFATE,2. E-3 N AL CL3,70,1.6 X10-3 M,CG,VISUAL SPCTR CHNGE PNCN,LANG,51005,L,L,0.0016,M,,,,
1,288.3,SODIUM DODECYL 1 SULFATE,3. E-4 N BZL* C6H5 /CH3/2 N I,40,4.4 X10-3 M,BG,FOTOMTR SPCTR CHNGE PNCN,GODD HARV,53012,L,L,0.0044,M,,,,
1,288.3,SODIUM DODECYL 1 SULFATE,5. E-4 N BZL* C6H5 /CH3/2 N I,40,3.6 X10-3 M,BG,FOTOMTR SPCTR CHNGE PNCN,GODD HARV,53012,L,L,0.0036,M,,,,
1,288.3,SODIUM DODECYL 1 SULFATE,8. E-4 N BZL* C6H5 /CH3/2 N I,40,3.2 X10-3 M,BG,FOTOMTR SPCTR CHNGE PNCN,GODD HARV,53012,L,L,0.0032,M,,,,
1,288.3,SODIUM DODECYL 1 SULFATE,1.2 E-3 N BZL* C6H5 /CH3/2 N I,40,3.0 X10-3 M,BG,FOTOMTR SPCTR CHNGE PNCN,GODD HARV,53012,L,L,0.003,M,,,,
1,288.3,SODIUM DODECYL 1 SULFATE,1.6 E-3 N BZL* C6H5 /CH3/2 N I,40,2.8 X10-3 M,BG,FOTOMTR SPCTR CHNGE PNCN,GODD HARV,53012,L,L,0.0028,M,,,,
1,288.3,SODIUM DODECYL 1 SULFATE,1.7 E-3 N BZL* C6H5 /CH3/2 N I,40,2.6 X10-3 M,BG,FOTOMTR SPCTR CHNGE PNCN,GODD HARV,53012,L,L,0.0026,M,,,,
1,288.3,SODIUM DODECYL 1 SULFATE,5. E-4 N (C4H9) (CH3) N,40,5.2 X10-3 M,BG,FOTOMTR SPCTR CHNGE PNCN,GODD HARV,53012,L,L,0.0052,M,,,,
1,288.3,SODIUM DODECYL 1 SULFATE,1. E-3 N (C4H9) (CH3) N I,40,4.3 X10-3 M,BG,FOTOMTR SPCTR CHNGE PNCN,GODD HARV,53012,L,L,0.0043,M,,,,
1,288.3,SODIUM DODECYL 1 SULFATE,1.4 E-3 N (C4H9) (CH3) N I,40,4.0 X10-3 M,BG,FOTOMTR SPCTR CHNGE PNCN,GODD HARV,53012,L,L,0.004,M,,,,
1,288.3,SODIUM DODECYL 1 SULFATE,1.9 E-3 N (C4H9) (CH3) N,40,3.5 X10-3 M,BG,FOTOMTR SPCTR CHNGE PNCN,GODD HARV,53012,L,L,0.0035,M,,,,
1,288.3,SODIUM DODECYL 1 SULFATE,3.0 E-3 N (C4H9) (CH3),40,3.0 X10-3 M,BG,FOTOMTR SPCTR CHNGE PNCN,GODD HARV,53012,L,L,0.003,M,,,,
1,288.3,SODIUM DODECYL 1 SULFATE,1. E-4 N CA CL2,70,6.0 X10-3 M,CG,VISUAL SPCTR CHNGE PNCN,LANG,51005,L,L,0.006,M,,,,
1,288.3,SODIUM DODECYL 1 SULFATE,3. E-4 N CA CL2,70,5.1 X10-3 M,CG,VISUAL SPCTR CHNGE PNCN,LANG,51005,L,L,0.0051,M,,,,
1,288.3,SODIUM DODECYL 1 SULFATE,5. E-4 N CA CL2,70,4.3 X10-3 M,CG,VISUAL SPCTR CHNGE PNCN,LANG,51005,L,L,0.0043,M,,,,
1,288.3,SODIUM DODECYL 1 SULFATE,1. E-3 N CA CL2,70,3.9 X10-3 M,CG,VISUAL SPCTR CHNGE PNCN,LANG,51005,L,L,0.0039,M,,,,
1,288.3,SODIUM DODECYL 1 SULFATE,2. E-3 N CA CL2,70,3.0 X10-3 M,CG,VISUAL SPCTR CHNGE PNCN,LANG,51005,L,L,0.003,M,,,,
1,288.3,SODIUM DODECYL 1 SULFATE,5. E-3 N CA CL2,70,2.2 X10-3 M,CG,VISUAL SPCTR CHNGE PNCN,LANG,51005,L,L,0.0022,M,,,,
1,288.3,SODIUM DODECYL 1 SULFATE,1.2 E-2 N CA CL2,70,1.8 X10-3 M,CG,VISUAL SPCTR CHNGE PNCN,LANG,51005,L,L,0.0018,M,,,,
1,288.3,SODIUM DODECYL 1 SULFATE,2.5 E-2 N CA CL2,70,1.4 X10-3 M,CG,VISUAL SPCTR CHNGE PNCN,LANG,51005,L,L,0.0014,M,,,,
1,288.3,SODIUM DODECYL 1 SULFATE,5. E-2 N CA CL2,70,1.2 X10-3 M,CG,VISUAL SPCTR CHNGE PNCN,LANG,51005,L,L,0.0012,M,,,,
1,288.3,SODIUM DODECYL 1 SULFATE,1.0 E-1 N CA CL2,70,1.0 X10-3 M,CG,VISUAL SPCTR CHNGE PNCN,LANG,51005,L,L,0.001,M,,,,
1,288.3,SODIUM DODECYL 1 SULFATE,3.0 E-1 N CA CL2,70,7.7 X10-4 M,CG,VISUAL SPCTR CHNGE PNCN,LANG,51005,L,L,0.00077,M,,,,
1,288.3,SODIUM DODECYL 1 SULFATE,9.45 E-4 N CS CL,40,6.90 X10-3 M,BG,FOTOMTR SPCTR CHNGE PNCN,GODD HARV,53012,L,L,0.0069,M,,,,
1,288.3,SODIUM DODECYL 1 SULFATE,2.18 E-3 N CS CL,40,6.15 X10-3 M,BG,FOTOMTR SPCTR CHNGE PNCN,GODD HARV,53012,L,L,0.00615,M,,,,
1,288.3,SODIUM DODECYL 1 SULFATE,5.15 E-3 N CS CL,40,5.20 X10-3 M,BG,FOTOMTR SPCTR CHNGE PNCN,GODD HARV,53012,L,L,0.0052,M,,,,
1,288.3,SODIUM DODECYL 1 SULFATE,8.64 E-3 N CS CL,40,4.50 X10-3 M,BG,FOTOMTR SPCTR CHNGE PNCN,GODD HARV,53012,L,L,0.0045,M,,,,
1,288.3,SODIUM DODECYL 1 SULFATE,1.18 E-2 N CS CL,40,3.75 X10-3 M,BG,FOTOMTR SPCTR CHNGE PNCN,GODD HARV,53012,L,L,0.00375,M,,,,
1,288.3,SODIUM DODECYL 1 SULFATE,1.39 E-2 N CS CL,40,3.60 X10-3 M,BG,FOTOMTR SPCTR CHNGE PNCN,GODD HARV,53012,L,L,0.0036,M,,,,
1,288.3,SODIUM DODECYL 1 SULFATE,2.357E-2 N CS CL,40,2.75 X10-3 M,BG,FOTOMTR SPCTR CHNGE PNCN,GODD HARV,53012,L,L,0.00275,M,,,,
1,288.3,SODIUM DODECYL 1 SULFATE,2.59 E-2 N CS CL,40,2.65 X10-3 M,BG,FOTOMTR SPCTR CHNGE PNCN,GODD HARV,53012,L,L,0.00265,M,,,,
1,288.3,SODIUM DODECYL 1 SULFATE,3.79 E-2 N CS CL,40,2.10 X10-3 M,BG,FOTOMTR SPCTR CHNGE PNCN,GODD HARV,53012,L,L,0.0021,M,,,,
1,288.3,SODIUM DODECYL 1 SULFATE,2.04 E-2 N CS2 S04,40,3.05 X10-3 M,BG,FOTOMTR SPCTR CHNGE PNCN,GODD HARV,53012,L,L,0.00305,M,,,,
1,288.3,SODIUM DODECYL 1 SULFATE,3.31 E-2 N CS2 S04,40,2.30 X10-3 M,BG,FOTOMTR SPCTR CHNGE PNCN,GODD HARV,53012,L,L,0.0023,M,,,,
1,288.3,SODIUM DODECYL 1 SULFATE,E 0 CU S04,,,,GRAPH DATA NOT RETRIEVED,SATA IWAM,63034,,R,,,,,,
1,288.3,SODIUM DODECYL 1 SULFATE,2.22 E N-C10 GLYCEROL ETHER,25,8.4 X10-2 D 2.91 X10-3 M,CG,VISUAL SPCTR CHNGE PNCN,SCHI FOWK,57014,T M,L,0.084,D,0.00291,M,,
1,288.3,SODIUM DODECYL 1 SULFATE,N-C10 GLYCEROL ETHER,25,9.7 X10-2 D 3.36 X10-3 M,CB,UNSPECIFIED CONDUCTANCE,SCHI FOWK,57014,T M,L,0.097,D,0.00336,M,,
1,288.3,SODIUM DODECYL 1 SULFATE,5. EOH DIOXANE,15,6.73 X10-3 M,BB,EQUIV CONDCTNCE GRAPH,SHIR MATU,65020,L,3,0.00673,M,,,,
1,288.3,SODIUM DODECYL 1 SULFATE,1.0 E1H DIOXANE,15,7.31 X10-3 M,BB,EQUIV CONDCTNCE GRAPH,SHIR MATU,65020,L,3,0.00731,M,,,,
1,288.3,SODIUM DODECYL 1 SULFATE,1.5 E1H DIOXANE,15,9.03 X10-3 M,BB,EQUIV CONDCTNCE GRAPH,SHIR MATU,65020,L,3,0.00903,M,,,,
1,288.3,SODIUM DODECYL 1 SULFATE,2.0 E1H DIOXANE,15,1.38 X10-2 M,BB,EQUIV CONDCTNCE GRAPH,SHIR MATU,65020,L,3,0.0138,M,,,,
1,288.3,SODIUM DODECYL 1 SULFATE,2.5 E1H DIOXANE,15,2.10 X10-2 M,BB,EQUIV CONDCTNCE GRAPH,SHIR MATU,65020,L,3,0.021,M,,,,
1,288.3,SODIUM DODECYL 1 SULFATE,2. EOH DIOXANE,25,8.01 X10-3 M,BB,EQUIV CONDCTNCE GRAPH,SHIR MATU,65020,L,3,0.00801,M,,,,
1,288.3,SODIUM DODECYL 1 SULFATE,3. EOH DIOXANE,25,8.06 X10-3 M,BB,EQUIV CONDCTNCE GRAPH,SHIR MATU,65020,L,3,0.00806,M,,,,
1,288.3,SODIUM DODECYL 1 SULFATE,5. EOH DIOXANE,25,7.7 X10-3 M,BB,EQUIV CONDCTNCE GRAPH,SHIR MATU,65020,L,3,0.0077,M,,,,
1,288.3,SODIUM DODECYL 1 SULFATE,7. EOH DIOXANE,25,8.5 X10-3 M,BB,EQUIV CONDCTNCE GRAPH,SHIR MATU,65020,L,3,0.0085,M,,,,
1,288.3,SODIUM DODECYL 1 SULFATE,1.0 E1H DIOXANE,25,9.0 X10-3 M,BB,EQUIV CONDCTNCE GRAPH,SHIR MATU,65020,L,3,0.009,M,,,,
1,288.3,SODIUM DODECYL 1 SULFATE,1.5 E1H DIOXANE,25,1.31 X10-2 M,BB,EQUIV CONDCTNCE GRAPH,SHIR MATU,65020,L,3,0.0131,M,,,,
1,288.3,SODIUM DODECYL 1 SULFATE,2.0 E1H DIOXANE,25,2.12 X10-2 M,BB,EQUIV CONDCTNCE GRAPH,SHIR MATU,65020,L,3,0.0212,M,,,,
1,288.3,SODIUM DODECYL 1 SULFATE,2.5 E1H DIOXANE,25,3.0 X10-2 M,BB,EQUIV CONDCTNCE GRAPH,SHIR MATU,65020,L,3,0.03,M,,,,
1,288.3,SODIUM DODECYL 1 SULFATE,5. EOH DIOXANE,35,8.74 X10-3 M,BB,EQUIV CONDCTNCE GRAPH,SHIR MATU,65020,L,3,0.00874,M,,,,
1,288.3,SODIUM DODECYL 1 SULFATE,1.0 E1 H DIOXANE,35,1.05 X10-2 M,BB,EQUIV CONDCTNCE GRAPH,SHIR MATU,65020,L,3,0.0105,M,,,,
1,288.3,SODIUM DODECYL 1 SULFATE,1.5 H DIOXANE,35,1.90 X10-2 M,BB,EQUIV CONDCTNCE GRAPH,SHIR MATU,65020,L,3,0.019,M,,,,
1,288.3,SODIUM DODECYL 1 SULFATE,7. E-2 P DECANOL-1,24.7,7. X10-2 P,HD,SPECFC CONDCTNCE GRAPH,ROSS BRAM,57031,T,L,0.07,P,,,,
1,288.3,SODIUM DODECYL 1 SULFATE,2.22 1 Q 3.5(CH3)2 C6H3 GLET*,25,1.70 X10-1 D 5.896X10-3 M,CB,UNSPECIFIED CONDUCTANCE,SCHI FOWK,57014,T M,L,0.17,D,0.005896,M,,
1,288.3,SODIUM DODECYL 1 SULFATE,2.22 3.5(CH3)2 C6H3 GLET*,25,1.4 X10-1 D 4.85 X10-3 M,CG,VISUAL SPCTR CHNGE PNCN,SCHI FOWK,57014,T M,L,0.14,D,0.00485,M,,
1,288.3,SODIUM DODECYL 1 SULFATE,1.00 E 2 A DEUTERIUM OXIDE,25,8.05 X10-3 M,BA,SPECFC CONDCTNCE EQUATNS,MUKE KAPA,66002,T,2,0.00805,M,,,,
1,288.3,SODIUM DODECYL 1 SULFATE,9.27 E 0 P ETHANOL,5,5.51 X10-3 M,BA,EQUIV CONDCTNCE GRAPH,FLOC,57013,L,3,0.00551,M,,,,
1,288.3,SODIUM DODECYL 1 SULFATE,3. E 0 P ETHANOL,10,7.33 X10-3 M,BA,EQUIV CONDCTNCE GRAPH,FLOC,57013,L,3,0.00733,M,,,,
1,288.3,SODIUM DODECYL 1 SULFATE,5. E 0 P ETHANOL,10,6.63 X10-3 M,BA,EQUIV CONDCTNCE GRAPH,FLOC,57013,L,3,0.00663,M,,,,
1,288.3,SODIUM DODECYL 1 SULFATE,6. E 0 P ETHANOL,10,6.33 X10-3 M,BA,EQUIV CONDCTNCE GRAPH,FLOC,57013,L,3,0.00633,M,,,,
1,288.3,SODIUM DODECYL 1 SULFATE,9. E 0 P ETHANOL,10,5.55 X10-3 M,BA,EQUIV CONDCTNCE GRAPH,FLOC,57013,L,3,0.00555,M,,,,
1,288.3,SODIUM DODECYL 1 SULFATE,9.27 0 P ETHANOL,10,5.50 X10-3 M,BA,EQUIV CONDCTNCE GRAPH,FLOC,57013,L,3,0.0055,M,,,,
1,288.3,SODIUM DODECYL 1 SULFATE,9.27 0 P ETHANOL,15,5.54 X10-3 M,BA,EQUIV CONDCTNCE GRAPH,FLOC,57013,L,3,0.00554,M,,,,
1,288.3,SODIUM DODECYL 1 SULFATE,9.27 0 P ETHANOL,20,5.67 X10-3 M,BA,EQUIV CONDCTNCE GRAPH,FLOC,57013,L,3,0.00567,M,,,,
1,288.3,SODIUM DODECYL 1 SULFATE,9.91 0 H ETHANOL,20,5.18 X10-3 M,CG,EQUIV COND 1ST DEVIATION,WARD,40004,T,L,0.00518,M,,,,
1,288.3,SODIUM DODECYL 1 SULFATE,9.91 E 0 H ETHANOL,20,5.65 X10-3 M,CB,EQUIV CONDCTNCE GRAPH,WARD,40004,P,3,0.00565,M,,,,
1,288.3,SODIUM DODECYL 1 SULFATE,2.002E 1 H ETHANOL,20,8.5 X10-3 M,CB,EQUIV CONDCTNCE GRAPH,WARD,40004,P,3,0.0085,M,,,,
1,288.3,SODIUM DODECYL 1 SULFATE,2.002E 1 H ETHANOL,20,7.22 X10-3 M,CG,EQUIV COND 1ST DEVIATION,WARD,40004,T,L,0.00722,M,,,,
1,288.3,SODIUM DODECYL 1 SULFATE,2.978E 1 H ETHANOL,20,1.30 X10-2 M,CC,EQUIV CONDCTNCE GRAPH,WARD,40004,P,L,0.013,M,,,,
1,288.3,SODIUM DODECYL 1 SULFATE,2.978E 1 H ETHANOL,20,1.04 X10-2 M,CG,EQUIV COND 1ST DEVIATION,WARD,40004,T,L,0.0104,M,,,,
1,288.3,SODIUM DODECYL 1 SULFATE,9.27 E 0 P ETHANOL,25,5.96 X10-3 M,BA,EQUIV CONDCTNCE GRAPH,FLOC,57013,L,3,0.00596,M,,,,
1,288.3,SODIUM DODECYL 1 SULFATE,2.498E 1 P ETHANOL,25,1.067X10-2 M,BB,EQUIV CONDCTNCE GRAPH,FLOC,57013,L,3,0.01067,M,,,,
1,288.3,SODIUM DODECYL 1 SULFATE,9.27 E 0 P ETHANOL,30,6.33 X10-3 M,BA,EQUIV CONDCTNCE GRAPH,FLOC,57013,L,3,0.00633,M,,,,
1,288.3,SODIUM DODECYL 1 SULFATE,2.498E 1 P ETHANOL,30,1.146X10-2 M,BB,EQUIV CONDCTNCE GRAPH,FLOC,57013,L,3,0.01146,M,,,,
1,288.3,SODIUM DODECYL 1 SULFATE,9.27 E 0 P ETHANOL,35,6.72 X10-3 M,BA,EQUIV CONDCTNCE GRAPH,FLOC,57013,L,3,0.00672,M,,,,
1,288.3,SODIUM DODECYL 1 SULFATE,2.498E 1 P ETHANOL,35,1.310X10-2 M,BB,EQUIV CONDCTNCE GRAPH,FLOC,57013,L,3,0.0131,M,,,,
1,288.3,SODIUM DODECYL 1 SULFATE,9.27 E 0 P ETHANOL,40,7.19 X10-3 M,BA,EQUIV CONDCTNCE GRAPH,FLOC,57013,L,3,0.00719,M,,,,
1,288.3,SODIUM DODECYL 1 SULFATE,2.498E 1 P ETHANOL,40,1.496X10-2 M,BB,EQUIV CONDCTNCE GRAPH,FLOC,57013,L,3,0.01496,M,,,,
1,288.3,SODIUM DODECYL 1 SULFATE,9.27 E 0 P ETHANOL,45,7.72 X10-3 M,BA,EQUIV CONDCTNCE GRAPH,FLOC,57013,L,3,0.00772,M,,,,
1,288.3,SODIUM DODECYL 1 SULFATE,2.498E 1 P ETHANOL,45,1.656x10-2 M,BB,EQUIV CONDCTNCE GRAPH,FLOC,57013,L,3,0.01656,M,,,,
1,288.3,SODIUM DODECYL 1 SULFATE,9.27 E 0 P ETHANOL,50,8.30 X10-3 M,BA,EQUIV CONDCTNCE GRAPH,FLOC,57013,L,3,0.0083,M,,,,
1,288.3,SODIUM DODECYL 1 SULFATE,2.498E 1 P ETHANOL,50,1.831X10-2 M,BB,EQUIV CONDCTNCE GRAPH,FLOC,57013,L,3,0.01831,M,,,,
1,288.3,SODIUM DODECYL 1 SULFATE,3. E 0 P ETHANOL,55,8.75 X10-3 M,BA,EQUIV CONDCTNCE GRAPH,FLOC,57013,L,3,0.00875,M,,,,
1,288.3,SODIUM DODECYL 1 SULFATE,5. 0 P ETHANOL,55,8.40 X10-3 M,BA,EQUIV CONDCTNCE GRAPH,FLOC,57013,L,3,0.0084,M,,,,
1,288.3,SODIUM DODECYL 1 SULFATE,6. E 0 P ETHANOL,55,8.42 X10-3 M,BA,EQUIV CONDCTNCE GRAPH,FLOC,57013,L,3,0.00842,M,,,,
1,288.3,SODIUM DODECYL 1 SULFATE,9. 0 P ETHANOL,55,8.92 X10-3 M,BA,EQUIV CONDCTNCE GRAPH,FLOC,57013,L,3,0.00892,M,,,,
1,288.3,SODIUM DODECYL 1 SULFATE,9.27 0 P ETHANOL,55,8.96 X10-3 M,BA,EQUIV CONDCTNCE GRAPH,FLOC,57013,L,3,0.00896,M,,,,
1,288.3,SODIUM DODECYL 1 SULFATE,1.0 E 1 P ETHANOL,55,9.28 X10-3 M,BA,EQUIV CONDCTNCE GRAPH,FLOC,57013,L,3,0.00928,M,,,,
1,288.3,SODIUM DODECYL 1 SULFATE,1.5 E1 P ETHANOL,55,1.160X10-2 M,BB,EQUIV CONDCTNCE GRAPH,FLOC,57013,L,3,0.0116,M,,,,
1,288.3,SODIUM DODECYL 1 SULFATE,2.0 E 1 P ETHANOL,55,1.505X10-2 M,BB,EQUIV CONDCTNCE GRAPH,FLOC,57013,L,3,0.01505,M,,,,
1,288.3,SODIUM DODECYL 1 SULFATE,2.498E 1 P ETHANOL,55,2.005X10-2 M,BB,EQUIV CONDCTNCE GRAPH,FLOC,57013,L,L,0.02005,M,,,,
1,288.3,SODIUM DODECYL 1 SULFATE,9.27 0 P ETHANOL,60,9.70 X10-3 M,BA,EQUIV CONDCTNCE GRAPH,FLOC,57013,L,3,0.0097,M,,,,
1,288.3,SODIUM DODECYL 1 SULFATE,2.498E 1 P ETHANOL,60,2.170X10-2 M,BB,EQUIV CONDCTNCE GRAPH,FLOC,57013,L,3,0.0217,M,,,,
1,288.3,SODIUM DODECYL 1 SULFATE,1.13 E 2 I HEXANOL-1,UNK,5.1 X10-3 M,BC,ULTRAFILTRATION,HUTC,59018,K,L,0.0051,M,,,,
1,288.3,SODIUM DODECYL 1 SULFATE,2. E-2 N K CL,70,3.1 X10-3 M,CG,VISUAL SPCTR CHNGE PNCN,LANG,51005,L,L,0.0031,M,,,,
1,288.3,SODIUM DODECYL 1 SULFATE,5. E-2 N K CL,70,2.4 X10-3 M,CG,VISUAL SPCTR CHNGE PNCN,LANG,51005,L,L,0.0024,M,,,,
1,288.3,SODIUM DODECYL 1 SULFATE,0.10 E-1 N K CL,70,1.6 X10-3 M,CG,VISUAL SPCTR CHNGE PNCN,LANG,51005,L,L,0.0016,M,,,,
1,288.3,SODIUM DODECYL 1 SULFATE,1. E-3 N K OH,UNK,5. X10-3 M,BG,METHOD NOT CITED,KLEV CARR,56001,T,L,0.005,M,,,,
1,288.3,SODIUM DODECYL 1 SULFATE,4.08 E-3 N K2 S04,40,6.00 X10-3 M,BG,FOTOMTR SPCTR CHNGE PNCN,GODD HARV,53012,L,L,0.006,M,,,,
1,288.3,SODIUM DODECYL 1 SULFATE,7.42 E-3 N K2 S04,40,5.05 X10-3 M,BG,FOTOMTR SPCTR CHNGE PNCN,GODD HARV,53012,L,L,0.00505,M,,,,
1,288.3,SODIUM DODECYL 1 SULFATE,1.50 E-2 N K2 S04,40,3.95 X10-3 M,BG,FOTOMTR SPCTR CHNGE PNCN,GODD HARV,53012,L,L,0.00395,M,,,,
1,288.3,SODIUM DODECYL 1 SULFATE,2.16 E-2 N K2 S04,40,3.45 X10-3 M,BG,FOTOMTR SPCTR CHNGE PNCN,GODD HARV,53012,L,L,0.00345,M,,,,
1,288.3,SODIUM DODECYL 1 SULFATE,2.67 E-2 N K2 S04,40,3.10 X10-3 M,BG,FOTOMTR SPCTR CHNGE PNCN,GODD HARV,53012,L,L,0.0031,M,,,,
1,288.3,SODIUM DODECYL 1 SULFATE,3.60 E-2 N K2 S04,40,2.50 X10-3 M,BG,FOTOMTR SPCTR CHNGE PNCN,GODD HARV,53012,L,L,0.0025,M,,,,
1,288.3,SODIUM DODECYL 1 SULFATE,4.53 E-2 N K2 S04,40,2.35 X10-3 M,BG,FOTOMTR SPCTR CHNGE PNCN,GODD HARV,53012,L,L,0.00235,M,,,,
1,288.3,SODIUM DODECYL 1 SULFATE,5.61 E-3 N LI2 S04,40,6.10 X10-3 M,BG,FOTOMTR SPCTR CHNGE PNCN,GODD HARV,53012,L,L,0.0061,M,,,,
1,288.3,SODIUM DODECYL 1 SULFATE,1.00 E-2 N LI2 S04,40,5.35 X10-3 M,BG,FOTOMTR SPCTR CHNGE PNCN,GODD HARV,53012,L,L,0.00535,M,,,,
1,288.3,SODIUM DODECYL 1 SULFATE,1.49 E-2 N LI2 S04,40,4.80 X10-3 M,BG,FOTOMTR SPCTR CHNGE PNCN,GODD HARV,53012,L,L,0.0048,M,,,,
1,288.3,SODIUM DODECYL 1 SULFATE,2.27 E-2 N LI2 S04,40,4.00 X10-3 M,BG,FOTOMTR SPCTR CHNGE PNCN,GODD HARV,53012,L,L,0.004,M,,,,
1,288.3,SODIUM DODECYL 1 SULFATE,2.74 E-2 N LI2 S04,40,3.65 X10-3 M,BG,FOTOMTR SPCTR CHNGE PNCN,GODD HARV,53012,L,L,0.00365,M,,,,
1,288.3,SODIUM DODECYL 1 SULFATE,3.37 E-2 N LI2 S04,40,3.40 X10-3 M,BG,FOTOMTR SPCTR CHNGE PNCN,GODD HARV,53012,L,L,0.0034,M,,,,
1,288.3,SODIUM DODECYL 1 SULFATE,4.36 E-2 N LI2 S04,40,2.95 X10-3 M,BG,FOTOMTR SPCTR CHNGE PNCN,GODD HARV,53012,L,L,0.00295,M,,,,
1,288.3,SODIUM DODECYL 1 SULFATE,5.38 E-2 N LI2 S04,40,2.65 X10-3 M,BG,FOTOMTR SPCTR CHNGE PNCN,GODD HARV,53012,L,L,0.00265,M,,,,
1,288.3,SODIUM DODECYL 1 SULFATE,7. E-2 P LAURYL ALCOHOL,24,7 9. X10-2 P,HD,SPECFC CONDCTNCE GRAPH,ROSS BRAM,57031,T,L,,,0.09,P,,
1,288.3,SODIUM DODECYL 1 SULFATE,5. E-1 I LAURYL ALCOHOL,25,8.1 X10-3 M,BC,UNSPECIFIED CONDUCTANCE,MIUR ARIS,58023,G,L,0.0081,M,,,,
1,288.3,SODIUM DODECYL 1 SULFATE,6.67 E-1 I LAURYL ALCOHOL,25,8.1 X10-3 M,BC,UNSPECIFIED CONDUCTANCE,MIUR ARIS,58023,G,L,0.0081,M,,,,
1,288.3,SODIUM DODECYL 1 SULFATE,1. E 0 I LAURYL ALCOHOL,25,8.0 X10-3 M,BC,UNSPECIFIED CONDUCTANCE,MIUR ARIS,58023,G,L,0.008,M,,,,
1,288.3,SODIUM DODECYL 1 SULFATE,3.33 0 I LAURYL ALCOHOL,25,7.0 X10-3 M,BC,UNSPECIFIED CONDUCTANCE,MIUR ARIS,58023,G,L,0.007,M,,,,
1,288.3,SODIUM DODECYL 1 SULFATE,6.25 0 I LAURYL ALCOHOL,25,6.5 X10-3 M,BC,UNSPECIFIED CONDUCTANCE,MIUR ARIS,58023,G,L,0.0065,M,,,,
1,288.3,SODIUM DODECYL 1 SULFATE,2.22 E Q LAURYL ALCOHOL,25,6.6 X10-2 D 2.28 X10-3 M,CB,UNSPECIFIED CONDUCTANCE,SCHI FOWK,57014,T M,L,0.066,D,0.00228,M,,
1,288.3,SODIUM DODECYL 1 SULFATE,2.22 E 1 Q LAURYL ALCOHOL,55,7.6 X10-2 D 2.63 X10-3 M,CB,UNSPECIFIED CONDUCTANCE,SCHI FOWK,57014,T M,L,0.076,D,0.00263,M,,
1,288.3,SODIUM DODECYL 1 SULFATE,1. E-3 N MG CL2,70,3.9 X10-3 M,CG,VISUAL SPCTR CHNGE PNCN,LANG,51005,L,L,0.0039,M,,,,
1,288.3,SODIUM DODECYL 1 SULFATE,5. E-3 N MG CL2,70,2.2 X10-3 M,CG,VISUAL SPCTR CHNGE PNCN,LANG,51005,L,L,0.0022,M,,,,
1,288.3,SODIUM DODECYL 1 SULFATE,2.5 E-2 N MG CL2,70,1.5 X10-3 M,CG,VISUAL SPCTR CHNGE PNCN,LANG,51005,L,L,0.0015,M,,,,
1,288.3,SODIUM DODECYL 1 SULFATE,5. E-2 N MG CL2,70,1.25 X10-3 M,CG,VISUAL SPCTR CHNGE PNCN,LANG,51005,L,L,0.00125,M,,,,
1,288.3,SODIUM DODECYL 1 SULFATE,1.0 E-1 N MG CL2,70,1.0 X10-3 M,CG,VISUAL SPCTR CHNGE PNCN,LANG,51005,L,L,0.001,M,,,,
1,288.3,SODIUM DODECYL 1 SULFATE,2.5 E-1 N MG CL2,70,8.2 X10-4 M,CG,VISUAL SPCTR CHNGE PNCN,LANG,51005,L,L,0.00082,M,,,,
1,288.3,SODIUM DODECYL 1 SULFATE,1. E-1 M NA BR,21,4.13 X10-2 D 1.432X10-3 M,BB,SURFACE TENSION LOG PLOT,HUIS,64047,T M,L,0.0413,D,0.001432,M,,
1,288.3,SODIUM DODECYL 1 SULFATE,1. E-1 M NA BR,21,4.1 X10-2 D 1.42 X10-3 M,BB,TURBIDITY PLT LITE SCATR,HUIS,64047,T M,3,0.041,D,0.00142,M,,
1,288.3,SODIUM DODECYL 1 SULFATE,3. E-1 M NA BR,21,2.3 X10-2 D 7.97 X10-4 M,BC,TURBIDITY PLT LITE SCATR,HUIS,64047,T M,L,0.023,D,0.000797,M,,
1,288.3,SODIUM DODECYL 1 SULFATE,2. E-1 M NA CL,10,7.7 X10-4 M,BC,SURFACE TENSION LOG PLOT,SCHI,63026,L,L,0.00077,M,,,,
1,288.3,SODIUM DODECYL 1 SULFATE,1.00 E-1 M NA CL,17,4.0 X10-2 D 1.38 X10-3 M,CD,TURBIDITY PLT LITE SCATR,KURI,62009,T M,L,0.04,D,0.00138,M,,
1,288.3,SODIUM DODECYL 1 SULFATE,1.00 E-1 M NA CL,18,4.0 X10-2 D 1.38 X10-3 M,CD,TURBIDITY PLT LITE SCATR,KURI,62009,T M,L,0.04,D,0.00138,M,,
1,288.3,SODIUM DODECYL 1 SULFATE,1. E-2 M NA CL,20,5.13 X10-3 M,BB,SURFACE TNSN LINEAR PLOT,MATI PETH,58020,T,L,0.00513,M,,,,
1,288.3,SODIUM DODECYL 1 SULFATE,5. E-2 M NA CL,20,2.24 X10-3 M,BB,INTERFACIAL TENSION LOGM,HAYD TAYL,60011,L,L,0.00224,M,,,,
1,288.3,SODIUM DODECYL 1 SULFATE,1. E-1 K NA CL,20,1.4 X10-3 M,BC,INTERFACIAL TENSION LOGM,V VO,60025,T,L,0.0014,M,,,,
1,288.3,SODIUM DODECYL 1 SULFATE,1.0 E-1 M NA CL,20,1.41 X10-3 M,BB,INTERFACIAL TENSION LOGM,HAYD TAYL,60011,L,L,0.00141,M,,,,
1,288.3,SODIUM DODECYL 1 SULFATE,1.0 E-1 M NA CL,20,1.51 X10-3 M,BB,SURFACE TNSN LINEAR PLOT,MATI PETH,58020,T,L,0.00151,M,,,,
1,288.3,SODIUM DODECYL 1 SULFATE,1.00 E-1 M NA CL,20,4.1 X10-2 D 1.42 X10-3 M,CD,TURBIDITY PLT LITE SCATR,KURI,62009,T M,L,0.041,D,0.00142,M,,
1,288.3,SODIUM DODECYL 1 SULFATE,2. E-1 M NA CL,20,7.2 X10-4 M,CC,SURFACE TENSION LOG PLOT,HARR,59001,K,L,0.00072,M,,,,
1,288.3,SODIUM DODECYL 1 SULFATE,2.0 E-1 M NA CL,20,7.59 X10-4 M,BB,SURFACE TNSN LINEAR PLOT,MATI PETH,58020,T,L,0.000759,M,,,,
1,288.3,SODIUM DODECYL 1 SULFATE,2.5 E-1 M NA CL,20,5.89 X10-4 M,BB,INTERFACIAL TENSION LOGM,HAYD TAYL,60011,L,L,0.000589,M,,,,
1,288.3,SODIUM DODECYL 1 SULFATE,5.0 E-1 M NA CL,20,3.24 X10-4 M,BB,INTERFACIAL TENSION LOGM,HAYD TAYL,60011,L,L,0.000324,M,,,,
1,288.3,SODIUM DODECYL 1 SULFATE,1. E-2 M NA CL,21,1.62 X10-1 D 5.619X10-3 M,BB,TURBIDITY PLT LITE SCATR,HUIS,64047,T M,3,0.162,D,0.005619,M,,
1,288.3,SODIUM DODECYL 1 SULFATE,1. E-2 M NA CL,21,1.52 X10-1 D 5.272X10-3 M,BB,SURFACE TENSION LOG PLOT,HUIS,64047,T M,3,0.152,D,0.005272,M,,
1,288.3,SODIUM DODECYL 1 SULFATE,3. E-2 M NA CL,21,9.2 X10-2 D 3.19 X10-3 M,BB,TURBIDITY PLT LITE SCATR,HUIS,64047,T M,1,0.092,D,0.00319,M,,
1,288.3,SODIUM DODECYL 1 SULFATE,3. E-2 M NA CL,21,8.7 X10-2 D 3.01 X10-3 M,BB,SURFACE TENSION LOG PLOT,HUIS,64047,T M,L,0.087,D,0.00301,M,,
1,288.3,SODIUM DODECYL 1 SULFATE,1. E-1 M NA CL,21,4.2 X10-2 D 1.45 X10-3 M,BB,SURFACE TENSION LOG PLOT,HUIS,64047,T M,L,0.042,D,0.00145,M,,
1,288.3,SODIUM DODECYL 1 SULFATE,1. E-1 M NA CL,21,4.3 X10-2 D 1.49 X10-3 M,BB,TURBIDITY PLT LITE SCATR,HUIS,64047,T M,3,0.043,D,0.00149,M,,
1,288.3,SODIUM DODECYL 1 SULFATE,3. E-1 M NA CL,21,1.9 X10-2 D 6.59 X10-4 M,BC,TURBIDITY PLT LITE SCATR,HUIS,64047,T M,L,0.019,D,0.000659,M,,
1,288.3,SODIUM DODECYL 1 SULFATE,3. E-1 M NA CL,21,2.4 X10-2 D 8.32 X10-4 M,BC,SURFACE TENSION LOG PLOT,HUIS,64047,T M,L,0.024,D,0.000832,M,,
1,288.3,SODIUM DODECYL 1 SULFATE,2. E-2 M NA CL,25,1.10 X10-1 D 3.815X10-3 M,BE,DEBYE PLT LIGHT SCATTER,WILL MYSE,55005,T M,L,0.11,D,0.003815,M,,
1,288.3,SODIUM DODECYL 1 SULFATE,2. E-2 M NA CL,25,1.05 X10-1 D 3.642X10-3 M,BD,TURBIDITY PLT LITE SCATR,WILL MYSE,55005,T M,L,0.105,D,0.003642,M,,
1,288.3,SODIUM DODECYL 1 SULFATE,3. E-2 M NA CL,25,9.00 X10-2 D 3.121X10-3 M,BB,FOTOMTR SOLUBLZTN OROT,WILL MYSE,55005,T M,1,0.09,D,0.003121,M,,
1,288.3,SODIUM DODECYL 1 SULFATE,3. E-2 M NA CL,25,9.03 X10-2 D 3.132X10-3 M,BA,SPECFC CONDCTNCE GRAPH,WILL MYSE,55005,T M,1,0.0903,D,0.003132,M,,
1,288.3,SODIUM DODECYL 1 SULFATE,3. E-2 M NA CL,25,8.9 X10-2 D 3.08 X10-3 M,BC,DEBYE PLT LIGHT SCATTER,WILL MYSE,55005,T M,L,0.089,D,0.00308,M,,
1,288.3,SODIUM DODECYL 1 SULFATE,3. E-2 M NA CL,25,8.3 X10-2 D 2.87 X10-3 M,BB,TURBIDITY PLT LITE SCATR,WILL MYSE,55005,T M,L,0.083,D,0.00287,M,,
1,288.3,SODIUM DODECYL 1 SULFATE,3. E-2 M NA CL,25,9.18 X10-2 D 3.184X10-3 M,BB,FOTOMTR SOLUBLZTN OROT,SCHO,66036,T M,1,0.0918,D,0.003184,M,,
1,288.3,SODIUM DODECYL 1 SULFATE,7.5 E-2 M NA CL,25,1. X10-2 D 3.4 X10-4 M,BE,TURBIDITY PLT LITE SCATR,PRIN HERM,56011,T M,L,0.01,D,0.00034,M,,
1,288.3,SODIUM DODECYL 1 SULFATE,1. E-1 M NA CL,25,1.7 X10-3 M,BC,ULTRACENTRIFUGATION,ANAC JOHN,64017,T,L,0.0017,M,,,,
1,288.3,SODIUM DODECYL 1 SULFATE,1. E-1 M NA CL,25,3.0 X10-2 D 1.04 X10-3 M,BC,TURBIDITY PLT LITE SCATR,WILL MYSE,55005,T M,L,0.03,D,0.00104,M,,
1,288.3,SODIUM DODECYL 1 SULFATE,1. E-1 M NA CL,25,3.7 X10-2 D 1.28 X10-3 M,BC,DEBYE PLT LIGHT SCATTER,WILL MYSE,55005,T M,L,0.037,D,0.00128,M,,
1,288.3,SODIUM DODECYL 1 SULFATE,1.0 E-1 M NA CL,25,4.10 X10-2 D 1.422X10-3 M,BC,FOTOMTR SOLUBLZTN OROT,SCHO,66036,T M,L,0.041,D,0.001422,M,,
1,288.3,SODIUM DODECYL 1 SULFATE,1.00 E-1 M NA CL,25,4.15 X10-2 D 1.439X10-3 M,BC,FOTOMTR SOLUBLZTN OROT,WILL MYSE,55005,T M,L,0.0415,D,0.001439,M,,
1,288.3,SODIUM DODECYL 1 SULFATE,1.00 E-1 M NA CL,25,4.30 X10-2 D 1.491X10-3 M,BA,SPECFC CONDCTNCE GRAPH,WILL MYSE,55005,T M,3,0.043,D,0.001491,M,,
1,288.3,SODIUM DODECYL 1 SULFATE,2. E-1 M NA CL,25,2.8 X10-2 D 9.71 X10-4 M,BD,DEBYE PLT LIGHT SCATTER,WILL MYSE,55005,T M,L,0.028,D,0.000971,M,,
1,288.3,SODIUM DODECYL 1 SULFATE,2. E-1 M NA CL,25,2.5 X10-2 D 8.67 X10-4 M,BC,TURBIDITY PLT LITE SCATR,WILL MYSE,55005,T M,L,0.025,D,0.000867,M,,
1,288.3,SODIUM DODECYL 1 SULFATE,2. E-1 M NA CL,25,7.5 X10-4 M,BC,SURFACE TENSION LOG PLOT,SCHI,63026,L,L,0.00075,M,,,,
1,288.3,SODIUM DODECYL 1 SULFATE,2. E-1 M NA CL,25,9.0 X10-4 M,BA,SPECFC CONDCTNCE GRAPH,MYSE MYSE,65018,T,3,0.0009,M,,,,
1,288.3,SODIUM DODECYL 1 SULFATE,3. E-1 M NA CL,25,7. X10-4 M,BD,SPECFC CONDCTNCE GRAPH,MYSE MYSE,65018,T,L,0.0007,M,,,,
1,288.3,SODIUM DODECYL 1 SULFATE,4. E-1 M NA CL,25,1.7 X10-2 D,BD,DEBYE PLT LIGHT SCATTER,WILL MYSE,55005,T,L,0.017,D,,,,
1,288.3,SODIUM DODECYL 1 SULFATE,4. E-1 M NA CL,25,1.6 X10-2 D 5.89 X10-4 M 5.54 X10-4 M,BD,TURBIDITY PLT LITE SCATR,WILL MYSE,55005,T M M,L,0.016,D,0.000589,M,0.000554,M
1,288.3,SODIUM DODECYL 1 SULFATE,4.0 E-1 M NA CL,25,1.894X10-2 D 6.569X10-4 M,BC,FOTOMTR SOLUBLZTN OROT,SCHO,66036,T M,L,0.01894,D,0.0006569,M,,
1,288.3,SODIUM DODECYL 1 SULFATE,2.05 E-3 M NA CL,26,5.11 X10-3 M,DG,VISUAL SPCTR CHNGE PNCN,CORR HARK,47010,T,L,0.00511,M,,,,
1,288.3,SODIUM DODECYL 1 SULFATE,4.88 E-3 M NA CL,26,4.47 X10-3 M,DG,VISUAL SPCTR CHNGE PNCN,CORR HARK,47010,T,L,0.00447,M,,,,
1,288.3,SODIUM DODECYL 1 SULFATE,9.36 E-3 M NA CL,26,4.19 X10-3 M,DG,VISUAL SPCTR CHNGE PNCN,CORR HARK,47010,T,L,0.00419,M,,,,
1,288.3,SODIUM DODECYL 1 SULFATE,1.85 E-2 M NA CL,26,3.40 X10-3 M,DG,VISUAL SPCTR CHNGE PNCN,CORR HARK,47010,T,L,0.0034,M,,,,
1,288.3,SODIUM DODECYL 1 SULFATE,3.11 E-2 M NA CL,26,2.75 X10-3 M,DG,VISUAL SPCTR CHNGE PNCN,CORR HARK,47010,T,L,0.00275,M,,,,
1,288.3,SODIUM DODECYL 1 SULFATE,4.60 E-2 M NA CL,26,2.11 X10-3 M,DG,VISUAL SPCTR CHNGE PNCN,CORR HARK,47010,T,L,0.00211,M,,,,
1,288.3,SODIUM DODECYL 1 SULFATE,7.53 E-2 M NA CL,26,1.73 X10-3 M,DG,VISUAL SPCTR CHNGE PNCN,CORR HARK,47010,T,L,0.00173,M,,,,
1,288.3,SODIUM DODECYL 1 SULFATE,1.47 E-1 M NA CL,26,1.35 X10-3 M,DG,VISUAL SPCTR CHNGE PNCN,CORR HARK,47010,T,L,0.00135,M,,,,
1,288.3,SODIUM DODECYL 1 SULFATE,2.43 E-1 M NA CL,26,1.11 X10-3 M,DG,VISUAL SPCTR CHNGE PNCN,CORR HARK,47010,T,L,0.00111,M,,,,
1,288.3,SODIUM DODECYL 1 SULFATE,2.69 E-1 M NA CL,26,1.10 X10-3 M,DG,VISUAL SPCTR CHNGE PNCN,CORR HARK,47010,T,L,0.0011,M,,,,
1,288.3,SODIUM DODECYL 1 SULFATE,3.16 E-1 M NA CL,26,9.73 X10-4 M,DG,VISUAL SPCTR CHNGE PNCN,CORR HARK,47010,T,L,0.000973,M,,,,
1,288.3,SODIUM DODECYL 1 SULFATE,3.54 E-1 M NA CL,26,8.66 X10-4 M,DG,VISUAL SPCTR CHNGE PNCN,CORR HARK,47010,T,L,0.000866,M,,,,
1,288.3,SODIUM DODECYL 1 SULFATE,5. E-2 M NA CL,30,2.34 X10-3 M,CC,VELOCITY OF SOUND,SHIG,66010,G,L,0.00234,M,,,,
1,288.3,SODIUM DODECYL 1 SULFATE,1. E-1 M NA CL,30,1.63 X10-3 M,CC,VELOCITY OF SOUND,SHIG,66010,G,L,0.00163,M,,,,
1,288.3,SODIUM DODECYL 1 SULFATE,1.00 E-1 M NA CL,30,4.8 X10-2 D 1.66 X10-3 M,CD,TURBIDITY PLT LITE SCATR,KURI,62009,T M,L,0.048,D,0.00166,M,,
1,288.3,SODIUM DODECYL 1 SULFATE,2. E-1 M NA CL,30,3.0 X10-2 D 1.04 X10-3 M,CD,TURBIDITY PLT LITE SCATR,KURI NAKA,62010,T M,L,0.03,D,0.00104,M,,
1,288.3,SODIUM DODECYL 1 SULFATE,5. E-1 M NA CL,30,5.9 X10-4 M,CD,VELOCITY OF SOUND,SHIG,66010,G,L,0.00059,M,,,,
1,288.3,SODIUM DODECYL 1 SULFATE,1. E-2 M NA CL,40,5.37 X10-3 M,BB,SURFACE TNSN LINEAR PLOT,MATI PETH,58020,T,L,0.00537,M,,,,
1,288.3,SODIUM DODECYL 1 SULFATE,6.75 E-2 M NA CL,40,1.6 X10-3 M,CG,FOTOMTR SPCTR CHNGE RHD6,MEGU KOND,56020,T,L,0.0016,M,,,,
1,288.3,SODIUM DODECYL 1 SULFATE,1.0 E-1 M NA CL,40,1.62 X10-3 M,BB,SURFACE TNSN LINEAR PLOT,MATI PETH,58020,T,L,0.00162,M,,,,
1,288.3,SODIUM DODECYL 1 SULFATE,2.0 E-1 M NA CL,40,8.71 X10-4 M,BB,SURFACE TNSN LINEAR PLOT,MATI PETH,58020,T,L,0.000871,M,,,,
1,288.3,SODIUM DODECYL 1 SULFATE,1.00 E-1 M NA CL,50.2,7.2 X10-2 D 2.49 X10-3 M,CD,TURBIDITY PLT LITE SCATR,KURI,62009,T M,L,0.072,D,0.00249,M,,
1,288.3,SODIUM DODECYL 1 SULFATE,2. E-1 M NA CL,50,4.0 X10-2 D 1.38 X10-3 M,CD,TURBIDITY PLT LITE SCATR,KURI NAKA,62010,T M,L,0.04,D,0.00138,M,,
1,288.3,SODIUM DODECYL 1 SULFATE,2. E-1 M NA CL,55,1.1 X10-3 M,BD,SURFACE TENSION LOG PLOT,SCHI,63026,L,L,0.0011,M,,,,
1,288.3,SODIUM DODECYL 1 SULFATE,1. E-2 M NA CL,60,6.17 X10-3 M,BB,SURFACE TNSN LINEAR PLOT,MATI PETH,58020,T,L,0.00617,M,,,,
1,288.3,SODIUM DODECYL 1 SULFATE,1.0 E-1 M NA CL,60,2.04 X10-3 M,BB,SURFACE TNSN LINEAR PLOT,MATI PETH,58020,T,L,0.00204,M,,,,
1,288.3,SODIUM DODECYL 1 SULFATE,2.0 E-1 M NA CL,60,1.45 X10-3 M,BB,SURFACE TNSN LINEAR PLOT,MATI PETH,58020,T,L,0.00145,M,,,,
1,288.3,SODIUM DODECYL 1 SULFATE,1.00 E-1 M NA CL,69.8,1.10 X10-1 D 3.815X10-3 M,CD,TURBIDITY PLT LITE SCATR,KURI,62009,T M,L,0.11,D,0.003815,M,,
1,288.3,SODIUM DODECYL 1 SULFATE,1. E-2 N NA CL,70,4.5 X10-3 M,CG,VISUAL SPCTR CHNGE PNCN,LANG,51005,L,L,0.0045,M,,,,
1,288.3,SODIUM DODECYL 1 SULFATE,2. E-2 N NA CL,70,3.2 X10-3 M,CG,VISUAL SPCTR CHNGE PNCN,LANG,51005,L,L,0.0032,M,,,,
1,288.3,SODIUM DODECYL 1 SULFATE,5. E-2 N NA CL,70,2.3 X10-3 M,CG,VISUAL SPCTR CHNGE PNCN,LANG,51005,L,L,0.0023,M,,,,
1,288.3,SODIUM DODECYL 1 SULFATE,1.0 E-1 N NA CL,70,1.6 X10-3 M,CG,VISUAL SPCTR CHNGE PNCN,LANG,51005,L,L,0.0016,M,,,,
1,288.3,SODIUM DODECYL 1 SULFATE,2. E-1 M NA CL,70,6.0 X10-2 D 2.08 X10-3 M,CD,TURBIDITY PLT LITE SCATR,KURI NAKA,62010,T M,L,0.06,D,0.00208,M,,
1,288.3,SODIUM DODECYL 1 SULFATE,2.0 E-1 N NA CL,70,1.2 X10-3 M,CG,VISUAL SPCTR CHNGE PNCN,LANG,51005,L,L,0.0012,M,,,,
1,288.3,SODIUM DODECYL 1 SULFATE,5.0 E-1 N NA CL,70,7.5 X10-4 M,CG,VISUAL SPCTR CHNGE PNCN,LANG,51005,L,L,0.00075,M,,,,
1,288.3,SODIUM DODECYL 1 SULFATE,6.1 E-3 M NA CL,RM,5.7 X10-3 M,CG,VISUAL FLUOR CHNGE RHD6,PRIN HERM,56002,T,L,0.0057,M,,,,
1,288.3,SODIUM DODECYL 1 SULFATE,1.09 E-2 M NA CL,RM,5.0 X10-3 M,CG,VISUAL FLUOR CHNGE RHD6,PRIN HERM,56002,T,L,0.005,M,,,,
1,288.3,SODIUM DODECYL 1 SULFATE,1.83 E-2 M NA CL,RM,4.1 X10-3 M,CG,VISUAL FLUOR CHNGE RHD6,PRIN HERM,56002,T,L,0.0041,M,,,,
1,288.3,SODIUM DODECYL 1 SULFATE,2. E-2 M NA CL,UNK,7.1 X10-2 D 2.46 X10-3 M,CD,TURBIDITY PLT LITE SCATR,KUSH HUBB,55003,K M,L,0.071,D,0.00246,M,,
1,288.3,SODIUM DODECYL 1 SULFATE,3.0 E-2 M NA CL,RM,3.5 X10-3 M,CG,VISUAL FLUOR CHNGE RHD6,PRIN HERM,56002,G,L,0.0035,M,,,,
1,288.3,SODIUM DODECYL 1 SULFATE,3.21 E-2 M NA CL,RM,3.4 X10-3 M,CG,VISUAL FLUOR CHNGE RHD6,PRIN HERM,56002,T,L,0.0034,M,,,,
1,288.3,SODIUM DODECYL 1 SULFATE,4. E-2 M NA CL,UNK,6.0 X10-2 D 2.08 X10-3 M,CE,TURBIDITY PLT LITE SCATR,KUSH HUBB,55003,K M,L,0.06,D,0.00208,M,,
1,288.3,SODIUM DODECYL 1 SULFATE,5.59 E-2 M NA CL,RM,3.0 X10-3 M,CG,VISUAL FLUOR CHNGE RHD6,PRIN HERM,56002,T,L,0.003,M,,,,
1,288.3,SODIUM DODECYL 1 SULFATE,6. E-2 M NA CL,UNK,4.8 X10-2 D 1.66 X10-3 M,CE,TURBIDITY PLT LITE SCATR,KUSH HUBB,55003,K M,L,0.048,D,0.00166,M,,
1,288.3,SODIUM DODECYL 1 SULFATE,1.2 E-1 M NA CL,UNK,2.6 X10-2 D 9.01 X10-4 M,CE,TURBIDITY PLT LITE SCATR,KUSH HUBB,55003,K M,L,0.026,D,0.000901,M,,
1,288.3,SODIUM DODECYL 1 SULFATE,2.0 E-1 M NA CL,UNK,1.1 X10-2 D 3.81 X10-4 M,CE,TURBIDITY PLT LITE SCATR,KUSH HUBB,55003,K M,L,0.011,D,0.000381,M,,
1,288.3,SODIUM DODECYL 1 SULFATE,1. E-2 M NA F,21,1.61 X10-1 D 5.584X10-3 M,BB,TURBIDITY PLT LITE SCATR,HUIS,64047,T M,3,0.161,D,0.005584,M,,
1,288.3,SODIUM DODECYL 1 SULFATE,3. E-2 M NA F,21,8.5 X10-2 D 2.94 X10-3 M,BB,TURBIDITY PLT LITE SCATR,HUIS,64047,T M,L,0.085,D,0.00294,M,,
1,288.3,SODIUM DODECYL 1 SULFATE,1. E-1 M NA F,21,4.15 X10-2 D 1.439X10-3 M,BB,SURFACE TENSION LOG PLOT,HUIS,64047,T M,L,0.0415,D,0.001439,M,,
1,288.3,SODIUM DODECYL 1 SULFATE,1. E-1 M NA F,21,4.2 X10-2 D 1.45 X10-3 M,BB,TURBIDITY PLT LITE SCATR,HUIS,64047,T M,3,0.042,D,0.00145,M,,
1,288.3,SODIUM DODECYL 1 SULFATE,3. E-1 M NA F,21,2.0 X10-2 D 6.93 X10-4 M,BC,TURBIDITY PLT LITE SCATR,HUIS,64047,T M,L,0.02,D,0.000693,M,,
1,288.3,SODIUM DODECYL 1 SULFATE,1. E-2 M NA I,21,1.62 X10-1 D 5.619X10-3 M,BB,TURBIDITY PLT LITE SCATR,HUIS,64047,T M,3,0.162,D,0.005619,M,,
1,288.3,SODIUM DODECYL 1 SULFATE,3. E-2 M NA I,21,9.0 X10-2 D 3.12 X10-3 M,BB,TURBIDITY PLT LITE SCATR,HUIS,64047,T M,1,0.09,D,0.00312,M,,
1,288.3,SODIUM DODECYL 1 SULFATE,1. E-1 M NA I,21,4.0 X10-2 D 1.38 X10-3 M,BB,SURFACE TENSION LOG PLOT,HUIS,64047,T M,L,0.04,D,0.00138,M,,
1,288.3,SODIUM DODECYL 1 SULFATE,1. E-1 M NA I,21,4.0 X10-2 D 1.38 X10-3 M,BB,TURBIDITY PLT LITE SCATR,HUIS,64047,T M,3,0.04,D,0.00138,M,,
1,288.3,SODIUM DODECYL 1 SULFATE,3. E-1 M NA I,21,2.3 X10-2 D 7.97 X10-4 M,BC,TURBIDITY PLT LITE SCATR,HUIS,64047,T M,L,0.023,D,0.000797,M,,
1,288.3,SODIUM DODECYL 1 SULFATE,4. E-2 K NA N03,20,2.43 X10-3 M,BB,SURFACE TENSION LOG PLOT,V VO,61026,TL,L,0.00243,M,,,,
1,288.3,SODIUM DODECYL 1 SULFATE,1. E-2 M NA N03,35,5.7 X10-3 M,BA,SPECFC CONDCTNCE GRAPH,CORK GOOD,62006,T,3,0.0057,M,,,,
1,288.3,SODIUM DODECYL 1 SULFATE,1.55 E-3 M NA4 P207 PYRO,26,4.55 X10-3 M,DG,VISUAL SPCTR CHNGE PNCN,CORR HARK,47010,T,L,0.00455,M,,,,
1,288.3,SODIUM DODECYL 1 SULFATE,5.55 E-3 M NA4 P207 PYRO,26,3.32 X10-3 M,DG,VISUAL SPCTR CHNGE PNCN,CORR HARK,47010,T,L,0.00332,M,,,,
1,288.3,SODIUM DODECYL 1 SULFATE,1.87 E-2 M NA4 P207 PYRO,26,1.86 X10-3 M,DG,VISUAL SPCTR CHNGE PNCN,CORR HARK,47010,T,L,0.00186,M,,,,
1,288.3,SODIUM DODECYL 1 SULFATE,4.13 E-2 M NA4 P207 PYRO,26,1.24 X10-3 M,DG,VISUAL SPCTR CHNGE PNCN,CORR HARK,47010,T,L,0.00124,M,,,,
1,288.3,SODIUM DODECYL 1 SULFATE,6.02 E-2 M NA4 P207 PYRO,26,1.06 X10-3 M,DG,VISUAL SPCTR CHNGE PNCN,CORR HARK,47010,T,L,0.00106,M,,,,
1,288.3,SODIUM DODECYL 1 SULFATE,3.48 E-3 M NA2 S04,26,4.54 X10-3 M,DG,VISUAL SPCTR CHNGE PNCN,CORR HARK,47010,T,L,0.00454,M,,,,
1,288.3,SODIUM DODECYL 1 SULFATE,6.87 E-3 M NA2 S04,26,3.58 X10-3 M,DG,VISUAL SPCTR CHNGE PNCN,CORR HARK,47010,T,L,0.00358,M,,,,
1,288.3,SODIUM DODECYL 1 SULFATE,1.18 E-2 M NA2 S04,26,3.12 X10-3 M,DG,VISUAL SPCTR CHNGE PNCN,CORR HARK,47010,T,L,0.00312,M,,,,
1,288.3,SODIUM DODECYL 1 SULFATE,1.81 E-2 M NA2 S04,26,2.40 X10-3 M,DG,VISUAL SPCTR CHNGE PNCN,CORR HARK,47010,T,L,0.0024,M,,,,
1,288.3,SODIUM DODECYL 1 SULFATE,3.03 E-2 M NA2 S04,26,1.97 X10-3 M,DG,VISUAL SPCTR CHNGE PNCN,CORR HARK,47010,T,L,0.00197,M,,,,
1,288.3,SODIUM DODECYL 1 SULFATE,4.00 E-2 M NA2 S04,26,1.74 X10-3 M,DG,VISUAL SPCTR CHNGE PNCN,CORR HARK,47010,T,L,0.00174,M,,,,
1,288.3,SODIUM DODECYL 1 SULFATE,8.36 E-2 M NA2 S04,26,1.36 X10-3 M,DG,VISUAL SPCTR CHNGE PNCN,CORR HARK,47010,T,L,0.00136,M,,,,
1,288.3,SODIUM DODECYL 1 SULFATE,1.44 E-1 M NA2 S04,26,9.98 X10-4 M,DG,VISUAL SPCTR CHNGE PNCN,CORR HARK,47010,T,L,0.000998,M,,,,
1,288.3,SODIUM DODECYL 1 SULFATE,5.68 E-3 N NA2 S04,40,5.80 X10-3 M,BG,FOTOMTR SPCTR CHNGE PNCN,GODD HARV,53012,L,L,0.0058,M,,,,
1,288.3,SODIUM DODECYL 1 SULFATE,8.14 E-3 N NA2 S04,40,5.50 X10-3 M,BG,FOTOMTR SPCTR CHNGE PNCN,GODD HARV,53012,L,L,0.0055,M,,,,
1,288.3,SODIUM DODECYL 1 SULFATE,1.19 E-2 N NA2 S04,40,4.70 X10-3 M,BG,FOTOMTR SPCTR CHNGE PNCN,GODD HARV,53012,L,L,0.0047,M,,,,
1,288.3,SODIUM DODECYL 1 SULFATE,1.70 E-2 N NA2 S04,40,4.05 X10-3 M,BG,FOTOMTR SPCTR CHNGE PNCN,GODD HARV,53012,L,L,0.00405,M,,,,
1,288.3,SODIUM DODECYL 1 SULFATE,2.32 E-2 N NA2 S04,40,3.65 X10-3 M,BG,FOTOMTR SPCTR CHNGE PNCN,GODD HARV,53012,L,L,0.00365,M,,,,
1,288.3,SODIUM DODECYL 1 SULFATE,3.10 E-2 N NA2 S04,40,3.10 X10-3 M,BG,FOTOMTR SPCTR CHNGE PNCN,GODD HARV,53012,L,L,0.0031,M,,,,
1,288.3,SODIUM DODECYL 1 SULFATE,3.82 E-2 N NA2 S04,40,2.75 X10-3 M,BG,FOTOMTR SPCTR CHNGE PNCN,GODD HARV,53012,L,L,0.00275,M,,,,
1,288.3,SODIUM DODECYL 1 SULFATE,5.14 E-2 N NA2 S04,40,2.40 X10-3 M,BG,FOTOMTR SPCTR CHNGE PNCN,GODD HARV,53012,L,L,0.0024,M,,,,
1,288.3,SODIUM DODECYL 1 SULFATE,2. E 2 I NA5 P3010 TRIPOLY,60,1.22 X10-1 D 4.231X10-3 M,DC,FOTOMTR SOLUBLZTN OROT,GINN KINN,61015,T M,L,0.122,D,0.004231,M,,
1,288.3,SODIUM DODECYL 1 SULFATE,2.22 E Q PENTADECANOL V.BR*,25,1.76 X10-1 D 6.104X10-3 M,CB,UNSPECIFIED CONDUCTANCE,SCHI FOWK,57014,T M,L,0.176,D,0.006104,M,,
1,288.3,SODIUM DODECYL 1 SULFATE,1. E-5 M PINACYANOL CL (DYE),RM,1.93 X10-1 D 6.694X10-3 M,BG,FOTOMTR SPCTR CHNGE PNCN,MUKE MYSE,55015,G M,L,0.193,D,0.006694,M,,
1,288.3,SODIUM DODECYL 1 SULFATE,1. E-5 M PINACYANOL CL (DYE),RM,2.01 X10-1 D 6.971X10-3 M,BG,FOTOMTR SPCTR CHNGE PNCN,MUKE MYSE,55015,G M,L,0.201,D,0.006971,M,,
1,288.3,SODIUM DODECYL 1 SULFATE,4. E-5 M PINACYANOL CL (DYE),RM,2.03 X10-1 D 7.041X10-3 M,BG,FOTOMTR SPCTR CHNGE PNCN,MUKE MYSE,55015,G M,L,0.203,D,0.007041,M,,
1,288.3,SODIUM DODECYL 1 SULFATE,4. E-5 M PINACYANOL CL (DYE),RM,2.10 X10-1 D 7.284X10-3 M,BG,FOTOMTR SPCTR CHNGE PNCN,MUKE MYSE,55015,G M,L,0.21,D,0.007284,M,,
1,288.3,SODIUM DODECYL 1 SULFATE,1. E-4 M PINACYANOL CL (DYE),RM,2.15 X10-1 D 7.457X10-3 M,BG,FOTOMTR SPCTR CHNGE PNCN,MUKE MYSE,55015,G M,L,0.215,D,0.007457,M,,
1,288.3,SODIUM DODECYL 1 SULFATE,1. E-4 M PINACYANOL CL (DYE),RM,2.29 X10-1 D 7.943X10-3 M,BG,FOTOMTR SPCTR CHNGE PNCN,MUKE MYSE,55015,G M,L,0.229,D,0.007943,M,,
1,288.3,SODIUM DODECYL 1 SULFATE,2. E-6 M PINACYANOL CL (DYE),RM,1.84 X10-1 D 6.382X10-3 M,BG,FOTOMTR SPCTR CHNCE PNCN,MUKE MYSE,55015,G M,L,0.184,D,0.006382,M,,
1,288.3,SODIUM DODECYL 1 SULFATE,2. E-6 M PINACYANOL CL (DYE),RM,1.91 X10-1 D 6.625X10-3 M,BG,FOTOMTR SPCTR CHNGE PNCN,MUKE MYSE,55015,G M,L,0.191,D,0.006625,M,,
1,288.3,SODIUM DODECYL 1 SULFATE,5.03 E 0 H PROPANOL-1,00.5,4.7 X10-3 M,BB,AVER SP EQUIV COND,FLOC UBBE,53008,G,3,0.0047,M,,,,
1,288.3,SODIUM DODECYL 1 SULFATE,5.03 EOH PROPANOL-1,10.5,4.0 X10-3 M,BB,AVER SP EQUIV COND,FLOC UBBE,53008,G,3,0.004,M,,,,
1,288.3,SODIUM DODECYL 1 SULFATE,5.03 E 0 H PROPANOL-1,25.2,3.8 X10-3 M,BB,AVER SP EQUIV COND,FLOC UBBE,53008,G,3,0.0038,M,,,,
1,288.3,SODIUM DODECYL 1 SULFATE,9.21 E 0 H PROPANOL-1,25.2,1.31 X10-3 M,BG,AVER COND BEGINING MAXIM,FLOC UBBE,53008,G,L,0.00131,M,,,,
1,288.3,SODIUM DODECYL 1 SULFATE,1.339E 1 H PROPANOL-1,25.2,6.0 X10-4 M,BG,AVER COND BEGINING MAXIM,FLOC UBBE,53008,G,L,0.0006,M,,,,
1,288.3,SODIUM DODECYL 1 SULFATE,1.914E 1 H PROPANOL-1,25.2,5.0 X10-4 M,BG,AVER COND BEGINING MAXIM,FLOC UBBE,53008,G,L,0.0005,M,,,,
1,288.3,SODIUM DODECYL 1 SULFATE,5.03 E 0 H PROPANOL-1,33.5,4.1 X10-3 M,BB,AVER SP EQUIV COND,FLOC UBBE,53008,G,3,0.0041,M,,,,
1,288.3,SODIUM DODECYL 1 SULFATE,5.03 E 0 H PROPANOL-1,40.1,4.4 X10-3 M,BB,AVER SP EQUIV COND,FLOC UBBE,53008,G,3,0.0044,M,,,,
1,288.3,SODIUM DODECYL 1 SULFATE,5.03 E 0 H PROPANOL-1,50,5.1 X10-3 M,BB,AVER SP EQUIV COND,FLOC UBBE,53008,G,3,0.0051,M,,,,
1,288.3,SODIUM DODECYL 1 SULFATE,5.71 0 H PROPANOL-2,00.5,5.7 X10-3 M,BB,AVER SP EQUIV COND,FLOC UBBE,53008,G,3,0.0057,M,,,,
1,288.3,SODIUM DODECYL 1 SULFATE,5.71 E 0 H PROPANOL-2,10.5,4.9 X10-3 M,BB,AVER SP EQUIV COND,FLOC UBBE,53008,G,3,0.0049,M,,,,
1,288.3,SODIUM DODECYL 1 SULFATE,5.71 E 0 H PROPANOL-2,25.2,4.3 X10-3 M,BB,AVER SP EQUIV COND,FLOC UBBE,53008,T,3,0.0043,M,,,,
1,288.3,SODIUM DODECYL 1 SULFATE,1.040E 1 H PROPANOL-2,25.2,2.23 X10-3 M,BG,AVER COND BEGINING MAXIM,FLOC UBBE,53008,G,L,0.00223,M,,,,
1,288.3,SODIUM DODECYL 1 SULFATE,1.348E 1 H PROPANOL-2,25.2,1.83 X10-3 M,BG,AVER COND BEGINING MAXIM,FLOC UBBE,53008,G,L,0.00183,M,,,,
1,288.3,SODIUM DODECYL 1 SULFATE,1.741E 1 H PROPANOL-2,25.2,1.34 X10-3 M,BG,AVER COND BEGINING MAXIM,FLOC UBBE,53008,G,L,0.00134,M,,,,
1,288.3,SODIUM DODECYL 1 SULFATE,5.71 E 0 H PROPANOL-2,33.5,4.5 X10-3 M,BB,AVER SP EQUIV COND,FLOC UBBE,53008,G,3,0.0045,M,,,,
1,288.3,SODIUM DODECYL 1 SULFATE,5.71 E 0 H PROPANOL-2,40.1,5.0 X10-3 M,BB,AVER SP EQUIV COND,FLOC UBBE,53008,G,3,0.005,M,,,,
1,288.3,SODIUM DODECYL 1 SULFATE,5.71 0 H PROPANOL-2,50,5.7 X10-3 M,BB,AVER SP EQUIV COND,FLOC UBBE,53008,G,3,0.0057,M,,,,
1,288.3,SODIUM DODECYL 1 SULFATE,5.06 E 0 H PROPIONIC ACID,25.2,4.3 X10-3 M,BB,AVER SP EQUIV COND,FLOC UBBE,53008,G,3,0.0043,M,,,,
1,288.3,SODIUM DODECYL 1 SULFATE,1.042E 1 H PROPIONIC ACID,25.2,4.0 X10-3 M,BD,AVER SP EQUIV COND,FLOC UBBE,53008,G,L,0.004,M,,,,
1,288.3,SODIUM DODECYL 1 SULFATE,1.519E i H PROPIONIC ACID,25.2,5.5 X10-3 M,BE,AVER SP EQUIV COND,FLOC UBBE,53008,G,L,0.0055,M,,,,
1,288.3,SODIUM DODECYL 1 SULFATE,5.00 E 2 Y PRESSURE,25,9.09 X10-3 W,BA,SPECFC CONDCTNCE GRAPH,HAMA,62036,G,3,0.00909,W,,,,
1,288.3,SODIUM DODECYL 1 SULFATE,1.000E 3 Y PRESSURE,25,9.45 X10-3 W,BA,SPECFC CONDCTNCE GRAPH,HAMA,62036,G,3,0.00945,W,,,,
1,288.3,SODIUM DODECYL 1 SULFATE,1.500E 3 Y PRESSURE,25,9.36 X10-3 W,BA,SPECFC CONDCTNCE GRAPH,HAMA,62036,G,3,0.00936,W,,,,
1,288.3,SODIUM DODECYL 1 SULFATE,2.000E 3 Y PRESSURE,25,9.09 X10-3 W,BA,SPECFC CONDCTNCE GRAPH,HAMA,62036,G,3,0.00909,W,,,,
1,288.3,SODIUM DODECYL 1 SULFATE,1. E-3 N PHENYL (CH3)3 N I,40,4.77 X10-3 M,BG,FOTOMTR SPCTR CHNGE PNCN,GODD HARV,53012,L,L,0.00477,M,,,,
1,288.3,SODIUM DODECYL 1 SULFATE,1.4 E-3 N PHENYL (CH3)3 N,40,4.35 X10-3 M,BG,FOTOMTR SPCTR CHNGE PNCN,GODD HARV,53012,L,L,0.00435,M,,,,
1,288.3,SODIUM DODECYL 1 SULFATE,1.9 E-3 N PHENYL (CH3)3 N I,40,3.8 X10-3 M,BG,FOTOMTR SPCTR CHNGE PNCN,GODD HARV,53012,L,L,0.0038,M,,,,
1,288.3,SODIUM DODECYL 1 SULFATE,2.5 E-3 N PHENYL (CH3)3 N I,40,3.47 X10-3 M,BG,FOTOMTR SPCTR CHNGE PNCN,GODD HARV,53012,L,L,0.00347,M,,,,
1,288.3,SODIUM DODECYL 1 SULFATE,3.3 E-3 N PHENYL (CH3)3 N I,40,3.1 X10-3 M,BG,FOTOMTR SPCTR CHNGE PNCN,GODD HARV,53012,L,L,0.0031,M,,,,
1,288.3,SODIUM DODECYL 1 SULFATE,4.4 E-3 N PHENYL (CH3): N I,40,2.8 X10-3 M,BG,FOTOMTR SPCTR CHNGE PNCN,GODD HARV,53012,L,L,0.0028,M,,,,
1,288.3,SODIUM DODECYL 1 SULFATE,7.5 E-3 N PHENYL (CH3) N I,40,2.47 X10-3 M,BG,FOTOMTR SPCTR CHNGE PNCN,GODD HARV,53012,L,L,0.00247,M,,,,
1,288.3,SODIUM DODECYL 1 SULFATE,1.3 E-2 N PHENYL (CH3) N I,40,2.15 X10-3 M,BG,FOTOMTR SPCTR CHNGE PNCN,GODD HARV,53012,L,L,0.00215,M,,,,
1,288.3,SODIUM DODECYL 1 SULFATE,1.86 E-2 N PHENYL (CH3) N I,40,1.97 X10-3 M,BG,FOTOMTR SPCTR CHNGE PNCN,GODD HARV,53012,L,L,0.00197,M,,,,
1,288.3,SODIUM DODECYL 1 SULFATE,1. E-5 M RHODAMINE 6GPC,40,6.7 X10-3 M,CG,FOTOMTR SPCTR CHNGE RHD6,MEGU KOND,56020,T,L,0.0067,M,,,,
1,288.3,SODIUM DODECYL 1 SULFATE,5. E-6 M RHODAMINE 6GPC,40,6.6 X10-3 M,CG,FOTOMTR SPCTR CHNGE RHD6,MEGU KOND,56020,T,L,0.0066,M,,,,
1,288.3,SODIUM DODECYL 1 SULFATE,3. E 0 D SUCROSE,25,7.1 X10-3 M,CB,EQUIV CONDCTNCE GRAPH,NAKA KAWA,64034,G,3,0.0071,M,,,,
1,288.3,SODIUM DODECYL 1 SULFATE,1.0 E1D SUCROSE,25,6.1 X10-3 M,CC,EQUIV CONDCTNCE GRAPH,NAKA KAWA,64034,G,L,0.0061,M,,,,
1,288.3,SODIUM DODECYL 1 SULFATE,2.0 E1D SUCROSE,25,5.5 X10-3 M,CC,EQUIV CONDCTNCE GRAPH,NAKA KAWA,64034,G,L,0.0055,M,,,,
1,288.3,SODIUM DODECYL 1 SULFATE,3.0 E1 D SUCROSE,25,5.1 X10-3 M,CC,EQUIV CONDCTNCE GRAPH,NAKA KAWA,64034,G,L,0.0051,M,,,,
1,288.3,SODIUM DODECYL 1 SULFATE,5. E-2 P TRIBUTYL PHOSPHATE,24.7,1.3 X10-1 P,HC,SPECFC CONDCTNCE GRAPH,ROSS BRAM,57031,T,L,0.13,P,,,,
1,288.3,SODIUM DODECYL 1 SULFATE,2.0 E-1 P TRIBUTYL PHOSPHATE,24.7,1.8 X10-1 P,HC,SPECFC CONDCTNCE GRAPH,ROSS BRAM,57031,T,L,0.18,P,,,,
1,288.3,SODIUM DODECYL 1 SULFATE,4.0 E-1 P TRIBUTYL PHOSPHATE,24.7,1.6 X10-1 P,HC,SPECFC CONDCTNCE GRAPH,ROSS BRAM,57031,T,L,0.16,P,,,,
1,288.3,SODIUM DODECYL 1 SULFATE,1.2 E-3 N (CH3)4 N I,40,6.15 X10-3 M,BG,FOTOMTR SPCTR CHNGE PNCN,GODD HARV,53012,L,L,0.00615,M,,,,
1,288.3,SODIUM DODECYL 1 SULFATE,2.85 E-3 N (CH3) N I,40,5.47 X10-3 M,BG,FOTOMTR SPCTR CHNGE PNCN,GODD HARV,53012,L,L,0.00547,M,,,,
1,288.3,SODIUM DODECYL 1 SULFATE,4.7 E-3 N (CH3). N I,40,4.9 X10-3 M,BG,FOTOMTR SPCTR CHNGE PNCN,GODD HARV,53012,L,L,0.0049,M,,,,
1,288.3,SODIUM DODECYL 1 SULFATE,7.7 E-3 N (CH3). N I,40,4.1 X10-3 M,BG,FOTOMTR SPCTR CHNGE PNCN,GODD HARV,53012,L,L,0.0041,M,,,,
1,288.3,SODIUM DODECYL 1 SULFATE,1.3 E-2 N (CH3)4 N I,40,3.3 X10-3 M,BG,FOTOMTR SPCTR CHNGE PNCN,GODD HARV,53012,L,L,0.0033,M,,,,
1,288.3,SODIUM DODECYL 1 SULFATE,3. M UREA,10,1.06 X10-2 M,BB,SURFACE TENSION LOG PLOT,SCHI,64020,T,L,0.0106,M,,,,
1,288.3,SODIUM DODECYL 1 SULFATE,6. EOM UREA,10,1.41 X10-2 M,BB,SURFACE TENSION LOG PLOT,SCHI,64020,T,L,0.0141,M,,,,
1,288.3,SODIUM DODECYL 1 SULFATE,1. EOM UREA,25,7.4 X10-3 M,BB,SURFACE TENSION LOG PLOT,SCHI,64020,T,L,0.0074,M,,,,
1,288.3,SODIUM DODECYL 1 SULFATE,2. EOM UREA,25,8.0 X10-3 M,BB,SURFACE TENSION LOG PLOT,SCHI,64020,T,L,0.008,M,,,,
1,288.3,SODIUM DODECYL 1 SULFATE,3. EOM UREA,25,9. X10-3 M,BB,SURFACE TENSION LOG PLOT,SCHI,64020,T,L,0.009,M,,,,
1,288.3,SODIUM DODECYL 1 SULFATE,4.5 EOM UREA,25,1.02 X10-2 M,BB,SURFACE TENSION LOG PLOT,SCHI,64020,T,L,0.0102,M,,,,
1,288.3,SODIUM DODECYL 1 SULFATE,6. EOM UREA,25,1.20 X10-2 M,BB,SURFACE TENSION LOG PLOT,SCHI,64020,T,L,0.012,M,,,,
1,288.3,SODIUM DODECYL 1 SULFATE,5. E-3 M UREA,26,6.2 X10-3 M,DG,VISUAL SPCTR CHNGE PNCN,CORR HARK,47010,G,L,0.0062,M,,,,
1,288.3,SODIUM DODECYL 1 SULFATE,2.5 E-2 UREA,26,6.2 X10-3 M,DG,VISUAL SPCTR CHNGE PNCN,CORR HARK,47010,G,L,0.0062,M,,,,
1,288.3,SODIUM DODECYL 1 SULFATE,4.7 E-2 M UREA,26,6.2 X10-3 M,DG,VISUAL SPCTR CHNGE PNCN,CORR HARK,47010,G,L,0.0062,M,,,,
1,288.3,SODIUM DODECYL 1 SULFATE,1.22 E-1 M UREA,26,6.2 X10-3 M,DG,VISUAL SPCTR CHNGE PNCN,CORR HARK,47010,G,L,0.0062,M,,,,
1,288.3,SODIUM DODECYL 1 SULFATE,1.63 E-1 M UREA,26,6.1 X10-3 M,DG,VISUAL SPCTR CHNGE PNCN,CORR HARK,47010,G,L,0.0061,M,,,,
1,288.3,SODIUM DODECYL 1 SULFATE,2.35 E-1 M UREA,26,6.2 X10-3 M,DG,VISUAL SPCTR CHNGE PNCN,CORR HARK,47010,G,L,0.0062,M,,,,
1,288.3,SODIUM DODECYL 1 SULFATE,2.78 E-1 M UREA,26,6.1 X10-3 M,DG,VISUAL SPCTR CHNGE PNCN,CORR HARK,47010,G,L,0.0061,M,,,,
1,288.3,SODIUM DODECYL 1 SULFATE,4.70 E-1 M UREA,26,6.1 X10-3 M,DG,VISUAL SPCTR CHNGE PNCN,CORR HARK,47010,G,L,0.0061,M,,,,
1,288.3,SODIUM DODECYL 1 SULFATE,3.22 0 M UREA,26,5.72 X10-3 M,DG,VISUAL SPCTR CHNGE PNCN,CORR HARK,47010,T,L,0.00572,M,,,,
1,288.3,SODIUM DODECYL 1 SULFATE,3. EOM UREA,45,9.1 X10-3 M,BB,SURFACE TENSION LOG PLOT,SCHI,64020,T,L,0.0091,M,,,,
1,288.3,SODIUM DODECYL 1 SULFATE,6. 0 M UREA,45,1.15 X10-2 M,BB,SURFACE TENSION LOG PLOT,SCHI,64020,T,L,0.0115,M,,,,
1,288.3,SODIUM DODECYL 1 SULFATE,0003,,,,SEE CMPD NMBR IN ADDITV,SHED JAKO,63001,,X,,,,,,
1,288.3,SODIUM DODECYL 1 SULFATE,1.078E 1 C 0003,25,8.32 X10-3 M,CA,EQUIV CONDCTNCE GRAPH,MYSE OTTE,61017,T,3,0.00832,M,,,,
1,288.3,SODIUM DODECYL 1 SULFATE,2.006E 1 C 0003,25,8.54 X10-3 M,CA,EQUIV CONDCTNCE GRAPH,MYSE OTTE,61017,T,3,0.00854,M,,,,
1,288.3,SODIUM DODECYL 1 SULFATE,2.025E 1 C 0003,25,8.54 X10-3 M,CA,EQUIV CONDCTNCE GRAPH,MYSE OTTE,61017,T,3,0.00854,M,,,,
1,288.3,SODIUM DODECYL 1 SULFATE,3.478E 1 C 0003,25,9.88 X10-3 M,CA,EQUIV CONDCTNCE GRAPH,MYSE OTTE,61017,T,3,0.00988,M,,,,
1,288.3,SODIUM DODECYL 1 SULFATE,4.912E 1 C 0003,25,1.115X10-2 M,CA,EQUIV CONDCTNCE GRAPH,MYSE OTTE,61017,T,3,0.01115,M,,,,
1,288.3,SODIUM DODECYL 1 SULFATE,5.998E 1 C 0003,25,1.281X10-2 M,BA,EQUIV CONDCTNCE GRAPH,MYSE OTTE,61017,T,2,0.01281,M,,,,
1,288.3,SODIUM DODECYL 1 SULFATE,7.100E 1 C 0003,25,1.498x10-2 M,BA,EQUIV CONDCTNCE GRAPH,MYSE OTTE,61017,T,2,0.01498,M,,,,
1,288.3,SODIUM DODECYL 1 SULFATE,8.466E 1 C 0003,25,1.91 X10-2 M,BA,EQUIV CONDCTNCE GRAPH,MYSE OTTE,61017,T,2,0.0191,M,,,,
1,288.3,SODIUM DODECYL 1 SULFATE,9.495E 1 C 0003,25,2.65 X10-2 M,BA,EQUIV CONDCTNCE GRAPH,MYSE OTTE,61017,T,2,0.0265,M,,,,
1,288.3,SODIUM DODECYL 1 SULFATE,E 0 0004,50,,,GRAPH DATA NOT RETRIEVED,LANG,53005,,R,,,,,,
1,288.3,SODIUM DODECYL 1 SULFATE,1.25 E1C 0004,RM,5.11 X10-3 M,BB,ELECTROMOTIVE FORCE,SHED JAKO,63001,T,3,0.00511,M,,,,
1,288.3,SODIUM DODECYL 1 SULFATE,2.5 E1C 0004,RM,3.88 X10-3 M,BB,ELECTROMOTIVE FORCE,SHED JAKO,63001,T,3,0.00388,M,,,,
1,288.3,SODIUM DODECYL 1 SULFATE,5.0 E1C 0004,RM,2.62 X10-3 M,BB,ELECTROMOTIVE FORCE,SHED JAKO,63001,T,3,0.00262,M,,,,
1,288.3,SODIUM DODECYL 1 SULFATE,0005,50,,,SEE CMPD NMBR IN ADDITV,LANG,53005,,X,,,,,,
1,288.3,SODIUM DODECYL 1 SULFATE,E 0 0005,50,,,GRAPH DATA NOT RETRIEVED,LANG,53005,,R,,,,,,
1,288.3,SODIUM DODECYL 1 SULFATE,2. E O C 0024,70,5.7 X10-3 N,CG,VISUAL SPCTR CHNGE PNCN,LANG,51005,L,L,0.0057,N,,,,
1,288.3,SODIUM DODECYL 1 SULFATE,5. E O C 0024,70,5.3 X10-3 N,CG,VISUAL SPCTR CHNGE PNCN,LANG,51005,L,L,0.0053,N,,,,
1,288.3,SODIUM DODECYL 1 SULFATE,1.0 EIN 0024,70,4.9 X10-3 N,CG,VISUAL SPCTR CHNGE PNCN,LANG,51005,L,L,0.0049,N,,,,
1,288.3,SODIUM DODECYL 1 SULFATE,2.5 E1C 0024,70,4.0 X10-3 N,CG,VISUAL SPCTR CHNGE PNCN,LANG,51005,L,L,0.004,N,,,,
1,288.3,SODIUM DODECYL 1 SULFATE,5.0 E1C 0024,70,3.4 X10-3 N,CG,VISUAL SPCTR CHNGE PNCN,LANG,51005,L,L,0.0034,N,,,,
1,288.3,SODIUM DODECYL 1 SULFATE,7.5 E1C 0024,70,3.1 X10-3 N,CG,VISUAL SPCTR CHNGE PNCN,LANG,51005,L,.,0.0031,N,,,,
1,288.3,SODIUM DODECYL 1 SULFATE,E 0 0064,50,,,GRAPH DATA NOT RETRIEVED,LANG,53005,,R,,,,,,
1,288.3,SODIUM DODECYL 1 SULFATE,1.25 E C 0091,UNK,6.8 X10-3 M,DG,VISUAL SPCTR CHNGE PNCN,CORR HARK,46015,G,L,0.0068,M,,,,
1,288.3,SODIUM DODECYL 1 SULFATE,2.98 E 1 C 0091,UNK,7.8 X10-3 1,DG,VISUAL SPCTR CHNGE PNCN,CORR HARK,46015,G,L,,,,,,
1,288.3,SODIUM DODECYL 1 SULFATE,3.74 E 1 C 0091,UNK,8.3 X10-3 M,DG,VISUAL SPCTR CHNGE PNCN,CORR HARK,46015,G,L,0.0083,M,,,,
1,288.3,SODIUM DODECYL 1 SULFATE,4.97 E1C 0091,UNK,9.4 X10-3 M,DG,VISUAL SPCTR CHNGE PNCN,CORR HARK,46015,G,L,0.0094,M,,,,
1,288.3,SODIUM DODECYL 1 SULFATE,6.53 E1C 0091,UNK,1.32 X10-2 M,DG,VISUAL SPCTR CHNGE PNCN,CORR HARK,46015,G,L,0.0132,M,,,,
1,288.3,SODIUM DODECYL 1 SULFATE,7.27 E1C 0091,UNK,1.59 X10-2 M,DG,VISUAL SPCTR CHNGE PNCN,CORR HARK,46015,G,L,0.0159,M,,,,
1,288.3,SODIUM DODECYL 1 SULFATE,7.84 E1C 0091,UNK,1.82 X10-2 M,DG,VISUAL SPCTR CHNGE PNCN,CORR HARK,46015,G,L,0.0182,M,,,,
1,288.3,SODIUM DODECYL 1 SULFATE,8.27 E1C 0091,UNK,1.91 X10-2 M,DG,VISUAL SPCTR CHNGE PNCN,CORR HARK,46015,G,L,0.0191,M,,,,
1,288.3,SODIUM DODECYL 1 SULFATE,3.80 1 C 0092,25,6.4 X10-3 M,CC,REFRACTIVE INDEX,KLEV,48005,T,L,0.0064,M,,,,
1,288.3,SODIUM DODECYL 1 SULFATE,6.45 E1C 0092,25,6.2 X10-3 M,CC,REFRACTIVE INDEX,KLEV,48005,T,L,0.0062,M,,,,
1,288.3,SODIUM DODECYL 1 SULFATE,1.48 E1C 0092,UNK,6.1 X10-3 M,DG,VISUAL SPCTR CHNGE PNCN,CORR HARK,46015,G,L,0.0061,M,,,,
1,288.3,SODIUM DODECYL 1 SULFATE,2.07 E1C 0092,UNK,6.1 X10-3 M,DG,VISUAL SPCTR CHNGE PNCN,CORR HARK,46015,G,L,0.0061,M,,,,
1,288.3,SODIUM DODECYL 1 SULFATE,3.34 E1C 0092,UNK,6.2 X10-3 M,DG,VISUAL SPCTR CHNGE PNCN,CORR HARK,46015,G,L,0.0062,M,,,,
1,288.3,SODIUM DODECYL 1 SULFATE,4.54 E1C 0092,UNK,6.2 X10-3 M,DG,VISUAL SPCTR CHNGE PNCN,CORR HARK,46015,G,L,0.0062,M,,,,
1,288.3,SODIUM DODECYL 1 SULFATE,5.69 1 C 0092,UNK,6.3 X10-3 M,DG,VISUAL SPCTR CHNGE PNCN,CORR HARK,46015,G,L,0.0063,M,,,,
1,288.3,SODIUM DODECYL 1 SULFATE,6.89 1 C 0092,UNK,6.4 X10-3 M,DG,VISUAL SPCTR CHNGE PNCN,CORR HARK,46015,G,L,0.0064,M,,,,
1,288.3,SODIUM DODECYL 1 SULFATE,8.41 E 1 C 0092,UNK,6.5 X10-3 M,DG,VISUAL SPCTR CHNGE PNCN,CORR HARK,46015,G,L,0.0065,M,,,,
1,288.3,SODIUM DODECYL 1 SULFATE,9.30 E 1 C 0092,UNK,6.4 X10-3 M,DG,VISUAL SPCTR CHNGE PNCN,CORR HARK,46015,G,L,0.0064,M,,,,
1,288.3,SODIUM DODECYL 1 SULFATE,0115,,,,SEE CMPD NMBR IN ADDITV,SCHI MANN,66001,,X,,,,,,
1,288.3,SODIUM DODECYL 1 SULFATE,0116,,,,SEE CMPD NMBR IN ADDITV,SCHI MANN,66001,,X,,,,,,
1,288.3,SODIUM DODECYL 1 SULFATE,0205,,,,SEE CMPD NMBR IN ADDITV,KURI NAKA,62010,,X,,,,,,
1,288.3,SODIUM DODECYL 1 SULFATE,0325,,,,SEE CMPD NMBR IN ADDITV,SCHI MANN,66001,,X,,,,,,
1,288.3,SODIUM DODECYL 1 SULFATE,0327,,,,SEE CMPD NMBR IN ADDITV,SCHI MANN,66001,,X,,,,,,
1,288.3,SODIUM DODECYL 1 SULFATE,0417,,,,SEE CMPD NMBR IN ADDITV,KLEV RAIS,54010,,X,,,,,,
1,288.3,SODIUM DODECYL 1 SULFATE,7. E-3 M PENTANOL-1 1. E-3 N K OH,UNK,4. X10-3 M,BG,METHOD NOT CITED,KLEV CARR,56001,T,L,0.004,M,,,,
1,288.3,SODIUM DODECYL 1 SULFATE,2.5 E-2 M PENTANOL-1 1. E-3 N K OH,UNK,2.5 X10-3 M,BG,METHOD NOT CITED,KLEV CARR,56001,T,L,0.0025,M,,,,
1,288.3,SODIUM DODECYL 1 SULFATE,9. E-3 M H CL 1. E-3 M NA CL,25,3.7 X10-3 M,CC,SPECFC CONDCTNCE GRAPH,JAME PETH,60020,T,L,0.0037,M,,,,
1,288.3,SODIUM DODECYL 1 SULFATE,2. E-1 IONIC STRENGTH 1.01 E 1 PH OF SOLUTION,25,3. X10-2 D,HG,REACTN RATE SULUBILIZATE,TONG REEV,65030,T,L,0.03,D,,,,
1,288.3,SODIUM DODECYL 1 SULFATE,5. E1E N-HEPTANE 1. E-3 N K OH,UNK,4.5 X10-3 M,BG,METHOD NOT CITED,KLEV. CARR,56001,T,L,0.0045,M,,,,
1,288.3,SODIUM DODECYL 1 SULFATE,1. E-1 K NA ION 6.5 E 0 PH OF SOLUTION,UNK,1.45 X10-3 M,BB,SURFACE TENSION LOG PLOT,ROE BRAS,54013,T,L,0.00145,M,,,,
1,288.3,SODIUM DODECYL 1 SULFATE,9.25 E-3 M NA CL 3.1 E-3 M K CL,RM,5.1 X10-3 M,CG,VISUAL FLUOR CHNGE RHD6,PRIN HERM,56002,T,L,0.0051,M,,,,
1,288.3,SODIUM DODECYL 1 SULFATE,1.13 E-2 M NA CL 4.9 E-3 M K CL,RM,4.8 X10-3 M,CG,VISUAL FLUOR CHNGE RHD6,PRIN HERM,56002,T,L,0.0048,M,,,,
1,288.3,SODIUM DODECYL 1 SULFATE,2.06 E-2 M NA CL 7.75 E-3 M K CL,RM,3.6 X10-3 M,CG,VISUAL FLUOR CHNGE RHD6,PRIN HERM,56002,T,L,0.0036,M,,,,
1,288.3,SODIUM DODECYL 1 SULFATE,2.38 E-2 M NA CL 2.4 E-3 M K CL,RM,3.8 X10-3 M,CG,VISUAL FLUOR CHNGE RHD6,PRIN HERM,56002,T,L,0.0038,M,,,,
1,288.3,SODIUM DODECYL 1 SULFATE,4.44 E-2 M NA CL 3.2 E-3 M K CL,RM,3.3 X10-3 M,CG,VISUAL FLUOR CHNGE RHD6,PRIN HERM,56002,T,L,0.0033,M,,,,
1,288.3,SODIUM DODECYL 1 SULFATE,4.94 E-2 M NA CL 4.8 E-3 M K CL,RM,2.9 X10-3 M,CG,VISUAL FLUOR CHNGE RHD6,PRIN HERM,56002,T,L,0.0029,M,,,,
1,288.3,SODIUM DODECYL 1 SULFATE,2.5 E-3 M NA CL 2.7 E-2 M LI CL,RM,7.1 X10-3 M,CG,VISUAL FLUOR CHNGE RHD6,PRIN HERM,56002,G,L,0.0071,M,,,,
1,288.3,SODIUM DODECYL 1 SULFATE,1.2 E-2 M NA CL 1.8 E-2 M LI CL,RM,7.1 X10-3 M,CG,VISUAL FLUOR CHNGE RHD6,PRIN HERM,56002,G,L,0.0071,M,,,,
1,288.3,SODIUM DODECYL 1 SULFATE,1.6 E-2 M NA CL 1.4 E-2 M LI CL,RM,7.0 X10-3 M,CG,VISUAL FLUOR CHNGE RHD6,PRIN HERM,56002,G,L,0.007,M,,,,
1,288.3,SODIUM DODECYL 1 SULFATE,2.16 E-2 M NA CL 8.4 E-3 M LI CL,RM,5.8 X10-3 M,CG,VISUAL FLUOR CHNGE RHD6,PRIN HERM,56002,G,L,0.0058,M,,,,
1,288.3,SODIUM DODECYL 1 SULFATE,2.52 E-2 M NA CL 4.8 E-3 M LI CL,RM,5.3 X10-3 M,CG,VISUAL FLUOR CHNGE RHD6,PRIN HERM,56002,G,L,0.0053,M,,,,
1,288.3,SODIUM DODECYL 1 SULFATE,2.75 E-2 M NA CL 2.5 E-3 M LI CL,RM,3.8 X10-3 M,CG,VISUAL FLUOR CHNGE RHD6,PRIN HERM,56002,G,L,0.0038,M,,,,
1,288.3,SODIUM DODECYL 1 SULFATE,3. E-3 M OCTANOL-1 E-3 N K OH,UNK,2.5 X10-3 M,BG,METHOD NOT CITED,KLEV CARR,56001,T,L,0.0025,M,,,,
1,288.3,SODIUM DODECYL 1 SULFATE,5. E-3 M OCTANOL-1 1. E-3 N K OH,UNK,1.5 X10-3 M,BG,METHOD NOT CITED,KLEV CARR,56001,T,L,0.0015,M,,,,
1,288.3,SODIUM DODECYL 1 SULFATE,7. E-3 M OCTANOL-1 1. E-3 N K OH,UNK,6. X10-4 M,BG,METHOD NOT CITED,KLEV CARR,56001,T,L,0.0006,M,,,,
1,288.3,SODIUM DODECYL 1 SULFATE,2.5 E-2 M PENTAMINE 1. E-3 N K OH,UNK,1.8 X10-3 M,BG,METHOD NOT CITED,KLEV CARR,56001,T,L,0.0018,M,,,,
2,232.2,SODIUM OCTYL 1 SULFATE,,10,1.421X10-1 W,BA,SPECFC CONDCTNCE EQUATNS,GODD BENS,57011,L,3,0.1421,W,,,,
2,232.2,SODIUM OCTYL 1 SULFATE,,15,1.367x10-1 W,BA,SPECFC CONDCTNCE EQUATNS,GODD BENS,57011,L,3,0.1367,W,,,,
2,232.2,SODIUM OCTYL 1 SULFATE,,20,1.33 X10-1 M,BB,INTERFACIAL TENSION LOGM,HAYD TAYL,62004,L,3,0.133,M,,,,
2,232.2,SODIUM OCTYL 1 SULFATE,,20,1.337X10-1 W,BA,SPECFC CONDCTNCE EQUATNS,GODD BENS,57011,L,3,0.1337,W,,,,
2,232.2,SODIUM OCTYL 1 SULFATE,,21,2.96 X10 0 D 1.274X10-1 M,BB,SURFACE TENSION LOG PLOT,HUIS,64047,T M,L,2.96,D,0.1274,M,,
2,232.2,SODIUM OCTYL 1 SULFATE,,21,3.10 X10 0 D 1.335X10-1 M,BB,TURBIDITY PLT LITE SCATR,HUIS,64047,T M,3,3.1,D,0.1335,M,,
2,232.2,SODIUM OCTYL 1 SULFATE,,25,7. X10-2 N,CD,SPECFC CONDCTNCE GRAPH,HAFF PICC,42003,T,L,0.07,N,,,,
2,232.2,SODIUM OCTYL 1 SULFATE,,25,1.3 X10-1 N,CC,UNSPECIFIED CONDUCTANCE,HAFF PICC,42003,T,L,0.13,N,,,,
2,232.2,SODIUM OCTYL 1 SULFATE,,25,1.303X10-1 W,BA,SPECFC CONDCTNCE EQUATNS,GODD BENS,57011,L,3,0.1303,W,,,,
2,232.2,SODIUM OCTYL 1 SULFATE,,25,3.0 X10 0 D 1.29 X10-1 M,BD,TURBIDITY PLT LITE SCATR,PRIN HERM,56011,T M,L,3,D,0.129,M,,
2,232.2,SODIUM OCTYL 1 SULFATE,,30,1.30 X10-1 M,CB,VELOCITY OF SOUND,SHIG,65022,T,3,0.13,M,,,,
2,232.2,SODIUM OCTYL 1 SULFATE,,30,1.318x10-1 W,BA,SPECFC CONDCTNCE EQUATNS,GODD BENS,57011,L,3,0.1318,W,,,,
2,232.2,SODIUM OCTYL 1 SULFATE,,35,1.342X10-1 W,BA,SPECFC CONDCTNCE EQUATNS,GODD BENS,57011,L,3,0.1342,W,,,,
2,232.2,SODIUM OCTYL 1 SULFATE,,40,1.363X10-1 W,BA,SPECFC CONDCTNCE EQUATNS,GODD BENS,57011,L,3,0.1363,W,,,,
2,232.2,SODIUM OCTYL 1 SULFATE,,40,1.36 X10-1 M,BB,SPECFC CONDCTNCE GRAPH,EVAN,56006,T,3,0.136,M,,,,
2,232.2,SODIUM OCTYL 1 SULFATE,,45,1.381X10-1 W,BA,SPECFC CONDCTNCE EQUATNS,GODD BENS,57011,L,3,0.1381,W,,,,
2,232.2,SODIUM OCTYL 1 SULFATE,,50,9.8 X10-2 M,BB,INTERFACIAL TENSION LOGM,KLIN LANG,57022,T,L,0.098,M,,,,
2,232.2,SODIUM OCTYL 1 SULFATE,,50,1.434X10-1 W,BA,SPECFC CONDCTNCE EQUATNS,GODD BENS,57011,L,3,0.1434,W,,,,
2,232.2,SODIUM OCTYL 1 SULFATE,,55,1.463X10-1 W,BA,SPECFC CONDCTNCE EQUATNS,GODD BENS,57011,L,3,0.1463,W,,,,
2,232.2,SODIUM OCTYL 1 SULFATE,,UNK,2.30 X10 1 D 9.905X10-1 M,XG,VISUAL SPCTR CHNGE PNCN,DEMC,61031,T,L,23,D,0.9905,M,,
2,232.2,SODIUM OCTYL 1 SULFATE,5. E-2 M NA CL,20,1.12 X10-1 M,BB,INTERFACIAL TENSION LOGM,HAYD TAYL,62004,L,L,0.112,M,,,,
2,232.2,SODIUM OCTYL 1 SULFATE,1.0 E-1 M NA CL,20,9.75 X10-2 M,BB,INTERFACIAL TENSION LOGM,HAYD TAYL,62004,L,L,0.0975,M,,,,
2,232.2,SODIUM OCTYL 1 SULFATE,2.5 E-1 M NA CL,20,7.08 X10-2 M,BB,INTERFACIAL TENSION LOGM,HAYD TAYL,62004,L,L,0.0708,M,,,,
2,232.2,SODIUM OCTYL 1 SULFATE,5.0 E-1 M NA CL,20,5.01 X10-2 M,BB,INTERFACIAL TENSION LOGM,HAYD TAYL,62004,L,L,0.0501,M,,,,
2,232.2,SODIUM OCTYL 1 SULFATE,1. E-2 M NA CL,21,2.90 X10 0 D 1.248X10-1 M,BB,SURFACE TENSION LOG PLOT,HUIS,64047,T M,L,2.9,D,0.1248,M,,
2,232.2,SODIUM OCTYL 1 SULFATE,3. E-2 M NA CL,21,2.70 X10 0 D 1.162X10-1 M,BB,SURFACE TENSION LOG PLOT,HUIS,64047,T M,L,2.7,D,0.1162,M,,
2,232.2,SODIUM OCTYL 1 SULFATE,3. E-2 M NA CL,21,2.80 X10 0 D 1.205x10-1 M,BB,TURBIDITY PLT LITE SCATR,HUIS,64047,T M,3,2.8,D,0.1205,M,,
2,232.2,SODIUM OCTYL 1 SULFATE,1. E-1 M NA CL,21,2.37 X10 0 D 1.020X10-1 M,BB,TURBIDITY PLT LITE SCATR,HUIS,64047,T M,3,2.37,D,0.102,M,,
2,232.2,SODIUM OCTYL 1 SULFATE,1. E-1 M NA CL,21,2.21 X10 0 D 9.517X10-2 M,BB,SURFACE TENSION LOG PLOT,HUIS,64047,T M,L,2.21,D,0.09517,M,,
2,232.2,SODIUM OCTYL 1 SULFATE,3. E-1 M NA CL,21,1.49 X10 0 D 6.416X10-2 M,BB,SURFACE TENSION LOG PLOT,HUIS,64047,T M,L,1.49,D,0.06416,M,,
2,232.2,SODIUM OCTYL 1 SULFATE,3. E-1 M NA CL,21,1.60 X10 0 D 6.890X10-2 M,BB,TURBIDITY PLT LITE SCATR,HUIS,64047,T M,3,1.6,D,0.0689,M,,
2,232.2,SODIUM OCTYL 1 SULFATE,1. E 0 M NA CL,21,8.0 X10-1 D 3.44 X10-2 M,BB,TURBIDITY PLT LITE SCATR,HUIS,64047,T M,3,0.8,D,0.0344,M,,
3,260.3,SODIUM DECYL 1 SULFATE,,,61005,,VALUES FRM REF IN CMC,MYSE OTTE,61017,,R,,,,,,
3,260.3,SODIUM DECYL 1 SULFATE,,0,3.88 X10-2 M,BA,AVER SP EQUIV COND,FLOC,61007,L,3,0.0388,M,,,,
3,260.3,SODIUM DECYL 1 SULFATE,,5,3.64 X10-2 M,BA,AVER SP EQUIV COND,FLOC,61007,L,3,0.0364,M,,,,
3,260.3,SODIUM DECYL 1 SULFATE,,10,3.48 X10-2 W,BA,SPECFC CONDCTNCE EQUATNS,GODD BENS,57011,L,D,0.0348,W,,,,
3,260.3,SODIUM DECYL 1 SULFATE,,10,3.50 X10-2 M,BA,AVER SP EQUIV COND,FLOC,61007,L,D,0.035,M,,,,
3,260.3,SODIUM DECYL 1 SULFATE,,15,3.41 X10-2 W,BA,SPECFC CONDCTNCE EQUATNS,GODD BENS,57011,L,1,0.0341,W,,,,
3,260.3,SODIUM DECYL 1 SULFATE,,15,3.39 X10-2 M,BA,AVER SP EQUIV COND,FLOC,61007,L,1,0.0339,M,,,,
3,260.3,SODIUM DECYL 1 SULFATE,,20,3.35 X10-2 W,BA,SPECFC CONDCTNCE EQUATNS,GODD BENS,57011,L,1,0.0335,W,,,,
3,260.3,SODIUM DECYL 1 SULFATE,,20,3.31 X10-2 M,BA,AVER SP EQUIV COND,FLOC,61007,L,1,0.0331,M,,,,
3,260.3,SODIUM DECYL 1 SULFATE,,21,7.8 X10-1 D 2.99 X10-2 M,BB,SURFACE TENSION LOG PLOT,HUIS,64047,T M,L,0.78,D,0.0299,M,,
3,260.3,SODIUM DECYL 1 SULFATE,,21,7.9 X10-1 D 3.03 X10-2 M,BB,TURBIDITY PLT LITE SCATR,HUIS,64047,T M,L,0.79,D,0.0303,M,,
3,260.3,SODIUM DECYL 1 SULFATE,,23,3.1 X10-2 N,CC,UNSPECIFIED CONDUCTANCE,TART LELO,55021,T,L,0.031,N,,,,
3,260.3,SODIUM DECYL 1 SULFATE,,25,3.1 X10-2 N,CC,UNSPECIFIED CONDUCTANCE,HAFF PICC,42003,T,L,0.031,N,,,,
3,260.3,SODIUM DECYL 1 SULFATE,,25,3.32 X10-2 W,BA,SPECFC CONDCTNCE EQUATNS,GODD BENS,57011,L,1,0.0332,W,,,,
3,260.3,SODIUM DECYL 1 SULFATE,,25,3.26 X10-2 M,BA,EQUIV CONDCTNCE GRAPH,MYSE KAPA,61005,T,1,0.0326,M,,,,
3,260.3,SODIUM DECYL 1 SULFATE,,25,3.35 X10-2 M,BA,SPECFC CONDCTNCE GRAPH,MYSE KAPA,61005,T,1,0.0335,M,,,,
3,260.3,SODIUM DECYL 1 SULFATE,,25,3.27 X10-2 M,BA,AVER SP EQUIV COND,FLOC,61007,L,1,0.0327,M,,,,
3,260.3,SODIUM DECYL 1 SULFATE,,25,8.4 X10-1 D 3.22 X10-2 M,DB,TURBIDITY PLT LITE SCATR,PRIN HERM,56011,T M,L,0.84,D,0.0322,M,,
3,260.3,SODIUM DECYL 1 SULFATE,,25,8.5 X10-1 D 3.26 X10-2 M,DB,REFRACTIVE INDEX,PRIN HERM,56011,T M,L,0.85,D,0.0326,M,,
3,260.3,SODIUM DECYL 1 SULFATE,,25,3.1 X10-2 M,BB,SURFACE TENSION LOG PLOT,SCHI,64020,T,L,0.031,M,,,,
3,260.3,SODIUM DECYL 1 SULFATE,,25,3.32 X10-2 M,BA,SPECFC CONDCTNCE EQUATNS,MUKE KAPA,66002,T,1,0.0332,M,,,,
3,260.3,SODIUM DECYL 1 SULFATE,,30,3.31 X10-2 W,BA,SPECFC CONDCTNCE EQUATNS,GODD BENS,57011,L,1,0.0331,W,,,,
3,260.3,SODIUM DECYL 1 SULFATE,,30,3.26 X10-2 M,BA,AVER SP EQUIV COND,FLOC,61007,L,1,0.0326,M,,,,
3,260.3,SODIUM DECYL 1 SULFATE,,35,3.27 X10-2 M,BA,AVER SP EQUIV COND,FLOC,61007,L,1,0.0327,M,,,,
3,260.3,SODIUM DECYL 1 SULFATE,,35,3.35 X10-2 W,BA,SPECFC CONDCTNCE EQUATNS,GODD BENS,57011,L,1,0.0335,W,,,,
3,260.3,SODIUM DECYL 1 SULFATE,,40,3.32 X10-2 M,BA,AVER SP EQUIV COND,FLOC,61007,L,1,0.0332,M,,,,
3,260.3,SODIUM DECYL 1 SULFATE,,40,3.41 X10-2 W,BA,SPECFC CONDCTNCE EQUATNS,GODD BENS,57011,L,1,0.0341,W,,,,
3,260.3,SODIUM DECYL 1 SULFATE,,45,3.38 X10-2 M,BA,AVER SP EQUIV COND,FLOC,61007,L,D,0.0338,M,,,,
3,260.3,SODIUM DECYL 1 SULFATE,,45,3.49 X10-2 W,BA,SPECFC CONDCTNCE EQUATNS,GODD BENS,57011,L,D,0.0349,W,,,,
3,260.3,SODIUM DECYL 1 SULFATE,,50,3.2 X10-2 M,BB,INTERFACIAL TENSION LOGM,KLIN LANG,57022,T,L,0.032,M,,,,
3,260.3,SODIUM DECYL 1 SULFATE,,50,3.47 X10-2 M,BA,AVER SP EQUIV COND,FLOC,61007,L,D,0.0347,M,,,,
3,260.3,SODIUM DECYL 1 SULFATE,,50,3.4 X10-2 M,BB,SURFACE TENSION LOG PLOT,KLIN LANG,57022,T,L,0.034,M,,,,
3,260.3,SODIUM DECYL 1 SULFATE,,50,3.64 X10-2 W,BA,SPECFC CONDCTNCE EQUATNS,GODD BENS,57011,L,D,0.0364,W,,,,
3,260.3,SODIUM DECYL 1 SULFATE,,55,3.59 X10-2 M,BA,AVER SP EQUIV COND,FLOC,61007,L,D,0.0359,M,,,,
3,260.3,SODIUM DECYL 1 SULFATE,,55,3.78 X10-2 W,BA,SPECFC CONDCTNCE EQUATNS,GODD BENS,57011,L,D,0.0378,W,,,,
3,260.3,SODIUM DECYL 1 SULFATE,,60,3.73 X10-2 M,BA,AVER SP EQUIV COND,FLOC,61007,L,3,0.0373,M,,,,
3,260.3,SODIUM DECYL 1 SULFATE,,65,3.88 X10-2 M,BA,AVER SP EQUIV COND,FLOC,61007,L,3,0.0388,M,,,,
3,260.3,SODIUM DECYL 1 SULFATE,,90,4.39 X10-2 W,CA,EQUIV CONDCTNCE GRAPH,KURZ,62040,T,L,0.0439,W,,,,
3,260.3,SODIUM DECYL 1 SULFATE,,UNK,3.0 X10-2 M,BC,ULTRAFILTRATION,HUTC,59018,K,L,0.03,M,,,,
3,260.3,SODIUM DECYL 1 SULFATE,,RM,3.37 X10-2 M,BB,ELECTROMOTIVE FORCE,SHED JAKO,63001,T,L,0.0337,M,,,,
3,260.3,SODIUM DECYL 1 SULFATE,,UNK,6.8 X10-1 D 2.61 X10-2 M,XG,VISUAL SPCTR CHNGE PNCN,DEMC,61031,T M,L,0.68,D,0.0261,M,,
3,260.3,SODIUM DECYL 1 SULFATE,1.00 A DEUTERIUM OXIDE,25,3.25 X10-2 M,BA,SPECFC CONDCTNCE EQUATNS,MUKE KAPA,66002,T,2,0.0325,M,,,,
3,260.3,SODIUM DECYL 1 SULFATE,6.6 E1I HEXANOL-1,UNK,2.5 X10-2 M,BC,ULTRAFILTRATION,HUTC,59018,K,L,0.025,M,,,,
3,260.3,SODIUM DECYL 1 SULFATE,1.16 E 2 I HEXANOL-1,UNK,2.2 X10-2 M,BC,ULTRAFILTRATION,HUTC,59018,K,L,0.022,M,,,,
3,260.3,SODIUM DECYL 1 SULFATE,1.96 E 2 I HEXANOL-1,UNK,1.8 X10-2 M,BC,ULTRAFILTRATION,HUTC,59018,K,L,0.018,M,,,,
3,260.3,SODIUM DECYL 1 SULFATE,1.0 E-1 M NA CL,20,1.41 X10-2 M,BB,INTERFACIAL TENSION LOGM,HAYD TAYL,62004,L,L,0.0141,M,,,,
3,260.3,SODIUM DECYL 1 SULFATE,2.5 E-1 M NA CL,20,7.41 X10-3 M,BB,INTERFACIAL TENSION LOGM,HAYD TAYL,62004,L,L,0.00741,M,,,,
3,260.3,SODIUM DECYL 1 SULFATE,5.0 E-1 M NA CL,20,4.42 X10-3 M,BB,INTERFACIAL TENSION LOGM,HAYD TAYL,62004,L,L,0.00442,M,,,,
3,260.3,SODIUM DECYL 1 SULFATE,1. E-2 M NA CL,21,6.9 X10-1 D 2.65 X10-2 M,BB,SURFACE TENSION LOG PLOT,HUIS,64047,T M,L,0.69,D,0.0265,M,,
3,260.3,SODIUM DECYL 1 SULFATE,1. E-2 M NA CL,21,7.0 X10-1 D 2.68 X10-2 M,BB,TURBIDITY PLT LITE SCATR,HUIS,64047,T M,L,0.7,D,0.0268,M,,
3,260.3,SODIUM DECYL 1 SULFATE,3. E-2 M NA CL,21,5.4 X10-1 D 2.07 X10-2 M,BB,SURFACE TENSION LOG PLOT,HUIS,64047,T M,L,0.54,D,0.0207,M,,
3,260.3,SODIUM DECYL 1 SULFATE,3. E-2 M NA CL,21,5.6 X10-1 D 2.15 X10-2 M,BB,TURBIDITY PLT LITE SCATR,HUIS,64047,T M,L,0.56,D,0.0215,M,,
3,260.3,SODIUM DECYL 1 SULFATE,1. E-1 M NA CL,21,3.5 X10-1 D 1.34 X10-2 M,BB,SURFACE TENSION LOG PLOT,HUIS,64047,T M,L,0.35,D,0.0134,M,,
3,260.3,SODIUM DECYL 1 SULFATE,1. E-1 M NA CL,21,3.45 X10-1 D 1.325X10-2 M,BB,TURBIDITY PLT LITE SCATR,HUIS,64047,T M,L,0.345,D,0.01325,M,,
3,260.3,SODIUM DECYL 1 SULFATE,3. E-1 M NA CL,21,1.8 X10-1 D 6.91 X10-3 M,BC,SURFACE TENSION LOG PLOT,HUIS,64047,T M,L,0.18,D,0.00691,M,,
3,260.3,SODIUM DECYL 1 SULFATE,3. E-1 M NA CL,21,1.8 X10-1 D 6.91 X10-3 M,BC,TURBIDITY PLT LITE SCATR,HUIS,64047,T M,L,0.18,D,0.00691,M,,
3,260.3,SODIUM DECYL 1 SULFATE,1.00 E-2 M NA CL,25,3.02 X10-2 M,BB,SPECFC CONDCTNCE GRAPH,MYSE KAPA,61005,L,3,0.0302,M,,,,
3,260.3,SODIUM DECYL 1 SULFATE,7.5 E-2 M NA CL,25,4.2 X10-1 D 1.61 X10-2 M,DC,TURBIDITY PLT LITE SCATR,PRIN HERM,56011,T M,L,0.42,D,0.0161,M,,
3,260.3,SODIUM DECYL 1 SULFATE,1.00 E-1 M NA CL,25,1.51 X10-2 M,BB,SPECFC CONDCTNCE GRAPH,MYSE KAPA,61005,L,3,0.0151,M,,,,
3,260.3,SODIUM DECYL 1 SULFATE,3. E-1 M NA CL,25,7.3 X10-3 M,BD,SPECFC CONDCTNCE GRAPH,MYSE MYSE,65018,T,L,0.0073,M,,,,
3,260.3,SODIUM DECYL 1 SULFATE,3.00 E-1 M NA CL,25,8.0 X10-3 M,BD,SPECFC CONDCTNCE GRAPH,MYSE KAPA,61005,L,L,0.008,M,,,,
3,260.3,SODIUM DECYL 1 SULFATE,4. E-1 M NA CL,25,6.5 X10-3 M,BD,SPECFC CONDCTNCE GRAPH,MYSE MYSE,65018,T,L,0.0065,M,,,,
3,260.3,SODIUM DECYL 1 SULFATE,6. E-1 M NA CL,25,4.6 X10-3 M,BC,SPECFC CONDCTNCE GRAPH,MYSE MYSE,65018,T,L,0.0046,M,,,,
3,260.3,SODIUM DECYL 1 SULFATE,1.0 EOM NA CL,25,2.77 X10-3 M,BB,SPECFC CONDCTNCE GRAPH,MYSE MYSE,65018,T,3,0.00277,M,,,,
3,260.3,SODIUM DECYL 1 SULFATE,1.2 EOM NA CL,25,4. X10-2 D 1.5 X10-3 M,DD,TURBIDITY PLT LITE SCATR,PRIN HERM,56011,T M,L,0.04,D,0.0015,M,,
3,260.3,SODIUM DECYL 1 SULFATE,4.98 E-2 W NA CL04,90,3.66 X10-2 W,CB,UNSPECIFIED CONDUCTANCE,KURZ,62040,T,L,0.0366,W,,,,
3,260.3,SODIUM DECYL 1 SULFATE,9.89 E-2 W NA CL04,90,2.94 X10-2 W,CB,UNSPECIFIED CONDUCTANCE,KURZ,62040,T,L,0.0294,W,,,,
3,260.3,SODIUM DECYL 1 SULFATE,2.002E-1 W NA CL04,90,2.34 X10-2 W,CB,UNSPECIFIED CONDUCTANCE,KURZ,62040,T,L,0.0234,W,,,,
3,260.3,SODIUM DECYL 1 SULFATE,1. EOM UREA,25,3.2 X10-2 M,BB,SURFACE TENSION LOG PLOT,SCHI,64020,T,L,0.032,M,,,,
3,260.3,SODIUM DECYL 1 SULFATE,2. EOM UREA,25,3.5 X10-2 M,BB,SURFACE TENSION LOG PLOT,SCHI,64020,T,L,0.035,M,,,,
3,260.3,SODIUM DECYL 1 SULFATE,3. EOM UREA,25,3.7 X10-2 M,BB,SURFACE TENSION LOG PLOT,SCHI,64020,T,L,0.037,M,,,,
3,260.3,SODIUM DECYL 1 SULFATE,4.5 EOM UREA,25,4.3 X10-2 M,BB,SURFACE TENSION LOG PLOT,SCHI,64020,T,L,0.043,M,,,,
3,260.3,SODIUM DECYL 1 SULFATE,6. EOM UREA,25,5.0 X10-2 M,BB,SURFACE TENSION LOG PLOT,SCHI,64020,T,L,0.05,M,,,,
3,260.3,SODIUM DECYL 1 SULFATE,0001,,,,SEE CMPD NMBR IN ADDITV,MYSE OTTE,61017,,X,,,,,,
3,260.3,SODIUM DECYL 1 SULFATE,1.25 0001,RM,2.02 X10-2 M,BB,ELECTROMOTIVE FORCE,SHED JAKO,63001,T,3,0.0202,M,,,,
3,260.3,SODIUM DECYL 1 SULFATE,2.5 E1C 0001,RM,1.56 X10-2 M,BB,ELECTROMOTIVE FORCE,SHED JAKO,63001,T,3,0.0156,M,,,,
3,260.3,SODIUM DECYL 1 SULFATE,5.0 E1C 0001,RM,1.08 X10-2 M,BB,ELECTROMOTIVE FORCE,SHED JAKO,63001,T,3,0.0108,M,,,,
3,260.3,SODIUM DECYL 1 SULFATE,7.5 E1C 0001,RM,8.55 X10-3 M,BB,ELECTROMOTIVE FORCE,SHED JAKO,63001,T,L,0.00855,M,,,,
3,260.3,SODIUM DECYL 1 SULFATE,5.00 0004,25,3.03 X10-3 M,BA,AVER SP EQUIV COND,FLOC,61007,L,2,0.00303,M,,,,
3,260.3,SODIUM DECYL 1 SULFATE,5.00 C 0004,30,3.09 X10-3 M,BA,AVER SP EQUIV COND,FLOC,61007,L,2,0.00309,M,,,,
3,260.3,SODIUM DECYL 1 SULFATE,5.00 C 0004,35,3.18 X10-3 M,BA,AVER SP EQUIV COND,FLOC,61007,L,2,0.00318,M,,,,
3,260.3,SODIUM DECYL 1 SULFATE,5.00 C 0004,40,3.31 X10-3 M,BA,AVER SP EQUIV COND,FLOC,61007,L,2,0.00331,M,,,,
3,260.3,SODIUM DECYL 1 SULFATE,5.00 C 0004,45,3.47 X10-3 M,BA,AVER SP EQUIV COND,FLOC,61007,L,3,0.00347,M,,,,
3,260.3,SODIUM DECYL 1 SULFATE,5.00 C 0004,50,3.66 X10-3 M,BA,AVER SP EQUIV COND,FLOC,61007,L,3,0.00366,M,,,,
3,260.3,SODIUM DECYL 1 SULFATE,5.00 0004,55,3.87 X10-3 M,BA,AVER SP EQUIV COND,FLOC,61007,L,3,0.00387,M,,,,
3,260.3,SODIUM DECYL 1 SULFATE,5.00 0004,60,4.16 X10-3 M,BA,AVER SP EQUIV COND,FLOC,61007,L,3,0.00416,M,,,,
3,260.3,SODIUM DECYL 1 SULFATE,5.00 C 0004,65,4.51 X10-3 M,BA,AVER SP EQUIV COND,FLOC,61007,L,3,0.00451,M,,,,
3,260.3,SODIUM DECYL 1 SULFATE,5.00 E 1 C 0004,70,4.90 X10-3 M,BA,AVER SP EQUIV COND,FLOC,61007,L,3,0.0049,M,,,,
3,260.3,SODIUM DECYL 1 SULFATE,5.00 E 1 C 0004,75,5.35 X10-3 M,BA,AVER SP EQUIV COND,FLOC,61007,L,3,0.00535,M,,,,
4,316.4,SODIUM TETRADECYL 1 SULFATE,,,53005,,VALUES FRM REF IN CMC,KLIN LANG,57022,,R,,,,,,
4,316.4,SODIUM TETRADECYL 1 SULFATE,,21.5,2.21 X10-3,CB,EQUIV CONDCTNCE GRAPH,FLOC UBBE,53008,K,L,,,,,,
4,316.4,SODIUM TETRADECYL 1 SULFATE,,25.2,2.08 X10-3 M,CB,EQUIV CONDCTNCE GRAPH,FLOC UBBE,53008,K,L,0.00208,M,,,,
4,316.4,SODIUM TETRADECYL 1 SULFATE,,25,1.4 X10-3 M,CD,SPECFC CONDCTNCE GRAPH,BENT SPAR,66038,T,L,0.0014,M,,,,
4,316.4,SODIUM TETRADECYL 1 SULFATE,,25,2.05 X10-3 M,BA,AVER SP EQUIV COND,FLOC,61007,L,2,0.00205,M,,,,
4,316.4,SODIUM TETRADECYL 1 SULFATE,,30,2.2 X10-3 M,CC,VELOCITY OF SOUND,SHIG,65022,T,L,0.0022,M,,,,
4,316.4,SODIUM TETRADECYL 1 SULFATE,,30,2.08 X10-3 M,BA,AVER SP EQUIV COND,FLOC,61007,L,2,0.00208,M,,,,
4,316.4,SODIUM TETRADECYL 1 SULFATE,,35,2.13 X10-3 M,BA,AVER SP EQUIV COND,FLOC,61007,L,2,0.00213,M,,,,
4,316.4,SODIUM TETRADECYL 1 SULFATE,,40,2.4 X10-3 M,CC,UNSPECIFIED CONDUCTANCE,WINS,48008,L,L,0.0024,M,,,,
4,316.4,SODIUM TETRADECYL 1 SULFATE,,40,2.07 X10-3 M,CB,EQUIV CONDCTNCE GRAPH,FLOC UBBE,53008,K,L,0.00207,M,,,,
4,316.4,SODIUM TETRADECYL 1 SULFATE,,40,2.21 X10-3 M,BB,EQUIV CONDCTNCE GRAPH,SHIR MATU,65020,L,1,0.00221,M,,,,
4,316.4,SODIUM TETRADECYL 1 SULFATE,,40,2.21 X10-3 M,BA,AVER SP EQUIV COND,FLOC,61007,L,1,0.00221,M,,,,
4,316.4,SODIUM TETRADECYL 1 SULFATE,,40,2.40 X10-3 M,BB,SPECFC CONDCTNCE GRAPH,EVAN,56006,T,L,0.0024,M,,,,
4,316.4,SODIUM TETRADECYL 1 SULFATE,,45,2.31 X10-3 M,BA,AVER SP EQUIV COND,FLOC,61007,L,2,0.00231,M,,,,
4,316.4,SODIUM TETRADECYL 1 SULFATE,,50,2.1 X10-3 M,CC,EQUIV CONDCTNCE GRAPH,LANG,53005,T,L,0.0021,M,,,,
4,316.4,SODIUM TETRADECYL 1 SULFATE,,50,2.2 X10-3 M,BB,INTERFACIAL TENSION LOGM,KLIN LANG,57022,T,L,0.0022,M,,,,
4,316.4,SODIUM TETRADECYL 1 SULFATE,,50,2.0 X10-3 M,BB,SURFACE TENSION LOG PLOT,KLIN LANG,57022,T,L,0.002,M,,,,
4,316.4,SODIUM TETRADECYL 1 SULFATE,,50,2.54 X10-3 M,CD,SURFACE TENSION UNSPEC,GOTT,60018,G,L,0.00254,M,,,,
4,316.4,SODIUM TETRADECYL 1 SULFATE,,50,2.43 X10-3 M,BA,AVER SP EQUIV COND,FLOC,61007,L,3,0.00243,M,,,,
4,316.4,SODIUM TETRADECYL 1 SULFATE,,50,6. X10-2 D 1.8 X10-3 M,BD,TURBIDITY PLT LITE SCATR,PRIN HERM,56011,T M,L,0.06,D,0.0018,M,,
4,316.4,SODIUM TETRADECYL 1 SULFATE,,50,1.32 X10-3 M,BG,VISUAL SPCTR CHNGE PNCN,WEIL STIR,63013,T,L,0.00132,M,,,,
4,316.4,SODIUM TETRADECYL 1 SULFATE,,55,2.58 X10-3 M,BA,AVER SP EQUIV COND,FLOC,61007,L,3,0.00258,M,,,,
4,316.4,SODIUM TETRADECYL 1 SULFATE,,60,2.80 X10-3 M,CB,UNSPECIFIED CONDUCTANCE,WINS,48008,L,L,0.0028,M,,,,
4,316.4,SODIUM TETRADECYL 1 SULFATE,,60,2.77 X10-3 M,BA,AVER SP EQUIV COND,FLOC,61007,L,3,0.00277,M,,,,
4,316.4,SODIUM TETRADECYL 1 SULFATE,,65,2.99 X10-3 M,BA,AVER SP EQUIV COND,FLOC,61007,L,3,0.00299,M,,,,
4,316.4,SODIUM TETRADECYL 1 SULFATE,,70,3.22 X10-3 M,BA,AVER SP EQUIV COND,FLOC,61007,L,3,0.00322,M,,,,
4,316.4,SODIUM TETRADECYL 1 SULFATE,,75,3.50 X10-3 M,BA,AVER SP EQUIV COND,FLOC,61007,L,3,0.0035,M,,,,
4,316.4,SODIUM TETRADECYL 1 SULFATE,,RM,1.66 X10-3 M,CG,VISUAL SPCTR CHNGE PNCN,WINS,48008,T,L,0.00166,M,,,,
4,316.4,SODIUM TETRADECYL 1 SULFATE,,RM,1.83 X10-3 M,BB,ELECTROMOTIVE FORCE,SHED JAKO,63001,T,L,0.00183,M,,,,
4,316.4,SODIUM TETRADECYL 1 SULFATE,,UNK,5.0 X10-2 D 1.58 X10-3 M,XG,VISUAL SPCTR CHNGE PNCN,DEMC,61031,T M,L,0.05,D,0.00158,M,,
4,316.4,SODIUM TETRADECYL 1 SULFATE,5. EOH DIOXANE,40,2.4 X10-3 M,BB,EQUIV CONDCTNCE GRAPH,SHIR MATU,65020,L,3,0.0024,M,,,,
4,316.4,SODIUM TETRADECYL 1 SULFATE,1.0 E1H DIOXANE,40,2.9 X10-3 M,BB,EQUIV CONDCTNCE GRAPH,SHIR MATU,65020,L,3,0.0029,M,,,,
4,316.4,SODIUM TETRADECYL 1 SULFATE,1.5 E1H DIOXANE,40,3.8 X10-3 M,BB,EQUIV CONDCTNCE GRAPH,SHIR MATU,65020,L,3,0.0038,M,,,,
4,316.4,SODIUM TETRADECYL 1 SULFATE,2.0 E1H DIOXANE,40,5.2 X10-3 M,BB,EQUIV CONDCTNCE GRAPH,SHIR MATU,65020,L,3,0.0052,M,,,,
4,316.4,SODIUM TETRADECYL 1 SULFATE,2.5 E1H DIOXANE,40,7.5 X10-3 M,BB,EQUIV CONDCTNCE GRAPH,SHIR MATU,65020,L,3,0.0075,M,,,,
4,316.4,SODIUM TETRADECYL 1 SULFATE,3.0 E1H DIOXANE,40,1.28 X10-2 M,BB,EQUIV CONDCTNCE GRAPH,SHIR MATU,65020,L,3,0.0128,M,,,,
4,316.4,SODIUM TETRADECYL 1 SULFATE,3.5 E1H DIOXANE,40,1.77 X10-2 M,BB,EQUIV CONDCTNCE GRAPH,SHIR MATU,65020,L,3,0.0177,M,,,,
4,316.4,SODIUM TETRADECYL 1 SULFATE,1. E-2 N NA CL,23,1.9 X10-3 N,CC,UNSPECIFIED CONDUCTANCE,TART LELO,55021,T,L,0.0019,N,,,,
4,316.4,SODIUM TETRADECYL 1 SULFATE,E 0 NA CL,50,,,THEORETICALLY ESTIMATED,PRIN HERM,56011,,R,,,,,,
4,316.4,SODIUM TETRADECYL 1 SULFATE,0001,,,,SEE CMPD NMBR IN ADDITV,SHED JAKO,63001,,X,,,,,,
4,316.4,SODIUM TETRADECYL 1 SULFATE,E 0 0001,50,,,GRAPH DATA NOT RETRIEVED,LANG,53005,,R,,,,,,
4,316.4,SODIUM TETRADECYL 1 SULFATE,0003,,,,SEE CMPD NMBR IN ADDITV,FLOC,61007,,X,,,,,,
5,344.4,SODIUM HEXADECYL 1 SULFATE,,,53005,,VALUES FRM REF IN CMC,KLIN LANG,57022,,R,,,,,,
5,344.4,SODIUM HEXADECYL 1 SULFATE,,25,2.1 X10-4 M,CD,SPECFC CONDCTNCE GRAPH,BENT SPAR,66038,T,L,0.00021,M,,,,
5,344.4,SODIUM HEXADECYL 1 SULFATE,,30,4. X10-4 M,CD,SURFACE TENSION LOG PLOT,WEIL BIST,58003,T,L,0.0004,M,,,,
5,344.4,SODIUM HEXADECYL 1 SULFATE,,30,4.1 X10-4 M,BG,VISUAL SPCTR CHNGE PNCN,WEIL STIR,59004,T,L,0.00041,M,,,,
5,344.4,SODIUM HEXADECYL 1 SULFATE,,35,2. X10-4 M,XE,SPECFC CONDCTNCE GRAPH,MARK TSIK,64051,T,L,0.0002,M,,,,
5,344.4,SODIUM HEXADECYL 1 SULFATE,,35.8,4.4 X10-4 M,CG,FOTOMTR SPCTR CHNGE PNCN,CORR KLEV,46010,T,L,0.00044,M,,,,
5,344.4,SODIUM HEXADECYL 1 SULFATE,,40,5.2 X10-4 M,BB,EQUIV CONDCTNCE GRAPH,SHIR MATU,65020,L,3,0.00052,M,,,,
5,344.4,SODIUM HEXADECYL 1 SULFATE,,40,5.8 X10-4 M,BC,SPECFC CONDCTNCE GRAPH,EVAN,56006,T,3,0.00058,M,,,,
5,344.4,SODIUM HEXADECYL 1 SULFATE,,45,6.0 X10-4 M,BC,SURFACE TENSION LOG PLOT,SCHI,64020,T,L,0.0006,M,,,,
5,344.4,SODIUM HEXADECYL 1 SULFATE,,50,5.4 X10-4 M,CC,EQUIV CONDCTNCE GRAPH,LANG,53005,T,L,0.00054,M,,,,
5,344.4,SODIUM HEXADECYL 1 SULFATE,,50,6.6 X10-4 M,BB,SURFACE TENSION LOG PLOT,KLIN LANG,57022,T,L,0.00066,M,,,,
5,344.4,SODIUM HEXADECYL 1 SULFATE,,50,6.5 X10-4 M,BB,INTERFACIAL TENSION LOGM,KLIN LANG,57022,T,L,0.00065,M,,,,
5,344.4,SODIUM HEXADECYL 1 SULFATE,,50,6.65 X10-4 M,CD,SURFACE TENSION UNSPEC,GOTT,60018,G,L,0.000665,M,,,,
5,344.4,SODIUM HEXADECYL 1 SULFATE,,50,2. X10-2 D 5.8 X10-4 M,BE,TURBIDITY PLT LITE SCATR,PRIN HERM,56011,T M,L,0.02,D,0.00058,M,,
5,344.4,SODIUM HEXADECYL 1 SULFATE,,50,4.2 X10-4 M,BG,VISUAL SPCTR CHNGE PNCN,WEIL STIR,63013,T,L,0.00042,M,,,,
5,344.4,SODIUM HEXADECYL 1 SULFATE,,50,4.2 X10-4 M,BG,VISUAL SPCTR CHNGE PNCN,WEIL STIR,59004,T,L,0.00042,M,,,,
5,344.4,SODIUM HEXADECYL 1 SULFATE,,60,8. X10-4 M,XE,SPECFC CONDCTNCE GRAPH,MARK TSIK,64051,T,L,0.0008,M,,,,
5,344.4,SODIUM HEXADECYL 1 SULFATE,,90,1.0 X10-3 M,XD,SPECFC CONDCTNCE GRAPH,MARK TSIK,64051,T,L,0.001,M,,,,
5,344.4,SODIUM HEXADECYL 1 SULFATE,,UNK,2.0 X10-2 D 5.80 X10-4 M,XG,VISUAL SPCTR CHNGE PNCN,DEMC,61031,T M,L,0.02,D,0.00058,M,,
5,344.4,SODIUM HEXADECYL 1 SULFATE,5. EOH DIOXANE,40,1.27 X10-3 M,BB,EQUIV CONDCTNCE GRAPH,SHIR MATU,65020,L,3,0.00127,M,,,,
5,344.4,SODIUM HEXADECYL 1 SULFATE,1.0 E1H DIOXANE,40,2.0 X10-3 M,BB,EQUIV CONDCTNCE GRAPH,SHIR MATU,65020,L,3,0.002,M,,,,
5,344.4,SODIUM HEXADECYL 1 SULFATE,1.5 E1H DIOXANE,40,2.8 X10-3 M,BB,EQUIV CONDCTNCE GRAPH,SHIR MATU,65020,L,3,0.0028,M,,,,
5,344.4,SODIUM HEXADECYL 1 SULFATE,2.0 E1H DIOXANE,40,3.54 X10-3 M,BB,EQUIV CONDCTNCE GRAPH,SHIR MATU,65020,L,3,0.00354,M,,,,
5,344.4,SODIUM HEXADECYL 1 SULFATE,2.5 E1H DIOXANE,40,4.3 X10-3 M,BB,EQUIV CONDCTNCE GRAPH,SHIR MATU,65020,L,3,0.0043,M,,,,
5,344.4,SODIUM HEXADECYL 1 SULFATE,3.0 E1H DIOXANE,40,5.0 X10-3 M,BB,EQUIV CONDCTNCE GRAPH,SHIR MATU,65020,L,3,0.005,M,,,,
5,344.4,SODIUM HEXADECYL 1 SULFATE,E 0 NA CL,50,,,GRAPH DATA NOT RETRIEVED,LANG,53005,,R,,,,,,
5,344.4,SODIUM HEXADECYL 1 SULFATE,E 0 NA CL,50,,,THEORETICALLY ESTIMATED,PRIN HERM,56011,,R,,,,,,
5,344.4,SODIUM HEXADECYL 1 SULFATE,1. 1 I NA CL,50,5.4 X10-4 M,CC,EQUIV CONDCTNCE GRAPH,LANG,53005,T,L,0.00054,M,,,,
5,344.4,SODIUM HEXADECYL 1 SULFATE,2. E 1 I NA CL,50,5.35 X10-4 M,CB,EQUIV CONDCTNCE GRAPH,LANG,53005,T,L,0.000535,M,,,,
5,344.4,SODIUM HEXADECYL 1 SULFATE,3. E M UREA,45,6.4 X10-4 M,BC,SURFACE TENSION LOG PLOT,SCHI,64020,T,L,0.00064,M,,,,
5,344.4,SODIUM HEXADECYL 1 SULFATE,6. E 0 M UREA,45,7.9 X10-4 M,BC,SURFACE TENSION LOG PLOT,SCHI,64020,T,L,0.00079,M,,,,
5,344.4,SODIUM HEXADECYL 1 SULFATE,. E 0 0001,50,,,GRAPH DATA NOT RETRIEVED,LANG,53005,,R,,,,,,
5,344.4,SODIUM HEXADECYL 1 SULFATE,1. E 1 C 0001,50,6.0 X10-4 M,CC,EQUIV CONDCTNCE GRAPH,LANG,53005,T,L,0.0006,M,,,,
5,344.4,SODIUM HEXADECYL 1 SULFATE,2. E 1 C 0001,50,6.5 X10-4 M,CC,EQUIV CONDCTNCE GRAPH,LANG,53005,T,L,0.00065,M,,,,
6,260.2,SODIUM ALPHA SULFOPELARGONIC ACID,,UNK,1.00 X10 0 D 3.843X10-2 M,CG,VISUAL SPCTR CHNGE PNCN,WEIL STIR,60008,T M,L,1,D,0.03843,M,,
7,372.4,SODIUM OCTYL ALPHA SULFOPELARGONATE,,UNK,2.1 X10-3 M,CG,VISUAL SPCTR CHNGE PNCN,STIR WEIL,62008,T,L,0.0021,M,,,,
7,372.4,SODIUM OCTYL ALPHA SULFOPELARGONATE,,UNK,8. X10-2 D 2.1 X10-3 M,CG,VISUAL SPCTR CHNGE PNCN,WEIL STIR,60008,T M,L,0.08,D,0.0021,M,,
8,484.6,DISODIUM ALPHA SULFOPHENYLSTEARATE,,UNK,5.6 X10-2 D 1.15 X10-3 M,CG,VISUAL SPCTR CHNGE PNCN,WEIL STIR,60008,T M,L,0.056,D,0.00115,M,,
9,386.5,SODIUM ALPHA SULFOSTEARIC ACID,,25,,,QUESTIONABLE CRITERION,WEIL STIR,60008,,R,,,,,,
9,386.5,SODIUM ALPHA SULFOSTEARIC ACID,,25,,,QUESTIONABLE CRITERION,WEIL STIR,63013,,R,,,,,,
10,408.5,DISODIUM ALPHA SULFOSTEARATE,,25,,,QUESTIONABLE CRITERION,WEIL STIR,60008,,R,,,,,,
10,408.5,DISODIUM ALPHA SULFOSTEARATE,,25,,,QUESTIONABLE CRITERION,WEIL STIR,63013,,R,,,,,,
11,462.6,SODIUM ALPHA SULFO PHENYL STEARIC ACID,,UNK,5. X10-3 D 1.0 X10-4 M,CG,VISUAL SPCTR CHNGE PNCN,WEIL STIR,60008,T M,L,0.005,D,0.0001,M,,
12,455.4,"SODIUM 9,10 DICHLORO ALPHA SULFOSTEARIC ACID",,UNK,1.7 X10-2 D 3.73 X10-4 M,FG,VISUAL SPCTR CHNGE PNCN,WEIL STIR,60008,T M,L,0.017,D,0.000373,M,,
13,477.3,"DISODIUM 9,10 DICHLORO ALPHA SULFOSTEARATE",,UNK,1.5 X10-1 D 3.14 X10-3 M,FG,VISUAL SPCTR CHNGE PNCN,WEIL STIR,60008,T M,L,0.15,D,0.00314,M,,
14,440.5,DISODIUM 9.10 DIHYDROXY ALPHA SULFOSTEARATE,,UNK,5.9 X10-1 D 1.33 X10-2 M,FG,VISUAL SPCTR CHNGE PNCN,WEIL STIR,60008,T M,L,0.59,D,0.0133,M,,
15,260.3,SODIUM DECYL 2 SULFATE,,10,5.15 X10-2 M,BA,AVER SP EQUIV COND,FLOC,61007,L,3,0.0515,M,,,,
15,260.3,SODIUM DECYL 2 SULFATE,,15,4.92 X10-2 M,BA,AVER SP EQUIV COND,FLOC,61007,L,3,0.0492,M,,,,
15,260.3,SODIUM DECYL 2 SULFATE,,20,4.70 X10-2 M,BA,AVER SP EQUIV COND,FLOC,61007,L,3,0.047,M,,,,
15,260.3,SODIUM DECYL 2 SULFATE,,25,4.56 X10-2 M,BA,AVER SP EQUIV COND,FLOC,61007,L,3,0.0456,M,,,,
15,260.3,SODIUM DECYL 2 SULFATE,,30,4.52 X10-2 M,BA,AVER SP EQUIV COND,FLOC,61007,L,3,0.0452,M,,,,
15,260.3,SODIUM DECYL 2 SULFATE,,35,4.50 X10-2 M,BA,AVER SP EQUIV COND,FLOC,61007,L,3,0.045,M,,,,
15,260.3,SODIUM DECYL 2 SULFATE,,40,4.50 X10-2 M,BA,AVER SP EQUIV COND,FLOC,61007,L,3,0.045,M,,,,
15,260.3,SODIUM DECYL 2 SULFATE,,40,4.95 X10-2 M,BB,SPECFC CONDCTNCE GRAPH,EVAN,56006,T,L,0.0495,M,,,,
15,260.3,SODIUM DECYL 2 SULFATE,,45,4.52 X10-2 M,BA,AVER SP EQUIV COND,FLOC,61007,L,3,0.0452,M,,,,
15,260.3,SODIUM DECYL 2 SULFATE,,50,4.57 X10-2 M,BA,AVER SP EQUIV COND,FLOC,61007,L,3,0.0457,M,,,,
15,260.3,SODIUM DECYL 2 SULFATE,,55,4.65 X10-2 M,BA,AVER SP EQUIV COND,FLOC,61007,L,3,0.0465,M,,,,
15,260.3,SODIUM DECYL 2 SULFATE,,60,4.79 X10-2 M,BA,AVER SP EQUIV COND,FLOC,61007,L,3,0.0479,M,,,,
15,260.3,SODIUM DECYL 2 SULFATE,,65,4.95 X10-2 M,BA,AVER SP EQUIV COND,FLOC,61007,L,3,0.0495,M,,,,
16,316.4,SODIUM TETRADECYL 2 SULFATE,,25,3.27 X10-3 M,BA,AVER SP EQUIV COND,FLOC,61007,L,2,0.00327,M,,,,
16,316.4,SODIUM TETRADECYL 2 SULFATE,,30,3.28 X10-3 M,BA,AVER SP EQUIV COND,FLOC,61007,L,2,0.00328,M,,,,
16,316.4,SODIUM TETRADECYL 2 SULFATE,,35,3.31 X10-3 M,BA,AVER SP EQUIV COND,FLOC,61007,L,2,0.00331,M,,,,
16,316.4,SODIUM TETRADECYL 2 SULFATE,,40,3.3 X10-3 M,CC,UNSPECIFIED CONDUCTANCE,WINS,48008,L,L,0.0033,M,,,,
16,316.4,SODIUM TETRADECYL 2 SULFATE,,40,3.30 X10-3 M,BB,SPECFC CONDCTNCE GRAPH,EVAN,56006,T,L,0.0033,M,,,,
16,316.4,SODIUM TETRADECYL 2 SULFATE,,40,3.38 X10-3 M,BA,AVER SP EQUIV COND,FLOC,61007,L,3,0.00338,M,,,,
16,316.4,SODIUM TETRADECYL 2 SULFATE,,45,3.48 X10-3 M,BA,AVER SP EQUIV COND,FLOC,61007,L,3,0.00348,M,,,,
16,316.4,SODIUM TETRADECYL 2 SULFATE,,50,3.64 X10-3 M,BA,AVER SP EQUIV COND,FLOC,61007,L,3,0.00364,M,,,,
16,316.4,SODIUM TETRADECYL 2 SULFATE,,55,3.83 X10-3 M,BA,AVER SP EQUIV COND,FLOC,61007,L,3,0.00383,M,,,,
16,316.4,SODIUM TETRADECYL 2 SULFATE,,60,3.75 X10-3 M,CB,UNSPECIFIED CONDUCTANCE,WINS,48008,L,L,0.00375,M,,,,
16,316.4,SODIUM TETRADECYL 2 SULFATE,,60,4.04 X10-3 M,BA,AVER SP EQUIV COND,FLOC,61007,L,3,0.00404,M,,,,
16,316.4,SODIUM TETRADECYL 2 SULFATE,,65,4.29 X10-3 M,BA,AVER SP EQUIV COND,FLOC,61007,L,3,0.00429,M,,,,
16,316.4,SODIUM TETRADECYL 2 SULFATE,,70,4.60 X10-3 M,BA,AVER SP EQUIV COND,FLOC,61007,L,3,0.0046,M,,,,
16,316.4,SODIUM TETRADECYL 2 SULFATE,,75,5.00 X10-3 M,BA,AVER SP EQUIV COND,FLOC,61007,L,3,0.005,M,,,,
16,316.4,SODIUM TETRADECYL 2 SULFATE,,RM,3.26 X10-3 M,CG,VISUAL SPCTR CHNGE PNCN,WINS,48008,T,L,0.00326,M,,,,
17,316.4,SODIUM TETRADECYL 4 SULFATE,,25,5.12 X10-3 M,CA,AVER SP EQUIV COND,FLOC,61007,L,3,0.00512,M,,,,
17,316.4,SODIUM TETRADECYL 4 SULFATE,,30,5.05 X10-3 M,CA,AVER SP EQUIV COND,FLOC,61007,L,3,0.00505,M,,,,
17,316.4,SODIUM TETRADECYL 4 SULFATE,,35,5.04 X10-3 M,CA,AVER SP EQUIV COND,FLOC,61007,L.,3,0.00504,M,,,,
17,316.4,SODIUM TETRADECYL 4 SULFATE,,40,5.2 X10-3 M,CB,UNSPECIFIED CONDUCTANCE,WINS,48008,L,L,0.0052,M,,,,
17,316.4,SODIUM TETRADECYL 4 SULFATE,,40,5.15 X10-3 M,CB,SPECFC CONDCTNCE GRAPH,EVAN,56006,T,3,0.00515,M,,,,
17,316.4,SODIUM TETRADECYL 4 SULFATE,,40,5.12 X10-3 M,CA,AVER SP EQUIV COND,FLOC,61007,L,3,0.00512,M,,,,
17,316.4,SODIUM TETRADECYL 4 SULFATE,,45,5.23 X10-3 M,CA,AVER SP EQUIV COND,FLOC,61007,L,3,0.00523,M,,,,
17,316.4,SODIUM TETRADECYL 4 SULFATE,,50,5.38 X10-3 M,CA,AVER SP EQUIV COND,FLOC,61007,L,3,0.00538,M,,,,
17,316.4,SODIUM TETRADECYL 4 SULFATE,,55,5.57 X10-3 M,CA,AVER SP EQUIV COND,FLOC,61007,L,3,0.00557,M,,,,
17,316.4,SODIUM TETRADECYL 4 SULFATE,,60,6.10 X10-3 M,CB,UNSPECIFIED CONDUCTANCE,WINS,48008,L,L,0.0061,M,,,,
17,316.4,SODIUM TETRADECYL 4 SULFATE,,60,5.85 X10-3 M,CA,AVER SP EQUIV COND,FLOC,61007,L,3,0.00585,M,,,,
17,316.4,SODIUM TETRADECYL 4 SULFATE,,65,6.21 X10-3 M,CA,AVER SP EQUIV COND,FLOC,61007,L,3,0.00621,M,,,,
17,316.4,SODIUM TETRADECYL 4 SULFATE,,70,6.62 X10-3 M,CA,AVER SP EQUIV COND,FLOC,61007,L,3,0.00662,M,,,,
17,316.4,SODIUM TETRADECYL 4 SULFATE,,75,7.11 X10-3 M,CA,AVER SP EQUIV COND,FLOC,61007,L,3,0.00711,M,,,,
17,316.4,SODIUM TETRADECYL 4 SULFATE,,RM,4.76 X10-3 M,CG,VISUAL SPCTR CHNGE PNCN,WINS,48008,T,L,0.00476,M,,,,
18,292.4,OCTYL BETA D GLUCOSIDE,,20,2.6 X10-2 W,BD,SURFACE TENSION LOG PLOT,BURY BROW,52011,T,L,0.026,W,,,,
18,292.4,OCTYL BETA D GLUCOSIDE,,25,61008,,VALUES FRM REF IN CMC,SHIN YAMA,59013,,R,,,,,,
18,292.4,OCTYL BETA D GLUCOSIDE,,25,2.5 X10-2 M,BB,SURFACE TENSION LOG PLOT,SHIN YAMA,61008,T,3,0.025,M,,,,
18,292.4,OCTYL BETA D GLUCOSIDE,,30,2.3 X10-2 W,BC,SURFACE TENSION LOG PLOT,BURY BROW,52011,T,L,0.023,W,,,,
18,292.4,OCTYL BETA D GLUCOSIDE,9.3 E-1 N CA CL2,25,1.7 X10-2 M,BB,SURFACE TENSION LOG PLOT,SHIN YAMA,61008,T,L,0.017,M,,,,
18,292.4,OCTYL BETA D GLUCOSIDE,4.7 E-1 N NA CL,25,1.7 X10-2 M,BB,SURFACE TENSION LOG PLOT,SHIN YAMA,61008,T,L,0.017,M,,,,
18,292.4,OCTYL BETA D GLUCOSIDE,9.3 E-1 N NA CL,25,1.2 X10-2 M,BC,SURFACE TENSION LOG PLOT,SHIN YAMA,61008,T,L,0.012,M,,,,
18,292.4,OCTYL BETA D GLUCOSIDE,9.3 E-1 N NA2 S04,25,9. X10-3 M,BC,SURFACE TENSION LOG PLOT,SHIN YAMA,61008,T,L,0.009,M,,,,
18,292.4,OCTYL BETA D GLUCOSIDE,8.9 C 0019,25,1.25 X10-2 M,BB,SURFACE TENSION LOG PLOT,SHIN YAMA,61008,T,L,0.0125,M,,,,
18,292.4,OCTYL BETA D GLUCOSIDE,3.4 E-1 C 0020,25,1.5 X10-2 M,BC,SURFACE TENSION LOG PLOT,SHIN YAMA,61008,T,L,0.015,M,,,,
19,320.4,DECYL BETA D GLUCOSIDE,,25,2.2 X10-3 M,BB,SURFACE TENSION LOG PLOT,SHIN YAMA,61008,T,3,0.0022,M,,,,
19,320.4,DECYL BETA D GLUCOSIDE,0018,,,,SEE CMPD NMBR IN ADDITV,SHIN YAMA,61008,,X,,,,,,
20,348.5,DODECYL BETA D GLUCOSIDE,,25,1.9 X10-4 M,BB,SURFACE TENSION LOG PLOT,SHIN YAMA,61008,T,3,0.00019,M,,,,
20,348.5,DODECYL BETA D GLUCOSIDE,0018,,,,SEE CMPD NMBR IN ADDITV,SHIN YAMA,61008,,X,,,,,,
21,229.4,DIMETHYL DODECYL AMINE OXIDE,,,62005,,VALUES FRM REF IN CMC,HERR,64006,,R,,,,,,
21,229.4,DIMETHYL DODECYL AMINE OXIDE,,01.0,2.84 X10-3 M,BB,TURBIDITY PLT LITE SCATR,HERR,62005,T,L,0.00284,M,,,,
21,229.4,DIMETHYL DODECYL AMINE OXIDE,,25,2. X10-3 M,BE,HEAT OF DILUTION,BENJ,64016,L,L,0.002,M,,,,
21,229.4,DIMETHYL DODECYL AMINE OXIDE,,26.5,4.3 X10-1 P 1.87 X10-2 S,BC,HEAT OF DILUTION,BENJ,66012,L M,L,0.43,P,0.0187,S,,
21,229.4,DIMETHYL DODECYL AMINE OXIDE,,27,2.10 X10-3 M,BB,TURBIDITY PLT LITE SCATR,HERR,62005,T,3,0.0021,M,,,,
21,229.4,DIMETHYL DODECYL AMINE OXIDE,,30,4.5 X10-2 P 1.96 X10-3 S,BC,DENSITY,BENJ,66040,T M,L,0.045,P,0.00196,S,,
21,229.4,DIMETHYL DODECYL AMINE OXIDE,,40,1.83 X10-3 M,BB,TURBIDITY PLT LITE SCATR,HERR,62005,T,L,0.00183,M,,,,
21,229.4,DIMETHYL DODECYL AMINE OXIDE,,50,1.75 X10-3 M,BB,TURBIDITY PLT LITE SCATR,HERR,62005,T,L,0.00175,M,,,,
21,229.4,DIMETHYL DODECYL AMINE OXIDE,2.5 EOB BUTANOL-1,26.5,2.2 X10-1 P 9.59 X10-3 S,BC,HEAT OF DILUTION,BENJ,66012,L M,L,0.22,P,0.00959,S,,
21,229.4,DIMETHYL DODECYL AMINE OXIDE,5. E 0 B BUTANOL-1,26.5,1.2 X10-1 P 5.23 X10-3 S,BD,HEAT OF DILUTION,BENJ,66012,L M,L,0.12,P,0.00523,S,,
21,229.4,DIMETHYL DODECYL AMINE OXIDE,7. E 0 B BUTANOL-1,26.5,6. X10-2 P 2.6 X10-3 S,BE,HEAT OF DILUTION,BENJ,66012,L M,L,0.06,P,0.0026,S,,
21,229.4,DIMETHYL DODECYL AMINE OXIDE,5. EOB ETHANOL,26.5,3.9 X10-1 P 1.70 X10-2 S,BC,HEAT OF DILUTION,BENJ,66012,L M,L,0.39,P,0.017,S,,
21,229.4,DIMETHYL DODECYL AMINE OXIDE,1.0 E1B ETHANOL,26.5,3.4 X10-1 P 1.48 X10-2 S,BC,HEAT OF DILUTION,BENJ,66012,L M,L,0.34,P,0.0148,S,,
21,229.4,DIMETHYL DODECYL AMINE OXIDE,1.0 E1B METHANOL,26.5,4.5 X10-1 P 1.96 X10-2 S,BC,HEAT OF DILUTION,BENJ,66012,L M,L,0.45,P,0.0196,S,,
21,229.4,DIMETHYL DODECYL AMINE OXIDE,1.5 E1B METHANOL,26.5,4.0 X10-1 P 1.74 X10-2 S,BC,HEAT OF DILUTION,BENJ,66012,L M,L,0.4,P,0.0174,S,,
21,229.4,DIMETHYL DODECYL AMINE OXIDE,2. E-1 M NA CL,27,3.4 X10-2 D 1.48 X10-3 M,BB,TURBIDITY PLT LITE SCATR,HERR,62005,T M,L,0.034,D,0.00148,M,,
21,229.4,DIMETHYL DODECYL AMINE OXIDE,5. EOB PROPANOL-1,26.5,2.8 X10-1 P 1.22 X10-2 S,BC,HEAT OF DILUTION,BENJ,66012,L M,L,0.28,P,0.0122,S,,
21,229.4,DIMETHYL DODECYL AMINE OXIDE,1.0 E1B PROPANOL-1,26.5,1.7 X10-1 P 7.41 X10-3 S,BD,HEAT OF DILUTION,BENJ,66012,L M,L,0.17,P,0.00741,S,,
21,229.4,DIMETHYL DODECYL AMINE OXIDE,2.0 E1B PROPANOL-1,26.5,1.1 X10-1 P 4.79 X10-3 S,BD,HEAT OF DILUTION,BENJ,66012,L M,L,0.11,P,0.00479,S,,
21,229.4,DIMETHYL DODECYL AMINE OXIDE,2. E 0 M UREA,26.5,5.4 X10-1 P 2.35 X10-2 S,BC,HEAT OF DILUTION,BENJ,66012,L M,L,0.54,P,0.0235,S,,
21,229.4,DIMETHYL DODECYL AMINE OXIDE,4. E 0 M UREA,26.5,6.9 X10-1 P 3.00 X10-2 S,BC,HEAT OF DILUTION,BENJ,66012,L M,L,0.69,P,0.03,S,,
21,229.4,DIMETHYL DODECYL AMINE OXIDE,6.5 EOM UREA,26.5,1.04 X10 0 P 4.533X10-2 S,BC,HEAT OF DILUTION,BENJ,66012,L M,L,1.04,P,0.04533,S,,
21,229.4,DIMETHYL DODECYL AMINE OXIDE,1. EOM GUANIDINIUM CL 7.5 E 0 PH OF SOLUTION,26.5,4.8 X10-1 P 2.09 X10-2 S,BC,HEAT OF DILUTION,BENJ,66012,L M,L,0.48,P,0.0209,S,,
21,229.4,DIMETHYL DODECYL AMINE OXIDE,2. EOM GUANIDINIUM CL 7.5 E 0 PH OF SOLUTION,26.5,6.2 X10-1 P 2.70 X10-2 S,BC,HEAT OF DILUTION,BENJ,66012,L M,L,0.62,P,0.027,S,,
21,229.4,DIMETHYL DODECYL AMINE OXIDE,3. E 0 1 M GUANIDINIUM CL 7.5 E 0 PH OF SOLUTION,26.5,7.8 X10-1 P 3.40 X10-2 S,BC,HEAT OF DILUTION,BENJ,66012,L M,L,0.78,P,0.034,S,,
21,229.4,DIMETHYL DODECYL AMINE OXIDE,4. E 0 M GUANIDINIUM CL 7.5 E 0 PH OF SOLUTION,26.5,8.8 X10-1 P 3.83 X10-2 S,BC,HEAT OF DILUTION,BENJ,66012,L M,L,0.88,P,0.0383,S,,
21,229.4,DIMETHYL DODECYL AMINE OXIDE,2. EON GUANIDINIUM C03,26.5,1.9 X10-1 P 8.28 X10-3 S,BC,HEAT OF DILUTION,BENJ,66012,L M,L,0.19,P,0.00828,S,,
21,229.4,DIMETHYL DODECYL AMINE OXIDE,1. E-1 M NA CL 2.0 E O PH OF SOLUTION,25,3.50 X10-3 M,BC,FOTOMTR SOLUBLZTN YLOB,TOKI OHKI,66027,G,L,0.0035,M,,,,
21,229.4,DIMETHYL DODECYL AMINE OXIDE,1. E-1 M NA CL 3.2 E 0 PH OF SOLUTION,25,3.10 X10-3 M,BC,FOTOMTR SOLUBLZTN YLOB,TOKI OHKI,66027,G,L,0.0031,M,,,,
21,229.4,DIMETHYL DODECYL AMINE OXIDE,1. E-1 M NA CL 4.2 E 0 PH OF SOLUTION,25,1.95 X10-3 M,BC,FOTOMTR SOLUBLZTN YLOB,TOKI OHKI,66027,G,L,0.00195,M,,,,
21,229.4,DIMETHYL DODECYL AMINE OXIDE,1. E-1 M NA CL 5.1 E 0 PH OF SOLUTION,25,1.25 X10-3 M,BC,FOTOMTR SOLUBLZTN YLOB,TOKI OHKI,66027,G,L,0.00125,M,,,,
21,229.4,DIMETHYL DODECYL AMINE OXIDE,1. E-1 M NA CL 6.1 E 0 PH OF SOLUTION,25,1.01 X10-3 M,BC,FOTOMTR SOLUBLZTN YLOB,TOKI OHKI,66027,G,L,0.00101,M,,,,
21,229.4,DIMETHYL DODECYL AMINE OXIDE,1. E-1 M NA CL 7.1 E 0 PH OF SOLUTION,25,1.00 X10-3 M,BC,FOTOMTR SOLUBLZTN YLOB,TOKI OHKI,66027,G,L,0.001,M,,,,
22,265.9,DIMETHYL DODECYL AMINE OXIDE HYDROCHLORIDE,1. E-2 M H CL,25,5. X10-3 M,BE,HEAT OF DILUTION,BENJ,64016,L,L,0.005,M,,,,
22,265.9,DIMETHYL DODECYL AMINE OXIDE HYDROCHLORIDE,1. E-3 M H CL,27,1.9 X10-1 D 7.14 X10-3 M,BB,TURBIDITY PLT LITE SCATR,HERR,62005,T M,3,0.19,D,0.00714,M,,
22,265.9,DIMETHYL DODECYL AMINE OXIDE HYDROCHLORIDE,1. E-2 M H CL,27,1.8 X10-1 D 6.76 X10-3 M,BB,TURBIDITY PLT LITE SCATR,HERR,62005,T M,3,0.18,D,0.00676,M,,
22,265.9,DIMETHYL DODECYL AMINE OXIDE HYDROCHLORIDE,1. E-3 M H CL 2. E-2 M NA CL,27,3.4 X10-2 D 1.27 X10-3 M,BB,TURBIDITY PLT LITE SCATR,HERR,62005,T M,L,0.034,D,0.00127,M,,
22,265.9,DIMETHYL DODECYL AMINE OXIDE HYDROCHLORIDE,1. E-3 M H CL 1. E-1 M NA CL,27,4.8 X10-2 D 1.80 X10-3 M,BB,TURBIDITY PLT LITE SCATR,HERR,62005,T M,L,0.048,D,0.0018,M,,
23,373.2,SILVER DODECYL 1 SULFATE,,35,7.3 X10-3 M,BA,SPECFC CONDCTNCE GRAPH,CORK GOOD,62006,T,2,0.0073,M,,,,
23,373.2,SILVER DODECYL 1 SULFATE,,55,8.4 X10-3 M,BA,SPECFC CONDCTNCE GRAPH,CORK GOOD,62006,T,3,0.0084,M,,,,
23,373.2,SILVER DODECYL 1 SULFATE,1. E-2 M AG N03,35,4.7 X10-3 M,BA,SPECFC CONDCTNCE GRAPH,CORK GOOD,62006,T,3,0.0047,M,,,,
23,373.2,SILVER DODECYL 1 SULFATE,1. E-2 M NA N03,35,5.4 X10-3 M,BA,SPECFC CONDCTNCE GRAPH,CORK GOOD,62006,T,3,0.0054,M,,,,
24,570.8,CALCIUM DODECYL 1 SULFATE,,54,1.3 X10-3 M,BC,SURFACE TENSION LOG PLOT,MIYA,60029,T,L,0.0013,M,,,,
24,570.8,CALCIUM DODECYL 1 SULFATE,,54,1.3 X10-3 M,BG,VISUAL SPCTR CHNGE PNCN,MIYA,60029,T,L,0.0013,M,,,,
24,570.8,CALCIUM DODECYL 1 SULFATE,,70,3.4 X10-3 N,BB,SPECFC CONDCTNCE GRAPH,CORK GOOD,62006,T,3,0.0034,N,,,,
24,570.8,CALCIUM DODECYL 1 SULFATE,,70,2.9 X10-3 N,CG,VISUAL SPCTR CHNGE PNCN,LANG,51005,L,L,0.0029,N,,,,
24,570.8,CALCIUM DODECYL 1 SULFATE,1.0 E-4 N CA CL2,70,1.02 X10-3 N,CG,VISUAL SPCTR CHNGE PNCN,LANG,51005,L,L,0.00102,N,,,,
24,570.8,CALCIUM DODECYL 1 SULFATE,3.0 E-4 N CA CL2,70,7.7 X10-4 N,CG,VISUAL SPCTR CHNGE PNCN,LANG,51005,L,L,0.00077,N,,,,
24,570.8,CALCIUM DODECYL 1 SULFATE,1. E-3 N CA CL2,70,2.6 X10-3 N,CG,VISUAL SPCTR CHNGE PNCN,LANG,51005,L,L,0.0026,N,,,,
24,570.8,CALCIUM DODECYL 1 SULFATE,5. E-3 N CA CL2,70,2.15 X10-3 N,CG,VISUAL SPCTR CHNGE PNCN,LANG,51005,L,L,0.00215,N,,,,
24,570.8,CALCIUM DODECYL 1 SULFATE,2.5 E-2 N CA CL2,70,1.45 X10-3 N,CG,VISUAL SPCTR CHNGE PNCN,LANG,51005,L,L,0.00145,N,,,,
24,570.8,CALCIUM DODECYL 1 SULFATE,1. E-3 M NA CL,70,2.85 X10-3 N,CG,VISUAL SPCTR CHNGE PNCN,LANG,51005,L,L,0.00285,N,,,,
24,570.8,CALCIUM DODECYL 1 SULFATE,4. E-3 M NA CL,70,2.8 X10-3 N,CG,VISUAL SPCTR CHNGE PNCN,LANG,51005,L,L,0.0028,N,,,,
24,570.8,CALCIUM DODECYL 1 SULFATE,1. E-2 M NA CL,70,2.7 X10-3 N,CG,VISUAL SPCTR CHNGE PNCN,LANG,51005,L,L,0.0027,N,,,,
24,570.8,CALCIUM DODECYL 1 SULFATE,2. E-2 M NA CL,70,2.6 X10-3 N,CG,VISUAL SPCTR CHNGE PNCN,LANG,51005,L,L,0.0026,N,,,,
24,570.8,CALCIUM DODECYL 1 SULFATE,3. E-2 M NA CL,70,2.6 X10-3 N,CG,VISUAL SPCTR CHNGE PNCN,LANG,51005,L,L,0.0026,N,,,,
24,570.8,CALCIUM DODECYL 1 SULFATE,5. E-2 M NA CL,70,2.4 X10-3 N,CG,VISUAL SPCTR CHNGE PNCN,LANG,51005,L,L,0.0024,N,,,,
24,570.8,CALCIUM DODECYL 1 SULFATE,1.0 E-1 M NA CL,70,1.7 X10-3 N,CG,VISUAL SPCTR CHNGE PNCN,LANG,51005,L,L,0.0017,N,,,,
24,570.8,CALCIUM DODECYL 1 SULFATE,2.0 E-1 M NA CL,70,1.25 X10-3 N,CG,VISUAL SPCTR CHNGE PNCN,LANG,51005,L,L,0.00125,N,,,,
24,570.8,CALCIUM DODECYL 1 SULFATE,5.0 E-1 M NA CL,70,7.3 X10-4 N,CG,VISUAL SPCTR CHNGE PNCN,LANG,51005,L,L,0.00073,N,,,,
24,570.8,CALCIUM DODECYL 1 SULFATE,1. E-2 M NA N03,70,3.3 X10-3 N,BB,SPECFC CONDCTNCE GRAPH,CORK GOOD,62006,T,3,0.0033,N,,,,
24,570.8,CALCIUM DODECYL 1 SULFATE,0001,70,,,SEE CMPD NMBR IN ADDITV,LANG,51005,,X,,,,,,
25,288.3,SODIUM ETHYL ALPHA SULFOPELARGONATE,,UNK,9.80 X10-2 M,CG,VISUAL SPCTR CHNGE PNCN,STIR WEIL,62008,T,L,0.098,M,,,,
26,330.4,SODIUM AMYL ALPHA SULFOPELARGONATE,,UNK,1.56 X10-2 M,CG,VISUAL SPCTR CHNGE PNCN,MAUR STIR,64002,T,L,0.0156,M,,,,
26,330.4,SODIUM AMYL ALPHA SULFOPELARGONATE,,UNK,1.60 X10-2 M,CG,VISUAL SPCTR CHNGE PNCN,STIR WEIL,62008,T,L,0.016,M,,,,
27,344.4,SODIUM HEXYL ALPHA SULFOPELARGONATE,,UNK,7.0 X10-3 M,CG,VISUAL SPCTR CHNGE PNCN,STIR WEIL,62008,T,L,0.007,M,,,,
28,358.4,SODIUM HEPTYL ALPHA SULFOPELARGONATE,,UNK,4.5 X10-3 M,CG,VISUAL SPCTR CHNGE PNCN,STIR WEIL,62008,T,L,0.0045,M,,,,
29,386.5,SODIUM NONYL ALPHA SULFOPELARGONATE,,UNK,1.2 X10-3 M,CG,VISUAL SPCTR CHNGE PNCN,STIR WEIL,62008,T,L,0.0012,M,,,,
30,400.5,SODIUM DECYL ALPHA SULFOPELARGONATE,,UNK,5. X10-4 M,CG,VISUAL SPCTR CHNGE PNCN,STIR WEIL,62008,T,L,0.0005,M,,,,
31,372.4,SODIUM 2 OCTYL ALPHA SULFOPELARGONATE,,UNK,3.6 X10-3 M,CG,VISUAL SPCTR CHNGE PNCN,STIR WEIL,62008,T,L,0.0036,M,,,,
32,372.4,SODIUM 2 ETHYLHEXYL ALPHA SULFOPELARGONATE,,UNK,1.9 X10-3 M,CG,VISUAL SPCTR CHNGE PNCN,STIR WEIL,62008,T,L,0.0019,M,,,,
33,400.5,SODIUM /0X0/ DECYL ALPHA SULFOPELARGONATE,,UNK,5. X10-4 M,HG,VISUAL SPCTR CHNGE PNCN,STIR WEIL,62008,T,L,0.0005,M,,,,
34,428.6,SODIUM DODECYL ALPHA SULFOPELARGONATE,,UNK,1. X10-4 M,CG,VISUAL SPCTR CHNGE PNCN,STIR WEIL,62008,T,L,0.0001,M,,,,
35,574.3,SODIUM H/CF2CF2/3CH2 ALPHA SULFOPELARGONATE,,UNK,2.4 X10-3 M,HG,VISUAL SPCTR CHNGE PNCN,STIR WEIL,62008,T,L,0.0024,M,,,,
35,574.3,SODIUM H/CF2CF2/3CH2 ALPHA SULFOPELARGONATE,,RM,1.4 X10-2 D 3.75 X10-4 M,CG,FOTOMTR SPCTR CHNGE PNCN,WEIL STIR,56008,T M,L,0.014,D,0.000375,M,,
35,574.3,SODIUM H/CF2CF2/3CH2 ALPHA SULFOPELARGONATE,,RM,1.5 X10-2 D 4.02 X10-4 M,CG,VISUAL SPCTR CHNGE PNCN,WEIL STIR,56008,T M,L,0.015,D,0.000402,M,,
37,193.7,DECYLAMMONIUM CHLORIDE,,20,3.2 X10-2 M,CC,EQUIV CONDCTNCE GRAPH,RALS HOER,42002,P,L,0.032,M,,,,
37,193.7,DECYLAMMONIUM CHLORIDE,,25,4. X10-2 M,CE,REFRACTIVE INDEX,KLEV,48005,T,L,0.04,M,,,,
37,193.7,DECYLAMMONIUM CHLORIDE,,25,4.8 X10-2 M,XC,REFRACTIVE INDEX,KLEV,53010,T,L,0.048,M,,,,
37,193.7,DECYLAMMONIUM CHLORIDE,,25,5.40 X10-2 M,CB,SPECFC CONDCTNCE GRAPH,HOYE GREE,57004,T,L,0.054,M,,,,
37,193.7,DECYLAMMONIUM CHLORIDE,,40,3.8 X10-2 M,CC,EQUIV CONDCTNCE GRAPH,RALS HOER,42002,P,L,0.038,M,,,,
37,193.7,DECYLAMMONIUM CHLORIDE,,60,3.8 X10-2 M,CC,EQUIV CONDCTNCE GRAPH,RALS HOER,42002,P,L,0.038,M,,,,
37,193.7,DECYLAMMONIUM CHLORIDE,,RM,4. X10-2 M,BD,PH OR HYDROLYSIS,VEIS HOER,60001,T,L,0.04,M,,,,
38,221.8,DODECYL AMMONIUM CHLORIDE,,,59016,,VALUES FRM REF IN CMC,BOTR CRES,60024,,R,,,,,,
38,221.8,DODECYL AMMONIUM CHLORIDE,,,50008,,VALUES FRM REF IN CMC,CORR HARK,46004,,R,,,,,,
38,221.8,DODECYL AMMONIUM CHLORIDE,,,47006,,VALUES FRM REF IN CMC,CORR HARK,46005,,R,,,,,,
38,221.8,DODECYL AMMONIUM CHLORIDE,,,48016,,VALUES FRM REF IN CMC,KOLT STRI,49005,,R,,,,,,
38,221.8,DODECYL AMMONIUM CHLORIDE,,15,1.56 X10-2 M,BB,SPECFC CONDCTNCE GRAPH,EGGE HARW,51006,T,3,0.0156,M,,,,
38,221.8,DODECYL AMMONIUM CHLORIDE,,18,1.45 X10-2 M,CB,SPECFC CONDCTNCE GRAPH,HOYE GREE,57004,T,L,0.0145,M,,,,
38,221.8,DODECYL AMMONIUM CHLORIDE,,20,1.5 X10-2 M,XG,VISCOSITY MINIMUM,SATA TYUZ,53006,T,L,0.015,M,,,,
38,221.8,DODECYL AMMONIUM CHLORIDE,,20,1.56 X10-2 M,BB,SPECFC CONDCTNCE GRAPH,EGGE HARW,51006,T,L,0.0156,M,,,,
38,221.8,DODECYL AMMONIUM CHLORIDE,,20,1.50 X10-2 M,BA,SPECFC CONDCTNCE GRAPH,RALS EGGE,48027,P,2,0.015,M,,,,
38,221.8,DODECYL AMMONIUM CHLORIDE,,23.5,2.95 X10-1 D 1.330X10-2 M,BB,REFRACTIVE INDEX,KLEV,46012,T M,L,0.295,D,0.0133,M,,
38,221.8,DODECYL AMMONIUM CHLORIDE,,25,1.43 X10-2 M,BG,EQUIV COND 1ST DEVIATION,BROW GRIE,49014,T,L,0.0143,M,,,,
38,221.8,DODECYL AMMONIUM CHLORIDE,,25,1.46 X10-2 M,BA,EQUIV CONDCTNCE GRAPH,BROW GRIE,49014,P,1,0.0146,M,,,,
38,221.8,DODECYL AMMONIUM CHLORIDE,,25,1.28 X10-2 M,BG,VISUAL SPCTR CHNGE INPX,CORR HARK,50008,T,L,0.0128,M,,,,
38,221.8,DODECYL AMMONIUM CHLORIDE,,25,1.52 X10-2 M,BB,SPECFC CONDCTNCE GRAPH,EGGE HARW,51006,T,L,0.0152,M,,,,
38,221.8,DODECYL AMMONIUM CHLORIDE,,25,1.34 X10-2 W,BB,SPECFC CONDCTNCE GRAPH,CZER,65031,T,L,0.0134,W,,,,
38,221.8,DODECYL AMMONIUM CHLORIDE,,25.6,1.31 X10-2 M,CG,FOTOMTR SPCTR CHNGE INPX,KLEV,47004,T,L,0.0131,M,,,,
38,221.8,DODECYL AMMONIUM CHLORIDE,,25,1.34 X10-2 M,CB,SPECFC CONDCTNCE GRAPH,OSUG SATO,65036,G,L,0.0134,M,,,,
38,221.8,DODECYL AMMONIUM CHLORIDE,,25,1.47 X10-2 M,BA,SPECFC CONDCTNCE GRAPH,RALS EGGE,48027,P,1,0.0147,M,,,,
38,221.8,DODECYL AMMONIUM CHLORIDE,,25,1.38 X10-2 M,CB,SPECFC CONDCTNCE GRAPH,HOYE GREE,57004,T,L,0.0138,M,,,,
38,221.8,DODECYL AMMONIUM CHLORIDE,,26,1.27 X10-2 M,BG,VISUAL SPCTR CHNGE SKYB,CORR HARK,47006,T,L,0.0127,M,,,,
38,221.8,DODECYL AMMONIUM CHLORIDE,,26,1.36 X10-2 M,BG,VISUAL SPCTR CHNGE EOSN,CORR HARK,47006,T,L,0.0136,M,,,,
38,221.8,DODECYL AMMONIUM CHLORIDE,,26,1.30 X10-2 M,BG,VISUAL SPCTR CHNGE FL,CORR HARK,47006,T,L,0.013,M,,,,
38,221.8,DODECYL AMMONIUM CHLORIDE,,26,1.24 X10-2 M,BG,VISUAL SPCTR CHNGE INPX,CORR HARK,47006,T,L,0.0124,M,,,,
38,221.8,DODECYL AMMONIUM CHLORIDE,,26,1.31 X10-2 M,BG,VISUAL SPCTR CHNGE SKYB,CORR HARK,47010,T,L,0.0131,M,,,,
38,221.8,DODECYL AMMONIUM CHLORIDE,,26,1.31 X10-2 M,BG,VISUAL SPCTR CHNGE INPX,CORR HARK,47010,T,L,0.0131,M,,,,
38,221.8,DODECYL AMMONIUM CHLORIDE,,27,1.50 X10-2 M,BB,SPECFC CONDCTNCE GRAPH,EGGE HARW,51006,T,3,0.015,M,,,,
38,221.8,DODECYL AMMONIUM CHLORIDE,,30,3.23 X10-1 D 1.456x10-2 M,CC,TURBIDITY PLT LITE SCATR,KUSH PARK,57006,T M,L,0.323,D,0.01456,M,,
38,221.8,DODECYL AMMONIUM CHLORIDE,,30,1.6 X10-2 M,XG,VISCOSITY MINIMUM,SATA TYUZ,53006,T,L,0.016,M,,,,
38,221.8,DODECYL AMMONIUM CHLORIDE,,30,1.46 X10-2 M,BC,EQUIV CONDCTNCE GRAPH,RALS BROO,49013,T,L,0.0146,M,,,,
38,221.8,DODECYL AMMONIUM CHLORIDE,,30,1.65 X10-2 W,XB,VAPR PRESURE LOWERING,HUFF MCBA,51004,T,L,0.0165,W,,,,
38,221.8,DODECYL AMMONIUM CHLORIDE,,30,1.3 X10-2 M,CD,REFRACTIVE INDEX,KLEV,48005,T,L,0.013,M,,,,
38,221.8,DODECYL AMMONIUM CHLORIDE,,30,1.4 X10-2 M,XG,VISUAL SPCTR CHNGE,KLEV,53010,T,L,0.014,M,,,,
38,221.8,DODECYL AMMONIUM CHLORIDE,,30,1.47 X10-2 M,BB,DENSITY,CART ANAC,60005,K,1,0.0147,M,,,,
38,221.8,DODECYL AMMONIUM CHLORIDE,,30,1.29 X10-2 M,CB,SPECFC CONDCTNCE GRAPH,RALS HOER,46001,T,L,0.0129,M,,,,
38,221.8,DODECYL AMMONIUM CHLORIDE,,30,1.34 X10-2 M,CB,FOTOMTR SOLUBLZTN PDMAB,KOLT STRI,48016,T,L,0.0134,M,,,,
38,221.8,DODECYL AMMONIUM CHLORIDE,,30,1.47 X10-2 M,BB,EQUIV CONDCTNCE GRAPH,RALS EGGE,48020,K,1,0.0147,M,,,,
38,221.8,DODECYL AMMONIUM CHLORIDE,,30,1.45 X10-2 M,BC,EQUIV CONDCTNCE GRAPH,RALS EGGE,48021,K,L,0.0145,M,,,,
38,221.8,DODECYL AMMONIUM CHLORIDE,,30,1.44 X10-2 N,BB,EQUIV CONDCTNCE GRAPH,RALS EGGE,48023,T,L,0.0144,N,,,,
38,221.8,DODECYL AMMONIUM CHLORIDE,,30,1.50 X10-2 M,BA,SPECFC CONDCTNCE GRAPH,EGGE HARW,51006,T,1,0.015,M,,,,
38,221.8,DODECYL AMMONIUM CHLORIDE,,30,1.48 X10-2 M,BA,SPECFC CONDCTNCE GRAPH,RALS EGGE,48027,P,1,0.0148,M,,,,
38,221.8,DODECYL AMMONIUM CHLORIDE,,30,1.34 X10-2 M,CB,FOTOMTR SOLUBLZTN AZBZ,KOLT STRI,49005,T,L,0.0134,M,,,,
38,221.8,DODECYL AMMONIUM CHLORIDE,,30,1.34 X10-2 M,CB,FOTOMTR SOLUBLZTN OROT,KOLT STRI,49005,T,L,0.0134,M,,,,
38,221.8,DODECYL AMMONIUM CHLORIDE,,30,1.48 X10-2 M,BB,EQUIV CONDCTNCE GRAPH,RALS EGGE,49008,GK,1,0.0148,M,,,,
38,221.8,DODECYL AMMONIUM CHLORIDE,,35,1.36 X10-2 W,BB,SPECFC CONDCTNCE GRAPH,CZER,65031,T,L,0.0136,W,,,,
38,221.8,DODECYL AMMONIUM CHLORIDE,,35.8,1.25 X10-2 M,CG,FOTOMTR SPCTR CHNGE INPX,KLEV,47004,T,L,0.0125,M,,,,
38,221.8,DODECYL AMMONIUM CHLORIDE,,35,1.33 X10-2 M,CB,SPECFC CONDCTNCE GRAPH,HOYE GREE,57004,T,L,0.0133,M,,,,
38,221.8,DODECYL AMMONIUM CHLORIDE,,40,1.49 X10-2 M,BA,SPECFC CONDCTNCE GRAPH,EGGE HARW,51006,T,L,0.0149,M,,,,
38,221.8,DODECYL AMMONIUM CHLORIDE,,40,1.50 X10-2 M,BA,SPECFC CONDCTNCE GRAPH,RALS EGGE,48027,P,2,0.015,M,,,,
38,221.8,DODECYL AMMONIUM CHLORIDE,,45,1.21 X10-2 M,CG,FOTOMTR SPCTR CHNGE INPX,KLEV,47004,T,L,0.0121,M,,,,
38,221.8,DODECYL AMMONIUM CHLORIDE,,45,1.43 X10-2 W,BB,SPECFC CONDCTNCE GRAPH,CZER,65031,T,L,0.0143,W,,,,
38,221.8,DODECYL AMMONIUM CHLORIDE,,50,1.30 X10-2 M,HB,SPECFC CONDCTNCE GRAPH,MARO ELDE,54006,T,L,0.013,M,,,,
38,221.8,DODECYL AMMONIUM CHLORIDE,,50,1.4 X10-2 W,XD,VAPR PRESURE LOWERING,HUFF MCBA,51004,T,L,0.014,W,,,,
38,221.8,DODECYL AMMONIUM CHLORIDE,,50,1.34 X10-2 M,CB,FOTOMTR SOLUBLZTN PDMAB,KOLT STRI,48016,T,L,0.0134,M,,,,
38,221.8,DODECYL AMMONIUM CHLORIDE,,50,1.65 X10-2 M,BB,SPECFC CONDCTNCE GRAPH,EGGE HARW,51006,T,L,0.0165,M,,,,
38,221.8,DODECYL AMMONIUM CHLORIDE,,50,1.58 X10-2 M,BA,SPECFC CONDCTNCE GRAPH,RALS EGGE,48027,P,3,0.0158,M,,,,
36,372.4,SODIUM METHYL ALPHA SULFOPALMITATE,,28,1.2 X10-2 D 3.22 X10-4 M,CD,SURFACE TENSION UNSPEC,WEIL STIR,56008,T M,L,0.012,D,0.000322,M,,
36,372.4,SODIUM METHYL ALPHA SULFOPALMITATE,,UNK,4. X10-4 M,CG,VISUAL SPCTR CHNGE PNCN,STIR WEIL,62008,T,L,0.0004,M,,,,
36,372.4,SODIUM METHYL ALPHA SULFOPALMITATE,,50,1.37 X10-2 M,CB,FOTOMTR SOLUBLZTN OROT,KOLT STRI,49005,T,L,0.0137,M,,,,
36,372.4,SODIUM METHYL ALPHA SULFOPALMITATE,,50,1.34 X10-2 M,CB,FOTOMTR SOLUBLZTN AZBZ,KOLT STRI,49005,T,L,0.0134,M,,,,
36,372.4,SODIUM METHYL ALPHA SULFOPALMITATE,,55,1.20 X10-2 M,CG,FOTOMTR SPCTR CHNGE INPX,KLEV,47004,T,L,0.012,M,,,,
36,372.4,SODIUM METHYL ALPHA SULFOPALMITATE,,55,1.50 X10-2 W,BB,SPECFC CONDCTNCE GRAPH,CZER,65031,T,L,0.015,W,,,,
36,372.4,SODIUM METHYL ALPHA SULFOPALMITATE,,60,1.3 X10-2 M,CC,EQUIV CONDCTNCE GRAPH,RALS HOER,42002,T,L,0.013,M,,,,
36,372.4,SODIUM METHYL ALPHA SULFOPALMITATE,,60,1.80 X10-2 M,BC,SPECFC CONDCTNCE GRAPH,EGGE HARW,51006,T,L,0.018,M,,,,
36,372.4,SODIUM METHYL ALPHA SULFOPALMITATE,,60,1.71 X10-2 M,BB,SPECFC CONDCTNCE GRAPH,RALS EGGE,48027,P,3,0.0171,M,,,,
36,372.4,SODIUM METHYL ALPHA SULFOPALMITATE,,UNK,1.4 X10-2 M,CC,UNSPECIFIED CONDUCTANCE,BOTR CRES,59016,T,L,0.014,M,,,,
36,372.4,SODIUM METHYL ALPHA SULFOPALMITATE,,UNK,1.4 X10-2 M,CD,ELECTROMOTIVE FORCE,BOTR CRES,59016,T,L,0.014,M,,,,
36,372.4,SODIUM METHYL ALPHA SULFOPALMITATE,,RM,1.3 X10-2 M,BD,PH OR HYDROLYSIS,VEIS HOER,60001,T,L,0.013,M,,,,
36,372.4,SODIUM METHYL ALPHA SULFOPALMITATE,,UNK,1.31 X10-2 M,CG,VISUAL SPCTR CHNGE DCFL,CORR HARK,46004,G,L,0.0131,M,,,,
36,372.4,SODIUM METHYL ALPHA SULFOPALMITATE,,UNK,1.4 X10-2 M,BG,METHOD NOT CITED,KLEV CARR,56001,T,L,0.014,M,,,,
36,372.4,SODIUM METHYL ALPHA SULFOPALMITATE,3.66 E 0 A ACETONITRILE,30,1.61 X10-2 N,BB,EQUIV CONDCTNCE GRAPH,RALS EGGE,48023,T,3,0.0161,N,,,,
36,372.4,SODIUM METHYL ALPHA SULFOPALMITATE,3.27 E 0 A ACETONE,30,1.30 X10-2 N,BB,EQUIV CONDCTNCE GRAPH,RALS EGGE,48023,T,3,0.013,N,,,,
36,372.4,SODIUM METHYL ALPHA SULFOPALMITATE,7.06 E 0 A ACETONE,30,1.51 X10-2 N,BC,EQUIV CONDCTNCE GRAPH,RALS EGGE,48023,T,L,0.0151,N,,,,
36,372.4,SODIUM METHYL ALPHA SULFOPALMITATE,9.95 E 0 A ACETONE,30,4.54 X10-2 N,BD,EQUIV CONDCTNCE GRAPH,RALS EGGE,48023,T,L,0.0454,N,,,,
36,372.4,SODIUM METHYL ALPHA SULFOPALMITATE,7.67 E-3 M BA CL2,26,1.05 X10-2 M,BG,VISUAL SPCTR CHNGE SKYB,CORR HARK,47010,T,L,0.0105,M,,,,
36,372.4,SODIUM METHYL ALPHA SULFOPALMITATE,1.27 E-2 M BA CL2,26,8.66 X10-3 M,BG,VISUAL SPCTR CHNGE,CORR HARK,47010,T,L,0.00866,M,,,,
36,372.4,SODIUM METHYL ALPHA SULFOPALMITATE,1.76 E-2 M BA CL2,26,8.01 X10-3 M,BG,VISUAL SPCTR CHNGE INPX,CORR HARK,47010,T,L,0.00801,M,,,,
36,372.4,SODIUM METHYL ALPHA SULFOPALMITATE,2.19 E-2 M BA CL2,26,7.48 X10-3 M,BG,VISUAL SPCTR CHNGE SKYB,CORR HARK,47010,T,L,0.00748,M,,,,
36,372.4,SODIUM METHYL ALPHA SULFOPALMITATE,3.16 E-2 M BA CL2,26,6.21 X10-3 M,BG,VISUAL SPCTR CHNGE SKYB,CORR HARK,47010,T,L,0.00621,M,,,,
36,372.4,SODIUM METHYL ALPHA SULFOPALMITATE,3.45 E-2 M BA CL2,26,5.89 X10-3 M,BG,VISUAL SPCTR CHNGE INPX,CORR HARK,47010,T,L,0.00589,M,,,,
36,372.4,SODIUM METHYL ALPHA SULFOPALMITATE,4.07 E-2 M BA CL2,26,5.56 X10-3 M,BG,VISUAL SPCTR CHNGE SKYB,CORR HARK,47010,T,L,0.00556,M,,,,
36,372.4,SODIUM METHYL ALPHA SULFOPALMITATE,2.5 E-3 N BA CL2,30,1.36 X10-2 M,BB,EQUIV CONDCTNCE GRAPH,RALS EGGE,49008,G,3,0.0136,M,,,,
36,372.4,SODIUM METHYL ALPHA SULFOPALMITATE,5. E-3 N BA CL2,30,1.30 X10-2 M,BB,EQUIV CONDCTNCE GRAPH,RALS EGGE,49008,G,3,0.013,M,,,,
36,372.4,SODIUM METHYL ALPHA SULFOPALMITATE,1. E-2 N BA CL2,30,1.13 X10-2 M,BB,EQUIV CONDCTNCE GRAPH,RALS EGGE,49008,G,3,0.0113,M,,,,
36,372.4,SODIUM METHYL ALPHA SULFOPALMITATE,2. E-2 N BA CL2,30,9.4 X10-3 M,BB,EQUIV CONDCTNCE GRAPH,RALS EGGE,49008,G,3,0.0094,M,,,,
36,372.4,SODIUM METHYL ALPHA SULFOPALMITATE,1.00 2 E BENZENE,30,1.12 X10-2 M,BC,EQUIV CONDCTNCE GRAPH,RALS EGGE,48021,K,L,0.0112,M,,,,
36,372.4,SODIUM METHYL ALPHA SULFOPALMITATE,1.55 E-1 M BUTANOL-1,25,9.03 X10-3 M,BG,VISUAL SPCTR CHNGE INPX,CORR HARK,50008,T,L,0.00903,M,,,,
36,372.4,SODIUM METHYL ALPHA SULFOPALMITATE,3.42 E-1 M BUTANOL-1,25,5.96 X10-3 M,BG,VISUAL SPCTR CHNGE INPX,CORR HARK,50008,T,L,0.00596,M,,,,
36,372.4,SODIUM METHYL ALPHA SULFOPALMITATE,4.64 E-1 M BUTANOL-1,25,4.06 X10-3 M,BG,VISUAL SPCTR CHNGE INPX,CORR HARK,50008,T,L,0.00406,M,,,,
36,372.4,SODIUM METHYL ALPHA SULFOPALMITATE,2.5 E-3 N CA ACETATE,30,1.40 X10-2 M,BC,EQUIV CONDCTNCE GRAPH,RALS EGGE,49008,K,L,0.014,M,,,,
36,372.4,SODIUM METHYL ALPHA SULFOPALMITATE,5. E-3 N CA ACETATE,30,1.28 X10-2 M,BC,EQUIV CONDCTNCE GRAPH,RALS EGGE,49008,K,L,0.0128,M,,,,
36,372.4,SODIUM METHYL ALPHA SULFOPALMITATE,1. E-2 N CA ACETATE,30,1.09 X10-2 M,BC,EQUIV CONDCTNCE GRAPH,RALS EGGE,49008,K,L,0.0109,M,,,,
36,372.4,SODIUM METHYL ALPHA SULFOPALMITATE,2. E-2 N CA ACETATE,30,9.2 X10-3 M,BC,EQUIV CONDCTNCE GRAPH,RALS EGGE,49008,K,L,0.0092,M,,,,
36,372.4,SODIUM METHYL ALPHA SULFOPALMITATE,2. E-2 N CA FORMATE,30,9.4 X10-3 M,BC,EQUIV CONDCTNCE GRAPH,RALS EGGE,49008,K,L,0.0094,M,,,,
36,372.4,SODIUM METHYL ALPHA SULFOPALMITATE,1.00 2 E CYCLOHEXANE,30,1.25 X10-2 M,BC,EQUIV CONDCTNCE GRAPH,RALS EGGE,48021,K,L,0.0125,M,,,,
36,372.4,SODIUM METHYL ALPHA SULFOPALMITATE,3.7 E O H DIOXANE,UNK,1.36 X10-2 M,CG,VISUAL SPCTR CHNGE DCFL,CORR HARK,46004,G,L,0.0136,M,,,,
36,372.4,SODIUM METHYL ALPHA SULFOPALMITATE,7.5 E 0 H DIOXANE,UNK,1.42 X10-2 M,CG,VISUAL SPCTR CHNGE DCFL,CORR HARK,46004,G,L,0.0142,M,,,,
36,372.4,SODIUM METHYL ALPHA SULFOPALMITATE,1.63 E 1 H DIOXANE,UNK,1.51 X10-2 M,CG,VISUAL SPCTR CHNGE DCFL,CORR HARK,46004,G,L,0.0151,M,,,,
36,372.4,SODIUM METHYL ALPHA SULFOPALMITATE,9.02 E-5 M DECANOL-1,25,1.09 X10-2 M,BG,VISUAL SPCTR CHNGE INPX,CORR HARK,50008,T,L,0.0109,M,,,,
36,372.4,SODIUM METHYL ALPHA SULFOPALMITATE,1.43 E-4 M DECANOL-1,25,9.43 X10-3 M,BG,VISUAL SPCTR CHNGE INPX,CORR HARK,50008,T,L,0.00943,M,,,,
36,372.4,SODIUM METHYL ALPHA SULFOPALMITATE,1.88 E-4 M DECANOL-1,25,8.27 X10-3 M,BG,VISUAL SPCTR CHNGE INPX,CORR HARK,50008,T,L,0.00827,M,,,,
36,372.4,SODIUM METHYL ALPHA SULFOPALMITATE,2.00 E-4 M DECANOL-1,25,7.91 X10-3 M,BG,VISUAL SPCTR CHNGE INPX,CORR HARK,50008,T,L,0.00791,M,,,,
36,372.4,SODIUM METHYL ALPHA SULFOPALMITATE,2.31 E-4 M DECANOL-1,25,7.61 X10-3 M,BG,VISUAL SPCTR CHNGE INPX,CORR HARK,50008,T,L,0.00761,M,,,,
36,372.4,SODIUM METHYL ALPHA SULFOPALMITATE,3.9 H ETHYLENE GLYCOL,UNK,1.33 X10-2 M,CG,VISUAL SPCTR CHNGE DCFL,CORR HARK,46004,G,L,0.0133,M,,,,
36,372.4,SODIUM METHYL ALPHA SULFOPALMITATE,7.9 0 H ETHYLENE GLYCOL,UNK,1.36 X10-2 M,CG,VISUAL SPCTR CHNGE DCFL,CORR HARK,46004,G,L,0.0136,M,,,,
36,372.4,SODIUM METHYL ALPHA SULFOPALMITATE,1.54 E 1 H ETHYLENE GLYCOL,UNK,1.40 X10-2 M,CG,VISUAL SPCTR CHNGE DCFL,CORR HARK,46004,G,L,0.014,M,,,,
36,372.4,SODIUM METHYL ALPHA SULFOPALMITATE,5.69 E-1 M ETHANOL,25,1.26 X10-2 M,BG,VISUAL SPCTR CHNGE INPX,CORR HARK,50008,T,L,0.0126,M,,,,
36,372.4,SODIUM METHYL ALPHA SULFOPALMITATE,8.68 E-1 M ETHANOL,25,1.20 X10-2 M,BG,VISUAL SPCTR CHNGE INPX,CORR HARK,50008,T,L,0.012,M,,,,
36,372.4,SODIUM METHYL ALPHA SULFOPALMITATE,1.918E 0 M ETHANOL,25,1.06 X10-2 M,BG,VISUAL SPCTR CHNGE INPX,CORR HARK,50008,T,L,0.0106,M,,,,
36,372.4,SODIUM METHYL ALPHA SULFOPALMITATE,2.627E 0 M ETHANOL,25,9.73 X10-3 M,BG,VISUAL SPCTR CHNGE INPX,CORR HARK,50008,T,L,0.00973,M,,,,
36,372.4,SODIUM METHYL ALPHA SULFOPALMITATE,3.163E 0 M ETHANOL,25,8.75 X10-3 M,BG,VISUAL SPCTR CHNGE INPX,CORR HARK,50008,T,L,0.00875,M,,,,
36,372.4,SODIUM METHYL ALPHA SULFOPALMITATE,2.65 E 0 A ETHANOL,30,1.77 X10-2 N,BB,EQUIV CONDCTNCE GRAPH,RALS EGGE,48023,T,3,0.0177,N,,,,
36,372.4,SODIUM METHYL ALPHA SULFOPALMITATE,4.17 E 0 A ETHANOL,30,1.38 X10-2 M,CB,SPECFC CONDCTNCE GRAPH,RALS HOER,46001,T,L,0.0138,M,,,,
36,372.4,SODIUM METHYL ALPHA SULFOPALMITATE,5.77 E 0 A ETHANOL,30,3.00 X10-2 N,BC,EQUIV CONDCTNCE GRAPH,RALS EGGE,48023,T,L,0.03,N,,,,
36,372.4,SODIUM METHYL ALPHA SULFOPALMITATE,8.80 E 0 A ETHANOL,30,1.52 X10-2 M,CC,SPECFC CONDCTNCE GRAPH,RALS HOER,46001,T,L,0.0152,M,,,,
36,372.4,SODIUM METHYL ALPHA SULFOPALMITATE,1.437E 1 A ETHANOL,30,2.1 X10-2 M,CC,SPECFC CONDCTNCE GRAPH,RALS HOER,46001,T,L,0.021,M,,,,
36,372.4,SODIUM METHYL ALPHA SULFOPALMITATE,2.068E 1 A ETHANOL,30,4.3 X10-2 M,CD,SPECFC CONDCTNCE GRAPH,RALS HOER,46001,T,L,0.043,M,,,,
36,372.4,SODIUM METHYL ALPHA SULFOPALMITATE,2.812E 1 A ETHANOL,30,1.03 X10-1 M,CD,SPECFC CONDCTNCE GRAPH,RALS HOER,46001,T,L,0.103,M,,,,
36,372.4,SODIUM METHYL ALPHA SULFOPALMITATE,8.6 0 H GLYCEROL,UNK,1.33 X10-Q M,CG,VISUAL SPCTR CHNGE DCFL,CORR HARK,46004,G,L,,,,,,
36,372.4,SODIUM METHYL ALPHA SULFOPALMITATE,1.30 1 H GLYCEROL,UNK,1.35 X10-2 M,CG,VISUAL SPCTR CHNGE DCFL,CORR HARK,46004,G,L,0.0135,M,,,,
36,372.4,SODIUM METHYL ALPHA SULFOPALMITATE,2. E-2 N ACETIC ACID,30,1.49 X10-2 M,BC,EQUIV CONDCTNCE GRAPH,RALS EGGE,49008,K,L,0.0149,M,,,,
36,372.4,SODIUM METHYL ALPHA SULFOPALMITATE,2.5 E-3 M HEXYL AMMONIUM CL,30,1.43 X10-2 M,BB,EQUIV CONDCTNCE GRAPH,RALS EGGE,48020,K,3,0.0143,M,,,,
36,372.4,SODIUM METHYL ALPHA SULFOPALMITATE,5. E-3 M HEXYL AMMONIUM CL,30,1.26 X10-2 M,BB,EQUIV CONDCTNCE GRAPH,RALS EGGE,48020,K,3,0.0126,M,,,,
36,372.4,SODIUM METHYL ALPHA SULFOPALMITATE,1.0 E-2 M HEXYL AMMONIUM CL,30,1.16 X10-2 M,BC,EQUIV CONDCTNCE GRAPH,RALS EGGE,48020,K,L,0.0116,M,,,,
36,372.4,SODIUM METHYL ALPHA SULFOPALMITATE,2.5 E-2 M HEXYL AMMONIUM CL,30,8.8 X10-3 M,BC,EQUIV CONDCTNCE GRAPH,RALS EGGE,48020,K,L,0.0088,M,,,,
36,372.4,SODIUM METHYL ALPHA SULFOPALMITATE,5.0 E-2 M HEXYL AMMONIUM CL,30,6.1 X10-3 M,BC,EQUIV CONDCTNCE GRAPH,RALS EGGE,48020,K,L,0.0061,M,,,,
36,372.4,SODIUM METHYL ALPHA SULFOPALMITATE,2.5 E-3 N H CL,30,1.39 X10-2 M,BB,EQUIV CONDCTNCE GRAPH,RALS EGGE,49008,G,3,0.0139,M,,,,
36,372.4,SODIUM METHYL ALPHA SULFOPALMITATE,2.50 E-3 W H CL,30,.306X10-2 W,BB,ELECTROMOTIVE FORCE,HUTC WINS,57021,T,L,3.06,W,,,,
36,372.4,SODIUM METHYL ALPHA SULFOPALMITATE,5. E-3 N H CL,30,1.27 X10-2 M,BB,EQUIV CONDCTNCE GRAPH,RALS EGGE,49008,G,3,0.0127,M,,,,
36,372.4,SODIUM METHYL ALPHA SULFOPALMITATE,1. E-2 N H CL,30,1.15 X10-2 M,BB,EQUIV CONDCTNCE GRAPH,RALS EGGE,49008,G,3,0.0115,M,,,,
36,372.4,SODIUM METHYL ALPHA SULFOPALMITATE,1.003E-2 W H CL,30,1.165X10-2 W,BB,ELECTROMOTIVE FORCE,HUTC WINS,57021,T,L,0.01165,W,,,,
36,372.4,SODIUM METHYL ALPHA SULFOPALMITATE,2. E-2 N H CL,30,9.2 X10-3 M,BB,EQUIV CONDCTNCE GRAPH,RALS EGGE,49008,G,3,0.0092,M,,,,
36,372.4,SODIUM METHYL ALPHA SULFOPALMITATE,5.008E-2 W H CL,30,5.54 X10-3 W,BC,ELECTROMOTIVE FORCE,HUTC WINS,57021,T,L,0.00554,W,,,,
36,372.4,SODIUM METHYL ALPHA SULFOPALMITATE,1.002E-1 W H CL,30,2.0 X10-3 W,BD,ELECTROMOTIVE FORCE,HUTC WINS,57021,T,L,0.002,W,,,,
36,372.4,SODIUM METHYL ALPHA SULFOPALMITATE,2.51 E-3 W H CL,40,1.162X10-2 W,BB,ELECTROMOTIVE FORCE,HUTC WINS,57021,T,L,0.01162,W,,,,
36,372.4,SODIUM METHYL ALPHA SULFOPALMITATE,1.004E-2 W H CL,40,1.000X10-2 W,BB,ELECTROMOTIVE FORCE,HUTC WINS,57021,T,L,0.01,W,,,,
36,372.4,SODIUM METHYL ALPHA SULFOPALMITATE,5.012E-2 W H CL,40,5.04 X10-3 W,BE,ELECTROMOTIVE FORCE,HUTC WINS,57021,T,L,0.00504,W,,,,
36,372.4,SODIUM METHYL ALPHA SULFOPALMITATE,1.002E-1 W H CL,40,1.9 X10-3 W,BD,ELECTROMOTIVE FORCE,HUTC WINS,57021,T,L,0.0019,W,,,,
36,372.4,SODIUM METHYL ALPHA SULFOPALMITATE,2. E-2 N FORMIC ACID,30,1.45 X10-2 M,BC,EQUIV CONDCTNCE GRAPH,RALS EGGE,49008,K,L,0.0145,M,,,,
36,372.4,SODIUM METHYL ALPHA SULFOPALMITATE,1.00 E2E N-HEXANE,30,1.30 X10-2 M,BC,EQUIV CONDCTNCE GRAPH,RALS EGGE,48021,K,L,0.013,M,,,,
36,372.4,SODIUM METHYL ALPHA SULFOPALMITATE,2.5 E-3 N H N03,30,1.20 X10-2 M,BB,EQUIV CONDCTNCE GRAPH,RALS EGGE,49008,G,3,0.012,M,,,,
36,372.4,SODIUM METHYL ALPHA SULFOPALMITATE,5. E-3 N H N03,30,1.02 X10-2 M,BB,EQUIV CONDCTNCE GRAPH,RALS EGGE,49008,G,3,0.0102,M,,,,
36,372.4,SODIUM METHYL ALPHA SULFOPALMITATE,1. E-2 N H N03,30,7.3 X10-3 M,BB,EQUIV CONDCTNCE GRAPH,RALS EGGE,49008,G,3,0.0073,M,,,,
36,372.4,SODIUM METHYL ALPHA SULFOPALMITATE,2. E-2 N H NO3,30,4.9 X10-3 M,BB,EQUIV CONDCTNCE GRAPH,RALS EGGE,49008,G,3,0.0049,M,,,,
36,372.4,SODIUM METHYL ALPHA SULFOPALMITATE,5.0 E-3 M HEXANOL-1,25,1.17 X10-2 M,BG,VISUAL SPCTR CHNGE INPX,CORR HARK,50008,T,L,0.0117,M,,,,
36,372.4,SODIUM METHYL ALPHA SULFOPALMITATE,6.6 E-3 M HEXANOL-1,25,1.13 X10-2 M,BG,VISUAL SPCTR CHNGE INPX,CORR HARK,50008,T,L,0.0113,M,,,,
36,372.4,SODIUM METHYL ALPHA SULFOPALMITATE,8.2 E-3 M HEXANOL-1,25,1.06 X10-2 M,BG,VISUAL SPCTR CHNGE INPX,CORR HARK,50008,T,L,0.0106,M,,,,
36,372.4,SODIUM METHYL ALPHA SULFOPALMITATE,1.18 E-2 M HEXANOL-1,25,1.01 X10-2 M,BG,VISUAL SPCTR CHNGE INPX,CORR HARK,50008,T,L,0.0101,M,,,,
36,372.4,SODIUM METHYL ALPHA SULFOPALMITATE,1.46 E-2 M HEXANOL-1,25,9.5 X10-3 M,BG,VISUAL SPCTR CHNGE INPX,CORR HARK,50008,T,L,0.0095,M,,,,
36,372.4,SODIUM METHYL ALPHA SULFOPALMITATE,1.64 E-2 M HEXANOL-1,25,9.4 X10-3 M,BG,VISUAL SPCTR CHNGE INPX,CORR HARK,50008,T,L,0.0094,M,,,,
36,372.4,SODIUM METHYL ALPHA SULFOPALMITATE,1.68 E-2 M HEXANOL-1,25,9.1 X10-3 M,BG,VISUAL SPCTR CHNGE INPX,CORR HARK,50008,T,L,0.0091,M,,,,
36,372.4,SODIUM METHYL ALPHA SULFOPALMITATE,1.96 E-2 M HEXANOL-1,25,8.4 X10-3 M,BG,VISUAL SPCTR CHNGE INPX,CORR HARK,50008,T,L,0.0084,M,,,,
36,372.4,SODIUM METHYL ALPHA SULFOPALMITATE,2.5 E-3 N SUCCINIC ACID,30,1.48 X10-2 M,BC,EQUIV CONDCTNCE GRAPH,RALS EGGE,49008,K,L,0.0148,M,,,,
36,372.4,SODIUM METHYL ALPHA SULFOPALMITATE,2. E-2 N TARTARIC ACID,30,1.83 X10-2 M,BC,EQUIV CONDCTNCE GRAPH,RALS EGGE,49008,K,L,0.0183,M,,,,
36,372.4,SODIUM METHYL ALPHA SULFOPALMITATE,1.90 E-3 M HEPTANOL-1,25,1.15 X10-2 M,BG,VISUAL SPCTR CHNGE INPX,CORR HARK,50008,T,L,0.0115,M,,,,
36,372.4,SODIUM METHYL ALPHA SULFOPALMITATE,2.74 E-3 M HEPTANOL-1,25,1.11 X10-2 M,BG,VISUAL SPCTR CHNGE INPX,CORR HARK,50008,T,L,0.0111,M,,,,
36,372.4,SODIUM METHYL ALPHA SULFOPALMITATE,3.59 E-3 M HEPTANOL-1,25,1.09 X10-2 M,BG,VISUAL SPCTR CHNGE INPX,CORR HARK,50008,T,L,0.0109,M,,,,
36,372.4,SODIUM METHYL ALPHA SULFOPALMITATE,4.94 E-3 M HEPTANOL-1,25,9.97 X10-3 M,BG,VISUAL SPCTR CHNGE INPX,CORR HARK,50008,T,L,0.00997,M,,,,
36,372.4,SODIUM METHYL ALPHA SULFOPALMITATE,5.96 E-3 M HEPTANOL-1,25,9.02 X10-3 M,BG,VISUAL SPCTR CHNGE INPX,CORR HARK,50008,T,L,0.00902,M,,,,
36,372.4,SODIUM METHYL ALPHA SULFOPALMITATE,6.43 E-3 M HEPTANOL-1,25,8.65 X10-3 M,BG,VISUAL SPCTR CHNGE INPX,CORR HARK,50008,T,L,0.00865,M,,,,
36,372.4,SODIUM METHYL ALPHA SULFOPALMITATE,7.07 E-3 M HEPTANOL-1,25,8.55 X10-3 M,BG,VISUAL SPCTR CHNGE INPX,CORR HARK,50008,T,L,0.00855,M,,,,
36,372.4,SODIUM METHYL ALPHA SULFOPALMITATE,7.73 E-3 M HEPTANOL-1,25,7.80 X10-3 M,BG,VISUAL SPCTR CHNGE INPX,CORR HARK,50008,T,L,0.0078,M,,,,
36,372.4,SODIUM METHYL ALPHA SULFOPALMITATE,7.5 E-3 M K CL,25,1.01 X10-2 M,BG,VISUAL SPCTR CHNGE INPX,CORR HARK,50008,T,L,0.0101,M,,,,
36,372.4,SODIUM METHYL ALPHA SULFOPALMITATE,1.50 E-2 M K CL,25,8.06 X10-3 M,BG,VISUAL SPCTR CHNGE INPX,CORR HARK,50008,T,L,0.00806,M,,,,
36,372.4,SODIUM METHYL ALPHA SULFOPALMITATE,3.00 E-2 M K CL,25,6.62 X10-3 M,BG,VISUAL SPCTR CHNGE INPX,CORR HARK,50008,T,L,0.00662,M,,,,
36,372.4,SODIUM METHYL ALPHA SULFOPALMITATE,6.00 E-2 M K CL,25,4.70 X10-3 M,BG,VISUAL SPCTR CHNGE INPX,CORR HARK,50008,T,L,0.0047,M,,,,
36,372.4,SODIUM METHYL ALPHA SULFOPALMITATE,5. E-2 N K CL,50,6. X10-3 M,CE,FOTOMTR SOLUBLZTN PDMAB,KOLT STRI,49005,T,L,0.006,M,,,,
36,372.4,SODIUM METHYL ALPHA SULFOPALMITATE,1. E-1 N K CL,50,3.5 X10-3 M,CB,FOTOMTR SOLUBLZTN PDMAB,KOLT STRI,49005,T,L,0.0035,M,,,,
36,372.4,SODIUM METHYL ALPHA SULFOPALMITATE,7.10 E-3 M LA CL3,26,1.15 X10-2 M,BG,VISUAL SPCTR CHNGE SKYB,CORR HARK,47010,T,L,0.0115,M,,,,
36,372.4,SODIUM METHYL ALPHA SULFOPALMITATE,1.27 E-2 M LA CL3,26,8.12 X10-3 M,BG,VISUAL SPCTR CHNGE SKYB,CORR HARK,47010,T,L,0.00812,M,,,,
36,372.4,SODIUM METHYL ALPHA SULFOPALMITATE,1.72 E-2 M LA CL3,26,6.95 X10-3 M,BG,VISUAL SPCTR CHNGE SKYB,CORR HARK,47010,T,L,0.00695,M,,,,
36,372.4,SODIUM METHYL ALPHA SULFOPALMITATE,1.619E 1 H METHANOL,25,3.1 X10-2 M,BF,EQUIV CONDCTNCE GRAPH,BROW GRIE,49014,T,L,0.031,M,,,,
36,372.4,SODIUM METHYL ALPHA SULFOPALMITATE,1.619E 1 H METHANOL,25,1.77 X10-2 M,BB,EQUIV CONDCTNCE GRAPH,BROW GRIE,49014,P,3,0.0177,M,,,,
36,372.4,SODIUM METHYL ALPHA SULFOPALMITATE,2.465E 1 H METHANOL,25,2.37 X10-2 M,BB,EQUIV CONDCTNCE GRAPH,BROW GRIE,49014,T,3,0.0237,M,,,,
36,372.4,SODIUM METHYL ALPHA SULFOPALMITATE,2.465E 1 H METHANOL,25,5.2 X10-2 M,BF,EQUIV CONDCTNCE GRAPH,BROW GRIE,49014,T,L,0.052,M,,,,
36,372.4,SODIUM METHYL ALPHA SULFOPALMITATE,4.82 E 0 A METHANOL,30,1.64 X10-2 N,BB,EQUIV CONDCTNCE GRAPH,RALS EGGE,48023,T,3,0.0164,N,,,,
36,372.4,SODIUM METHYL ALPHA SULFOPALMITATE,1.271E 1 A METHANOL,30,2.50 X10-2 N,BD,EQUIV CONDCTNCE GRAPH,RALS EGGE,48023,T,L,0.025,N,,,,
36,372.4,SODIUM METHYL ALPHA SULFOPALMITATE,2.5 1 B METHANOL,30,2.50 X10-2 M,BC,EQUIV CONDCTNCE GRAPH,RALS EGGE,49008,K,L,0.025,M,,,,
36,372.4,SODIUM METHYL ALPHA SULFOPALMITATE,2.5 E-3 N NA ACETATE,30,1.39 X10-2 M,BC,EQUIV CONDCTNCE GRAPH,RALS EGGE,49008,K,L,0.0139,M,,,,
36,372.4,SODIUM METHYL ALPHA SULFOPALMITATE,5. E-3 N NA ACETATE,30,1.29 X10-2 M,BC,EQUIV CONDCTNCE GRAPH,RALS EGGE,49008,K,L,0.0129,M,,,,
36,372.4,SODIUM METHYL ALPHA SULFOPALMITATE,1. E-2 N NA ACETATE,30,1.10 X10-2 M,BC,EQUIV CONDCTNCE GRAPH,RALS EGGE,49008,K,L,0.011,M,,,,
36,372.4,SODIUM METHYL ALPHA SULFOPALMITATE,2. E-2 N NA ACETATE,30,8.6 X10-3 M,BC,EQUIV CONDCTNCE GRAPH,RALS EGGE,49008,K,L,0.0086,M,,,,
36,372.4,SODIUM METHYL ALPHA SULFOPALMITATE,8.02 E-3 M NA CL,26,1.16 X10-2 M,BG,VISUAL SPCTR CHNGE SKYB,CORR HARK,47010,T,L,0.0116,M,,,,
36,372.4,SODIUM METHYL ALPHA SULFOPALMITATE,1.71 E-2 M NA CL,26,9.88 X10-3 M,BG,VISUAL SPCTR CHNGE INPX,CORR HARK,47010,T,L,0.00988,M,,,,
36,372.4,SODIUM METHYL ALPHA SULFOPALMITATE,2.75 E-2 M NA CL,26,7.93 X10-3 M,BG,VISUAL SPCTR CHNGE SKYB,CORR HARK,47010,T,L,0.00793,M,,,,
36,372.4,SODIUM METHYL ALPHA SULFOPALMITATE,4.96 E-2 M NA CL,26,7.16 X10-3 M,BG,VISUAL SPCTR CHNGE INPX,CORR HARK,47010,T,L,0.00716,M,,,,
36,372.4,SODIUM METHYL ALPHA SULFOPALMITATE,9.23 E-2 M NA CL,26,5.13 X10-3 M,BG,VISUAL SPCTR CHNGE INPX,CORR HARK,47010,T,L,0.00513,M,,,,
36,372.4,SODIUM METHYL ALPHA SULFOPALMITATE,1. E-3 N NA CL,30,1.42 X10-2 M,BB,EQUIV CONDCTNCE GRAPH,RALS EGGE,49008,G,3,0.0142,M,,,,
36,372.4,SODIUM METHYL ALPHA SULFOPALMITATE,2.5 E-3 N NA CL,30,1.39 X10-2 M,BB,EQUIV CONDCTNCE GRAPH,RALS EGGE,49008,G,3,0.0139,M,,,,
36,372.4,SODIUM METHYL ALPHA SULFOPALMITATE,5. E-3 N NA CL,30,1.30 X10-2 M,BB,EQUIV CONDCTNCE GRAPH,RALS EGGE,49008,G,3,0.013,M,,,,
36,372.4,SODIUM METHYL ALPHA SULFOPALMITATE,1. E-2 M NA CL,30,2.72 X10-1 D 1.226X10-2 M,CC,TURBIDITY PLT LITE SCATR,KUSH PARK,57006,T M,L,0.272,D,0.01226,M,,
36,372.4,SODIUM METHYL ALPHA SULFOPALMITATE,1. E-2 N NA CL,30,1.13 X10-2 M,BB,EQUIV CONDCTNCE GRAPH,RALS EGGE,49008,G,3,0.0113,M,,,,
36,372.4,SODIUM METHYL ALPHA SULFOPALMITATE,2. E-2 N NA CL,30,8.9 X10-3 M,BB,EQUIV CONDCTNCE GRAPH,RALS EGGE,49008,G,3,0.0089,M,,,,
36,372.4,SODIUM METHYL ALPHA SULFOPALMITATE,2. E-2 M NA CL,30,2.27 X10-1 D ..023X10-2 M,CC,TURBIDITY PLT LITE SCATR,KUSH PARK,57006,T M,L,0.227,D,0.23,M,,
36,372.4,SODIUM METHYL ALPHA SULFOPALMITATE,4. E-2 M NA CL,30,1.65 X10-1 D 1.439X10-3 M,CC,TURBIDITY PLT LITE SCATR,KUSH PARK,57006,T M,L,0.165,D,0.001439,M,,
36,372.4,SODIUM METHYL ALPHA SULFOPALMITATE,5. E-2 M NA CL,30,6.7 X10-3 M,BB,DENSITY,CART ANAC,60005,K,3,0.0067,M,,,,
36,372.4,SODIUM METHYL ALPHA SULFOPALMITATE,5. E-2 N NA CL,30,6.0 X10-3 M,CB,FOTOMTR SOLUBLZTN OROT,KOLT STRI,49005,T,L,0.006,M,,,,
36,372.4,SODIUM METHYL ALPHA SULFOPALMITATE,5. E-2 N NA CL,30,6.0 X10-3 M,CB,FOTOMTR SOLUBLZTN AZBZ,KOLT STRI,49005,T,L,0.006,M,,,,
36,372.4,SODIUM METHYL ALPHA SULFOPALMITATE,5. E-2 N NA CL,30,6.2 X10-3 M,CB,FOTOMTR SOLUBLZTN PDMAB,KOLT STRI,49005,T,L,0.0062,M,,,,
36,372.4,SODIUM METHYL ALPHA SULFOPALMITATE,6. E-2 M NA CL,30,1.45 X10-1 D 6.537X10-3 M,CC,TURBIDITY PLT LITE SCATR,KUSH PARK,57006,T M,L,0.145,D,0.006537,M,,
36,372.4,SODIUM METHYL ALPHA SULFOPALMITATE,8. E-2 M NA CL,30,1.18 X10-1 D 5.320X10-3 M,CC,TURBIDITY PLT LITE SCATR,KUSH PARK,57006,T M,L,0.118,D,0.00532,M,,
36,372.4,SODIUM METHYL ALPHA SULFOPALMITATE,1.0 E-1 M NA CL,30,1.09 X10-1 D 4.914X10-3 M,CD,TURBIDITY PLT LITE SCATR,KUSH PARK,57006,T M,L,0.109,D,0.004914,M,,
36,372.4,SODIUM METHYL ALPHA SULFOPALMITATE,1.5 E-1 M NA CL,30,1.01 X10-1 D 4.553X10-3 M,CD,TURBIDITY PLT LITE SCATR,KUSH PARK,57006,T M,L,0.101,D,0.004553,M,,
36,372.4,SODIUM METHYL ALPHA SULFOPALMITATE,2.0 E-1 M NA CL,30,9.3 X10-2 D 4.19 X10-3 M,CE,TURBIDITY PLT LITE SCATR,KUSH PARK,57006,T M,L,0.093,D,0.00419,M,,
36,372.4,SODIUM METHYL ALPHA SULFOPALMITATE,2.5 E-1 M NA CL,30,9.3 X10-2 D 4.19 X10-3 M,CE,TURBIDITY PLT LITE SCATR,KUSH PARK,57006,T M,L,0.093,D,0.00419,M,,
36,372.4,SODIUM METHYL ALPHA SULFOPALMITATE,3.0 E-1 M NA CL,30,8.5 X10-2 D 3.83 X10-3 M,CE,TURBIDITY PLT LITE SCATR,KUSH PARK,57006,T M,L,0.085,D,0.00383,M,,
36,372.4,SODIUM METHYL ALPHA SULFOPALMITATE,5. E-2 N NA CL,50,6.5 X10-3 M,CB,FOTOMTR SOLUBLZTN PDMAB,KOLT STRI,49005,T,L,0.0065,M,,,,
36,372.4,SODIUM METHYL ALPHA SULFOPALMITATE,5. E-2 N NA CL,50,6.0 X10-3 M,CB,FOTOMTR SOLUBLZTN OROT,KOLT STRI,49005,T,L,0.006,M,,,,
36,372.4,SODIUM METHYL ALPHA SULFOPALMITATE,1. E-1 N NA CL,50,3.6 X10-3 M,CB,FOTOMTR SOLUBLZTN PDMAB,KOLT STRI,49005,T,L,0.0036,M,,,,
36,372.4,SODIUM METHYL ALPHA SULFOPALMITATE,1. E-1 N NA CL,50,3.5 X10-3 M,CB,FOTOMTR SOLUBLZTN OROT,KOLT STRI,49005,T,L,0.0035,M,,,,
36,372.4,SODIUM METHYL ALPHA SULFOPALMITATE,2. E-1 N NA CL,50,2.6 X10-3 M,CC,FOTOMTR SOLUBLZTN PDMAB,KOLT STRI,49005,T,L,0.0026,M,,,,
36,372.4,SODIUM METHYL ALPHA SULFOPALMITATE,2. E-2 N NA HC02 FORMATE,30,9.1 X10-3 M,BC,EQUIV CONDCTNCE GRAPH,RALS EGGE,49008,K,L,0.0091,M,,,,
36,372.4,SODIUM METHYL ALPHA SULFOPALMITATE,1. E-3 N NA N03,30,1.37 X10-2 M,BB,EQUIV CONDCTNCE GRAPH,RALS EGGE,49008,G,3,0.0137,M,,,,
36,372.4,SODIUM METHYL ALPHA SULFOPALMITATE,2.5 E-3 N NA N03,30,1.23 X10-2 M,BB,EQUIV CONDCTNCE GRAPH,RALS EGGE,49008,G,3,0.0123,M,,,,
36,372.4,SODIUM METHYL ALPHA SULFOPALMITATE,5. E-3 N NA N03,30,9.9 X10-3 M,BB,EQUIV CONDCTNCE GRAPH,RALS EGGE,49008,G,3,0.0099,M,,,,
36,372.4,SODIUM METHYL ALPHA SULFOPALMITATE,1. E-2 N NA N03,30,7.6 X10-3 M,BB,EQUIV CONDCTNCE GRAPH,RALS EGGE,49008,G,3,0.0076,M,,,,
36,372.4,SODIUM METHYL ALPHA SULFOPALMITATE,2. E-2 N NA N03,30,4.6 X10-3 M,BB,EQUIV CONDCTNCE GRAPH,RALS EGGE,49008,G,3,0.0046,M,,,,
36,372.4,SODIUM METHYL ALPHA SULFOPALMITATE,2.5 E-3 N NA SUCCINATE,30,6.1 X10-3 M,BC,EQUIV CONDCTNCE GRAPH,RALS EGGE,49008,K,L,0.0061,M,,,,
36,372.4,SODIUM METHYL ALPHA SULFOPALMITATE,3.85 E-1 M PROPANOL-1,25,1.09 X10-2 M,BG,VISUAL SPCTR CHNGE INPX,CORR HARK,50008,T,L,0.0109,M,,,,
36,372.4,SODIUM METHYL ALPHA SULFOPALMITATE,6.31 E-1 M PROPANOL-1,25,8.99 X10-3 M,BG,VISUAL SPCTR CHNGE INPX,CORR HARK,50008,T,L,0.00899,M,,,,
36,372.4,SODIUM METHYL ALPHA SULFOPALMITATE,9.88 E-1 M PROPANOL-1,25,7.03 X10-3 M,BG,VISUAL SPCTR CHNGE INPX,CORR HARK,50008,T,L,0.00703,M,,,,
36,372.4,SODIUM METHYL ALPHA SULFOPALMITATE,6.54 E-1 M PROPANOL-2,25,9.53 X10-3 M,BG,VISUAL SPCTR CHNGE INPX,CORR HARK,50008,T,L,0.00953,M,,,,
36,372.4,SODIUM METHYL ALPHA SULFOPALMITATE,1.046E 0 M PROPANOL-2,25,7.62 X10-3 M,BG,VISUAL SPCTR CHNGE INPX,CORR HARK,50008,T,L,0.00762,M,,,,
36,372.4,SODIUM METHYL ALPHA SULFOPALMITATE,8.00 E 0 H PROPANOL-2,25,9.2 X10-3 M,BB,EQUIV CONDCTNCE GRAPH,BROW GRIE,49014,T,3,0.0092,M,,,,
36,372.4,SODIUM METHYL ALPHA SULFOPALMITATE,1.619E 1 H PROPANOL-2,25,1.04 X10-2 M,BB,EQUIV CONDCTNCE GRAPH,BROW GRIE,49014,T,3,0.0104,M,,,,
36,372.4,SODIUM METHYL ALPHA SULFOPALMITATE,5. 2 Y PRESSURE,25,1.39 X10-2 M,CB,SPECFC CONDCTNCE GRAPH,OSUG SATO,65036,G,L,0.0139,M,,,,
36,372.4,SODIUM METHYL ALPHA SULFOPALMITATE,1. E3Y PRESSURE,25,1.41 X10-2 M,CB,SPECFC CONDCTNCE GRAPH,OSUG SATO,65036,G,L,0.0141,M,,,,
36,372.4,SODIUM METHYL ALPHA SULFOPALMITATE,2. E 3 0 Y PRESSURE,25,1.42 X10-2 M,CB,SPECFC CONDCTNCE GRAPH,OSUG SATO,65036,G,L,0.0142,M,,,,
36,372.4,SODIUM METHYL ALPHA SULFOPALMITATE,4.84 E-5 M UNDECANOL-1,25,1.06 X10-2 M,BG,VISUAL SPCTR CHNGE INPX,CORR HARK,50008,T,L,0.0106,M,,,,
36,372.4,SODIUM METHYL ALPHA SULFOPALMITATE,6.39 E-5 M UNDECANOL-1,25,9.43 X10-3 M,BG,VISUAL SPCTR CHNGE INPX,CORR HARK,50008,T,L,0.00943,M,,,,
36,372.4,SODIUM METHYL ALPHA SULFOPALMITATE,8.31 E-5 M UNDECANOL-1,25,9.19 X10-3 M,BG,VISUAL SPCTR CHNGE INPX,CORR HARK,50008,T,L,0.00919,M,,,,
36,372.4,SODIUM METHYL ALPHA SULFOPALMITATE,1.01 E-4 M UNDECANOL-1,25,7.47 X10-3 M,BG,VISUAL SPCTR CHNGE INPX,CORR HARK,50008,T,L,0.00747,M,,,,
36,372.4,SODIUM METHYL ALPHA SULFOPALMITATE,1.28 E-4 M UNDECANOL-1,25,7.07 X10-3 M,BG,VISUAL SPCTR CHNGE INPX,CORR HARK,50008,T,L,0.00707,M,,,,
36,372.4,SODIUM METHYL ALPHA SULFOPALMITATE,5.66 E 0 H TERTIARY BUTANOL,25,7.9 X10-3 M,BB,EQUIV CONDCTNCE GRAPH,BROW GRIE,49014,T,3,0.0079,M,,,,
36,372.4,SODIUM METHYL ALPHA SULFOPALMITATE,7.88 E 0 H TERTIARY BUTANOL,25,7.4 X10-3 M,BB,EQUIV CONDCTNCE GRAPH,BROW GRIE,49014,T,3,0.0074,M,,,,
36,372.4,SODIUM METHYL ALPHA SULFOPALMITATE,6.39 E-3 M TRIETHYL CARBINOL,25,1.18 X10-2 M,BG,VISUAL SPCTR CHNGE INPX,CORR HARK,50008,T,L,0.0118,M,,,,
36,372.4,SODIUM METHYL ALPHA SULFOPALMITATE,1.22 E-2 M TRIETHYL CARBINOL,25,1.11 X10-2 M,BG,VISUAL SPCTR CHNGE INPX,CORR HARK,50008,T,L,0.0111,M,,,,
36,372.4,SODIUM METHYL ALPHA SULFOPALMITATE,2.22 E-2 M TRIETHYL CARBINOL,25,1.01 X10-2 M,BG,VISUAL SPCTR CHNGE INPX,CORR HARK,50008,T,L,0.0101,M,,,,
36,372.4,SODIUM METHYL ALPHA SULFOPALMITATE,3.08 E-2 M TRIETHYL CARBINOL,25,9.32 X10-3 M,BG,VISUAL SPCTR CHNGE INPX,CORR HARK,50008,T,L,0.00932,M,,,,
36,372.4,SODIUM METHYL ALPHA SULFOPALMITATE,3.72 E-2 M TRIETHYL CARBINOL,25,8.44 X10-3 M,BG,VISUAL SPCTR CHNGE INPX,CORR HARK,50008,T,L,0.00844,M,,,,
36,372.4,SODIUM METHYL ALPHA SULFOPALMITATE,4.27 E-2 M TRIETHYL CARBINOL,25,7.76 X10-3 M,BG,VISUAL SPCTR CHNGE INPX,CORR HARK,50008,T,L,0.00776,M,,,,
36,372.4,SODIUM METHYL ALPHA SULFOPALMITATE,4.80 E-2 M TRIETHYL CARBINOL,25,7.27 X10-3 M,BG,VISUAL SPCTR CHNGE INPX,CORR HARK,50008,T,L,0.00727,M,,,,
36,372.4,SODIUM METHYL ALPHA SULFOPALMITATE,2.5 E-3 M 0039,30,2.5 X10-3 M,BE,EQUIV CONDCTNCE GRAPH,RALS EGGE,48020,K,L,0.0025,M,,,,
36,372.4,SODIUM METHYL ALPHA SULFOPALMITATE,1. E-1 K CL- ION 2.0 E : 0 PH OF SOLUTION,UNK,3.50 X10-3 M,CB,SURFACE TENSION LOG PLOT,ROE BRAS,54013,T,L,0.0035,M,,,,
36,372.4,SODIUM METHYL ALPHA SULFOPALMITATE,2.52 E-5 M DECANOL-1 6.00 K CL E-2 M,25,4.43 X10-3 M,BG,VISUAL SPCTR CHNGE INPX,CORR HARK,50008,T,L,0.00443,M,,,,
36,372.4,SODIUM METHYL ALPHA SULFOPALMITATE,4.53 E-5 M DECANOL-1 6.00 E-2 M K CL,25,3.98 X10-3 M,BG,VISUAL SPCTR CHNGE INPX,CORR HARK,50008,T,L,0.00398,M,,,,
36,372.4,SODIUM METHYL ALPHA SULFOPALMITATE,4.96 E-5 M DECANOL-1 3.00 E-2 M K CL,25,6.00 X10-3 M,BG,VISUAL SPCTR CHNGE INPX,CORR HARK,50008,T,L,0.006,M,,,,
36,372.4,SODIUM METHYL ALPHA SULFOPALMITATE,5.52 E-5 M DECANOL-1 1.50 E-2 M K CL,25,6.73 X10-3 M,BG,VISUAL SPCTR CHNGE INPX,CORR HARK,50008,T,L,0.00673,M,,,,
36,372.4,SODIUM METHYL ALPHA SULFOPALMITATE,6.32 E-5 M DECANOL-1 6.00 E-2 M K CL,25,3.70 X10-3 M,BG,VISUAL SPCTR CHNGE INPX,CORR HARK,50008,T,L,0.0037,M,,,,
36,372.4,SODIUM METHYL ALPHA SULFOPALMITATE,6.81 E-5 M DECANOL-1 7.5 E-3 M K CL,25,8.63 X10-3 M,BG,VISUAL SPCTR CHNGE INPX,CORR HARK,50008,T,L,0.00863,M,,,,
36,372.4,SODIUM METHYL ALPHA SULFOPALMITATE,8.05 E-5 M DECANOL-1 6.00 E-2 M K CL,25,3.53 X10-3 M,BG,VISUAL SPCTR CHNGE INPX,CORR HARK,50008,T,L,0.00353,M,,,,
36,372.4,SODIUM METHYL ALPHA SULFOPALMITATE,8.23 E-5 M DECANOL-1 3.00 E-2 M K CL,25,4.98 X10-3 M,BG,VISUAL SPCTR CHNGE INPX,CORR HARK,50008,T,L,0.00498,M,,,,
36,372.4,SODIUM METHYL ALPHA SULFOPALMITATE,8.86 E-5 M DECANOL-1 6.00 E-2 M K CL,25,3.11 X10-3 M,BG,VISUAL SPCTR CHNGE INPX,CORR HARK,50008,T,L,0.00311,M,,,,
36,372.4,SODIUM METHYL ALPHA SULFOPALMITATE,9.42 E-5 M DECANOL-1 1.50 E-2 M K CL,25,5.74 X10-3 M,BG,VISUAL SPCTR CHNGE INPX,CORR HARK,50008,T,L,0.00574,M,,,,
36,372.4,SODIUM METHYL ALPHA SULFOPALMITATE,1.01 E-4 M DECANOL-1 6.00 E-2 M K CL,25,2.95 X10-3 M,BG,VISUAL SPCTR CHNGE INPX,CORR HARK,50008,T,L,0.00295,M,,,,
36,372.4,SODIUM METHYL ALPHA SULFOPALMITATE,1.03 E-4 M DECANOL-1 3.00 E-2 M K CL,25,4.14 X10-3 M,BG,VISUAL SPCTR CHNGE INPX,CORR HARK,50008,T,L,0.00414,M,,,,
36,372.4,SODIUM METHYL ALPHA SULFOPALMITATE,1.10 E-4 M DECANOL-1 7.5 E-3 M K CL,25,6.95 X10-3 M,BG,VISUAL SPCTR CHNGE INPX,CORR HARK,50008,T,L,0.00695,M,,,,
36,372.4,SODIUM METHYL ALPHA SULFOPALMITATE,1.26 E-4 M DECANOL-1 3.00 E-2 M K CL,25,3.82 X10-3 M,BG,VISUAL SPCTR CHNGE INPX,CORR HARK,50008,T,L,0.00382,M,,,,
36,372.4,SODIUM METHYL ALPHA SULFOPALMITATE,1.44 E-4 M DECANOL-1 3.00 E-2 M K CL,25,3.48 X10-3 M,BG,VISUAL SPCTR CHNGE INPX,CORR HARK,50008,T,L,0.00348,M,,,,
36,372.4,SODIUM METHYL ALPHA SULFOPALMITATE,1.51 E-4 M DECANOL-1 1.50 E-2 M K CL,25,4.61 X10-3 M,BG,VISUAL SPCTR CHNGE INPX,CORR HARK,50008,T,L,0.00461,M,,,,
36,372.4,SODIUM METHYL ALPHA SULFOPALMITATE,1.56 E-4 M DECANOL-1 7.5 E-3 M K CL,25,6.57 X10-3 M,BG,VISUAL SPCTR CHNGE INPX,CORR HARK,50008,T,L,0.00657,M,,,,
36,372.4,SODIUM METHYL ALPHA SULFOPALMITATE,1.63 E-4 M DECANOL-1 3.00 E-2 M K CL,25,3.21 X10-3 M,BG,VISUAL SPCTR CHNGE INPX,CORR HARK,50008,T,L,0.00321,M,,,,
36,372.4,SODIUM METHYL ALPHA SULFOPALMITATE,1.71 E-4 M DECANOL-1 1.50 E-2 M K CL,25,4.17 X10-3 M,BG,VISUAL SPCTR CHNGE INPX,CORR HARK,50008,T,L,0.00417,M,,,,
36,372.4,SODIUM METHYL ALPHA SULFOPALMITATE,1.86 E-4 M DECANOL-1 1.50 E-2 M K CL,25,3.79 X10-3 M,BG,VISUAL SPCTR CHNGE INPX,CORR HARK,50008,T,L,0.00379,M,,,,
36,372.4,SODIUM METHYL ALPHA SULFOPALMITATE,1.97 E-4 M DECANOL-1 7.5 E-3 M K CL,25,6.23 X10-3 M,BG,VISUAL SPCTR CHNGE INPX,CORR HARK,50008,T,L,0.00623,M,,,,
36,372.4,SODIUM METHYL ALPHA SULFOPALMITATE,2.18 E-4 M DECANOL-1 7.5 E-3 M K CL,25,5.53 X10-3 M,BG,VISUAL SPCTR CHNGE INPX,CORR HARK,50008,T,L,0.00553,M,,,,
36,372.4,SODIUM METHYL ALPHA SULFOPALMITATE,2.44 E-4 M DECANOL-1 7.5 E-3 M K CL,25,5.15 X10-3 M,BG,VISUAL SPCTR CHNGE INPX,CORR HARK,50008,T,L,0.00515,M,,,,
36,372.4,SODIUM METHYL ALPHA SULFOPALMITATE,3.46 E-3 M HEXANOL-1 1.50 E-2 M K CL,25,7.79 X10-3 M,BG,VISUAL SPCTR CHNGE `INPX,CORR HARK,50008,T,L,0.00779,M,,,,
36,372.4,SODIUM METHYL ALPHA SULFOPALMITATE,4.03 E-3 M HEXANOL-1 7.5 E-3 M K CL,25,9.41 X10-3 M,BG,VISUAL SPCTR CHNGE INPX,CORR HARK,50008,T,L,0.00941,M,,,,
36,372.4,SODIUM METHYL ALPHA SULFOPALMITATE,4.78 E-3 M HEXANOL-1 6.00 E-2 M K CL,25,3.86 X10-3 M,BG,VISUAL SPCTR CHNGE INPX,CORR HARK,50008,T,L,0.00386,M,,,,
36,372.4,SODIUM METHYL ALPHA SULFOPALMITATE,4.88 E-3 M HEXANOL-1 3.00 E-2 M K CL,25,5.70 X10-3 M,BG,VISUAL SPCTR CHNGE INPX,CORR HARK,50008,T,L,0.0057,M,,,,
36,372.4,SODIUM METHYL ALPHA SULFOPALMITATE,7.54 E-3 M HEXANOL-1 6.00 E-2 M K CL,25,3.05 X10-3 M,BG,VISUAL SPCTR CHNGE INPX,CORR HARK,50008,T,L,0.00305,M,,,,
36,372.4,SODIUM METHYL ALPHA SULFOPALMITATE,7.88 E-3 M HEXANOL-1 3.00 E-2 M K CL,25,4.61 X10-3 M,BG,VISUAL SPCTR CHNGE INPX,CORR HARK,50008,T,L,0.00461,M,,,,
36,372.4,SODIUM METHYL ALPHA SULFOPALMITATE,8.20 E-3 M HEXANOL-1 7.5 E-3 M K CL,25,8.70 X10-3 M,BG,VISUAL SPCTR CHNGE INPX,CORR HARK,50008,T,L,0.0087,M,,,,
36,372.4,SODIUM METHYL ALPHA SULFOPALMITATE,9.79 E-3 M HEXANOL-1 1.50 E-2 M K CL,25,6.02 X10-3 M,BG,VISUAL SPCTR CHNGE INPX,CORR HARK,50008,T,L,0.00602,M,,,,
36,372.4,SODIUM METHYL ALPHA SULFOPALMITATE,9.96 E-3 M HEXANOL-1 6.00 E-2 M K CL,25,2.68 X10-3 M,BG,VISUAL SPCTR CHNGE INPX,CORR HARK,50008,T,L,0.00268,M,,,,
36,372.4,SODIUM METHYL ALPHA SULFOPALMITATE,1.10 E-2 M HEXANOL-1 3.00 E-2 M K CL,25,4.30 X10-3 M,BG,VISUAL SPCTR CHNGE INPX,CCRR HARK,50008,T,L,0.0043,M,,,,
36,372.4,SODIUM METHYL ALPHA SULFOPALMITATE,1.17 E-2 M HEXANOL-1 6.00 E-2 M K CL,25,2.36 X10-3 M,BG,VISUAL SPCTR CHNGE INPX,CORR HARK,50008,T,L,0.00236,M,,,,
36,372.4,SODIUM METHYL ALPHA SULFOPALMITATE,1.20 E-2 M HEXANOL-1 7.5 E-3 M K CL,25,7.61 X10-3 M,BG,VISUAL SPCTR CHNGE INPX,CORR HARK,50008,T,L,0.00761,M,,,,
36,372.4,SODIUM METHYL ALPHA SULFOPALMITATE,1.29 E-2 M HEXANOL-1 6.00 E-2 M K CL,25,2.09 X10-3 M,BG,VISUAL SPCTR CHNGE INPX,CORR HARK,50008,T,L,0.00209,M,,,,
36,372.4,SODIUM METHYL ALPHA SULFOPALMITATE,1.36 E-2 M HEXANOL-1 3.00 E-2 M K CL,25,3.97 X10-3 M,BG,VISUAL SPCTR CHNGE INPX,CORR HARK,50008,T,L,0.00397,M,,,,
36,372.4,SODIUM METHYL ALPHA SULFOPALMITATE,1.37 E-2 M HEXANOL-1 1.50 E-2 M K CL,25,5.62 X10-3 M,BG,VISUAL SPCTR CHNGE INPX,CORR HARK,50008,T,L,0.00562,M,,,,
36,372.4,SODIUM METHYL ALPHA SULFOPALMITATE,1.41 E-2 M HEXANOL-1 6.00 E-2 M K CL,25,1.90 X10-3 M,BG,VISUAL SPCTR CHNGE INPX,CORR HARK,50008,T,L,0.0019,M,,,,
36,372.4,SODIUM METHYL ALPHA SULFOPALMITATE,1.44 E-2 M HEXANOL-1 3.00 E-2 M K CL,25,3.38 X10-3 M,BG,VISUAL SPCTR CHNGE INPX,CORR HARK,50008,T,L,0.00338,M,,,,
36,372.4,SODIUM METHYL ALPHA SULFOPALMITATE,1.60 E-2 M HEXANOL-1 7.5 E-3 M K CL,25,6.79 X10-3 M,BG,VISUAL SPCTR CHNGE INPX,CORR HARK,50008,T,L,0.00679,M,,,,
36,372.4,SODIUM METHYL ALPHA SULFOPALMITATE,1.65 E-2 M HEXANOL-1 1.50 E-2 M K CL,25,5.08 X10-3 M,BG,VISUAL SPCTR CHNGE INPX,CORR HARK,50008,T,L,0.00508,M,,,,
36,372.4,SODIUM METHYL ALPHA SULFOPALMITATE,1.69 E-2 M HEXANOL-1 3.00 E-2 M K CL,25,3.29 X10-3 M,BG,VISUAL SPCTR CHNGE INPX,CORR HARK,50008,T,L,0.00329,M,,,,
36,372.4,SODIUM METHYL ALPHA SULFOPALMITATE,1.91 E-2 M HEXANOL-1 1.50 E-2 M K CL,25,4.71 X10-3 M,BG,VISUAL SPCTR CHNGE INPX,CORR HARK,50008,T,L,0.00471,M,,,,
36,372.4,SODIUM METHYL ALPHA SULFOPALMITATE,1.93 E-2 M HEXANOL-1 7.5 E-3 M K CL,25,6.13 X10-3 M,BG,VISUAL SPCTR CHNGE INPX,CORR HARK,50008,T,L,0.00613,M,,,,
36,372.4,SODIUM METHYL ALPHA SULFOPALMITATE,2.23 E-2 M HEXANOL-1 7.5 E-3 M K CL,25,5.69 X10-3 M,BG,VISUAL SPCTR CHNGE INPX,CORR HARK,50008,T,L,0.00569,M,,,,
36,372.4,SODIUM METHYL ALPHA SULFOPALMITATE,2.54 E-2 M HEXANOL-1 7.5 E-3 M K CL,25,5.39 X10-3 M,BG,VISUAL SPCTR CHNGE INPX,CORR HARK,50008,T,L,0.00539,M,,,,
36,372.4,SODIUM METHYL ALPHA SULFOPALMITATE,2.564E 1 H METHANOL 4.4 EOI LAURYL ALCOHOL,25,1.69 X10-2 M,BG,EQUIV CONDCTNCE GRAPH,BROW GRIE,49014,T,L,0.0169,M,,,,
36,372.4,SODIUM METHYL ALPHA SULFOPALMITATE,2.564E 1 H METHANOL 1.11E11 LAURYL ALCOHOL,25,1.08 X10-2 M,BG,EQUIV CONDCTNCE GRAPH,BROW GRIE,49014,T,L,0.0108,M,,,,
36,372.4,SODIUM METHYL ALPHA SULFOPALMITATE,2.564E 1 H METHANOL 2.61 1 I LAURYL ALCOHOL,25,8.3 X10-3 M,BG,EQUIV CONDCTNCE GRAPH,BROW GRIE,49014,T,L,0.0083,M,,,,
36,372.4,SODIUM METHYL ALPHA SULFOPALMITATE,2.564E H METHANOL 6.51 I LAURYL ALCOHOL,25,6.9 X10-3 M,BG,EQUIV CONDCTNCE GRAPH,BROW GRIE,49014,T,L,0.0069,M,,,,
36,372.4,SODIUM METHYL ALPHA SULFOPALMITATE,2.5 E1B METHANOL 2. E-2 N NA CL,30,1.82 X10-2 M,BC,EQUIV CONDCTNCE GRAPH,RALS EGGE,49008,K,L,0.0182,M,,,,
39,249.9,TETRADECYL AMMONIUM CHLORIDE,,25,2.8 X10-3 M,CC,SPECFC CONDCTNCE GRAPH,HOYE GREE,57004,T,L,0.0028,M,,,,
39,249.9,TETRADECYL AMMONIUM CHLORIDE,,30,3.7 X10-3 M,BC,EQUIV CONDCTNCE GRAPH,RALS EGGE,48020,K,L,0.0037,M,,,,
39,249.9,TETRADECYL AMMONIUM CHLORIDE,,40,3.1 X10-3 M,CC,REFRACTIVE INDEX,KLEV,48005,T,L,0.0031,M,,,,
39,249.9,TETRADECYL AMMONIUM CHLORIDE,,40,3.1 X10-3 M,XC,REFRACTIVE INDEX,KLEV,53010,T,L,0.0031,M,,,,
39,249.9,TETRADECYL AMMONIUM CHLORIDE,,60,4.5 X10-3 M,CC,EQUIV CONDCTNCE GRAPH,RALS HOER,42002,P,L,0.0045,M,,,,
39,249.9,TETRADECYL AMMONIUM CHLORIDE,0038,,,,SEE CMPD NMBR IN ADDITV,RALS EGGE,48020,,X,,,,,,
40,288.4,POTASSIUM DODECYL 1 SULFONATE,,25,9.00 X10-3 M,CA,SPECFC CONDCTNCE GRAPH,LIN,55008,T,L,0.009,M,,,,
40,288.4,POTASSIUM DODECYL 1 SULFONATE,,25,9.0 X10-3 M,CC,REFRACTIVE INDEX,LIN,57005,T,L,0.009,M,,,,
40,288.4,POTASSIUM DODECYL 1 SULFONATE,,30,9.10 X10-3 M,CA,SPECFC CONDCTNCE GRAPH,LIN,55008,T,L,0.0091,M,,,,
40,288.4,POTASSIUM DODECYL 1 SULFONATE,,35,9.20 X10-3 M,CA,SPECFC CONDCTNCE GRAPH,LIN,55008,T,L,0.0092,M,,,,
40,288.4,POTASSIUM DODECYL 1 SULFONATE,,40,9.30 X10-3 M,CA,SPECFC CONDCTNCE GRAPH,LIN,55008,T,L,0.0093,M,,,,
40,288.4,POTASSIUM DODECYL 1 SULFONATE,,40,1.1 X10-2 M,BC,SURFACE TENSION LOG PLOT,V VO,61026,TL,L,0.011,M,,,,
40,288.4,POTASSIUM DODECYL 1 SULFONATE,,45,9.50 X10-3 M,CA,SPECFC CONDCTNCE GRAPH,LIN,55008,T,L,0.0095,M,,,,
40,288.4,POTASSIUM DODECYL 1 SULFONATE,,50,9.75 X10-3 M,CA,SPECFC CONDCTNCE GRAPH,LIN,55008,T,L,0.00975,M,,,,
40,288.4,POTASSIUM DODECYL 1 SULFONATE,,55,1.000X10-2 M,CA,SPECFC CONDCTNCE GRAPH,LIN,55008,T,L,0.01,M,,,,
40,288.4,POTASSIUM DODECYL 1 SULFONATE,,60,1.040X10-2 M,CA,SPECFC CONDCTNCE GRAPH,LIN,55008,T,L,0.0104,M,,,,
40,288.4,POTASSIUM DODECYL 1 SULFONATE,5. E-2 D BENZENE,25,8.65 X10-3 M,CA,SPECFC CONDCTNCE GRAPH,LIN,55008,T,L,0.00865,M,,,,
40,288.4,POTASSIUM DODECYL 1 SULFONATE,1.0 E-1 D BENZENE,25,8.25 X10-3 M,CA,SPECFC CONDCTNCE GRAPH,LIN,55008,T,L,0.00825,M,,,,
40,288.4,POTASSIUM DODECYL 1 SULFONATE,1.5 E-1 D BENZENE,25,7.60 X10-3 M,CA,SPECFC CONDCTNCE GRAPH,LIN,55008,T,L,0.0076,M,,,,
40,288.4,POTASSIUM DODECYL 1 SULFONATE,5. E-2 D BENZENE,30,8.80 X10-3 M,CA,SPECFC CONDCTNCE GRAPH,LIN,55008,T,L,0.0088,M,,,,
40,288.4,POTASSIUM DODECYL 1 SULFONATE,1.0 E-1 D BENZENE,30,8.45 X10-3 M,CA,SPECFC CONDCTNCE GRAPH,LIN,55008,T,L,0.00845,M,,,,
40,288.4,POTASSIUM DODECYL 1 SULFONATE,1.5 E-1 D BENZENE,30,7.95 X10-3 M,CA,SPECFC CONDCTNCE GRAPH,LIN,55008,T,L,0.00795,M,,,,
40,288.4,POTASSIUM DODECYL 1 SULFONATE,5. E-2 D BENZENE,35,9.00 X10-3 M,CA,SPECFC CONDCTNCE GRAPH,LIN,55008,T,L,0.009,M,,,,
40,288.4,POTASSIUM DODECYL 1 SULFONATE,1.0 E-1 D BENZENE,35,8.75 X10-3 M,CA,SPECFC CONDCTNCE GRAPH,LIN,55008,T,L,0.00875,M,,,,
40,288.4,POTASSIUM DODECYL 1 SULFONATE,1.5 E-1 D BENZENE,35,8.35 X10-3 M,CA,SPECFC CONDCTNCE GRAPH,LIN,55008,T,L,0.00835,M,,,,
40,288.4,POTASSIUM DODECYL 1 SULFONATE,5. E-2 D BENZENE,40,9.10 X10-3 M,CA,SPECFC CONDCTNCE GRAPH,LIN,55008,T,L,0.0091,M,,,,
40,288.4,POTASSIUM DODECYL 1 SULFONATE,1.0 E-1 D BENZENE,40,8.90 X10-3 M,CA,SPECFC CONDCTNCE GRAPH,LIN,55008,T,L,0.0089,M,,,,
40,288.4,POTASSIUM DODECYL 1 SULFONATE,1.5 E-1 D BENZENE,40,8.65 X10-3 M,CA,SPECFC CONDCTNCE GRAPH,LIN,55008,T,L,0.00865,M,,,,
40,288.4,POTASSIUM DODECYL 1 SULFONATE,2. E-2 K K N03,20,4.47 X10-3 M,BB,SURFACE TENSION LOG PLOT,V VO,61026,TL,L,0.00447,M,,,,
40,288.4,POTASSIUM DODECYL 1 SULFONATE,4. E-2 K K N03,20,3.55 X10-3 M,BB,SURFACE TENSION LOG PLOT,V VO,61026,TL,L,0.00355,M,,,,
41,263.9,DODECYL TRIMETHYL AMMONIUM CHLORIDE,,23,5.70 X10-1 D 2.159X10-2 M,CC,TURBIDITY PLT LITE SCATR,KUSH PARK,57006,T M,L,0.57,D,0.02159,M,,
41,263.9,DODECYL TRIMETHYL AMMONIUM CHLORIDE,,25,1.72 X10-2 M,BB,UNSPECIFIED CONDUCTANCE,HOYE MARM,61002,T,L,0.0172,M,,,,
41,263.9,DODECYL TRIMETHYL AMMONIUM CHLORIDE,,25,2.0 X10-2 M,BC,SURFACE TENSION LOG PLOT,WEIN ZOGR,65026,T,L,0.02,M,,,,
41,263.9,DODECYL TRIMETHYL AMMONIUM CHLORIDE,,25,2.03 X10-2 M,CB,SPECFC CONDCTNCE GRAPH,OSUG SATO,65036,G,3,0.0203,M,,,,
41,263.9,DODECYL TRIMETHYL AMMONIUM CHLORIDE,,30,2.28 X10-2 M,BC,EQUIV CONDCTNCE GRAPH,RALS BR00,49013,T,L,0.0228,M,,,,
41,263.9,DODECYL TRIMETHYL AMMONIUM CHLORIDE,,30,1.6 X10-2 M,XG,VISUAL SPCTR CHNGE,KLEV,53010,T,L,0.016,M,,,,
41,263.9,DODECYL TRIMETHYL AMMONIUM CHLORIDE,,UNK,2.28 X10-2 M,BC,UNSPECIFIED CONDUCTANCE,CELL EGGE,52001,T,L,0.0228,M,,,,
41,263.9,DODECYL TRIMETHYL AMMONIUM CHLORIDE,1. E-1 M K CL,25,7.5 X10-3 M,BC,SURFACE TENSION LOG PLOT,WEIN ZOGR,65026,T,L,0.0075,M,,,,
41,263.9,DODECYL TRIMETHYL AMMONIUM CHLORIDE,2. E-2 M NA CL,23,4.20 X10-1 D 1.591X10-2 M,CC,TURBIDITY PLT LITE SCATR,KUSH PARK,57006,T M,L,0.42,D,0.01591,M,,
41,263.9,DODECYL TRIMETHYL AMMONIUM CHLORIDE,4. E-2 M NA CL,23,3.10 X10-1 D 1.174X10-2 M,CC,TURBIDITY PLT LITE SCATR,KUSH PARK,57006,T M,L,0.31,D,0.01174,M,,
41,263.9,DODECYL TRIMETHYL AMMONIUM CHLORIDE,1.0 E-1 M NA CL,23,1.90 X10-1 D 7.199X10-3 M,CC,TURBIDITY PLT LITE SCATR,KUSH PARK,57006,T M,L,0.19,D,0.007199,M,,
41,263.9,DODECYL TRIMETHYL AMMONIUM CHLORIDE,5. E2Y PRESSURE,25,2.09 X10-2 M,CB,SPECFC CONDCTNCE GRAPH,OSUG SATO,65036,G,3,0.0209,M,,,,
41,263.9,DODECYL TRIMETHYL AMMONIUM CHLORIDE,1. E3Y PRESSURE,25,2.11 X10-2 M,CB,SPECFC CONDCTNCE GRAPH,OSUG SATO,65036,G,3,0.0211,M,,,,
41,263.9,DODECYL TRIMETHYL AMMONIUM CHLORIDE,1.5 E3Y PRESSURE,25,2.04 X10-2 M,CB,SPECFC CONDCTNCE GRAPH,OSUG SATO,65036,G,3,0.0204,M,,,,
41,263.9,DODECYL TRIMETHYL AMMONIUM CHLORIDE,2. E3Y PRESSURE,25,1.98 X10-2 M,CB,SPECFC CONDCTNCE GRAPH,OSUG SATO,65036,G,3,0.0198,M,,,,
41,263.9,DODECYL TRIMETHYL AMMONIUM CHLORIDE,3. E3Y PRESSURE,25,1.87 X10-2 M,CB,SPECFC CONDCTNCE GRAPH,OSUG SATO,65036,G,3,0.0187,M,,,,
41,263.9,DODECYL TRIMETHYL AMMONIUM CHLORIDE,4. E3Y PRESSURE,25,1.83 X10-2 M,CB,SPECFC CONDCTNCE GRAPH,OSUG SATO,65036,G,3,0.0183,M,,,,
41,263.9,DODECYL TRIMETHYL AMMONIUM CHLORIDE,5. E3Y PRESSURE,25,1.81 X10-2 M,CB,SPECFC CONDCTNCE GRAPH,OSUG SATO,65036,G,3,0.0181,M,,,,
41,263.9,DODECYL TRIMETHYL AMMONIUM CHLORIDE,2.59 E1C 0042,25,1.14 X10-2 M,BB,UNSPEC SOLUBLZTN SDN 4,HOYE MARM,61002,T,L,0.0114,M,,,,
41,263.9,DODECYL TRIMETHYL AMMONIUM CHLORIDE,5.00 E 1 C 0042,25,7.47 X10-3 M,BB,UNSPEC SOLUBLZTN SDN 4,HOYE MARM,61002,T,L,0.00747,M,,,,
41,263.9,DODECYL TRIMETHYL AMMONIUM CHLORIDE,7.59 E 1 C 0042,25,5.01 X10-3 M,BB,UNSPEC SOLUBLZTN SDN 4,HOYE MARM,61002,T,L,0.00501,M,,,,
41,263.9,DODECYL TRIMETHYL AMMONIUM CHLORIDE,4.96 E-1 W NA CL 3.8 E-3 M NA BR,31.5,3.8 X10-3 M,BC,DEBYE PLT LIGHT SCATTER,ANAC GHOS,63016,T,L,0.0038,M,,,,
42,292,TETRADECYL TRIMETHYL AMMONIUM CHLORIDE,,23,1.20 X10-1 D 4.109X10-3 M,CC,TURBIDITY PLT LITE SCATR,KUSH PARK,57006,T M,L,0.12,D,0.004109,M,,
42,292,TETRADECYL TRIMETHYL AMMONIUM CHLORIDE,,25,3.0 X10-3 M,HE,EQUIV CONDCTNCE GRAPH,BRAD MCBA,48009,T,L,0.003,M,,,,
42,292,TETRADECYL TRIMETHYL AMMONIUM CHLORIDE,,25,4.47 X10-3 M,BB,UNSPECIFIED CONDUCTANCE,HOYE MARM,61002,T,3,0.00447,M,,,,
42,292,TETRADECYL TRIMETHYL AMMONIUM CHLORIDE,,40,3.6 X10-3 M,XG,VISUAL SPCTR CHNGE,KLEV,53010,T,L,0.0036,M,,,,
42,292,TETRADECYL TRIMETHYL AMMONIUM CHLORIDE,,40,4.0 X10-3 M,XC,REFRACTIVE INDEX,KLEV,53010,T,L,0.004,M,,,,
42,292,TETRADECYL TRIMETHYL AMMONIUM CHLORIDE,,UNK,5.3 X10-3 M,CC,UNSPECIFIED CONDUCTANCE,CELL EGGE,52001,T,L,0.0053,M,,,,
42,292,TETRADECYL TRIMETHYL AMMONIUM CHLORIDE,2. E-2 M NA CL,23,7.0 X10-2 D 2.39 X10-3 M,CC,TURBIDITY PLT LITE SCATR,KUSH PARK,57006,T M,L,0.07,D,0.00239,M,,
42,292,TETRADECYL TRIMETHYL AMMONIUM CHLORIDE,4. E-2 M NA CL,23,4.0 X10-2 D 1.36 X10-3 M,CC,TURBIDITY PLT LITE SCATR,KUSH PARK,57006,T M,L,0.04,D,0.00136,M,,
42,292,TETRADECYL TRIMETHYL AMMONIUM CHLORIDE,1.0 E-1 M NA CL,23,3.0 X10-2 D 1.02 X10-3 M,CC,TURBIDITY PLT LITE SCATR,KUSH PARK,57006,T M,L,0.03,D,0.00102,M,,
42,292,TETRADECYL TRIMETHYL AMMONIUM CHLORIDE,0041,,,,SEE CMPD NMBR IN ADDITV,HOYE MARM,61002,,X,,,,,,
43,88.1,BUTYRIC ACID,,0,1.50 X10 1 P 1.702X10 0 S,AB,PARTIAL VOLUME,GRIN BURY,29001,T M,L,15,P,1.702,S,,
43,88.1,BUTYRIC ACID,,0,1.1 X10 W,AE,FREEZING POINT,JONE BURY,27002,T,L,,,,,,
43,88.1,BUTYRIC ACID,,0,1.5 X10 0 W,AE,FREEZING POINT,JONE BURY,27002,P,L,1.5,W,,,,
43,88.1,BUTYRIC ACID,,0,1.82 X10 M,AD,UNSPEC SOLUBLZTN PDMAB,MOUL BENS,59007,T,L,,,,,,
43,88.1,BUTYRIC ACID,,12,1.37 X10 P 1.555X10 0 S,AB,PARTIAL VOLUME,GRIN BURY,29001,T M,L,,,1.555,S,,
43,88.1,BUTYRIC ACID,,18,1.30 X10 1 P 1.475X10 0 S,AB,PARTIAL VOLUME,GRIN BURY,29001,T M,L,13,P,1.475,S,,
43,88.1,BUTYRIC ACID,,25,1.23 X10 1 P 1.396X10 0 S,AB,PARTIAL VOLUME,GRIN BURY,29001,T M,L,12.3,P,1.396,S,,
43,88.1,BUTYRIC ACID,,25,1.75 X10 0 M,AD,UNSPEC SOLUBLZTN PDMAB,MOUL BENS,59007,T,L,1.75,M,,,,
43,88.1,BUTYRIC ACID,,35,1.20 X10 1 P 1.362X10 S,AB,PARTIAL VOLUME,GRIN BURY,29001,T M,L,12,P,,,,
43,88.1,BUTYRIC ACID,,40,1.58 X10 M,AD,UNSPEC SOLUBLZTN PDMAB,MOUL BENS,59007,T,L,,,,,,
43,88.1,BUTYRIC ACID,,60,1.62 X10 0 M,AD,UNSPEC SOLUBLZTN PDMAB,MOUL BENS,59007,T,L,1.62,M,,,,
43,88.1,BUTYRIC ACID,,UNK,1.2 X10 0 M,XG,METHOD NOT CITED,KLEV RAIS,54004,T,L,1.2,M,,,,
44,182.3,POTASSIUM OCTANOATE,,,,,GRAPH DATA NOT RETRIEVED,KLEV,46007,,R,,,,,,
44,182.3,POTASSIUM OCTANOATE,,25,4.7 X10-1 M,BC,PARTIAL VOLUME,DAVI BURY,30001,T,L,0.47,M,,,,
44,182.3,POTASSIUM OCTANOATE,,25,3.9 X10-1 M,DC,REFRACTIVE INDEX,KLEV,48005,T,L,0.39,M,,,,
44,182.3,POTASSIUM OCTANOATE,,25,3.95 X10-1 M,CG,VISUAL SPCTR CHNGE PNCN,KLEV,50003,T,L,0.395,M,,,,
44,182.3,POTASSIUM OCTANOATE,,25,4.00 X10-1 M,DG,VISUAL SPCTR CHNGE PNCN,HERZ,52017,T,L,0.4,M,,,,
44,182.3,POTASSIUM OCTANOATE,,25,3.9 X10-1 M,BG,UNSPEC SPCTR CHNG PNCN,KLEV,58011,T,L,0.39,M,,,,
44,182.3,POTASSIUM OCTANOATE,,45,4.5 X10-1 M,DC,REFRACTIVE INDEX,KLEV,48005,T,L,0.45,M,,,,
44,182.3,POTASSIUM OCTANOATE,,UNK,3.9 X10-1 M,XG,METHOD NOT CITED,KLEV RAIS,54004,T,L,0.39,M,,,,
44,182.3,POTASSIUM OCTANOATE,2.2 E-1 P BENZENE,25,3.84 X10-1 M,CG,VISUAL SPCTR CHNGE PNCN,KLEV,50003,T,L,0.384,M,,,,
44,182.3,POTASSIUM OCTANOATE,7.5 E-2 M K CL,25,3.76 X10-1 M,DG,VISUAL SPCTR CHNGE PNCN,HERZ,52017,T,L,0.376,M,,,,
44,182.3,POTASSIUM OCTANOATE,3.09 E-1 M K CL,25,3.09 X10-1 M,DG,VISUAL SPCTR CHNGE PNCN,HERZ,52017,T,L,0.309,M,,,,
44,182.3,POTASSIUM OCTANOATE,5.30 E-1 M K CL,25,2.65 X10-1 M,DG,VISUAL SPCTR CHNGE PNCN,HERZ,52017,T,L,0.265,M,,,,
44,182.3,POTASSIUM OCTANOATE,8.65 E-1 M K CL,25,2.16 X10-1 M,DG,VISUAL SPCTR CHNGE PNCN,HERZ,52017,T,L,0.216,M,,,,
44,182.3,POTASSIUM OCTANOATE,1.22 E 0 M K CL,25,1.75 X10-1 M,DG,VISUAL SPCTR CHNGE PNCN,HERZ,52017,T,L,0.175,M,,,,
44,182.3,POTASSIUM OCTANOATE,1.52 E 0 M K CL,25,1.52 X10-1 M,DG,VISUAL SPCTR CHNGE PNCN,HERZ,52017,T,L,0.152,M,,,,
44,182.3,POTASSIUM OCTANOATE,2.22 E 0 M K CL,25,1.11 X10-1 M,DG,VISUAL SPCTR CHNGE PNCN,HERZ,52017,T,L,0.111,M,,,,
44,182.3,POTASSIUM OCTANOATE,2.73 E 0 M K CL,25,9.1 X10-2 M,DG,VISUAL SPCTR CHNGE PNCN,HERZ,52017,T,L,0.091,M,,,,
44,182.3,POTASSIUM OCTANOATE,2.97 E 0 M K CL,25,8.5 X10-2 M,DG,VISUAL SPCTR CHNGE PNCN,HERZ,52017,T,L,0.085,M,,,,
44,182.3,POTASSIUM OCTANOATE,3.20 E 0 M K CL,25,8.0 X10-2 M,DG,VISUAL SPCTR CHNGE PNCN,HERZ,52017,T,L,0.08,M,,,,
44,182.3,POTASSIUM OCTANOATE,2. 0 I K OH,10,4.00 X10-1 M,BG,VISUAL SPCTR CHNGE PNCN,SHIN,55004,S,L,0.4,M,,,,
44,182.3,POTASSIUM OCTANOATE,3.3 E-2 W K OH,15,3.72 X10-1 W,BA,SPECFC CONDCTNCE EQUATNS,WHIT BENS,59012,E,3,0.372,W,,,,
44,182.3,POTASSIUM OCTANOATE,3.3 E-2 W K OH,20,3.55 X10-1 W,BA,SPECFC CONDCTNCE EQUATNS,WHIT BENS,59012,E,3,0.355,W,,,,
44,182.3,POTASSIUM OCTANOATE,4.2 E-2 W K OH,20,4.3 X10-1 W,BB,VAPR PRESURE LOWERING,WHIT BENS,59008,T,L,0.43,W,,,,
44,182.3,POTASSIUM OCTANOATE,3.3 E-2 W K OH,25,3.45 X10-1 W,BA,SPECFC CONDCTNCE EQUATNS,WHIT BENS,59012,E,3,0.345,W,,,,
44,182.3,POTASSIUM OCTANOATE,4.20 E-2 W K OH,25,4.25 X10-1 W,BA,SPECIFIC HEAT,WHIT BENS,60002,T,L,0.425,W,,,,
44,182.3,POTASSIUM OCTANOATE,2. EOI K OH,25,3.8 X10-1 M,BG,VISUAL SPCTR CHNGE PNCN,SHIN,54005,G,L,0.38,M,,,,
44,182.3,POTASSIUM OCTANOATE,3.3 E-2 W K OH,30,3.30 X10-1 W,BA,SPECFC CONDCTNCE EQUATNS,WHIT BENS,59012,E,3,0.33,W,,,,
44,182.3,POTASSIUM OCTANOATE,4.2 E-2 W K OH,30,4.2 X10-1 W,BB,VAPR PRESURE LOWERING,WHIT BENS,59008,T,L,0.42,W,,,,
44,182.3,POTASSIUM OCTANOATE,3.3 E-2 W K OH,35,3.13 X10-1 W,BA,SPECFC CONDCTNCE EQUATNS,WHIT BENS,59012,E,3,0.313,W,,,,
44,182.3,POTASSIUM OCTANOATE,4.20 E-2 W K OH,35,3.92 X10-1 W,BA,SPECIFIC HEAT,WHIT BENS,60002,T,L,0.392,W,,,,
44,182.3,POTASSIUM OCTANOATE,3.3 E-2 W K OH,40,3.05 X10-1 W,BA,SPECFC CONDCTNCE EQUATNS,WHIT BENS,59012,E,3,0.305,W,,,,
44,182.3,POTASSIUM OCTANOATE,3.3 E-2 W K OH,45,3.10 X10-1 W,BA,SPECFC CONDCTNCE EQUATNS,WHIT BENS,59012,E,3,0.31,W,,,,
44,182.3,POTASSIUM OCTANOATE,4.20 E-2 W K OH,45,3.93 X10-1 W,BA,SPECIFIC HEAT,WHIT BENS,60002,T,L,0.393,W,,,,
44,182.3,POTASSIUM OCTANOATE,3.3 E-2 K OH,50,3.18 X10-1 W,BA,SPECFC CONDCTNCE EQUATNS,WHIT BENS,59012,E,3,0.318,W,,,,
44,182.3,POTASSIUM OCTANOATE,3.3 E-2 W K OH,55,3.31 X10-1 W,BA,SPECFC CONDCTNCE EQUATNS,WHIT BENS,59012,E,3,0.331,W,,,,
44,182.3,POTASSIUM OCTANOATE,4.20 E-2 W K OH,55,4.42 X10-1 W,BA,SPECIFIC HEAT,WHIT BENS,60002,T,L,0.442,W,,,,
44,182.3,POTASSIUM OCTANOATE,1. E-5 N PINACYANOL CL (DYE),25,3.40 X10-1 M,DG,VISUAL SPCTR CHNGE PNCN,HERZ,52015,T,L,0.34,M,,,,
44,182.3,POTASSIUM OCTANOATE,2.5 E-5 N PINACYANOL CL (DYE),25,3.88 X10-1 M,DG,VISUAL SPCTR CHNGE PNCN,HERZ,52015,T,L,0.388,M,,,,
44,182.3,POTASSIUM OCTANOATE,5. E-5 N PINACYANOL CL (DYE),25,4.01 X10-1 M,DG,VISUAL SPCTR CHNGE PNCN,HERZ,52015,T,L,0.401,M,,,,
44,182.3,POTASSIUM OCTANOATE,1. E-4 N PINACYANOL CL (DYE),25,4.02 X10-1 M,DG,VISUAL SPCTR CHNGE PNCN,HERZ,52015,T,L,0.402,M,,,,
44,182.3,POTASSIUM OCTANOATE,0188,25,,,SEE CMPD NMBR IN ADDITV,SHIN,54005,,X,,,,,,
44,182.3,POTASSIUM OCTANOATE,0.64 E-2 M BUTANOL-1 2. EOI K OH,10,3.80 X10-1 M,BG,VISUAL SPCTR CHNGE PNCN,SHIN,55004,T,L,0.38,M,,,,
44,182.3,POTASSIUM OCTANOATE,1.20 E-1 M BUTANOL-1 2. EOI K OH,10,3.55 X10-1 M,BG,VISUAL SPCTR CHNGE PNCN,SHIN,55004,T,L,0.355,M,,,,
44,182.3,POTASSIUM OCTANOATE,2.17 E-1 M BUTANOL-1 2. EOI K OH,10,3.22 X10-1 M,BG,VISUAL SPCTR CHNGE PNCN,SHIN,55004,T,L,0.322,M,,,,
44,182.3,POTASSIUM OCTANOATE,3.21 E-1 M BUTANOL-1 2. EOI K OH,10,2.73 X10-1 M,BG,VISUAL SPCTR CHNGE PNCN,SHIN,55004,T,L,0.273,M,,,,
44,182.3,POTASSIUM OCTANOATE,4.64 E-1 M BUTANOL-1 2. EOI K OH,10,2.29 X10-1 M,BG,VISUAL SPCTR CHNGE PNCN,SHIN,55004,T,L,0.229,M,,,,
44,182.3,POTASSIUM OCTANOATE,1.10 E-4 DECANOL-1 2. EOI K OH,10,3.91 X10-1,BG,VISUAL SPCTR CHNGE PNCN,SHIN,55004,T,L,,,,,,
44,182.3,POTASSIUM OCTANOATE,2.13 E-4 M DECANOL-1 2. EOI K OH,10,3.76 X10-1,BG,VISUAL SPCTR CHNGE PNCN,SHIN,55004,T,L,,,,,,
44,182.3,POTASSIUM OCTANOATE,6.4 E-1 ETHANOL 2. EOI K OH,10,3.59 X10-1,BG,VISUAL SPCTR CHNGE PNCN,SHIN,55004,T,L,,,,,,
44,182.3,POTASSIUM OCTANOATE,1.16 EOM ETHANOL 2. 0 I K OH,10,3.32 X10-1,BG,VISUAL SPCTR CHNGE PNCN,SHIN,55004,T,L,,,,,,
44,182.3,POTASSIUM OCTANOATE,1.82 EOM ETHANOL 2. 0 I K OH,10,2.93 X10-1,BG,VISUAL SPCTR CHNGE PNCN,SHIN,55004,T,L,,,,,,
44,182.3,POTASSIUM OCTANOATE,2.50 EOM ETHANOL 2. 0 I K OH,10,2.57 X10-1 M,BG,VISUAL SPCTR CHNGE PNCN,SHIN,55004,T,L,0.257,M,,,,
44,182.3,POTASSIUM OCTANOATE,3.11 EOM ETHANOL 2. EOI K OH,10,2.20 X10-1,BG,VISUAL SPCTR CHNGE PNCN,SHIN,55004,T,L,,,,,,
44,182.3,POTASSIUM OCTANOATE,7.0 E-3 M HEXANOL-1 2. EOI K OH,10,3.79 X10-1 M,BG,VISUAL SPCTR CHNGE PNCN,SHIN,55004,T,L,0.379,M,,,,
44,182.3,POTASSIUM OCTANOATE,1.32 E-2 M HEXANOL-1 2. EOI K OH,10,3.55 X10-1 M,BG,VISUAL SPCTR CHNGE PNCN,SHIN,55004,T,L,0.355,M,,,,
44,182.3,POTASSIUM OCTANOATE,2.03 E-2 M HEXANOL-1 2. EOI K OH,10,3.27 X10-1 M,BG,VISUAL SPCTR CHNGE PNCN,SHIN,55004,T,L,0.327,M,,,,
44,182.3,POTASSIUM OCTANOATE,2.94 E-2 M HEXANOL-1 2. EOI K OH,10,2.97 X10-1 M,BG,VISUAL SPCTR CHNGE PNCN,SHIN,55004,T,L,0.297,M,,,,
44,182.3,POTASSIUM OCTANOATE,3.90 E-2 M HEXANOL-1 2. EOI K OH,10,2.63 X10-1 M,BG,VISUAL SPCTR CHNGE PNCN,SHIN,55004,T,L,0.263,M,,,,
44,182.3,POTASSIUM OCTANOATE,2.08 E-3 M HEPTANOL-1 2. EOI K OH,10,3.83 X10-1 M,BG,VISUAL SPCTR CHNGE PNCN,SHIN,55004,T,L,0.383,M,,,,
44,182.3,POTASSIUM OCTANOATE,3.95 E-3 M HEPTANOL-1 2. EOI K OH,10,3.65 X10-1 M,BG,VISUAL SPCTR CHNGE PNCN,SHIN,55004,T,L,0.365,M,,,,
44,182.3,POTASSIUM OCTANOATE,7.42 E-3 M HEPTANOL-1 2. EOI K OH,10,3.41 X10-1 M,BG,VISUAL SPCTR CHNGE PNCN,SHIN,55004,T,L,0.341,M,,,,
44,182.3,POTASSIUM OCTANOATE,1.43 E-2 M HEPTANOL-1 2. EOI K OH,10,3.28 X10-1 M,BG,VISUAL SPCTR CHNGE PNCN,SHIN,55004,T,L,0.328,M,,,,
44,182.3,POTASSIUM OCTANOATE,7.1 E-4 M OCTANOL-1 2. EOI K OH,10,3.84 X10-1 M,BG,VISUAL SPCTR CHNGE PNCN,SHIN,55004,T,L,0.384,M,,,,
44,182.3,POTASSIUM OCTANOATE,1.36 E-3 M OCTANOL-1 2. EOI K OH,10,3.71 X10-1 M,BG,VISUAL SPCTR CHNGE PNCN,SHIN,55004,T,L,0.371,M,,,,
44,182.3,POTASSIUM OCTANOATE,1.73 E-3 M OCTANOL-1 2. EOI K OH,10,3.54 X10-1 M,BG,VISUAL SPCTR CHNGE PNCN,SHIN,55004,T,L,0.354,M,,,,
44,182.3,POTASSIUM OCTANOATE,2.54 E-3 M OCTANOL-1 2. EOI K OH,10,3.47 X10-1 M,BG,VISUAL SPCTR CHNGE PNCN,SHIN,55004,T,L,0.347,M,,,,
44,182.3,POTASSIUM OCTANOATE,1.28 E-1 M PROPANOL-1 2. EOI K OH,10,3.73 X10-1 M,BG,VISUAL SPCTR CHNGE PNCN,SHIN,55004,T,L,0.373,M,,,,
44,182.3,POTASSIUM OCTANOATE,2.43 E-1 M PROPANOL-1 2. EOI K OH,10,3.53 X10-1 M,BG,VISUAL SPCTR CHNGE PNCN,SHIN,55004,T,L,0.353,M,,,,
44,182.3,POTASSIUM OCTANOATE,4.37 E-1 M PROPANOL-1 2. EOI K OH,10,3.18 X10-1 M,BG,VISUAL SPCTR CHNGE PNCN,SHIN,55004,T,L,0.318,M,,,,
44,182.3,POTASSIUM OCTANOATE,7.05 E-1 M PROPANOL-1 2. EOI K OH,10,2.92 X10-1 M,BG,VISUAL SPCTR CHNGE PNCN,SHIN,55004,T,L,0.292,M,,,,
44,182.3,POTASSIUM OCTANOATE,9.42 E-1 M PROPANOL-1 2. EOI K OH,10,2.48 X10-1 M,BG,VISUAL SPCTR CHNGE PNCN,SHIN,55004,T,L,0.248,M,,,,
44,182.3,POTASSIUM OCTANOATE,1.27 EOM PROPANOL-1 2. E 0 I K OH,10,2.21 X10-1 M,BG,VISUAL SPCTR CHNGE PNCN,SHIN,55004,T,L,0.221,M,,,,
44,182.3,POTASSIUM OCTANOATE,1.63 E-4 M NONANOL-1 2. EOI K OH,10,3.88 X10-1 M,BG,VISUAL SPCTR CHNGE PNCN,SHIN,55004,T,L,0.388,M,,,,
44,182.3,POTASSIUM OCTANOATE,3.18 E-4 M NONANOL-1 2. EOI K OH,10,3.80 X10-1 M,BG,VISUAL SPCTR CHNGE PNCN,SHIN,55004,T,L,0.38,M,,,,
44,182.3,POTASSIUM OCTANOATE,4.65 E-4 M NONANOL-1 2. EOI K OH,10,3.69 X10-1 M,BG,VISUAL SPCTR CHNGE PNCN,SHIN,55004,T,L,0.369,M,,,,
44,182.3,POTASSIUM OCTANOATE,6.36 E-4 M NONANOL-1 2. EOI K OH,10,3.63 X10-1 M,BG,VISUAL SPCTR CHNGE PNCN,SHIN,55004,T,L,0.363,M,,,,
44,182.3,POTASSIUM OCTANOATE,3.1 E O C 0090 2. EOI K OH,25,3.4 X10-1 M,BG,VISUAL SPCTR CHNGE PNCN,SHIN,54005,G,L,0.34,M,,,,
44,182.3,POTASSIUM OCTANOATE,5.6 E O C 0090 2. EOI K OH,25,3.1 X10-1 M,BG,VISUAL SPCTR CHNGE PNCN,SHIN,54005,G,L,0.31,M,,,,
44,182.3,POTASSIUM OCTANOATE,9.4 E O C 0090 2. E 0 I K OH,25,2.8 X10-1 M,BG,VISUAL SPCTR CHNGE PNCN,SHIN,54005,G,L,0.28,M,,,,
44,182.3,POTASSIUM OCTANOATE,1.36 E 1 C 0090 2. EOI K OH,25,2.5 X10-1 M,BG,VISUAL SPCTR CHNGE PNCN,SHIN,54005,G,L,0.25,M,,,,
44,182.3,POTASSIUM OCTANOATE,2.19 E1C 0090 2. EOI K OH,25,2.1 X10-1 M,BG,VISUAL SPCTR CHNGE PNCN,SHIN,54003,L,L,0.21,M,,,,
44,182.3,POTASSIUM OCTANOATE,2.51 E1C 0090 2. EOI K OH,25,2.0 X10-1 M,BG,VISUAL SPCTR CHNGE PNCN,SHIN,54005,G,L,0.2,M,,,,
44,182.3,POTASSIUM OCTANOATE,3.32 E 1 C 0090 2. EOI K OH,25,1.8 X10-1 M,BG,VISUAL SPCTR CHNGE PNCN,SHIN,54005,G,L,0.18,M,,,,
44,182.3,POTASSIUM OCTANOATE,4.30 E1C 0090 2. EOI K OH,25,1.5 X10-1 M,BG,VISUAL SPCTR CHNGE PNCN,SHIN,54005,G,L,0.15,M,,,,
44,182.3,POTASSIUM OCTANOATE,5.91 E1C 0090 2. EOI K OH,25,1.3 X10-1 M,BG,VISUAL SPCTR CHNGE PNCN,SHIN,54005,G,L,0.13,M,,,,
44,182.3,POTASSIUM OCTANOATE,7.58 E1C 0090 2. EOI K OH,25,1.1 X10-1 M,BG,VISUAL SPCTR CHNGE PNCN,SHIN,54005,G,L,0.11,M,,,,
44,182.3,POTASSIUM OCTANOATE,1.0 EOC 0091 2. EOI K OH,25,2.8 X10-1 M,BG,VISUAL SPCTR CHNGE PNCN,SHIN,54005,G,L,0.28,M,,,,
44,182.3,POTASSIUM OCTANOATE,2.3 E O C 0091 2. EOI K OH,25,2.0 X10-1 M,BG,VISUAL SPCTR CHNGE PNCN,SHIN,54005,G,L,0.2,M,,,,
44,182.3,POTASSIUM OCTANOATE,4.4 E O C 0091 2. EOI K OH,25,1.4 X10-1 M,BG,VISUAL SPCTR CHNGE PNCN,SHIN,54005,G,L,0.14,M,,,,
44,182.3,POTASSIUM OCTANOATE,7.7 E O C 0091 2. EOI K OH,25,1.1 X10-1 M,BG,VISUAL SPCTR CHNGE PNCN,SHIN,54005,G,L,0.11,M,,,,
44,182.3,POTASSIUM OCTANOATE,1.21 E 1 C 0091 2. E O I K OH,25,8.7 X10-2 M,BG,VISUAL SPCTR CHNGE PNCN,SHIN,54005,G,L,0.087,M,,,,
44,182.3,POTASSIUM OCTANOATE,2.00 E1C 0091 2. EOI K OH,25,6.0 X10-2 M,BG,VISUAL SPCTR CHNGE PNCN,SHIN,54005,G,L,0.06,M,,,,
44,182.3,POTASSIUM OCTANOATE,3.74 E1C 0091 2. EOI K OH,25,4.2 X10-2 M,BG,VISUAL SPCTR CHNGE PNCN,SHIN,54005,G,L,0.042,M,,,,
44,182.3,POTASSIUM OCTANOATE,5.62 E1C 0091 2. EOI K OH,25,3.3 X10-2 M,BG,VISUAL SPCTR CHNGE PNCN,SHIN,54005,G,L,0.033,M,,,,
44,182.3,POTASSIUM OCTANOATE,E 0 0092 2. EOI K OH,25,,,GRAPH DATA NOT RETRIEVED,SHIN,54005,,R,,,,,,
44,182.3,POTASSIUM OCTANOATE,1.2 E O C 0092 2. EOI K OH,25,7.3 X10-2 M,BG,VISUAL SPCTR CHNGE PNCN,SHIN,54005,G,L,0.073,M,,,,
44,182.3,POTASSIUM OCTANOATE,1.9 E O C 0092 2. EOI K OH,25,5.5 X10-2 M,BG,VISUAL SPCTR CHNGE PNCN,SHIN,54005,G,L,0.055,M,,,,
44,182.3,POTASSIUM OCTANOATE,3.6 E O C 0092 2. EOI K OH,25,4.2 X10-2 M,BG,VISUAL SPCTR CHNGE PNCN,SHIN,54005,G,L,0.042,M,,,,
44,182.3,POTASSIUM OCTANOATE,4.6 E O C 0092 2. E 0 : I K OH,25,3.1 X10-2 M,BG,VISUAL SPCTR CHNGE PNCN,SHIN,54005,G,L,0.031,M,,,,
44,182.3,POTASSIUM OCTANOATE,1.67 E1C 0092 2. E 0 1 I K OH,25,2.1 X10-2 M,BG,VISUAL SPCTR CHNGE PNCN,SHIN,54005,G,L,0.021,M,,,,
44,182.3,POTASSIUM OCTANOATE,3.61 E1C 0092 2. EOI K OH,25,1.5 X10-2 M,BG,VISUAL SPCTR CHNGE PNCN,SHIN,54005,G,L,0.015,M,,,,
44,182.3,POTASSIUM OCTANOATE,6.18 E1C 0092 2. E O I K OH,25,1.1 X10-2 M,BG,VISUAL SPCTR CHNGE PNCN,SHIN,54005,G,L,0.011,M,,,,
44,182.3,POTASSIUM OCTANOATE,0296 2. EOI K OH,25,,,SEE CMPD NMBR IN ADDITV,SHIN,54005,,X,,,,,,
44,182.3,POTASSIUM OCTANOATE,2.3 E O C 0297 2. EOI K OH,25,3.0 X10-1 M,BG,VISUAL SPCTR CHNGE PNCN,SHIN,54005,G,L,0.3,M,,,,
44,182.3,POTASSIUM OCTANOATE,3.8 E O C 0297 EOI OH 2. K,25,2.5 X10-1 M,BG,VISUAL SPCTR CHNGE PNCN,SHIN,54005,G,L,0.25,M,,,,
44,182.3,POTASSIUM OCTANOATE,6.1 E O C 0297 2. EOI K OH,25,2.2 X10-1 M,BG,VISUAL SPCTR CHNGE PNCN,SHIN,54005,G,L,0.22,M,,,,
44,182.3,POTASSIUM OCTANOATE,1.09 E1C 0297 2. EOI K OH,25,1.7 X10-1 M,BG,VISUAL SPCTR CHNGE PNCN,SHIN,54005,G,L,0.17,M,,,,
44,182.3,POTASSIUM OCTANOATE,1.73 E1C 0297 2. EOI K OH,25,1.3 X10-1 M,BG,VISUAL SPCTR CHNGE PNCN,SHIN,54005,G,L,0.13,M,,,,
44,182.3,POTASSIUM OCTANOATE,2.94 E1C 0297 2. EOI K OH,25,9.6 X10-2 M,BG,VISUAL SPCTR CHNGE PNCN,SHIN,54005,G,L,0.096,M,,,,
44,182.3,POTASSIUM OCTANOATE,5.01 E1C 0297 2. E 0 1 I K OH,25,6.8 X10-2 M,BG,VISUAL SPCTR CHNGE PNCN,SHIN,54005,G,L,0.068,M,,,,
44,182.3,POTASSIUM OCTANOATE,6.87 E1C 0297 2. E 0 I K OH,25,5.6 X10-2 M,BG,VISUAL SPCTR CHNGE PNCN,SHIN,54005,G,L,0.056,M,,,,
44,182.3,POTASSIUM OCTANOATE,2.68 E-2 M 3-METHYL BUTANOL-1 2. K OH,10,3.80 X10-1 M,BG,VISUAL SPCTR CHNGE PNCN,SHIN,55004,T,L,0.38,M,,,,
44,182.3,POTASSIUM OCTANOATE,4.47 E-2 M 3-METHYL BUTANOL-1 2. EOI K OH,10,3.53 X10-1 M,BG,VISUAL SPCTR CHNGE PNCN,SHIN,55004,T,L,0.353,M,,,,
44,182.3,POTASSIUM OCTANOATE,9.04 E-2 M 3-METHYL BUTANOL-1 2. E I K OH,10,3.20 X10-1 M,BG,VISUAL SPCTR CHNGE PNCN,SHIN,55004,T,L,0.32,M,,,,
44,182.3,POTASSIUM OCTANOATE,1.42 E-1 M 3-METHYL BUTANOL-1 2. EOI K OH,10,2.88 X10-1 M,BG,VISUAL SPCTR CHNGE PNCN,SHIN,55004,T,L,0.288,M,,,,
44,182.3,POTASSIUM OCTANOATE,1.92 E-1 M 3-METHYL BUTANOL-1 2. E I K OH,10,2.27 X10-1 M,BG,VISUAL SPCTR CHNGE PNCN,SHIN,55004,T,L,0.227,M,,,,
44,182.3,POTASSIUM OCTANOATE,2.68 E-1 M 3-METHYL BUTANOL-1 2. E K OH,10,2.00 X10-1 M,BG,VISUAL SPCTR CHNGE PNCN,SHIN,55004,T,L,0.2,M,,,,
44,182.3,POTASSIUM OCTANOATE,9.7 EOC 0090 5.61 E 1 0091 2. E 0 I K OH,25,3.7 X10-2 M,BG,VISUAL SPCTR CHNGE PNCN,SHIN,54003,L,L,0.037,M,,,,
44,182.3,POTASSIUM OCTANOATE,1.40 E 1 0090 3.61 E 1 C 0091 2. E 0 I K OH,25,4.7 X10-2 M,BG,VISUAL SPCTR CHNGE PNCN,SHIN,54003,L,L,0.047,M,,,,
44,182.3,POTASSIUM OCTANOATE,1.65 0090 2.49E1 0091 2. E 0 I K OH,25,5.8 X10-2 M,BG,VISUAL SPCTR CHNGE PNCN,SHIN,54003,L,L,0.058,M,,,,
44,182.3,POTASSIUM OCTANOATE,1.81 E1C 0090 1.75E1 0091 2. E 0 I K OH,25,6.9 X10-2 M,BG,VISUAL SPCTR CHNGE PNCN,SHIN,54003,L,L,0.069,M,,,,
44,182.3,POTASSIUM OCTANOATE,1.92 C 0090 1.24 E 1 0 0091 2. E 0 I K OH,25,8.2 X10-2 M,BG,VISUAL SPCTR CHNGE PNCN,SHIN,54003,L,L,0.082,M,,,,
44,182.3,POTASSIUM OCTANOATE,2.01 E1C 0090 8.6 E O C 0091 2. E 0 I K OH,25,9.7 X10-2 M,BG,VISUAL SPCTR CHNGE PNCN,SHIN,54003,L,L,0.097,M,,,,
44,182.3,POTASSIUM OCTANOATE,2.07 0090 5.7 E O C 0091 2. E 0 I K OH,25,1.2 X10-1 M,BG,VISUAL SPCTR CHNGE PNCN,SHIN,54003,L,L,0.12,M,,,,
44,182.3,POTASSIUM OCTANOATE,2.12 E 1 C 0090 3.3 E O C 0091 2. E 0 I K OH,25,1.4 X10-1 M,BG,VISUAL SPCTR CHNGE PNCN,SHIN,54003,L,L,0.14,M,,,,
44,182.3,POTASSIUM OCTANOATE,2.16 0090 1.5 E O C 0091 2. E 0 I K OH,25,1.7 X10-1 M,BG,VISUAL SPCTR CHNGE PNCN,SHIN,54003,L,L,0.17,M,,,,
44,182.3,POTASSIUM OCTANOATE,0188,25,,,SEE CMPD NMBR IN ADDITV,SHIN,54003,,X,,,,,,
45,334.4,SODIUM P 1 METHYL DECYL BENZENE SULFONATE,,19,2.45 X10-3 W,BC,KRAFFT POINT SOLUBILITY,GERS,57012,T,L,0.00245,W,,,,
45,334.4,SODIUM P 1 METHYL DECYL BENZENE SULFONATE,,35,2.53 X10-3 W,BA,SPECFC CONDCTNCE GRAPH,GERS,57012,T,2,0.00253,W,,,,
45,334.4,SODIUM P 1 METHYL DECYL BENZENE SULFONATE,,40,1.90 X10-3 W,BC,SURFACE TENSION LOG PLOT,GERS,57012,T,L,0.0019,W,,,,
46,362.4,SODIUM P 1 METHYL DODECYL BENZENE SULFONATE,,27.7,7.1 X10-4 W,CC,KRAFFT POINT SOLUBILITY,GERS,57012,T,L,0.00071,W,,,,
46,362.4,SODIUM P 1 METHYL DODECYL BENZENE SULFONATE,,35,7.2 X10-4 W,CA,SPECFC CONDCTNCE GRAPH,GERS,57012,T,3,0.00072,W,,,,
46,362.4,SODIUM P 1 METHYL DODECYL BENZENE SULFONATE,,40,6.2 X10-4 W,CD,SURFACE TENSION MINIMUM,GERS,57012,T,L,0.00062,W,,,,
47,390.5,SODIUM P 1 METHYL TETRADECYL BENZENE SULFONATE,,32.6,5.0 X10-4 W,BC,KRAFFT POINT SOLUBILITY,GERS,57012,T,L,0.0005,W,,,,
47,390.5,SODIUM P 1 METHYL TETRADECYL BENZENE SULFONATE,,40,2.2 X10-4 W,BC,SURFACE TENSION LOG PLOT,GERS,57012,T,L,0.00022,W,,,,
47,390.5,SODIUM P 1 METHYL TETRADECYL BENZENE SULFONATE,,40,3.1 X10-4 W,BB,SPECFC CONDCTNCE GRAPH,GERS,57012,T,3,0.00031,W,,,,
48,418.6,SODIUM P 1 METHYL HEXADECYL BENZENE SULFONATE,,45.5,1.4 X10-4 W,CD,KRAFFT POINT SOLUBILITY,GERS,57012,T,L,0.00014,W,,,,
48,418.6,SODIUM P 1 METHYL HEXADECYL BENZENE SULFONATE,,50,1.3 X10-4 W,CC,SPECFC CONDCTNCE GRAPH,GERS,57012,T,L,0.00013,W,,,,
48,418.6,SODIUM P 1 METHYL HEXADECYL BENZENE SULFONATE,,50,1.4 X10-4 W,CD,SURFACE TENSION MINIMUM,GERS,57012,T,L,0.00014,W,,,,
49,292.3,SODIUM P OCTYL BENZENE SULFONATE,,25,1.11 X10-2 W,CD,SURFACE TENSION MINIMUM,GERS,57012,T,L,0.0111,W,,,,
49,292.3,SODIUM P OCTYL BENZENE SULFONATE,,25,1.1 X10-2 M,CE,EQUIV COND 1ST DEVIATION,LING TART,43001,T,L,0.011,M,,,,
49,292.3,SODIUM P OCTYL BENZENE SULFONATE,,25,1.23 X10-2 W,CB,EQUIV CONDCTNCE GRAPH,LING TART,43001,P,L,0.0123,W,,,,
49,292.3,SODIUM P OCTYL BENZENE SULFONATE,,35,1.47 X10-2 W,CA,SPECFC CONDCTNCE GRAPH,GERS,57012,T,3,0.0147,W,,,,
49,292.3,SODIUM P OCTYL BENZENE SULFONATE,,40,1.2 X10-2 M,CE,EQUIV COND 1ST DEVIATION,LING TART,43001,T,L,0.012,M,,,,
49,292.3,SODIUM P OCTYL BENZENE SULFONATE,,40,1.32 X10-2 W,CB,EQUIV CONDCTNCE GRAPH,LING TART,43001,P,L,0.0132,W,,,,
49,292.3,SODIUM P OCTYL BENZENE SULFONATE,,60,1.63 X10-2 W,CB,EQUIV CONDCTNCE GRAPH,LING TART,43001,P,L,0.0163,W,,,,
49,292.3,SODIUM P OCTYL BENZENE SULFONATE,,60,1.5 X10-2 M,CE,EQUIV COND 1ST DEVIATION,LING TART,43001,T,L,0.015,M,,,,
49,292.3,SODIUM P OCTYL BENZENE SULFONATE,,UNK,1.12 X10-2 M,CG,METHOD NOT CITED,KLEV CARR,56001,T,L,0.0112,M,,,,
50,320.4,SODIUM P DECYL BENZENE SULFONATE,,50,1.47 X10-2 W,CA,SPECFC CONDCTNCE GRAPH,GERS,57012,T,3,0.0147,W,,,,
50,320.4,SODIUM P DECYL BENZENE SULFONATE,,50,3.14 X10-3 W,CD,SURFACE TENSION MINIMUM,GERS,57012,T,L,0.00314,W,,,,
50,320.4,SODIUM P DECYL BENZENE SULFONATE,,UNK,3.5 X10-3 M,CG,METHOD NOT CITED,KLEV CARR,56001,T,L,0.0035,M,,,,
51,348.4,SODIUM P DODECYL BENZENE SULFONATE,,23,1.6 X10-3 M,HG,STREAMING CURRENT,CARD,66011,T,L,0.0016,M,,,,
51,348.4,SODIUM P DODECYL BENZENE SULFONATE,,60,1.20 X10-3 W,CA,SPECFC CONDCTNCE GRAPH,GERS,57012,T,3,0.0012,W,,,,
51,348.4,SODIUM P DODECYL BENZENE SULFONATE,,60,1.26 X10-3 W,CB,EQUIV CONDCTNCE GRAPH,LING TART,43001,P,L,0.00126,W,,,,
51,348.4,SODIUM P DODECYL BENZENE SULFONATE,,60,1.2 X10-3 M,CE,EQUIV COND 1ST DEVIATION,LING TART,43001,T,L,0.0012,M,,,,
51,348.4,SODIUM P DODECYL BENZENE SULFONATE,,UNK,2.8 X10-3 M,CG,VISUAL SPCTR CHNGE PNCN,FAVA EYRI,56016,T,L,0.0028,M,,,,
51,348.4,SODIUM P DODECYL BENZENE SULFONATE,,UNK,2.8 X10-3 M,CG,VISUAL SPCTR CHNGE RHD6,FAVA EYRI,56016,T,L,0.0028,M,,,,
51,348.4,SODIUM P DODECYL BENZENE SULFONATE,,UNK,1.0 X10-3 M,CB,SURFACE TENSION LOG PLOT,FAVA EYRI,56016,T,L,0.001,M,,,,
52,388.5,SODIUM HEXADECYL MONO OXYETHYLENE SULFATE,,25,2.2 X10-4 M,CG,VISUAL SPCTR CHNGE PNCN,WEIL BIST,58003,T,L,0.00022,M,,,,
52,388.5,SODIUM HEXADECYL MONO OXYETHYLENE SULFATE,,25,2.1 X10-4 M,CC,SURFACE TENSION LOG PLOT,WEIL BIST,58003,T,L,0.00021,M,,,,
52,388.5,SODIUM HEXADECYL MONO OXYETHYLENE SULFATE,,25,2.34 X10-4 M,CC,EQUIV CONDCTNCE GRAPH,WEIL BIST,58003,T,L,0.000234,M,,,,
52,388.5,SODIUM HEXADECYL MONO OXYETHYLENE SULFATE,,50,2.4 X10-4 M,CG,VISUAL SPCTR CHNGE PNCN,WEIL STIR,59004,T,L,0.00024,M,,,,
53,432.6,SODIUM HEXADECYL DI OXYETHYLENE SULFATE,,25,1.4 X10-4 M,CG,VISUAL SPCTR CHNGE PNCN,WEIL BIST,58003,T,L,0.00014,M,,,,
53,432.6,SODIUM HEXADECYL DI OXYETHYLENE SULFATE,,25,1.2 X10-4 M,CC,SURFACE TENSION LOG PLOT,WEIL BIST,58003,T,L,0.00012,M,,,,
53,432.6,SODIUM HEXADECYL DI OXYETHYLENE SULFATE,,25,1.34 X10-4 M,CC,EQUIV CONDCTNCE GRAPH,WEIL BIST,58003,T,L,0.000134,M,,,,
53,432.6,SODIUM HEXADECYL DI OXYETHYLENE SULFATE,,50,1.4 X10-4 M,CG,VISUAL SPCTR CHNGE PNCN,WEIL STIR,59004,T,L,0.00014,M,,,,
54,476.6,SODIUM HEXADECYL TRI OXYETHYLENE SULFATE,,25,1.0 X10-4 M,CG,VISUAL SPCTR CHNGE PNCN,WEIL BIST,58003,T,L,0.0001,M,,,,
54,476.6,SODIUM HEXADECYL TRI OXYETHYLENE SULFATE,,25,7.0 X10-5 M,CD,SURFACE TENSION LOG PLOT,WEIL BIST,58003,T,L,0.00007,M,,,,
54,476.6,SODIUM HEXADECYL TRI OXYETHYLENE SULFATE,,25,1.23 X10-4 M,CC,EQUIV COND MAX BEGINING,WEIL BIST,58003,T,L,0.000123,M,,,,
54,476.6,SODIUM HEXADECYL TRI OXYETHYLENE SULFATE,,50,1.95 X10-4 M,CD,SURFACE TENSION UNSPEC,GOTT,60018,G,L,0.000195,M,,,,
54,476.6,SODIUM HEXADECYL TRI OXYETHYLENE SULFATE,,50,1.2 X10-4,CG,VISUAL SPCTR CHNGE PNCN,WEIL STIR,59004,T,L,,,,,,
55,520.7,SODIUM HEXADECYL TETRA OXYETHYLENE SULFATE,,25,8.0 X10-5 M,CD,SURFACE TENSION LOG PLOT,WEIL BIST,58003,T,L,0.00008,M,,,,
55,520.7,SODIUM HEXADECYL TETRA OXYETHYLENE SULFATE,,25,1.0 X10-4 M,CG,VISUAL SPCTR CHNGE PNCN,WEIL BIST,58003,T,L,0.0001,M,,,,
55,520.7,SODIUM HEXADECYL TETRA OXYETHYLENE SULFATE,,50,1.01 X10-4 M,CD,SURFACE TENSION UNSPEC,GOTT,60018,G,L,0.000101,M,,,,
55,520.7,SODIUM HEXADECYL TETRA OXYETHYLENE SULFATE,,50,1.2 X10-4,CG,VISUAL SPCTR CHNGE PNCN,WEIL STIR,59004,T,L,,,,,,
56,416.6,SODIUM OCTADECYL MONO OXYETHYLENE SULFATE,,25,1.1 X10-4 M,BG,VISUAL SPCTR CHNGE PNCN,WEIL BIST,58003,T,L,0.00011,M,,,,
56,416.6,SODIUM OCTADECYL MONO OXYETHYLENE SULFATE,,25,1.9 X10-4 M,BD,SURFACE TENSION LOG PLOT,WEIL BIST,58003,T,L,0.00019,M,,,,
56,416.6,SODIUM OCTADECYL MONO OXYETHYLENE SULFATE,,50,9.0 X10-5 M,CG,VISUAL SPCTR CHNGE PNCN,WEIL STIR,59004,T,L,0.00009,M,,,,
57,460.6,SODIUM OCTADECYL DI OXYETHYLENE SULFATE,,25,7.0 X10-5 M,BG,VISUAL SPCTR CHNGE PNCN,WEIL BIST,58003,T,L,0.00007,M,,,,
57,460.6,SODIUM OCTADECYL DI OXYETHYLENE SULFATE,,25,8.0 X10-5 M,BD,SURFACE TENSION LOG PLOT,WEIL BIST,58003,T,L,0.00008,M,,,,
57,460.6,SODIUM OCTADECYL DI OXYETHYLENE SULFATE,,50,1.00 X10-4 M,CD,SURFACE TENSION UNSPEC,GOTT,60018,G,L,0.0001,M,,,,
57,460.6,SODIUM OCTADECYL DI OXYETHYLENE SULFATE,,50,7.0 X10-5 M,CG,VISUAL SPCTR CHNGE PNCN,WEIL STIR,59004,T,L,0.00007,M,,,,
58,504.7,SODIUM OCTADECYL TRI OXYETHYLENE SULFATE,,25,5.0 X10-5 M,CD,SURFACE TENSION LOG PLOT,WEIL BIST,58003,T,L,0.00005,M,,,,
58,504.7,SODIUM OCTADECYL TRI OXYETHYLENE SULFATE,,25,5.0 X10-5 M,CG,VISUAL SPCTR CHNGE PNCN,WEIL BIST,58003,T,L,0.00005,M,,,,
58,504.7,SODIUM OCTADECYL TRI OXYETHYLENE SULFATE,,50,6.98 X10-5 M,CD,SURFACE TENSION UNSPEC,GOTT,60018,G,L,0.0000698,M,,,,
58,504.7,SODIUM OCTADECYL TRI OXYETHYLENE SULFATE,,50,7.0 X10-5 M,CG,VISUAL SPCTR CHNGE PNCN,WEIL STIR,59004,T,L,0.00007,M,,,,
59,548.7,SODIUM OCTADECYL TETRA OXYETHYLENE SULFATE,,25,4.0 X10-5 M,CD,SURFACE TENSION LOG PLOT,WEIL BIST,58003,T,L,0.00004,M,,,,
59,548.7,SODIUM OCTADECYL TETRA OXYETHYLENE SULFATE,,25,4.0 X10-5 M,CG,VISUAL SPCTR CHNGE PNCN,WEIL BIST,58003,T,L,0.00004,M,,,,
59,548.7,SODIUM OCTADECYL TETRA OXYETHYLENE SULFATE,,50,3.97 X10-5 M,CD,SURFACE TENSION UNSPEC,GOTT,60018,G,L,0.0000397,M,,,,
59,548.7,SODIUM OCTADECYL TETRA OXYETHYLENE SULFATE,,50,7.0 X10-5 M,CG,VISUAL SPCTR CHNGE PNCN,WEIL STIR,59004,T,L,0.00007,M,,,,
60,471.7,TRIETHANOL AMMONIUM HEXADECYL SULFATE,,50,3.4 X10-4 M,CG,VISUAL SPCTR CHNGE PNCN,WEIL STIR,59004,T,L,0.00034,M,,,,
61,370.5,SODIUM OLEYL/CIS 9 OCTADECENOYL/ SULFATE,,25,3.0 X10-4 M,BG,VISUAL SPCTR CHNGE PNCN,WEIL STIR,59004,T,L,0.0003,M,,,,
61,370.5,SODIUM OLEYL/CIS 9 OCTADECENOYL/ SULFATE,,50,3.50 X10-3 M,CD,SURFACE TENSION UNSPEC,GOTT,60018,G,L,0.0035,M,,,,
61,370.5,SODIUM OLEYL/CIS 9 OCTADECENOYL/ SULFATE,,50,2.9 X10-4 M,BG,VISUAL SPCTR CHNGE PNCN,WEIL STIR,59004,T,L,0.00029,M,,,,
62,370.5,SODIUM ELAIDYL/TRANS 9 OCTADECENOYL/SULFATE,,50,1.8 X10-4 M,CG,VISUAL SPCTR CHNGE PNCN,WEIL STIR,59004,T,L,0.00018,M,,,,
63,441.4,SODIUM 9 10 DICHLORO OCTADECYL SULFATE,,25,3.1 X10-4 M,BG,VISUAL SPCTR CHNGE PNCN,WEIL STIR,59004,T,L,0.00031,M,,,,
63,441.4,SODIUM 9 10 DICHLORO OCTADECYL SULFATE,,50,2.6 X10-4 M,BG,VISUAL SPCTR CHNGE PNCN,WEIL STIR,59004,T,L,0.00026,M,,,,
64,372.5,SODIUM OCTADECYL 1 SULFATE,,,53005,,VALUES FRM REF IN CMC,KLIN LANG,57022,,R,,,,,,
64,372.5,SODIUM OCTADECYL 1 SULFATE,,40,1.65 X10-4 M,BE,SPECFC CONDCTNCE GRAPH,EVAN,56006,T,L,0.000165,M,,,,
64,372.5,SODIUM OCTADECYL 1 SULFATE,,40,3.0 X10-4 M,BD,EQUIV CONDCTNCE GRAPH,EVAN,56006,KL,L,0.0003,M,,,,
64,372.5,SODIUM OCTADECYL 1 SULFATE,,50,1.7 X10-4 M,CD,EQUIV CONDCTNCE GRAPH,LANG,53005,T,L,0.00017,M,,,,
64,372.5,SODIUM OCTADECYL 1 SULFATE,,50,2.31 X10-4 M,CD,SURFACE TENSION UNSPEC,GOTT,60018,G,L,0.000231,M,,,,
64,372.5,SODIUM OCTADECYL 1 SULFATE,,50,1.9 X10-4 M,BB,INTERFACIAL TENSION LOGM,KLIN LANG,57022,T,L,0.00019,M,,,,
64,372.5,SODIUM OCTADECYL 1 SULFATE,,50,2.3 X10-4 M,BB,SURFACE TENSION LOG PLOT,KLIN LANG,57022,T,L,0.00023,M,,,,
64,372.5,SODIUM OCTADECYL 1 SULFATE,,50,1.1 X10-4 M,CG,VISUAL SPCTR CHNGE PNCN,WEIL STIR,59004,T,L,0.00011,M,,,,
64,372.5,SODIUM OCTADECYL 1 SULFATE,,50,1.1 X10-4 M,BG,VISUAL SPCTR CHNGE PNCN,WEIL STIR,63013,T,L,0.00011,M,,,,
64,372.5,SODIUM OCTADECYL 1 SULFATE,,UNK,1.0 X10-2 D 2.68 X10-4 M,XG,VISUAL SPCTR CHNGE PNCN,DEMC,61031,T M,L,0.01,D,0.000268,M,,
64,372.5,SODIUM OCTADECYL 1 SULFATE,E 0 0001,50,,,GRAPH DATA NOT RETRIEVED,LANG,53005,,R,,,,,,
65,499.7,TRIETHANOLAMMONTUM OCTADECYL 1 SULFATE,,50,7.0 X10-5 M,CG,VISUAL SPCTR CHNGE PNCN,WEIL STIR,59004,T,L,0.00007,M,,,,
66,232.2,SODIUM OCTYL 2 SULFATE,,40,1.80 X10-1 M,BB,SPECFC CONDCTNCE GRAPH,EVAN,56006,T,3,0.18,M,,,,
67,288.3,SODIUM DODECYL 2 SULFATE,,55,2.82 X10-1 D 9.781X10-3 M,CG,VISUAL SPCTR CHNGE PNCN,SCHI FOWK,57014,T M,L,0.282,D,0.009781,M,,
67,288.3,SODIUM DODECYL 2 SULFATE,2.22 E 1 Q N-C10 GLYCEROL ETHER,55,1.76 X10-1 D 6.104X10-3 M,CG,VISUAL SPCTR CHNGE PNCN,SCHI FOWK,57014,T M,L,0.176,D,0.006104,M,,
68,302.3,SODIUM TRIDECYL 2 SULFATE,,40,6.50 X10-3 M,BB,SPECFC CONDCTNCE GRAPH,EVAN,56006,T,3,0.0065,M,,,,
69,330.4,SODIUM PENTADECYL 2 SULFATE,,40,1.71 X10-3 M,BB,SPECFC CONDCTNCE GRAPH,EVAN,56006,T,L,0.00171,M,,,,
70,358.5,SODIUM HEPTADECYL 2 SULFATE,,40,4.9 X10-4 M,BC,SPECFC CONDCTNCE GRAPH,EVAN,56006,T,L,0.00049,M,,,,
71,372.5,SODTUM OCTADECYL 2 SULFATE,,40,2.6 X10-4 M,BC,SPECFC CONDCTNCE GRAPH,EVAN,56006,T,L,0.00026,M,,,,
72,274.3,SODIUM UNDECYL 3 SULFATE,,40,2.89 X10-2 M,CB,SPECFC CONDCTNCE GRAPH,EVAN,56006,T,3,0.0289,M,,,,
72,274.3,SODIUM UNDECYL 3 SULFATE,,RM,3.88 X10-2 M,CG,VISUAL SPCTR CHNGE PNCN,WINS,48008,T,L,0.0388,M,,,,
73,316.4,SODIUM TETRADECYL 3 SULFATE,,40,4.3 X10-3 M,CB,UNSPECIFIED CONDUCTANCE,WINS,48008,L,L,0.0043,M,,,,
73,316.4,SODIUM TETRADECYL 3 SULFATE,,40,4.30 X10-3 M,CB,SPECFC CONDCTNCE GRAPH,EVAN,56006,T,3,0.0043,M,,,,
73,316.4,SODIUM TETRADECYL 3 SULFATE,,60,4.85 X10-3 M,CB,UNSPECIFIED CONDUCTANCE,WINS,48008,L,L,0.00485,M,,,,
73,316.4,SODIUM TETRADECYL 3 SULFATE,,RM,4.53 X10-3 M,CG,VISUAL SPCTR CHNGE PNCN,WINS,48008,T,L,0.00453,M,,,,
74,330.4,SODIUM PENTADECYL 3 SULFATE,,40,2.20 X10-3 M,CB,SPECFC CONDCTNCE GRAPH,EVAN,56006,T,L,0.0022,M,,,,
75,344.4,SODIUM HEXADECYL 4 SULFATE,,40,1.72 X10-3 M,CB,SPECFC CONDCTNCE GRAPH,EVAN,56006,T,3,0.00172,M,,,,
76,372.5,SODIUM OCTADECYL 4 SULFATE,,40,4.5 X10-4 M,CC,SPECFC CONDCTNCE GRAPH,EVAN,56006,T,L,0.00045,M,,,,
77,316.4,SODIUM TETRADECYL 5 SULFATE,,40,6.9 X10-3 M,CB,UNSPECIFIED CONDUCTANCE,WINS,48008,L,L,0.0069,M,,,,
77,316.4,SODIUM TETRADECYL 5 SULFATE,,40,6.75 X10-3 M,CB,SPECFC CONDCTNCE GRAPH,EVAN,56006,T,L,0.00675,M,,,,
77,316.4,SODIUM TETRADECYL 5 SULFATE,,60,7.95 X10-3 M,CB,UNSPECIFIED CONDUCTANCE,WINS,48008,L,L,0.00795,M,,,,
77,316.4,SODIUM TETRADECYL 5 SULFATE,,RM,7.95 X10-3 M,CG,VISUAL SPCTR CHNGE PNCN,WINS,48008,T,L,0.00795,M,,,,
78,330.4,SODIUM PENTADECYL 5 SULFATE,,40,3.40 X10-3 M,CB,SPECFC CONDCTNCE GRAPH,EVAN,56006,T,3,0.0034,M,,,,
79,386.5,SODIUM NONADECYL 5 SULFATE,,40,3.3 X10-4 M,CC,SPECFC CONDCTNCE GRAPH,EVAN,56006,T,L,0.00033,M,,,,
80,274.3,SODIUM UNDECYL 6 SULFATE,,40,8.3 X10-2 M,CB,SPECFC CONDCTNCE GRAPH,EVAN,56006,T,3,0.083,M,,,,
81,344.4,SODIUM HEXADECYL 6 SULFATE,,40,2.35 X10-3 M,CB,SPECFC CONDCTNCE GRAPH,EVAN,56006,T,3,0.00235,M,,,,
82,372.5,SODIUM OCTADECYL 6 SULFATE,,40,7.2 X10-4 M,CB,SPECFC CONDCTNCE GRAPH,EVAN,56006,T,L,0.00072,M,,,,
83,302.3,SODIUM TRIDECYL 7 SULFATE,,40,1.93 X10-2 M,CB,SPECFC CONDCTNCE GRAPH,EVAN,56006,T,3,0.0193,M,,,,
84,316.4,SODIUM TETRADECYL 7 SULFATE,,40,9.7 X10-3 M,CB,UNSPECIFIED CONDUCTANCE,WINS,48008,L,L,0.0097,M,,,,
84,316.4,SODIUM TETRADECYL 7 SULFATE,,40,9.70 X10-3 M,CB,SPECFC CONDCTNCE GRAPH,EVAN,56006,T,L,0.0097,M,,,,
84,316.4,SODIUM TETRADECYL 7 SULFATE,,60,1.15 X10-2 M,CB,UNSPECIFIED CONDUCTANCE,WINS,48008,L,L,0.0115,M,,,,
84,316.4,SODIUM TETRADECYL 7 SULFATE,,RM,1.58 X10-2 M,CG,VISUAL SPCTR CHNGE PNCN,WINS,48008,T,L,0.0158,M,,,,
85,330.4,SODIUM PENTADECYL 8 SULFATE,,40,6.65 X10-3 M,CB,SPECFC CONDCTNCE GRAPH,EVAN,56006,T,3,0.00665,M,,,,
86,344.4,SODIUM HEXADECYL 8 SULFATE,,40,4.25 X10-3 M,CB,SPECFC CONDCTNCE GRAPH,EVAN,56006,T,3,0.00425,M,,,,
87,358.5,SODIUM HEPTADECYL 9 SULFATE,,40,2.35 X10-3 M,CB,SPECFC CONDCTNCE GRAPH,EVAN,56006,T,L,0.00235,M,,,,
88,386.5,SODIUM 1 NONYL DECYL SULFATE,,40,9.4 X10-4 M,CB,SPECFC CONDCTNCE GRAPH,EVAN,56006,T,L,0.00094,M,,,,
89,526.8,SODIUM 1 TETRADECYL PENTADECYL SULFATE,,40,8. X10-5 M,CG,EQUIV CONDCTNCE MAXIMUM,EVAN,56006,T,L,0.00008,M,,,,
90,210.3,POTASSIUM DECANOATE,,,,,GRAPH DATA NOT RETRIEVED,KLEV,46007,,R,,,,,,
90,210.3,POTASSIUM DECANOATE,,25,9.9 X10-2 M,DB,REFRACTIVE INDEX,KLEV,48005,T,L,0.099,M,,,,
90,210.3,POTASSIUM DECANOATE,,25,1.00 X10-1 M,CG,VISUAL SPCTR CHNGE PNCN,KLEV,50003,T,L,0.1,M,,,,
90,210.3,POTASSIUM DECANOATE,,25,9.98 X10-2 M,DG,VISUAL SPCTR CHNGE PNCN,HERZ,52015,T,L,0.0998,M,,,,
90,210.3,POTASSIUM DECANOATE,,25,9.5 X10-2 M,BG,UNSPEC SPCTR CHNG PNCN,KLEV,58011,T,L,0.095,M,,,,
90,210.3,POTASSIUM DECANOATE,,25,9.98 X10-2 M,DG,VISUAL SPCTR CHNGE PNCN,HERZ,52017,T,L,0.0998,M,,,,
90,210.3,POTASSIUM DECANOATE,,30,1.06 X10-1 M,DB,FOTOMTR SOLUBLZTN PDMAB,KOLT STRI,48016,T,L,0.106,M,,,,
90,210.3,POTASSIUM DECANOATE,,45,9.8 X10-2 M,DB,REFRACTIVE INDEX,KLEV,48005,T,L,0.098,M,,,,
90,210.3,POTASSIUM DECANOATE,,45,1.18 X10-1 M,DB,REFRACTIVE INDEX,KLEV,48005,T,L,0.118,M,,,,
90,210.3,POTASSIUM DECANOATE,,50,1.05 X10-1 M,DB,FOTOMTR SOLUBLZTN PDMAB,KOLT STRI,48016,T,L,0.105,M,,,,
90,210.3,POTASSIUM DECANOATE,,50,48016,,VALUES FRM REF IN CMC,KOLT STRI,49005,,R,,,,,,
90,210.3,POTASSIUM DECANOATE,,UNK,9.5 X10-2 M,DG,VISUAL SPCTR CHNGE PNCN,CORR HARK,46015,T,L,0.095,M,,,,
90,210.3,POTASSIUM DECANOATE,0.22 E-1 P BENZENE,25,9.3 X10-2 M,CG,VISUAL SPCTR CHNGE PNCN,KLEV,50003,T,L,0.093,M,,,,
90,210.3,POTASSIUM DECANOATE,1.05 E-2 M K CL,25,9.49 X10-2 M,DG,VISUAL SPCTR CHNGE PNCN,HERZ,52017,T,L,0.0949,M,,,,
90,210.3,POTASSIUM DECANOATE,2.29 E-2 M K CL,25,9.17 X10-2 M,DG,VISUAL SPCTR CHNGE PNCN,HERZ,52017,T,L,0.0917,M,,,,
90,210.3,POTASSIUM DECANOATE,3.79 E-2 M K CL,25,8.85 X10-2 M,DG,VISUAL SPCTR CHNGE PNCN,HERZ,52017,T,L,0.0885,M,,,,
90,210.3,POTASSIUM DECANOATE,5.59 E-2 M K CL,25,8.38 X10-2 M,DG,VISUAL SPCTR CHNGE PNCN,HERZ,52017,T,L,0.0838,M,,,,
90,210.3,POTASSIUM DECANOATE,7.87 E-2 M K CL,25,7.87 X10-2 M,DG,VISUAL SPCTR CHNGE PNCN,HERZ,52017,T,L,0.0787,M,,,,
90,210.3,POTASSIUM DECANOATE,1.10 E-1 M K CL,25,7.31 X10-2 M,DG,VISUAL SPCTR CHNGE PNCN,HERZ,52017,T,L,0.0731,M,,,,
90,210.3,POTASSIUM DECANOATE,1.51 E-1 M K CL,25,6.45 X10-2 M,DG,VISUAL SPCTR CHNGE PNCN,HERZ,52017,T,L,0.0645,M,,,,
90,210.3,POTASSIUM DECANOATE,2.27 E-1 M K CL,25,5.68 X10-2 M,DG,VISUAL SPCTR CHNGE PNCN,HERZ,52017,T,L,0.0568,M,,,,
90,210.3,POTASSIUM DECANOATE,3.44 E-1 M K CL,25,4.69 X10-2 M,DG,VISUAL SPCTR CHNGE PNCN,HERZ,52017,T,L,0.0469,M,,,,
90,210.3,POTASSIUM DECANOATE,3.86 E-1 M K CL,25,4.29 X10-2 M,DG,VISUAL SPCTR CHNGE PNCN,HERZ,52017,T,L,0.0429,M,,,,
90,210.3,POTASSIUM DECANOATE,1. N K CL,50,2.2 X10-2 M,DC,FOTOMTR SOLUBLZTN PDMAB,KOLT STRI,49005,T,L,0.022,M,,,,
90,210.3,POTASSIUM DECANOATE,E O K OH,0,1.68 X10-1 W,CB,VAPR PRESURE LOWERING,HUFF MCBA,51004,T,L,0.168,W,,,,
90,210.3,POTASSIUM DECANOATE,2. E O I K OH,10,1.09 X10-1 M,BG,VISUAL SPCTR CHNGE PNCN,SHIN,55004,S,L,0.109,M,,,,
90,210.3,POTASSIUM DECANOATE,4.4 E-2 N K OH,20,7. X10-2 M,XG,VISCOSITY MINIMUM,SATA TYUZ,53006,T,L,0.07,M,,,,
90,210.3,POTASSIUM DECANOATE,4.4 E-2 N K OH,20,5.7 X10-2 M,CE,DIFFUSION COEFFICIENT,TYUZ,61025,T,L,0.057,M,,,,
90,210.3,POTASSIUM DECANOATE,4.4 E-2 N K OH,20,1.06 X10-1 M,CE,DIFFUSION COEFFICIENT,TYUZ,61025,T,L,0.106,M,,,,
90,210.3,POTASSIUM DECANOATE,2. I K OH,25,1.00 X10-1 M,BG,VISUAL SPCTR CHNGE PNCN,SHIN,54005,G,L,0.1,M,,,,
90,210.3,POTASSIUM DECANOATE,E 0 K OH,30,9.8 X10-2 W,CB,VAPR PRESURE LOWERING,HUFF MCBA,51004,T,L,0.098,W,,,,
90,210.3,POTASSIUM DECANOATE,E 0 K OH,50,1.15 X10-1 W,CB,VAPR PRESURE LOWERING,HUFF MCBA,51004,T,L,0.115,W,,,,
90,210.3,POTASSIUM DECANOATE,1. E-1 N K2 S04,50,8.2 X10-2 M,DB,FOTOMTR SOLUBLZTN PDMAB,KOLT STRI,49005,T,L,0.082,M,,,,
90,210.3,POTASSIUM DECANOATE,2. E-1 N K2 S04,50,6.5 X10-2 M,DB,FOTOMTR SOLUBLZTN PDMAB,KOLT STRI,49005,T,L,0.065,M,,,,
90,210.3,POTASSIUM DECANOATE,2. E-1 N K2 S04,50,4.5 X10-2 M,DC,FOTOMTR SOLUBLZTN PDMAB,KOLT STRI,49005,T,L,0.045,M,,,,
90,210.3,POTASSIUM DECANOATE,0044,25,,,SEE CMPD NMBR IN ADDITV,SHIN,54005,,X,,,,,,
90,210.3,POTASSIUM DECANOATE,0091,UNK,,,SEE CMPD NMBR IN ADDITV,CORR HARK,46015,,X,,,,,,
90,210.3,POTASSIUM DECANOATE,1.10 E 1 C 0092,25,5.2 X10-2 M,DC,REFRACTIVE INDEX,KLEV,48005,T,L,0.052,M,,,,
90,210.3,POTASSIUM DECANOATE,3.05 E 1 C 0092,25,1.5 X10-2 M,DD,REFRACTIVE INDEX,KLEV,48005,T,L,0.015,M,,,,
90,210.3,POTASSIUM DECANOATE,4.50 E 1 C 0092,25,1.2 X10-2 M,DD,REFRACTIVE INDEX,KLEV,48005,T,L,0.012,M,,,,
90,210.3,POTASSIUM DECANOATE,0188,25,,,SEE CMPD NMBR IN ADDITV,SHIN,54005,,X,,,,,,
90,210.3,POTASSIUM DECANOATE,3.63 E-2 M BUTANOL-1 2. 0 I K OH,10,1.01 X10-1 M,BG,VISUAL SPCTR CHNGE PNCN,SHIN,55004,T,L,0.101,M,,,,
90,210.3,POTASSIUM DECANOATE,6.74 E-2 M BUTANOL-1 2. I K OH,10,9.4 X10-2 M,BG,VISUAL SPCTR CHNGE PNCN,SHIN,55004,T,L,0.094,M,,,,
90,210.3,POTASSIUM DECANOATE,9.52 E-2 M BUTANOL-1 2. I K OH,10,8.8 X10-2 M,BG,VISUAL SPCTR CHNGE PNCN,SHIN,55004,T,L,0.088,M,,,,
90,210.3,POTASSIUM DECANOATE,1.44 E-1 M BUTANOL-1 2. EOI K OH,10,8.1 X10-2 M,BG,VISUAL SPCTR CHNGE PNCN,SHIN,55004,T,L,0.081,M,,,,
90,210.3,POTASSIUM DECANOATE,1.80 E-1 M BUTANOL-1 2. I K OH,10,7.2 X10-2 M,BG,VISUAL SPCTR CHNGE PNCN,SHIN,55004,T,L,0.072,M,,,,
90,210.3,POTASSIUM DECANOATE,2.29 E-1 M BUTANOL-1 2. I K OH,10,6.4 X10-2 M,BG,VISUAL SPCTR CHNGE PNCN,SHIN,55004,T,L,0.064,M,,,,
90,210.3,POTASSIUM DECANOATE,6.4 E-5 M DECANOL-1 2. 0 I K OH,10,1.06 X10-1 M,BG,VISUAL SPCTR CHNGE PNCN,SHIN,55004,T,L,0.106,M,,,,
90,210.3,POTASSIUM DECANOATE,1.20 E-4 M DECANOL-1 2. E 0 I K OH,10,1.02 X10-1 M,BG,VISUAL SPCTR CHNGE PNCN,SHIN,55004,T,L,0.102,M,,,,
90,210.3,POTASSIUM DECANOATE,1.64 E-4 M DECANOL-1 2. E 0 I K OH,10,1.01 X10-1 M,BG,VISUAL SPCTR CHNGE PNCN,SHIN,55004,T,L,0.101,M,,,,
90,210.3,POTASSIUM DECANOATE,5.44 E-1 M ETHANOL 2. E 0 I K OH,10,9.7 X10-2 M,BG,VISUAL SPCTR CHNGE PNCN,SHIN,55004,T,L,0.097,M,,,,
90,210.3,POTASSIUM DECANOATE,9.9 E-1 M ETHANOL 2. EOI K OH,10,8.9 X10-2 M,BG,VISUAL SPCTR CHNGE PNCN,SHIN,55004,T,L,0.089,M,,,,
90,210.3,POTASSIUM DECANOATE,1.37 EOM ETHANOL 2. E 0 I K OH,10,8.2 X10-2 M,BG,VISUAL SPCTR CHNGE PNCN,SHIN,55004,T,L,0.082,M,,,,
90,210.3,POTASSIUM DECANOATE,1.91 EOM ETHANOL 2. E 0 I K OH,10,6.8 X10-2 M,BG,VISUAL SPCTR CHNGE PNCN,SHIN,55004,T,L,0.068,M,,,,
90,210.3,POTASSIUM DECANOATE,2.33 EOM ETHANOL 2. EOI K OH,10,6.5 X10-2 M,BG,VISUAL SPCTR CHNGE PNCN,SHIN,55004,T,L,0.065,M,,,,
90,210.3,POTASSIUM DECANOATE,2.82 EOM ETHANOL 2. EOI K OH,10,5.4 X10-2 M,BG,VISUAL SPCTR CHNGE PNCN,SHIN,55004,T,L,0.054,M,,,,
90,210.3,POTASSIUM DECANOATE,9.0 E-3 M HEXANOL-1 2. EOI K OH,10,9.7 X10-2 M,BG,VISUAL SPCTR CHNGE PNCN,SHIN,55004,T,L,0.097,M,,,,
90,210.3,POTASSIUM DECANOATE,1.60 E-2 M HEXANOL-1 2. EOI K OH,10,8.7 X10-2 M,BG,VISUAL SPCTR CHNGE PNCN,SHIN,55004,T,L,0.087,M,,,,
90,210.3,POTASSIUM DECANOATE,2.12 E-2 M HEXANOL-1 2. E O I K OH,10,7.8 X10-2 M,BG,VISUAL SPCTR CHNGE PNCN,SHIN,55004,T,L,0.078,M,,,,
90,210.3,POTASSIUM DECANOATE,3.85 E-2 M HEXANOL-1 2. EOI K OH,10,6.1 X10-2 M,BG,VISUAL SPCTR CHNGE PNCN,SHIN,55004,T,L,0.061,M,,,,
90,210.3,POTASSIUM DECANOATE,2.70 E-3 M HEPTANOL-1 2. EOI K OH,10,9.8 X10-2 M,BG,VISUAL SPCTR CHNGE PNCN,SHIN,55004,T,L,0.098,M,,,,
90,210.3,POTASSIUM DECANOATE,4.73 E-3 M HEPTANOL-1 2. EOI K OH,10,8.6 X10-2 M,BG,VISUAL SPCTR CHNGE PNCN,SHIN,55004,T,L,0.086,M,,,,
90,210.3,POTASSIUM DECANOATE,8.35 E-3 M HEPTANOL-1 2. E O I K OH,10,7.5 X10-2 M,BG,VISUAL SPCTR CHNGE PNCN,SHIN,55004,T,L,0.075,M,,,,
90,210.3,POTASSIUM DECANOATE,7.8 E-4 M OCTANOL-1 2. EOI K OH,10,1.02 X10-1 M,BG,VISUAL SPCTR CHNGE PNCN,SHIN,55004,T,L,0.102,M,,,,
90,210.3,POTASSIUM DECANOATE,1.49 E-3 M OCTANOL-1 2. EOI K OH,10,9.6 X10-2 M,BG,VISUAL SPCTR CHNGE PNCN,SHIN,55004,T,L,0.096,M,,,,
90,210.3,POTASSIUM DECANOATE,2.11 E-3 M OCTANOL-1 2. EOI K OH,10,9.1 X10-2 M,BG,VISUAL SPCTR CHNGE PNCN,SHIN,55004,T,L,0.091,M,,,,
90,210.3,POTASSIUM DECANOATE,2.70 E-3 M OCTANOL-1 2. EOI K OH,10,8.7 X10-2 M,BG,VISUAL SPCTR CHNGE PNCN,SHIN,55004,T,L,0.087,M,,,,
90,210.3,POTASSIUM DECANOATE,1.30 E-1 M PROPANOL-1 2. EOI K OH,10,9.9 X10-2 M,BG,VISUAL SPCTR CHNGE PNCN,SHIN,55004,T,L,0.099,M,,,,
90,210.3,POTASSIUM DECANOATE,2.35 E-1 M PROPANOL-1 2. EOI K OH,10,8.9 X10-2 M,BG,VISUAL SPCTR CHNGE PNCN,SHIN,55004,T,L,0.089,M,,,,
90,210.3,POTASSIUM DECANOATE,3.51 E-1 M PROPANOL-1 2. EOI K OH,10,8.0 X10-2 M,BG,VISUAL SPCTR CHNGE PNCN,SHIN,55004,T,L,0.08,M,,,,
90,210.3,POTASSIUM DECANOATE,4.82 E-1 M PROPANOL-1 2. EOI K OH,10,7.2 X10-2 M,BG,VISUAL SPCTR CHNGE PNCN,SHIN,55004,T,L,0.072,M,,,,
90,210.3,POTASSIUM DECANOATE,6.34 E-1 M PROPANOL-1 2. E 0 I K OH,10,6.5 X10-2 M,BG,VISUAL SPCTR CHNGE PNCN,SHIN,55004,T,L,0.065,M,,,,
90,210.3,POTASSIUM DECANOATE,8.25 E-1 M PROPANOL-1 2. E 0 I K OH,10,5.7 X10-2 M,BG,VISUAL SPCTR CHNGE PNCN,SHIN,55004,T,L,0.057,M,,,,
90,210.3,POTASSIUM DECANOATE,1.91 E-4 M NONANOL-1 2. E 0 I K OH,10,1.02 X10-1 M,BG,VISUAL SPCTR CHNGE PNCN,SHIN,55004,T,L,0.102,M,,,,
90,210.3,POTASSIUM DECANOATE,3.64 E-4 M NONANOL-1 2. E 0 I K OH,10,9.7 X10-2 M,BG,VISUAL SPCTR CHNGE PNCN,SHIN,55004,T,L,0.097,M,,,,
90,210.3,POTASSIUM DECANOATE,4.84 E-4 M NONANOL-1 2. E 0 I K OH,10,9.4 X10-2 M,BG,VISUAL SPCTR CHNGE PNCN,SHIN,55004,T,L,0.094,M,,,,
90,210.3,POTASSIUM DECANOATE,5.70 E-4 M NONANOL-1 2. E 0 I K OH,10,9.1 X10-2 M,BG,VISUAL SPCTR CHNGE PNCN,SHIN,55004,T,L,0.091,M,,,,
90,210.3,POTASSIUM DECANOATE,0044 2. EOI K OH,25,,,SEE CMPD NMBR IN ADDITV,SHIN,54003,,X,,,,,,
90,210.3,POTASSIUM DECANOATE,1.9 E O C 0091 2. EOI K OH,25,9.4 X10-2 M,BG,VISUAL SPCTR CHNGE PNCN,SHIN,54005,G,L,0.094,M,,,,
90,210.3,POTASSIUM DECANOATE,3.8 E O C 0091 2. EOI K OH,25,8.8 X10-2 M,BG,VISUAL SPCTR CHNGE PNCN,SHIN,54005,G,L,0.088,M,,,,
90,210.3,POTASSIUM DECANOATE,9.0 E O C 0091 2. EOI K OH,25,7.4 X10-2 M,BG,VISUAL SPCTR CHNGE PNCN,SHIN,54005,G,L,0.074,M,,,,
90,210.3,POTASSIUM DECANOATE,1.55 E1C 0091 2. EOI K OH,25,6.4 X10-2 M,BG,VISUAL SPCTR CHNGE PNCN,SHIN,54005,G,L,0.064,M,,,,
90,210.3,POTASSIUM DECANOATE,2.34 E1C 0091 2. EOI K OH,25,5.5 X10-2 M,BG,VISUAL SPCTR CHNGE PNCN,SHIN,54005,G,L,0.055,M,,,,
90,210.3,POTASSIUM DECANOATE,2.80 E1C 0091 2. E O I K OH,25,4.9 X10-2 M,BG,VISUAL SPCTR CHNGE PNCN,SHIN,54005,G,L,0.049,M,,,,
90,210.3,POTASSIUM DECANOATE,3.58 E1C 0091 2. E O I K OH,25,4.4 X10-2 M,BG,VISUAL SPCTR CHNGE PNCN,SHIN,54005,G,L,0.044,M,,,,
90,210.3,POTASSIUM DECANOATE,4.75 E1C 0091 2. E O I K OH,25,3.9 X10-2 M,BG,VISUAL SPCTR CHNGE PNCN,SHIN,54005,G,L,0.039,M,,,,
90,210.3,POTASSIUM DECANOATE,6.80 E1C 0091 2. E O I K OH,25,3.3 X10-2 M,BG,VISUAL SPCTR CHNGE PNCN,SHIN,54005,G,L,0.033,M,,,,
90,210.3,POTASSIUM DECANOATE,1.0 E O C 0092 2. EOI K OH,25,8.8 X10-2 M,BG,VISUAL SPCTR CHNGE PNCN,SHIN,54005,G,L,0.088,M,,,,
90,210.3,POTASSIUM DECANOATE,1.7 EOC 0092 2. EOI K OH,25,7.2 X10-2 M,BG,VISUAL SPCTR CHNGE PNCN,SHIN,54005,G,L,0.072,M,,,,
90,210.3,POTASSIUM DECANOATE,2.5 0 C 0092 2. E 0 I K OH,25,5.7 X10-2 M,BG,VISUAL SPCTR CHNGE PNCN,SHIN,54005,G,L,0.057,M,,,,
90,210.3,POTASSIUM DECANOATE,4.2 E O C 0092 2. EOI K OH,25,4.1 X10-2 M,BG,VISUAL SPCTR,CHNGE PNCN SHIN,54005,G,L,0.041,M,,,,
90,210.3,POTASSIUM DECANOATE,6.9 EOC 0092 2. E 0 1 I K OH,25,3.2 X10-2 M,BG,VISUAL SPCTR,CHNGE PNCN SHIN,54005,G,L,0.032,M,,,,
90,210.3,POTASSIUM DECANOATE,1.13 E1 0092 2. EOI K OH,25,2.5 X10-2 M,BG,VISUAL SPCTR,CHNGE PNCN SHIN,54005,G,L,0.025,M,,,,
90,210.3,POTASSIUM DECANOATE,1.78 E1C 0092 2. EOI K OH,25,2.0 X10-2 M,BG,VISUAL SPCTR,CHNGE PNCN SHIN,54005,G,L,0.02,M,,,,
90,210.3,POTASSIUM DECANOATE,3.18 E1C 0092 2. EOI K OH,25,1.5 X10-2 M,BG,VISUAL SPCTR,CHNGE PNCN SHIN,54005,G,L,0.015,M,,,,
90,210.3,POTASSIUM DECANOATE,0296 2. EOI K OH,25,,,SEE CMPD NMBR,IN ADDITV SHIN,54005,,X,,,,,,
90,210.3,POTASSIUM DECANOATE,4.8 E O C 0297 2. EOI K OH,25,9.5 X10-2 M,BG,VISUAL SPCTR,CHNGE PNCN SHIN,54005,G,L,0.095,M,,,,
90,210.3,POTASSIUM DECANOATE,1.15 E1C 0297 2. EOI K OH,25,8.8 X10-2 M,BG,VISUAL SPCTR,CHNGE PNCN SHIN,54005,G,L,0.088,M,,,,
90,210.3,POTASSIUM DECANOATE,1.78 E1C 0297 2. EOI K OH,25,8.2 X10-2 M,BG,VISUAL SPCTR,CHNGE PNCN SHIN,54005,G,L,0.082,M,,,,
90,210.3,POTASSIUM DECANOATE,2.53 E1C 0297 2. E 0 2 I K OH,25,7.7 X10-2 M,BG,VISUAL SPCTR,CHNGE PNCN SHIN,54005,G,L,0.077,M,,,,
90,210.3,POTASSIUM DECANOATE,3.28 C 0297 2. E 0 I K OH,25,7.1 X10-2 M,BG,VISUAL SPCTR,CHNGE PNCN SHIN,54005,G,L,0.071,M,,,,
90,210.3,POTASSIUM DECANOATE,4.39 E1 C 0297 2. E 0 I K OH,25,6.7 X10-2 M,BG,VISUAL SPCTR,CHNGE PNCN SHIN,54005,G,L,0.067,M,,,,
90,210.3,POTASSIUM DECANOATE,5.36 E1C 0297 2. E 0 I K OH,25,6.2 X10-2 M,BG,VISUAL SPCTR,CHNGE PNCN SHIN,54005,G,L,0.062,M,,,,
90,210.3,POTASSIUM DECANOATE,6.65 E1C 0297 2. E 0 I K OH,25,5.7 X10-2 M,BG,VISUAL SPCTR,CHNGE PNCN SHIN,54005,G,L,0.057,M,,,,
90,210.3,POTASSIUM DECANOATE,8.18 E1C 0297 2. EOI K OH,25,5.3 X10-2 M,BG,VISUAL SPCTR,CHNGE PNCN SHIN,54005,G,L,0.053,M,,,,
90,210.3,POTASSIUM DECANOATE,9.6 E-3 M 3-METHYL BUTANOL-1 2. E 0 1 I K OH,10,1.06 X10-1 M,BG,VISUAL SPCTR,CHNGE PNCN SHIN,55004,T,L,0.106,M,,,,
90,210.3,POTASSIUM DECANOATE,1.99 E-2 M 3-METHYL BUTANOL-1 2. EOI K OH,10,9.8 X10-2 M,BG,VISUAL SPCTR,CHNGE PNCN SHIN,55004,T,L,0.098,M,,,,
90,210.3,POTASSIUM DECANOATE,3.03 E-2 M 3-METHYL BUTANOL-1 2. E O I K OH,10,9.5 X10-2 M,BG,VISUAL SPCTR,CHNGE PNCN SHIN,55004,T,L,0.095,M,,,,
90,210.3,POTASSIUM DECANOATE,4.60 E-2 M 3-METHYL BUTANOL-1 2. EOI K OH,10,8.8 X10-2 M,BG,VISUAL SPCTR,CHNGE PNCN SHIN,55004,T,L,0.088,M,,,,
90,210.3,POTASSIUM DECANOATE,5.79 E-2 M 3-METHYL BUTANOL-1 2. EOI K OH,10,8.3 X10-2 M,BG,VISUAL SPCTR,CHNGE PNCN SHIN,55004,T,L,0.083,M,,,,
90,210.3,POTASSIUM DECANOATE,8.14 E-2 M 3-METHYL BUTANOL-1 2. EOI K OH,10,7.5 X10-2 M,BG,VISUAL SPCTR,CHNGE PNCN SHIN,55004,T,L,0.075,M,,,,
90,210.3,POTASSIUM DECANOATE,0044,25,,,SEE CMPD NMBR,IN ADDITV SHIN,54003,,X,,,,,,
90,210.3,POTASSIUM DECANOATE,5.9 E 0 C 0091 6.4 C 0092 2. 0 I K OH,25,3.2 X10-2 M,BG,VISUAL SPCTR,CHNGE PNCN SHIN,54003,G,L,0.032,M,,,,
90,210.3,POTASSIUM DECANOATE,1.24 0091 5.9 0092 2. I K OH,25,3.1 X10-2 M,BG,VISUAL SPCTR,CHNGE PNCN SHIN,54003,G,L,0.031,M,,,,
90,210.3,POTASSIUM DECANOATE,1.94 0091 5.5 0092 2. EOI K OH,25,3.1 X10-2 M,BG,VISUAL SPCTR,CHNGE PNCN SHIN,54003,G,L,0.031,M,,,,
90,210.3,POTASSIUM DECANOATE,2.74 0091 4.9 E O C 0092 2. EOI K OH,25,3.0 X10-2 M,BG,VISUAL SPCTR,CHNGE PNCN SHIN,54003,G,L,0.03,M,,,,
90,210.3,POTASSIUM DECANOATE,3.62 0091 4.3 0092 2. EOI K OH,25,3.0 X10-2 M,BG,VISUAL SPCTR,CHNGE PNCN SHIN,54003,G,L,0.03,M,,,,
90,210.3,POTASSIUM DECANOATE,4.59 E1C 0091 3.7 0092 2. EOI K OH,25,3.0 X10-2 M,BG,VISUAL SPCTR,CHNGE PNCN SHIN,54003,G,L,0.03,M,,,,
90,210.3,POTASSIUM DECANOATE,5.68 E1C 0091 2.9 0092 2. E 0 I K OH,25,2.9 X10-2 M,BG,VISUAL SPCTR,CHNGE PNCN SHIN,54003,G,L,0.029,M,,,,
90,210.3,POTASSIUM DECANOATE,6.92 0091 2.1 EOC 0092 2. EOI K OH,25,2.8 X10-2 M,BG,VISUAL SPCTR,CHNGE PNCN SHIN,54003,G,L,0.028,M,,,,
90,210.3,POTASSIUM DECANOATE,3.35 0091 E O C 0092 2. E 0 I K OH,25,2.7 X10-2 M,BG,VISUAL SPCTR,CHNGE PNCN SHIN,54003,G,L,0.027,M,,,,
90,210.3,POTASSIUM DECANOATE,2.3 EOC 0297 1.2 E O C 0091 2. E 0 I K OH,25,9.2 X10-2 M,BG,VISUAL SPCTR,CHNGE PNCN SHIN,54003,L,L,0.092,M,,,,
90,210.3,POTASSIUM DECANOATE,4.9 E O C 0297 2.5 E O C 0091 2. E 0 I K OH,25,8.6 X10-2 M,BG,VISUAL SPCTR,CHNGE PNCN SHIN,54003,L,L,0.086,M,,,,
90,210.3,POTASSIUM DECANOATE,8.0 E O C 0297 4.1 E C 0091 2. EOI K OH,25,7.8 X10-2 M,BG,VISUAL SPCTR CHNGE PNCN,SHIN,54003,L,L,0.078,M,,,,
90,210.3,POTASSIUM DECANOATE,1.17E1C 0297 6.0 0091 2. I K OH,25,7.1 X10-2 M,BG,VISUAL SPCTR CHNGE PNCN,SHIN,54003,L,L,0.071,M,,,,
90,210.3,POTASSIUM DECANOATE,1.61 0297 8.2 E O C 0091 2. E I K OH,25,6.5 X10-2 M,BG,VISUAL SPCTR CHNGE PNCN,SHIN,54003,L,L,0.065,M,,,,
90,210.3,POTASSIUM DECANOATE,2.14E1 0297 1.09 E 1 C 0091 2. E 0 I K OH,25,5.9 X10-2 M,BG,VISUAL SPCTR CHNGE PNCN,SHIN,54003,L,L,0.059,M,,,,
90,210.3,POTASSIUM DECANOATE,2.82 0297 1.44 E 1 C 0091 2. I K OH,25,5.3 X10-2 M,BG,VISUAL SPCTR CHNGE PNCN,SHIN,54003,L,L,0.053,M,,,,
90,210.3,POTASSIUM DECANOATE,3.75 E 1 C 0297 1.91 E 1 C 0091 2. E 0 I K OH,25,4.8 X10-2 M,BG,VISUAL SPCTR CHNGE PNCN,SHIN,54003,L,L,0.048,M,,,,
90,210.3,POTASSIUM DECANOATE,4.96 E 1 0 0297 2.52 E 1 0091 2. E 0 I K OH,25,4.2 X10-2 M,BG,VISUAL SPCTR CHNGE PNCN,SHIN,54003,L,L,0.042,M,,,,
91,238.4,POTASSIUM DODECANOATE,,,47005,,VALUES FRM REF IN CMC,KLEV,48005,,R,,,,,,
91,238.4,POTASSIUM DODECANOATE,,,47006,,VALUES FRM REF IN CMC,CORR HARK,46005,,R,,,,,,
91,238.4,POTASSIUM DODECANOATE,,,,,GRAPH DATA NOT RETRIEVED,KLEV,46007,,R,,,,,,
91,238.4,POTASSIUM DODECANOATE,,,48016,,VALUES FRM REF IN CMC,KOLT STRI,49005,,R,,,,,,
91,238.4,POTASSIUM DODECANOATE,,15,2.35 X10-2 M,DG,FOTOMTR SPCTR CHNGE PNCN,KLEV,47004,T,L,0.0235,M,,,,
91,238.4,POTASSIUM DODECANOATE,,23.5,6.15 X10-1 D 2.579X10-2 M,DB,REFRACTIVE INDEX,KLEV,46012,T M,L,0.615,D,0.02579,M,,
91,238.4,POTASSIUM DODECANOATE,,25,9. X10-1 P 3.7 X10-2 S,BD,DENSITY,BURY PARR,35008,T M,L,0.9,P,0.037,S,,
91,238.4,POTASSIUM DODECANOATE,,25,2.55 X10-2 M,XG,VISUAL SPCTR CHNGE,KLEV,53010,T,L,0.0255,M,,,,
91,238.4,POTASSIUM DODECANOATE,,25,2.4 X10-2 M,CG,VISUAL SPCTR CHNGE PNCN,KLEV,50003,T,L,0.024,M,,,,
91,238.4,POTASSIUM DODECANOATE,,25.6,2.3 X10-2 M,DG,FOTOMTR SPCTR CHNGE PNCN,CORR HARK,46002,T,L,0.023,M,,,,
91,238.4,POTASSIUM DODECANOATE,,25.6,2.25 X10-2 M,DG,FOTOMTR SPCTR CHNGE PNCN,KLEV,47004,T,L,0.0225,M,,,,
91,238.4,POTASSIUM DODECANOATE,,25,2.34 X10-2 M,DG,VISUAL SPCTR CHNGE PNCN,HERZ,52015,T,L,0.0234,M,,,,
91,238.4,POTASSIUM DODECANOATE,,25,2.55 X10-2 M,DC,REFRACTIVE INDEX,KLEV,47005,T,L,0.0255,M,,,,
91,238.4,POTASSIUM DODECANOATE,,25,2.5 X10-2 M,BG,UNSPEC SPCTR CHNG PNCN,KLEV,58011,T,L,0.025,M,,,,
91,238.4,POTASSIUM DODECANOATE,,26,2.35 X10-2 M,DG,VISUAL SPCTR CHNGE PNCN,CORR HARK,47006,T,L,0.0235,M,,,,
91,238.4,POTASSIUM DODECANOATE,,26,2.34 X10-2 M,DG,VISUAL SPCTR CHNGE RHD6,CORR HARK,47006,T,L,0.0234,M,,,,
91,238.4,POTASSIUM DODECANOATE,,26,2.30 X10-2 M,DG,VISUAL SPCTR CHNGE PNCN,CORR HARK,47010,T,L,0.023,M,,,,
91,238.4,POTASSIUM DODECANOATE,,30,2.60 X10-2 M,DB,REFRACTIVE INDEX,KLEV,48005,T,L,0.026,M,,,,
91,238.4,POTASSIUM DODECANOATE,,30,2.35 X10-2 M,DB,FOTOMTR SOLUBLZTN PDMAB,KOLT STRI,48016,T,L,0.0235,M,,,,
91,238.4,POTASSIUM DODECANOATE,,30,2.35 X10-2 M,DB,FOTOMTR SOLUBLZTN OROT,KOLT STRI,48016,T,L,0.0235,M,,,,
91,238.4,POTASSIUM DODECANOATE,,30,2.3 X10-2 M,DC,UNSPEC SOLUBLZTN PDMAB,KOLT JOHN,48025,T,L,0.023,M,,,,
91,238.4,POTASSIUM DODECANOATE,,30,2.2 X10-2 M,DC,ELECTROMOTIVE FORCE,KOLT JOHN,48025,T,L,0.022,M,,,,
91,238.4,POTASSIUM DODECANOATE,,30,2.47 X10-2 M,DB,FOTOMTR SOLUBLZTN AZBZ,KOLT STRI,49005,T,L,0.0247,M,,,,
91,238.4,POTASSIUM DODECANOATE,,35,8. X10-1 P 3.3 X10-2 S,BD,DENSITY,BURY PARR,35008,T M,L,0.8,P,0.033,S,,
91,238.4,POTASSIUM DODECANOATE,,35.8,2.13 X10-2 M,DG,FOTOMTR SPCTR CHNGE PNCN,KLEV,47004,T,L,0.0213,M,,,,
91,238.4,POTASSIUM DODECANOATE,,35,1.9 X10-2 M,XG,VELOCITY OF SOUND,KUPP SURY,65028,T,L,0.019,M,,,,
91,238.4,POTASSIUM DODECANOATE,,35,2.70 X10-2 M,DC,REFRACTIVE INDEX,KLEV,47005,T,L,0.027,M,,,,
91,238.4,POTASSIUM DODECANOATE,,45,2.08 X10-2 M,DG,FOTOMTR SPCTR CHNGE PNCN,KLEV,47004,T,L,0.0208,M,,,,
91,238.4,POTASSIUM DODECANOATE,,45,3.05 X10-2 M,DC,REFRACTIVE INDEX,KLEV,47005,T,L,0.0305,M,,,,
91,238.4,POTASSIUM DODECANOATE,,50,2.45 X10-2 M,DB,FOTOMTR SOLUBLZTN PDMAB,KOLT STRI,48016,T,L,0.0245,M,,,,
91,238.4,POTASSIUM DODECANOATE,,50,2.85 X10-2 M,DB,FOTOMTR SOLUBLZTN OROT,KOLT STRI,48016,T,L,0.0285,M,,,,
91,238.4,POTASSIUM DODECANOATE,,50,2.14 X10-2 M,DG,VISUAL SPCTR CHNGE PNCN,RAIS,52016,T,L,0.0214,M,,,,
91,238.4,POTASSIUM DODECANOATE,,50,2.1 X10-2 M,DC,FOTOMTR SOLUBLZTN AZBZ,KOLT STRI,49005,T,L,0.021,M,,,,
91,238.4,POTASSIUM DODECANOATE,,55,2.08 X10-2 M,DG,FOTOMTR SPCTR CHNGE PNCN,KLEV,47004,T,L,0.0208,M,,,,
91,238.4,POTASSIUM DODECANOATE,,55,3.50 X10-2 M,DC,REFRACTIVE INDEX,KLEV,47005,T,L,0.035,M,,,,
91,238.4,POTASSIUM DODECANOATE,,60,2.6 X10-2 M,DG,SOLUBLZTN TOLUENE,DEMC DUMA,60032,T,L,0.026,M,,,,
91,238.4,POTASSIUM DODECANOATE,,60,5.8 X10-1 D 2.43 X10-2 M,DG,SOLUBLZTN TOLUENE,DEMC,60034,T M,L,0.58,D,0.0243,M,,
91,238.4,POTASSIUM DODECANOATE,,60,2.3 X10-2 M,DC,FOTOMTR SOLUBLZTN OROT,MERR GETT,48024,T,L,0.023,M,,,,
91,238.4,POTASSIUM DODECANOATE,,65,4.20 X10-2 M,DC,REFRACTIVE INDEX,KLEV,47005,T,L,0.042,M,,,,
91,238.4,POTASSIUM DODECANOATE,,UNK,6.2 X10-1 D 2.60 X10-2 M,DG,VISUAL SPCTR CHNGE PNCN,DEMC,60034,T M,L,0.62,D,0.026,M,,
91,238.4,POTASSIUM DODECANOATE,,UNK,2.33 X10-2 M,DG,VISUAL SPCTR CHNGE PNCN,CORR HARK,46015,G,L,0.0233,M,,,,
91,238.4,POTASSIUM DODECANOATE,,UNK,6.0 X10-1 D 2.51 X10-2 M,DG,METHOD NOT CITED,DEMC,62037,T M,L,0.6,D,0.0251,M,,
91,238.4,POTASSIUM DODECANOATE,,UNK,2.40 X10-2 M,DG,METHOD NOT CITED,HARK MITT,49006,T,L,0.024,M,,,,
91,238.4,POTASSIUM DODECANOATE,,UNK,2.55 X10-2 M,DG,METHOD NOT CITED,ARRI PATT,53003,T,L,0.0255,M,,,,
91,238.4,POTASSIUM DODECANOATE,2.2 E-1 P BENZENE,25,2.0 X10-2 M,CG,VISUAL SPCTR CHNGE PNCN,KLEV,50003,T,L,0.02,M,,,,
91,238.4,POTASSIUM DODECANOATE,4.4 E-2 P BENZENE,UNK,2.30 X10-2 M,DG,METHOD NOT CITED,HARK MITT,49006,T,L,0.023,M,,,,
91,238.4,POTASSIUM DODECANOATE,6.1 E-2 P BENZENE,UNK,2.34 X10-2 M,DG,METHOD NOT CITED,HARK MITT,49006,T,L,0.0234,M,,,,
91,238.4,POTASSIUM DODECANOATE,1.00 E-1 P BENZENE,UNK,2.30 X10-2 M,DG,METHOD NOT CITED,HARK MITT,49006,T,L,0.023,M,,,,
91,238.4,POTASSIUM DODECANOATE,1.39 E-1 P BENZENE,UNK,2.29 X10-2 M,DG,METHOD NOT CITED,HARK MITT,49006,T,L,0.0229,M,,,,
91,238.4,POTASSIUM DODECANOATE,1.50 E-1 P BENZENE,UNK,2.30 X10-2 M,DG,METHOD NOT CITED,HARK MITT,49006,T,L,0.023,M,,,,
91,238.4,POTASSIUM DODECANOATE,2.65 E-2 M K BR,25,1.55 X10-2 M,DB,REFRACTIVE INDEX,KLEV,48005,T,L,0.0155,M,,,,
91,238.4,POTASSIUM DODECANOATE,1.735E-1 M K BR,25,7.9 X10-3 M,DB,REFRACTIVE INDEX,KLEV,48005,T,L,0.0079,M,,,,
91,238.4,POTASSIUM DODECANOATE,2.52 E-2 M K CL,25,1.59 X10-2 M,DB,REFRACTIVE INDEX,KLEV,48005,T,L,0.0159,M,,,,
91,238.4,POTASSIUM DODECANOATE,6.70 E-2 M K CL,25,1.19 X10-2 M,DB,REFRACTIVE INDEX,KLEV,48005,T,L,0.0119,M,,,,
91,238.4,POTASSIUM DODECANOATE,1.005E-1 M K CL,25,1.02 X10-2 M,DB,REFRACTIVE INDEX,KLEV,48005,T,L,0.0102,M,,,,
91,238.4,POTASSIUM DODECANOATE,2.124E-1 M K CL,25,7.1 X10-3 M,DB,REFRACTIVE INDEX,KLEV,48005,T,L,0.0071,M,,,,
91,238.4,POTASSIUM DODECANOATE,3.825E-1 M K CL,25,4.8 X10-3 M,DC,REFRACTIVE INDEX,KLEV,48005,T,L,0.0048,M,,,,
91,238.4,POTASSIUM DODECANOATE,5.014E-1 M K CL,25,4.1 X10-3 M,DC,REFRACTIVE INDEX,KLEV,48005,T,L,0.0041,M,,,,
91,238.4,POTASSIUM DODECANOATE,8.380E-3 M K CL,26,1.97 X10-2 M,DG,VISUAL SPCTR CHNGE PNCN,CORR HARK,47010,T,L,0.0197,M,,,,
91,238.4,POTASSIUM DODECANOATE,1.321E-2 M K CL,26,1.76 X10-2 M,DG,VISUAL SPCTR CHNGE PNCN,CORR HARK,47010,T,L,0.0176,M,,,,
91,238.4,POTASSIUM DODECANOATE,1.680E-2 M K CL,26,1.69 X10-2 M,DG,VISUAL SPCTR CHNGE PNCN,CORR HARK,47010,T,L,0.0169,M,,,,
91,238.4,POTASSIUM DODECANOATE,3.872E-2 M K CL,26,1.29 X10-2 M,DG,VISUAL SPCTR CHNGE PNCN,CORR HARK,47010,T,L,0.0129,M,,,,
91,238.4,POTASSIUM DODECANOATE,4.217E-2 M K CL,26,1.25 X10-2 M,DG,VISUAL SPCTR CHNGE PNCN,CORR HARK,47010,T,L,0.0125,M,,,,
91,238.4,POTASSIUM DODECANOATE,4.263E-2 M K CL,26,1.23 X10-2 M,DG,VISUAL SPCTR CHNGE PNCN,CORR HARK,47010,T,L,0.0123,M,,,,
91,238.4,POTASSIUM DODECANOATE,5.471E-2 M K CL,26,1.12 X10-2 M,DG,VISUAL SPCTR CHNGE PNCN,CORR HARK,47010,T,L,0.0112,M,,,,
91,238.4,POTASSIUM DODECANOATE,6.466E-2 M K CL,26,1.07 X10-2 M,DG,VISUAL SPCTR CHNGE PNCN,CORR HARK,47010,T,L,0.0107,M,,,,
91,238.4,POTASSIUM DODECANOATE,6.631E-2 M K CL,26,1.01 X10-2 M,DG,VISUAL SPCTR CHNGE PNCN,CORR HARK,47010,T,L,0.0101,M,,,,
91,238.4,POTASSIUM DODECANOATE,7.466E-2 M K CL,26,9.92 X10-2 M,DG,VISUAL SPCTR CHNGE PNCN,CORR HARK,47010,T,L,0.0992,M,,,,
91,238.4,POTASSIUM DODECANOATE,1.038E-1 M K CL,26,8.44 X10-2 M,DG,VISUAL SPCTR CHNGE PNCN,CORR HARK,47010,T,L,0.0844,M,,,,
91,238.4,POTASSIUM DODECANOATE,1.062E-1 M K CL,26,8.30 X10-2 M,DG,VISUAL SPCTR CHNGE PNCN,CORR HARK,47010,T,L,0.083,M,,,,
91,238.4,POTASSIUM DODECANOATE,1.199E-1 M K CL,26,7.96 X10-2 M,DG,VISUAL SPCTR CHNGE PNCN,CORR HARK,47010,T,L,0.0796,M,,,,
91,238.4,POTASSIUM DODECANOATE,1.485E-1 M K CL,26,7.48 X10-2 M,DG,VISUAL SPCTR CHNGE PNCN,CORR HARK,47010,T,L,0.0748,M,,,,
91,238.4,POTASSIUM DODECANOATE,1.739E-1 M K CL,26,5.77 X10-2 M,DG,VISUAL SPCTR CHNGE PNCN,CORR HARK,47010,T,L,0.0577,M,,,,
91,238.4,POTASSIUM DODECANOATE,2.411E-1 M K CL,26,5.47 X10-2 M,DG,VISUAL SPCTR CHNGE PNCN,CORR HARK,47010,T,L,0.0547,M,,,,
91,238.4,POTASSIUM DODECANOATE,2.617E-1 M K CL,26,5.27 X10-2 M,DG,VISUAL SPCTR CHNGE PNCN,CORR HARK,47010,T,L,0.0527,M,,,,
91,238.4,POTASSIUM DODECANOATE,3.142E-1 M K CL,26,4.58 X10-2 M,DG,VISUAL SPCTR CHNGE PNCN,CORR HARK,47010,T,L,0.0458,M,,,,
91,238.4,POTASSIUM DODECANOATE,3.335E-1 M K CL,26,4.64 X10-2 M,DG,VISUAL SPCTR CHNGE PNCN,CORR HARK,47010,T,L,0.0464,M,,,,
91,238.4,POTASSIUM DODECANOATE,4.338E-1 M K CL,26,3.53 X10-2 M,DG,VISUAL SPCTR CHNGE PNCN,CORR HARK,47010,T,L,0.0353,M,,,,
91,238.4,POTASSIUM DODECANOATE,5.927E-1 M K CL,26,3.48 X10-2 M,DG,VISUAL SPCTR CHNGE PNCN,CORR HARK,47010,T,L,0.0348,M,,,,
91,238.4,POTASSIUM DODECANOATE,1. E N K CL,30,2.1 X10-3 M,DC,FOTOMTR SOLUBLZTN OROT,KOLT STRI,49005,T,L,0.0021,M,,,,
91,238.4,POTASSIUM DODECANOATE,1. E N K CL,30,2.3 X10-3 M,DC,FOTOMTR SOLUBLZTN AZBZ,KOLT STRI,49005,T,L,0.0023,M,,,,
91,238.4,POTASSIUM DODECANOATE,1. E N K CL,30,2.4 X10-3 M,DC,FOTOMTR SOLUBLZTN PDMAB,KOLT STRI,49005,T,L,0.0024,M,,,,
91,238.4,POTASSIUM DODECANOATE,5. E-2 N K CL,50,1.77 X10-2 M,DB,FOTOMTR SOLUBLZTN PDMAB,KOLT STRI,49005,T,L,0.0177,M,,,,
91,238.4,POTASSIUM DODECANOATE,1. E-1 N K CL,50,1.1 X10-2 M,DD,FOTOMTR SOLUBLZTN PDMAB,KOLT STRI,49005,T,L,0.011,M,,,,
91,238.4,POTASSIUM DODECANOATE,5. E-1 N K CL,50,4. X10-3 M,DE,FOTOMTR SOLUBLZTN PDMAB,KOLT STRI,49005,T,L,0.004,M,,,,
91,238.4,POTASSIUM DODECANOATE,1. N K CL,50,2.6 X10-3 M,DC,FOTOMTR SOLUBLETN PDMAB,KOLT STRI,49005,T,L,0.0026,M,,,,
91,238.4,POTASSIUM DODECANOATE,1. E N K CL,50,3. X10-3 M,DE,FOTOMTR SOLUBLZTN OROT,KOLT STRI,49005,T,L,0.003,M,,,,
91,238.4,POTASSIUM DODECANOATE,1. E N K CL,50,2.3 X10-3 M,DC,FOTOMTR SOLUBLETN AZBZ,KOLT STRI,49005,T,L,0.0023,M,,,,
91,238.4,POTASSIUM DODECANOATE,K CL,UNK,,,GRAPH DATA NOT RETRIEVED,DEMC,62037,,R,,,,,,
91,238.4,POTASSIUM DODECANOATE,1.66 E-2 M K I,25,1.81 X10-2 M,DB,REFRACTIVE INDEX,KLEV,48005,T,L,0.0181,M,,,,
91,238.4,POTASSIUM DODECANOATE,2.615E-1 M K I,25,6.3 X10-3 M,DC,REFRACTIVE INDEX,KLEV,48005,T,L,0.0063,M,,,,
91,238.4,POTASSIUM DODECANOATE,3.06 E-2 M K N03,25,1.54 X10-2 M,DB,REFRACTIVE INDEX,KLEV,48005,T,L,0.0154,M,,,,
91,238.4,POTASSIUM DODECANOATE,1.38 E-1 M K N03,25,8.8 X10-3 M,DB,REFRACTIVE INDEX,KLEV,48005,T,L,0.0088,M,,,,
91,238.4,POTASSIUM DODECANOATE,3.33 E-1 M K N03,25,5.3 X10-3 M,DC,REFRACTIVE INDEX,KLEV,48005,T,L,0.0053,M,,,,
91,238.4,POTASSIUM DODECANOATE,1.0 E-1 M K N03,30,1.2 X10-2 M,DD,UNSPEC SOLUBLZTN PDMAB,KOLT JOHN,48025,T,L,0.012,M,,,,
91,238.4,POTASSIUM DODECANOATE,1.0 E-1 M K N03,30,1.2 X10-2 M,DD,ELECTROMOTIVE FORCE,KOLT JOHN,48025,T,L,0.012,M,,,,
91,238.4,POTASSIUM DODECANOATE,5.0 E-1 M K N03,30,5.5 X10-3 M,DC,ELECTROMOTIVE FORCE,KOLT JOHN,48025,T,L,0.0055,M,,,,
91,238.4,POTASSIUM DODECANOATE,5.0 E-1 M K N03,30,5. X10-3 M,DD,UNSPEC SOLUBLETN PDMAB,KOLT JOHN,48025,T,L,0.005,M,,,,
91,238.4,POTASSIUM DODECANOATE,1. E-1 N K NO3,50,1.17 X10-2 M,DB,FOTOMTR SOLUBLETN PDMAB,KOLT STRI,49005,T,L,0.0117,M,,,,
91,238.4,POTASSIUM DODECANOATE,1. E N K N03,50,2.5 X10-3 M,DC,FOTOMTR SOLUBLZTN PDMAB,KOLT STRI,49005,T,L,0.0025,M,,,,
91,238.4,POTASSIUM DODECANOATE,E 0 K N03,UNK,,,GRAPH DATA NOT RETRIEVED,DEMC,62037,,R,,,,,,
91,238.4,POTASSIUM DODECANOATE,E 0 K OH,0,3.75 X10-2 W,CB,VAPR PRESURE LOWERING,HUFF MCBA,51004,T,L,0.0375,W,,,,
91,238.4,POTASSIUM DODECANOATE,4. E 0 I K OH,0,3.5 X10-2 M,CC,SPECFC CONDCTNCE GRAPH,BRAD HUFF,48004,T,L,0.035,M,,,,
91,238.4,POTASSIUM DODECANOATE,4. E I K OH,0,3.3 X10-2 W,CD,FREEZING POINT,FINE MCBA,48011,K,L,0.033,W,,,,
91,238.4,POTASSIUM DODECANOATE,2. EOI K OH,10,2.91 X10-2 M,BG,VISUAL SPCTR CHNGE PNCN,SHIN,55004,S,L,0.0291,M,,,,
91,238.4,POTASSIUM DODECANOATE,2. I K OH,25,2.7 X10-2 M,BG,VISUAL SPCTR CHNGE PNCN,SHIN,54005,G,L,0.027,M,,,,
91,238.4,POTASSIUM DODECANOATE,4. I K OH,25,2.4 X10-2 M,CC,SPECFC CONDCTNCE GRAPH,BRAD HUFF,48004,T,L,0.024,M,,,,
91,238.4,POTASSIUM DODECANOATE,4. I K OH,25,2.4 X10-2 M,CB,EQUIV CONDCTNCE GRAPH,BRAD MCBA,48009,T,L,0.024,M,,,,
91,238.4,POTASSIUM DODECANOATE,4. E I K OH,25,1.7 X10-2 W,CG,VISUAL SPCTR CHNGE RHD6,FINE MCBA,48011,T,L,0.017,W,,,,
91,238.4,POTASSIUM DODECANOATE,4. E I K OH,25,2.5 X10-2 W,CD,VAPR PRESURE LOWERING,FINE MCBA,48011,T,L,0.025,W,,,,
91,238.4,POTASSIUM DODECANOATE,E 0 K OH,30,2.05 X10-2 W,CB,VAPR PRESURE LOWERING,HUFF MCBA,51004,T,L,0.0205,W,,,,
91,238.4,POTASSIUM DODECANOATE,1. E 0 N K OH,30,2.6 X10-3 M,CC,FOTOMTR SOLUBLZTN PDMAB,KOLT STRI,49005,T,L,0.0026,M,,,,
91,238.4,POTASSIUM DODECANOATE,1. E 0 N K OH,30,2.7 X10-3 M,CC,FOTOMTR SOLUBLZTN OROT,KOLT STRI,49005,T,L,0.0027,M,,,,
91,238.4,POTASSIUM DODECANOATE,E 0 K OH,50,2.05 X10-2 W,CB,VAPR PRESURE LOWERING,HUFF MCBA,51004,T,L,0.0205,W,,,,
91,238.4,POTASSIUM DODECANOATE,4. E I K OH,50,2.0 X10-2 M,CC,SPECFC CONDCTNCE GRAPH,BRAD HUFF,48004,T,L,0.02,M,,,,
91,238.4,POTASSIUM DODECANOATE,4. E I K OH,70,2.2 X10-2 M,CC,SPECFC CONDCTNCE GRAPH,BRAD HUFF,48004,T,L,0.022,M,,,,
91,238.4,POTASSIUM DODECANOATE,4. E 0 . I K OH,90,3.1 X10-2 M,CC,SPECFC CONDCTNCE GRAPH,BRAD HUFF,48004,T,L,0.031,M,,,,
91,238.4,POTASSIUM DODECANOATE,1.87 E-2 M K4 P207 PYRO,25,8.8 X10-3 M,DB,REFRACTIVE INDEX,KLEV,48005,T,L,0.0088,M,,,,
91,238.4,POTASSIUM DODECANOATE,5.07 E-2 M K4 P207 PYRO,25,6.9 X10-3 M,DC,REFRACTIVE INDEX,KLEV,48005,T,L,0.0069,M,,,,
91,238.4,POTASSIUM DODECANOATE,7.42 E-2 M K4 P207 PYRO,25,5.3 X10-3 M,DC,REFRACTIVE INDEX,KLEV,48005,T,L,0.0053,M,,,,
91,238.4,POTASSIUM DODECANOATE,1.88 E-2 M K2 S04,25,1.41 X10-2 M,DB,REFRACTIVE INDEX,KLEV,48005,T,L,0.0141,M,,,,
91,238.4,POTASSIUM DODECANOATE,5.25 E-2 M K2 S04,25,1.03 X10-2 M,DB,REFRACTIVE INDEX,KLEV,48005,T,L,0.0103,M,,,,
91,238.4,POTASSIUM DODECANOATE,1.38 E 0 M K2 S04,25,5.9 X10-3 M,DC,REFRACTIVE INDEX,KLEV,48005,T,L,0.0059,M,,,,
91,238.4,POTASSIUM DODECANOATE,7.65 E-3 M K2 S04,26,1.74 X10-2 M,DG,VISUAL SPCTR CHNGE PNCN,CORR HARK,47010,T,L,0.0174,M,,,,
91,238.4,POTASSIUM DODECANOATE,1.76 E-2 M K2 S04,26,1.33 X10-2 M,DG,VISUAL SPCTR CHNGE PNCN,CORR HARK,47010,T,L,0.0133,M,,,,
91,238.4,POTASSIUM DODECANOATE,2.92 E-2 M K2 S04,26,1.10 X10-2 M,DG,VISUAL SPCTR CHNGE PNCN,CORR HARK,47010,T,L,0.011,M,,,,
91,238.4,POTASSIUM DODECANOATE,4.66 E-2 M K2 S04,26,9.12 X10-3 M,DG,VISUAL SPCTR CHNGE PNCN,CORR HARK,47010,T,L,0.00912,M,,,,
91,238.4,POTASSIUM DODECANOATE,6.57 E-2 M K2 S04,26,7.70 X10-3 M,DG,VISUAL SPCTR CHNGE PNCN,CORR HARK,47010,T,L,0.0077,M,,,,
91,238.4,POTASSIUM DODECANOATE,1.04 E-1 M K2 S04,26,5.94 X10-3 M,DG,VISUAL SPCTR CHNGE PNCN,CORR HARK,47010,T,L,0.00594,M,,,,
91,238.4,POTASSIUM DODECANOATE,1.42 E-1 M K2 S04,26,4.84 X10-3 M,DG,VISUAL SPCTR CHNGE PNCN,CORR HARK,47010,T,L,0.00484,M,,,,
91,238.4,POTASSIUM DODECANOATE,1.87 E-1 M K2 S04,26,4.25 X10-3 M,DG,VISUAL SPCTR CHNGE PNCN,CORR HARK,47010,T,L,0.00425,M,,,,
91,238.4,POTASSIUM DODECANOATE,1. E-1 N K2 S04,50,1.1 X10-2 M,DD,FOTOMTR SOLUBLZTN PDMAB,KOLT STRI,49005,T,L,0.011,M,,,,
91,238.4,POTASSIUM DODECANOATE,5. E-1 N K2 S04,50,4.5 X10-3 M,DC,FOTOMTR SOLUBLZTN PDMAB,KOLT STRI,49005,T,L,0.0045,M,,,,
91,238.4,POTASSIUM DODECANOATE,E0 K2 S04,UNK,,,GRAPH DATA NOT RETRIEVED,DEMC,62037,,R,,,,,,
91,238.4,POTASSIUM DODECANOATE,4. 2 I NA CL,UNK,3.2 X10-1 D 1.34 X10-2 M,DG,METHOD NOT CITED,DEMC,62037,T M,L,0.32,D,0.0134,M,,
91,238.4,POTASSIUM DODECANOATE,5.18 E-3 M NA4 P207 PYRO,26,1.65 X10-2 M,DG,VISUAL SPCTR CHNGE PNCN,CORR HARK,47010,T,L,0.0165,M,,,,
91,238.4,POTASSIUM DODECANOATE,1.39 E-2 M NA4 P207 PYRO,26,1.10 X10-2 M,DG,VISUAL SPCTR CHNGE PNCN,CORR HARK,47010,T,L,0.011,M,,,,
91,238.4,POTASSIUM DODECANOATE,2.15 E-2 M NA4 P207 PYRO,26,8.56 X10-3 M,DG,VISUAL SPCTR CHNGE PNCN,CORR HARK,47010,T,L,0.00856,M,,,,
91,238.4,POTASSIUM DODECANOATE,3.05 E-2 M NA4 P207 PYRO,26,7.47 X10-3 M,DG,VISUAL SPCTR CHNGE PNCN,CORR HAR2,47010,T,L,0.00747,M,,,,
91,238.4,POTASSIUM DODECANOATE,4. I NA2 S04,UNK,2.6 X10-1 D 1.09 X10-2 M,DG,METHOD NOT CITED,DEMC,62037,T M,L,0.26,D,0.0109,M,,
91,238.4,POTASSIUM DODECANOATE,2.5 E-2 M NA2 SI03 META,60,1.3 X10-2 M,HD,FOTOMTR SOLUBLZTN OROT,MERR GETT,48024,K,L,0.013,M,,,,
91,238.4,POTASSIUM DODECANOATE,1.25 E-2 M SIO2/NA20=1.60,60,1.8 X10-2 M,HD,FOTOMTR SOLUBLZTN OROT,MERR GETT,48024,T,L,0.018,M,,,,
91,238.4,POTASSIUM DODECANOATE,2.5 E-2 M SI02/NA20 1.60,60,1.4 X10-2 M,HD,FOTOMTR SOLUBLETN OROT,MERR GETT,48024,T,L,0.014,M,,,,
91,238.4,POTASSIUM DODECANOATE,1.0 E1 PH OF SOLUTION,UNK,2.5 X10-2 M,BG,METHOD NOT CITED,KLEV CARR,56001,T,L,0.025,M,,,,
91,238.4,POTASSIUM DODECANOATE,1. E-5 M PINACYANOL CL (DYE),25.8,2.17 X10-2 M,DG,FOTOMTR SPCTR CHNGE PNCN,CORR KLEV,46010,T,L,0.0217,M,,,,
91,238.4,POTASSIUM DODECANOATE,1. E-4 M PINACYANOL CL (DYE),25.8,2.35 X10-2 M,DG,FOTOMTR SPCTR CHNGE PNCN,CORR KLEV,46010,T,L,0.0235,M,,,,
91,238.4,POTASSIUM DODECANOATE,0001,,,,SEE CMPD NMBR IN ADDITV,CORR HARK,46015,,X,,,,,,
91,238.4,POTASSIUM DODECANOATE,0044,25,,,SEE CMPD NMBR IN ADDITV,SHIN,54005,,X,,,,,,
91,238.4,POTASSIUM DODECANOATE,0090,25,,,SEE CMPD NMBR IN ADDITV,SHIN,54005,,X,,,,,,
91,238.4,POTASSIUM DODECANOATE,7.0 E O C 0090,UNK,2.39 X10-2 M,DG,VISUAL SPCTR CHNGE PNCN,CORR HARK,46015,G,L,0.0239,M,,,,
91,238.4,POTASSIUM DODECANOATE,1.18 E1C 0090,UNK,2.48 X10-2 M,DG,VISUAL SPCTR CHNGE PNCN,CORR HARK,46015,G,L,0.0248,M,,,,
91,238.4,POTASSIUM DODECANOATE,2.51 E 1 C 0090,UNK,2.71 X10-2 M,DG,VISUAL SPCTR CHNGE PNCN,CORR HARK,46015,G,L,0.0271,M,,,,
91,238.4,POTASSIUM DODECANOATE,2.79 E 1 C 0090,UNK,2.83 X10-2 M,DG,VISUAL SPCTR CHNGE PNCN,CORR HARK,46015,G,L,0.0283,M,,,,
91,238.4,POTASSIUM DODECANOATE,3.29 E 1 C 0090,UNK,2.92 X10-2 M,DG,VISUAL SPCTR CHNGE PNCN,CORR HARK,46015,G,L,0.0292,M,,,,
91,238.4,POTASSIUM DODECANOATE,3.95 E 1 C 0090,UNK,3.12 X10-2 M,DG,VISUAL SPCTR CHNGE PNCN,CORR HARK,46015,G,L,0.0312,M,,,,
91,238.4,POTASSIUM DODECANOATE,4.92 E 1 C 0090,UNK,3.41 X10-2 M,DG,VISUAL SPCTR CHNGE PNCN,CORR HARK,46015,G,L,0.0341,M,,,,
91,238.4,POTASSIUM DODECANOATE,5.67 E 1 C 0090,UNK,3.61 X10-2 M,DG,VISUAL SPCTR CHNGE PNCN,CORR HARK,46015,G,L,0.0361,M,,,,
91,238.4,POTASSIUM DODECANOATE,6.20 E 1 C 0090,UNK,3.83 X10-2 M,DG,VISUAL SPCTR CHNGE PNCN,CORR HARK,46015,G,L,0.0383,M,,,,
91,238.4,POTASSIUM DODECANOATE,6.90 E 1 C 0090,UNK,4.20 X10-2 M,DG,VISUAL SPCTR CHNGE PNCN,CORR HARK,46015,G,L,0.042,M,,,,
91,238.4,POTASSIUM DODECANOATE,7.68 E 1 C 0090,UNK,4.82 X10-2 M,DG,VISUAL SPCTR CHNGE PNCN,CORR HARK,46015,G,L,0.0482,M,,,,
91,238.4,POTASSIUM DODECANOATE,8.14 E 1 C 0090,UNK,5.2 X10-2 M,DG,VISUAL SPCTR CHNGE PNCN,CORR HARK,46015,G,L,0.052,M,,,,
91,238.4,POTASSIUM DODECANOATE,8.63 E 1 C 0090,UNK,5.9 X10-2 M,DG,VISUAL SPCTR CHNGE PNCN,CORR HARK,46015,G,L,0.059,M,,,,
91,238.4,POTASSIUM DODECANOATE,9.32 1 C 0090,UNK,7.1 X10-2 M,DG,VISUAL SPCTR CHNGE PNCN,CORR HARK,46015,G,L,0.071,M,,,,
91,238.4,POTASSIUM DODECANOATE,1.52 E 1 C 0092,25,1.4 X10-2 M,DD,REFRACTIVE INDEX,KLEV,48005,T,L,0.014,M,,,,
91,238.4,POTASSIUM DODECANOATE,3.01 E 1 C 0092,25,1.1 X10-2 M,DD,REFRACTIVE INDEX,KLEV,48005,T,L,0.011,M,,,,
91,238.4,POTASSIUM DODECANOATE,4.52 E 1 C 0092,25,1.0 X10-2 M,DD,REFRACTIVE INDEX,KLEV,48005,T,L,0.01,M,,,,
91,238.4,POTASSIUM DODECANOATE,6.45 C 0092,25,7.8 X10-3 M,DC,REFRACTIVE INDEX,KLEV,48005,T,L,0.0078,M,,,,
91,238.4,POTASSIUM DODECANOATE,0.92 E-2 M BUTANOL-1 2. E 0 I K OH,10,2.46 X10-2 M,BG,VISUAL SPCTR CHNGE PNCN,SHIN,55004,T,L,0.0246,M,,,,
91,238.4,POTASSIUM DODECANOATE,1.65 E-1 M BUTANOL-1 2. E 0 I K OH,10,2.22 X10-2 M,BG,VISUAL SPCTR CHNGE PNCN,SHIN,55004,T,L,0.0222,M,,,,
91,238.4,POTASSIUM DODECANOATE,2.42 E-1 M BUTANOL-1 2. 0 I K OH,10,1.95 X10-2 M,BG,VISUAL SPCTR CHNGE PNCN,SHIN,55004,T,L,0.0195,M,,,,
91,238.4,POTASSIUM DODECANOATE,3.54 E-1 M BUTANOL-1 2. I K OH,10,1.58 X10-2 M,BG,VISUAL SPCTR CHNGE PNCN,SHIN,55004,T,L,0.0158,M,,,,
91,238.4,POTASSIUM DODECANOATE,4.20 E-1 M BUTANOL-1 2. I K OH,10,1.21 X10-2 M,BG,VISUAL SPCTR CHNGE PNCN,SHIN,55004,T,L,0.0121,M,,,,
91,238.4,POTASSIUM DODECANOATE,4.96 E-1 M BUTANOL-1 2. E 0 I K OH,10,1.00 X10-2 M,BG,VISUAL SPCTR CHNGE PNCN,SHIN,55004,T,L,0.01,M,,,,
91,238.4,POTASSIUM DODECANOATE,4.9 E-5 M DECANOL-1 2. E 0 I K OH,10,2.81 X10-2 M,BG,VISUAL SPCTR CHNGE PNCN,SHIN,55004,T,L,0.0281,M,,,,
91,238.4,POTASSIUM DODECANOATE,8.1 E-5 M DECANOL-1 2. E 0 I K OH,10,2.76 X10-2 M,BG,VISUAL SPCTR CHNGE PNCN,SHIN,55004,T,L,0.0276,M,,,,
91,238.4,POTASSIUM DODECANOATE,1.56 E-4 M DECANOL-1 2. I K OH,10,2.62 X10-2 M,BG,VISUAL SPCTR CHNGE PNCN,SHIN,55004,T,L,0.0262,M,,,,
91,238.4,POTASSIUM DODECANOATE,4.01 E-1 M ETHANOL 2. E 0 I K OH,10,2.74 X10-2 M,BG,VISUAL SPCTR CHNGE PNCN,SHIN,55004,T,L,0.0274,M,,,,
91,238.4,POTASSIUM DODECANOATE,7.62 E-1 M ETHANOL 2. 0 I K OH,10,2.61 X10-2 M,BG,VISUAL SPCTR CHNGE PNCN,SHIN,55004,T,L,0.0261,M,,,,
91,238.4,POTASSIUM DODECANOATE,1.14 EOM ETHANOL 2. K OH,10,2.32 X10-2 M,BG,VISUAL SPCTR CHNGE PNCN,SHIN,55004,T,L,0.0232,M,,,,
91,238.4,POTASSIUM DODECANOATE,1.67 EOM ETHANOL 2. 0 I K OH,10,2.14 X10-2 M,BG,VISUAL SPCTR CHNGE PNCN,SHIN,55004,T,L,0.0214,M,,,,
91,238.4,POTASSIUM DODECANOATE,2.24 EOM ETHANOL 2. E 0 I K OH,10,1.92 X10-2 M,BG,VISUAL SPCTR CHNGE PNCN,SHIN,55004,T,L,0.0192,M,,,,
91,238.4,POTASSIUM DODECANOATE,7.1 E-3 M HEXANOL-1 2. E 0 I K OH,10,2.60 X10-2 M,BG,VISUAL SPCTR CHNGE PNCN,SHIN,55004,T,L,0.026,M,,,,
91,238.4,POTASSIUM DODECANOATE,9.3 E-3 M HEXANOL-1 2. E 0 I K OH,10,2.53 X10-2 M,BG,VISUAL SPCTR CHNGE PNCN,SHIN,55004,T,L,0.0253,M,,,,
91,238.4,POTASSIUM DODECANOATE,1.31 E-2 HEXANOL-1 2. E I K OH,10,2.40 X10-2 M,BG,VISUAL SPCTR CHNGE PNCN,SHIN,55004,T,L,0.024,M,,,,
91,238.4,POTASSIUM DODECANOATE,1.99 E-2 M HEXANOL-1 2. E 0 I K OH,10,2.18 X10-2 M,BG,VISUAL SPCTR CHNGE PNCN,SHIN,55004,T,L,0.0218,M,,,,
91,238.4,POTASSIUM DODECANOATE,2.70 E-2 M HEXANOL-1 2. E 0 I K OH,10,1.85 X10-2 M,BG,VISUAL SPCTR CHNGE PNCN,SHIN,55004,T,L,0.0185,M,,,,
91,238.4,POTASSIUM DODECANOATE,3.61 E-2 M HEXANOL-1 2. E 0 I K OH,10,1.58 X10-2 M,BG,VISUAL SPCTR CHNGE PNCN,SHIN,55004,T,L,0.0158,M,,,,
91,238.4,POTASSIUM DODECANOATE,2.17 E-3 M HEPTANOL-1 2. E 0 I K OH,10,2.73 X10-2 M,BG,VISUAL SPCTR CHNGE PNCN,SHIN,55004,T,L,0.0273,M,,,,
91,238.4,POTASSIUM DODECANOATE,4.12 E-3 M HEPTANOL-1 2. E 0 I K OH,10,2.58 X10-2 M,BG,VISUAL SPCTR CHNGE PNCN,SHIN,55004,T,L,0.0258,M,,,,
91,238.4,POTASSIUM DODECANOATE,1.00 E-2 M HEPTANOL-1 2. E 0 I K OH,10,1.88 X10-2 M,BG,VISUAL SPCTR CHNGE PNCN,SHIN,55004,T,L,0.0188,M,,,,
91,238.4,POTASSIUM DODECANOATE,1. E-1 K K ION 1.00 E 1 PH OF SOLUTION,UNK,1.37 X10-2 M,CB,SURFACE TENSION LOG PLOT,ROE BRAS,54013,T,L,0.0137,M,,,,
91,238.4,POTASSIUM DODECANOATE,4. EOI K OH 1.4 E-1 I N-HEXANE,0,2.8 X10-2 W,CD,FREEZING POINT,FINE MCBA,48011,T,L,0.028,W,,,,
91,238.4,POTASSIUM DODECANOATE,4. E-2 K NA CL 1.05 E 1 PH OF SOLUTION,20,1.7 X10-2 M,BC,INTERFACIAL TENSION LOGM,V VO,60025,T,L,0.017,M,,,,
91,238.4,POTASSIUM DODECANOATE,7.15 E-4 M OCTANOL-1 2. E 0 I K OH,10,2.65 X10-2 M,BG,VISUAL SPCTR CHNGE PNCN,SHIN,55004,T,L,0.0265,M,,,,
91,238.4,POTASSIUM DODECANOATE,9.30 E-4 M OCTANOL-1 2. E 0 I K OH,10,2.58 X10-2 M,BG,VISUAL SPCTR CHNGE PNCN,SHIN,55004,T,L,0.0258,M,,,,
91,238.4,POTASSIUM DODECANOATE,1.27 E-3 M OCTANOL-1 2. E 0 I K OH,10,2.40 X10-2 M,BG,VISUAL SPCTR CHNGE PNCN,SHIN,55004,T,L,0.024,M,,,,
91,238.4,POTASSIUM DODECANOATE,1.84 E-3 M OCTANOL-1 2. E 0 I K OH,10,2.32 X10-2 M,BG,VISUAL SPCTR CHNGE PNCN,SHIN,55004,T,L,0.0232,M,,,,
91,238.4,POTASSIUM DODECANOATE,1.02 E-1 PROPANOL-1 2. E 0 I K OH,10,2.70 X10-2 M,BG,VISUAL SPCTR CHNGE PNCN,SHIN,55004,T,L,0.027,M,,,,
91,238.4,POTASSIUM DODECANOATE,1.96 E-1 M PROPANOL-1 2. E 0 I K OH,10,2.59 X10-2 M,BG,VISUAL SPCTR CHNGE PNCN,SHIN,55004,T,L,0.0259,M,,,,
91,238.4,POTASSIUM DODECANOATE,3.56 E-1 M PROPANOL-1 2. E 0 I K OH,10,2.44 X10-2 M,BG,VISUAL SPCTR CHNGE PNCN,SHIN,55004,T,L,0.0244,M,,,,
91,238.4,POTASSIUM DODECANOATE,5.03 E-1 M PROPANOL-1 2. E 0 I K OH,10,2.28 X10-2 M,BG,VISUAL SPCTR CHNGE PNCN,SHIN,55004,T,L,0.0228,M,,,,
91,238.4,POTASSIUM DODECANOATE,6.95 E-1 M PROPANOL-1 2. E 0 I K OH,10,2.09 X10-2 M,BG,VISUAL SPCTR CHNGE PNCN,SHIN,55004,T,L,0.0209,M,,,,
91,238.4,POTASSIUM DODECANOATE,8.06 E-1 M PROPANOL-1 2. E 0 I K OH,10,1.82 X10-2 M,BG,VISUAL SPCTR CHNGE PNCN,SHIN,55004,T,L,0.0182,M,,,,
91,238.4,POTASSIUM DODECANOATE,9.80 E-1 M PROPANOL-1 2. E 0 I K OH,10,1.67 X10-2 M,BG,VISUAL SPCTR CHNGE PNCN,SHIN,55004,T,L,0.0167,M,,,,
91,238.4,POTASSIUM DODECANOATE,1.39 E-4 M NONANOL-1 2. E 0 I K OH,10,2.79 X10-2 M,BG,VISUAL SPCTR CHNGE PNCN,SHIN,55004,T,L,0.0279,M,,,,
91,238.4,POTASSIUM DODECANOATE,2.70 E-4 M NONANOL-1 2. E 0 I K OH,10,2.69 X10-2 M,BG,VISUAL SPCTR CHNGE PNCN,SHIN,55004,T,L,0.0269,M,,,,
91,238.4,POTASSIUM DODECANOATE,3.88 E-4 M NONANOL-1 2. E 0 I K OH,10,2.61 X10-2 M,BG,VISUAL SPCTR CHNGE PNCN,SHIN,55004,T,L,0.0261,M,,,,
91,238.4,POTASSIUM DODECANOATE,0296 2. E 0 I K OH,25,,,SEE CMPD NMBR IN ADDITV,SHIN,54005,,X,,,,,,
91,238.4,POTASSIUM DODECANOATE,0297 2. E 0 I K OH,25,,,SEE CMPD NMBR IN ADDITV,SHIN,54003,,X,,,,,,
91,238.4,POTASSIUM DODECANOATE,2.76 E-2 M 3-METHYL BUTANOL-1 2. E 0 I K OH,10,2.67 X10-2 M,BG,VISUAL SPCTR CHNGE PNCN,SHIN,55004,T,L,0.0267,M,,,,
91,238.4,POTASSIUM DODECANOATE,6.20 E-2 M 3-METHYL BUTANOL-1 2. E 0 I K OH,10,2.31 X10-2 M,BG,VISUAL SPCTR CHNGE PNCN,SHIN,55004,T,L,0.0231,M,,,,
91,238.4,POTASSIUM DODECANOATE,1.02 E-1 M 3-METHYL BUTANOL-1 2. E 0 I K OH,10,1.91 X10-2 M,BG,VISUAL SPCTR CHNGE PNCN,SHIN,55004,T,L,0.0191,M,,,,
91,238.4,POTASSIUM DODECANOATE,1.38 E-1 M 3-METHYL BUTANOL-1 2. E 0 I K OH,10,1.61 X10-2 M,BG,VISUAL SPCTR CHNGE PNCN,SHIN,55004,T,L,0.0161,M,,,,
91,238.4,POTASSIUM DODECANOATE,1.71 E-1 M 3-METHYL BUTANOL-1 2. EOI K OH,10,1.45 X10-2 M,BG,VISUAL SPCTR CHNGE PNCN,SHIN,55004,T,L,0.0145,M,,,,
91,238.4,POTASSIUM DODECANOATE,0044,25,,,SEE CMPD NMBR IN ADDITV,SHIN,54003,,X,,,,,,
91,238.4,POTASSIUM DODECANOATE,0090,,,,SEE CMPD NMBR IN ADDITV,SHIN,54003,,X,,,,,,
91,238.4,POTASSIUM DODECANOATE,0090,25,,,SEE CMPD NMBR IN ADDITV,SHIN,54003,,X,,,,,,
92,266.5,POTASSIUM TETRADECANOATE,,,47005,,VALUES FRM REF IN CMC,KLEV,48005,,R,,,,,,
92,266.5,POTASSIUM TETRADECANOATE,,25,6.3 X10-3 M,CG,VISUAL SPCTR CHNGE PNCN,KLEV,50003,T,L,0.0063,M,,,,
92,266.5,POTASSIUM TETRADECANOATE,,25.6,6.0 X10-3 M,DG,FOTOMTR SPCTR CHNGE PNCN,CORR HARK,46002,T,L,0.006,M,,,,
92,266.5,POTASSIUM TETRADECANOATE,,25.8,6.4 X10-3 M,DG,FOTOMTR SPCTR CHNGE PNCN,CORR KLEV,46010,T,L,0.0064,M,,,,
92,266.5,POTASSIUM TETRADECANOATE,,25.6,6.4 X10-3 M,DG,FOTOMTR SPCTR CHNGE PNCN,KLEV,47004,T,L,0.0064,M,,,,
92,266.5,POTASSIUM TETRADECANOATE,,25,5.9 X10-3 M,DG,VISUAL SPCTR CHNGE PNCN,HERZ,52015,T,L,0.0059,M,,,,
92,266.5,POTASSIUM TETRADECANOATE,,25,6.6 X10-3 M,DC,REFRACTIVE INDEX,KLEV,47005,T,L,0.0066,M,,,,
92,266.5,POTASSIUM TETRADECANOATE,,25,5.8 X10-3 M,BG,UNSPEC SPCTR CHNG PNCN,KLEV,58011,T,L,0.0058,M,,,,
92,266.5,POTASSIUM TETRADECANOATE,,30,7.0 X10-3 M,DB,FOTOMTR SOLUBLZTN PDMAB,KOLT STRI,48016,T,L,0.007,M,,,,
92,266.5,POTASSIUM TETRADECANOATE,,35.8,5.7 X10-3 M,DG,FOTOMTR SPCTR CHNGE PNCN,CORR HARK,46002,T,L,0.0057,M,,,,
92,266.5,POTASSIUM TETRADECANOATE,,35.8,5.7 X10-3 M,DG,FOTOMTR SPCTR CHNGE PNCN,KLEV,47004,T,L,0.0057,M,,,,
92,266.5,POTASSIUM TETRADECANOATE,,35,7.0 X10-3 M,DC,REFRACTIVE INDEX,KLEV,47005,T,L,0.007,M,,,,
92,266.5,POTASSIUM TETRADECANOATE,,45,5.5 X10-3 M,DG,FOTOMTR SPCTR CHNGE PNCN,KLEV,47004,T,L,0.0055,M,,,,
92,266.5,POTASSIUM TETRADECANOATE,,45,7.4 X10-3 M,DC,REFRACTIVE INDEX,KLEV,47005,T,L,0.0074,M,,,,
92,266.5,POTASSIUM TETRADECANOATE,,50,7.2 X10-3 M,DB,FOTOMTR SOLUBLZTN PDMAB,KOLT STRI,48016,T,L,0.0072,M,,,,
92,266.5,POTASSIUM TETRADECANOATE,,50,5. X10-3 M,DE,FOTOMTR SOLUBLZTN PDMAB,KOLT JOHN,46006,T,L,0.005,M,,,,
92,266.5,POTASSIUM TETRADECANOATE,,50,48016,,VALUES FRM REF IN CMC,KOLT STRI,49005,,R,,,,,,
92,266.5,POTASSIUM TETRADECANOATE,,55,5.5 X10-3 M,DG,FOTOMTR SPCTR CHNGE PNCN,KLEV,47004,T,L,0.0055,M,,,,
92,266.5,POTASSIUM TETRADECANOATE,,55,7.9 X10-3 M,DC,REFRACTIVE INDEX,KLEV,47005,T,L,0.0079,M,,,,
92,266.5,POTASSIUM TETRADECANOATE,,65,8.6 X10-3 M,DC,REFRACTIVE INDEX,KLEV,47005,T,L,0.0086,M,,,,
92,266.5,POTASSIUM TETRADECANOATE,,UNK,3. X10-3 M,DE,ELECTROMOTIVE FORCE,CARR JOHN,47013,T,L,0.003,M,,,,
92,266.5,POTASSIUM TETRADECANOATE,,UNK,5. X10-3 M,DE,FOTOMTR SOLUBLZTN PDMAB,CARR JOHN,47013,T,L,0.005,M,,,,
92,266.5,POTASSIUM TETRADECANOATE,,UNK,6.4 X10-3 M,DG,VISUAL SPCTR CHNGE PNCN,CORR HARK,46015,G,L,0.0064,M,,,,
92,266.5,POTASSIUM TETRADECANOATE,,UNK,6.6 X10-3 M,DG,METHOD NOT CITED,ARRI PATT,53003,T,L,0.0066,M,,,,
92,266.5,POTASSIUM TETRADECANOATE,8. E-3 P BENZENE,25,6.2 X10-3 M,CG,VISUAL SPCTR CHNGE PNCN,KLEV,50003,G,L,0.0062,M,,,,
92,266.5,POTASSIUM TETRADECANOATE,1.5 E-2 P BENZENE,25,6.1 X10-3 M,CG,VISUAL SPCTR CHNGE PNCN,KLEV,50003,G,L,0.0061,M,,,,
92,266.5,POTASSIUM TETRADECANOATE,2.7 E-2 P BENZENE,25,6.1 X10-3 M,CG,FOTOMTR SPCTR CHNGE PNCN,KLEV,50003,G,L,0.0061,M,,,,
92,266.5,POTASSIUM TETRADECANOATE,4.0 E-2 P BENZENE,25,6.0 X10-3 M,CG,VISUAL SPCTR CHNGE PNCN,KLEV,50003,G,L,0.006,M,,,,
92,266.5,POTASSIUM TETRADECANOATE,5.4 E-2 P BENZENE,25,5.9 X10-3 M,CG,VISUAL SPCTR CHNGE PNCN,KLEV,50003,G,L,0.0059,M,,,,
92,266.5,POTASSIUM TETRADECANOATE,6.1 E-2 P BENZENE,25,5.9 X10-3 M,CG,FOTOMTR SPCTR CHNGE PNCN,KLEV,50003,G,L,0.0059,M,,,,
92,266.5,POTASSIUM TETRADECANOATE,8.5 E-2 P BENZENE,25,5.7 X10-3 M,CG,VISUAL SPCTR CHNGE PNCN,KLEV,50003,G,L,0.0057,M,,,,
92,266.5,POTASSIUM TETRADECANOATE,8.7 E-2 P BENZENE,25,5.9 X10-3 M,CG,VISUAL SPCTR CHNGE PNCN,KLEV,50003,G,L,0.0059,M,,,,
92,266.5,POTASSIUM TETRADECANOATE,1.04 E-1 P BENZENE,25,5.6 X10-3 M,CG,FOTOMTR SPCTR CHNGE PNCN,KLEV,50003,G,L,0.0056,M,,,,
92,266.5,POTASSIUM TETRADECANOATE,1.08 E-1 P BENZENE,25,5.7 X10-3 M,CG,VISUAL SPCTR CHNGE PNCN,KLEV,50003,G,L,0.0057,M,,,,
92,266.5,POTASSIUM TETRADECANOATE,1.31 E-1 P BENZENE,25,5.6 X10-3 M,CG,VISUAL SPCTR CHNGE PNCN,KLEV,50003,G,L,0.0056,M,,,,
92,266.5,POTASSIUM TETRADECANOATE,1.55 E-1 P BENZENE,25,5.4 X10-3 M,CG,VISUAL SPCTR CHNGE PNCN,KLEV,50003,G,L,0.0054,M,,,,
92,266.5,POTASSIUM TETRADECANOATE,1.82 E-1 P BENZENE,25,5.2 X10-3 M,CG,FOTOMTR SPCTR CHNGE PNCN,KLEV,50003,G,L,0.0052,M,,,,
92,266.5,POTASSIUM TETRADECANOATE,2.20 E-1 P BENZENE,25,5.1 X10-3 M,CG,VISUAL SPCTR CHNGE PNCN,KLEV,50003,TG,L,0.0051,M,,,,
92,266.5,POTASSIUM TETRADECANOATE,2.81 E-1 P BENZENE,25,5.1 X10-3 M,CG,VISUAL SPCTR CHNGE PNCN,KLEV,50003,G,L,0.0051,M,,,,
92,266.5,POTASSIUM TETRADECANOATE,3.35 E-1 P BENZENE,25,4.9 X10-3 M,CG,VISUAL SPCTR CHNGE PNCN,KLEV,50003,G,L,0.0049,M,,,,
92,266.5,POTASSIUM TETRADECANOATE,3.93 E-1 P BENZENE,25,5.1 X10-3 M,CG,VISUAL SPCTR CHNGE PNCN,KLEV,50003,G,L,0.0051,M,,,,
92,266.5,POTASSIUM TETRADECANOATE,5. E-2 N K CL,50,5.3 X10-3 M,DB,FOTOMTR SOLUBLETN PDMAB,KOLT STRI,49005,T,L,0.0053,M,,,,
92,266.5,POTASSIUM TETRADECANOATE,5. E-1 N K CL,50,1.5 X10-3 M,DD,FOTOMTR SOLUBLZTN PDMAB,KOLT STRI,49005,T,L,0.0015,M,,,,
92,266.5,POTASSIUM TETRADECANOATE,2. EOI K OH,18,7.04 X10-3 M,BG,VISUAL SPCTR CHNGE PNCN,SHIN,55004,T,L,0.00704,M,,,,
92,266.5,POTASSIUM TETRADECANOATE,2. EOI K OH,25,7. X10-3 M,BG,VISUAL SPCTR CHNGE PNCN,SHIN,54005,G,L,0.007,M,,,,
92,266.5,POTASSIUM TETRADECANOATE,4. EOI K OH,25,6. X10-3 W,CG,VISUAL SPCTR CHNGE RHD6,FINE MCBA,48011,T,L,0.006,W,,,,
92,266.5,POTASSIUM TETRADECANOATE,E 0 K OH,30,4. X10-3 W,CE,VAPR PRESURE LOWERING,HUFF MCBA,51004,T,L,0.004,W,,,,
92,266.5,POTASSIUM TETRADECANOATE,E 0 K OH,50,5. X10-3 W,CE,VAPR PRESURE LOWERING,HUFF MCBA,51004,T,L,0.005,W,,,,
92,266.5,POTASSIUM TETRADECANOATE,1. E-3 N K OH,UNK,7. X10-3 M,BG,METHOD NOT CITED,KLEV CARR,56001,T,L,0.007,M,,,,
92,266.5,POTASSIUM TETRADECANOATE,1. E-2 N K OH,UNK,6. X10-3 M,BG,METHOD NOT CITED,KLEV CARR,56001,T,L,0.006,M,,,,
92,266.5,POTASSIUM TETRADECANOATE,1. E-1 N K OH,UNK,4.5 X10-3 M,BG,METHOD NOT CITED,KLEV CARR,56001,T,L,0.0045,M,,,,
92,266.5,POTASSIUM TETRADECANOATE,1.0 E 1 PH OF SOLUTION,UNK,7.0 X10-3 M,BG,METHOD NOT CITED,KLEV CARR,56001,T,L,0.007,M,,,,
92,266.5,POTASSIUM TETRADECANOATE,0001,,,,SEE CMPD NMBR IN ADDITV,KLEV,48005,,X,,,,,,
92,266.5,POTASSIUM TETRADECANOATE,E 0 0001,,,,GRAPH DATA NOT RETRIEVED,KLEV,46007,,R,,,,,,
92,266.5,POTASSIUM TETRADECANOATE,0001,UNK,,,SEE CMPD NMBR IN ADDITV,CORR HARK,46015,,X,,,,,,
92,266.5,POTASSIUM TETRADECANOATE,E 0 0040,,,,GRAPH DATA NOT RETRIEVED,KLEV,46007,,R,,,,,,
92,266.5,POTASSIUM TETRADECANOATE,E 0 0044,,,,GRAPH DATA NOT RETRIEVED,KLEV,46007,,R,,,,,,
92,266.5,POTASSIUM TETRADECANOATE,0044,25,,,SEE CMPD NMBR IN ADDITV,SHIN,54005,,X,,,,,,
92,266.5,POTASSIUM TETRADECANOATE,0090,,,,SEE CMPD NMBR IN ADDITV,KLEV,48005,,X,,,,,,
92,266.5,POTASSIUM TETRADECANOATE,0090,25,,,SEE CMPD NMBR IN ADDITV,SHIN,54005,,X,,,,,,
92,266.5,POTASSIUM TETRADECANOATE,0091,,,,SEE CMPD NMBR IN ADDITV,KLEV,48005,,X,,,,,,
92,266.5,POTASSIUM TETRADECANOATE,E 0 0091,,,,GRAPH DATA NOT RETRIEVED,KLEV,46007,,R,,,,,,
92,266.5,POTASSIUM TETRADECANOATE,0188,25,,,SEE CMPD NMBR IN ADDITV,SHIN,54005,,X,,,,,,
92,266.5,POTASSIUM TETRADECANOATE,1.9 E1C 0372,UNK,8. X10-3 M,DG,METHOD NOT CITED,ARRI PATT,53003,G,L,0.008,M,,,,
92,266.5,POTASSIUM TETRADECANOATE,3.0 E1C 0372,UNK,8.2 X10-3 M,DG,METHOD NOT CITED,ARRI PATT,53003,G,L,0.0082,M,,,,
92,266.5,POTASSIUM TETRADECANOATE,5.6 E1C 0372,UNK,1.3 X10-2 M,DG,METHOD NOT CITED,ARRI PATT,53003,G,L,0.013,M,,,,
92,266.5,POTASSIUM TETRADECANOATE,8.5 E1C 0372,UNK,2.1 X10-2 M,DG,METHOD NOT CITED,ARRI PATT,53003,G,L,0.021,M,,,,
92,266.5,POTASSIUM TETRADECANOATE,9.4 E1C 0372,UNK,2.9 X10-2 M,DG,METHOD NOT CITED,ARRI PATT,53003,G,L,0.029,M,,,,
92,266.5,POTASSIUM TETRADECANOATE,1.20 E-1 M BUTANOL-1 2. E 0 I K OH,18,5.70 X10-3 M,BG,VISUAL SPCTR CHNGE PNCN,SHIN,55004,T,L,0.0057,M,,,,
92,266.5,POTASSIUM TETRADECANOATE,,,,,,SHIN,55004,T,L,,,,,,
92,266.5,POTASSIUM TETRADECANOATE,2.02 E-1 M BUTANOL-1 2. E 0 I K OH,18,4.75 X10-3 M,BG,VISUAL SPCTR CHNGE PNCN,,,,,0.00475,M,,,,
92,266.5,POTASSIUM TETRADECANOATE,,,,,,,55004,T,L,,,,,,
92,266.5,POTASSIUM TETRADECANOATE,3.18 E-1 M BUTANOL-1 2. E 0 I K OH,18,3.68 X10-3 M,BG,VISUAL SPCTR CHNGE PNCN,SHIN,,,,0.00368,M,,,,
92,266.5,POTASSIUM TETRADECANOATE,,,,,,,,T,L,,,,,,
92,266.5,POTASSIUM TETRADECANOATE,3.92 E-1 M BUTANOL-1 2. I K OH,18,3.02 X10-3 M,BG,VISUAL SPCTR CHNGE PNCN,SHIN,55004,,,0.00302,M,,,,
92,266.5,POTASSIUM TETRADECANOATE,,,,,,,55004,T,L,,,,,,
92,266.5,POTASSIUM TETRADECANOATE,4.48 E-1 M BUTANOL-1 2. I K OH,18,2.59 X10-3 M,BG,VISUAL SPCTR CHNGE PNCN,SHIN,,,,0.00259,M,,,,
92,266.5,POTASSIUM TETRADECANOATE,,,,,,,55004,T,L,,,,,,
92,266.5,POTASSIUM TETRADECANOATE,4.5 E-5 M DECANOL-1 2. E I K OH,18,6.78 X10-3 M,BG,VISUAL SPCTR CHNGE PNCN,SHIN,,,,0.00678,M,,,,
92,266.5,POTASSIUM TETRADECANOATE,,,,,,SHIN,55004,T,L,,,,,,
92,266.5,POTASSIUM TETRADECANOATE,8.9 E-5 M DECANOL-1 2. I K OH,18,6.10 X10-3 M,BG,VISUAL SPCTR CHNGE PNCN,,,,,0.0061,M,,,,
92,266.5,POTASSIUM TETRADECANOATE,,,,,,,55004,T,L,,,,,,
92,266.5,POTASSIUM TETRADECANOATE,1.91 E-4 M DECANOL-1 2. I K OH,18,5.76 X10-3 M,BG,VISUAL SPCTR CHNGE PNCN,SHIN,,,,0.00576,M,,,,
92,266.5,POTASSIUM TETRADECANOATE,,,,,,,55004,T,L,,,,,,
92,266.5,POTASSIUM TETRADECANOATE,5.5 E-1 M ETHANOL 2. E O I K OH,18,6.51 X10-3 M,BG,VISUAL SPCTR CHNGE PNCN,SHIN,,,,0.00651,M,,,,
92,266.5,POTASSIUM TETRADECANOATE,1.00 EOM ETHANOL 2. EOI K OH,18,5.98 X10-3 M,BG,VISUAL SPCTR CHNGE PNCN,SHIN,55004,T,L,0.00598,M,,,,
92,266.5,POTASSIUM TETRADECANOATE,1.74 EOM ETHANOL 2. EOI K OH,18,5.1 X10-3 M,BG,VISUAL SPCTR CHNGE PNCN,SHIN,55004,T,L,0.0051,M,,,,
92,266.5,POTASSIUM TETRADECANOATE,2.44 EOM ETHANOL 2. EOI K OH,18,4.52 X10-3 M,BG,VISUAL SPCTR CHNGE PNCN,SHIN,55004,T,L,0.00452,M,,,,
92,266.5,POTASSIUM TETRADECANOATE,2.96 EOM ETHANOL 2. E O I K OH,18,3.97 X10-3 M,BG,VISUAL SPCTR CHNGE PNCN,SHIN,55004,T,L,0.00397,M,,,,
92,266.5,POTASSIUM TETRADECANOATE,1.07 E-2 M HEXANOL-1 2. E O I K OH,18,5.64 X10-3 M,BG,VISUAL SPCTR CHNGE PNCN,SHIN,55004,T,L,0.00564,M,,,,
92,266.5,POTASSIUM TETRADECANOATE,1.59 E-2 M HEXANOL-1 2. EOI K OH,18,5.08 X10-3 M,BG,VISUAL SPCTR CHNGE PNCN,SHIN,55004,T,L,0.00508,M,,,,
92,266.5,POTASSIUM TETRADECANOATE,2.18 E-2 M HEXANOL-1 2. EOI K OH,18,4.58 X10-3 M,BG,VISUAL SPCTR CHNGE PNCN,SHIN,55004,T,L,0.00458,M,,,,
92,266.5,POTASSIUM TETRADECANOATE,3.08 E-2 M HEXANOL-1 2. EOI K OH,18,3.90 X10-3 M,BG,VISUAL SPCTR CHNGE PNCN,SHIN,55004,T,L,0.0039,M,,,,
92,266.5,POTASSIUM TETRADECANOATE,2.50 E-3 M HEPTANOL-1 2. EOI K OH,18,5:91 X10-3 M,BG,VISUAL SPCTR CHNGE PNCN,SHIN,55004,T,L,0.00591,M,,,,
92,266.5,POTASSIUM TETRADECANOATE,5.52 E-3 M HEPTANOL-1 2. E O I K OH,18,5.09 X10-3 M,BG,VISUAL SPCTR CHNGE PNCN,SHIN,55004,T,L,0.00509,M,,,,
92,266.5,POTASSIUM TETRADECANOATE,8.66 E-3 M HEPTANOL-1 2. EOI K OH,18,4.03 X10-3 M,BG,VISUAL SPCTR CHNGE PNCN,SHIN,55004,T,L,0.00403,M,,,,
92,266.5,POTASSIUM TETRADECANOATE,1. E-3 N K OH 5. E-2 N K CL,UNK,5.5 X10-3 M,BG,METHOD NOT CITED,KLEV CARR,56001,T,L,0.0055,M,,,,
92,266.5,POTASSIUM TETRADECANOATE,1. E-3 N K OH 1. E-1 N K CL,UNK,4.5 X10-3 M,BG,METHOD NOT CITED,KLEV CARR,56001,T,L,0.0045,M,,,,
92,266.5,POTASSIUM TETRADECANOATE,1. E-3 N K OH 2. E-1 N K CL,UNK,3. X10-3 M,BG,METHOD NOT CITED,KLEV CARR,56001,T,L,0.003,M,,,,
92,266.5,POTASSIUM TETRADECANOATE,1. E-3 N K OH 5. E-1 N K CL,UNK,1.5 X10-3 M,BG,METHOD NOT CITED,KLEV CARR,56001,T,L,0.0015,M,,,,
92,266.5,POTASSIUM TETRADECANOATE,1. E-3 N K OH 1. EON K CL,UNK,8. X10-4 M,BG,METHOD NOT CITED,KLEV CARR,56001,T,L,0.0008,M,,,,
92,266.5,POTASSIUM TETRADECANOATE,5.5 E-4 OCTANOL-1 2. EOI K OH,18,6.47 X10-3 M,BG,VISUAL SPCTR CHNGE PNCN,SHIN,55004,T,L,0.00647,M,,,,
92,266.5,POTASSIUM TETRADECANOATE,1.11 E-3 M OCTANOL-1 2. EOI K OH,18,5.82 X10-3 M,BG,VISUAL SPCTR CHNGE PNCN,SHIN,55004,T,L,0.00582,M,,,,
92,266.5,POTASSIUM TETRADECANOATE,1.39 E-3 M OCTANOL-1 2. EOI K OH,18,5.36 X10-3 M,BG,VISUAL SPCTR CHNGE PNCN,SHIN,55004,T,L,0.00536,M,,,,
92,266.5,POTASSIUM TETRADECANOATE,2.45 E-3 M OCTANOL-1 2. EOI K OH,18,4.80 X10-3 M,BG,VISUAL SPCTR CHNGE PNCN,SHIN,55004,T,L,0.0048,M,,,,
92,266.5,POTASSIUM TETRADECANOATE,3.08 E-1 M PROPANOL-1 2. EOI K OH,18,5.94 X10-3 M,BG,VISUAL SPCTR CHNGE PNCN,SHIN,55004,T,L,0.00594,M,,,,
92,266.5,POTASSIUM TETRADECANOATE,5.84 E-1 PROPANOL-1 2. EOI K OH,18,5.26 X10-3 M,BG,VISUAL SPCTR CHNGE PNCN,SHIN,55004,T,L,0.00526,M,,,,
92,266.5,POTASSIUM TETRADECANOATE,7.28 E-1 PROPANOL-1 2. E O I K OH,18,4.71 X10-3 M,BG,VISUAL SPCTR CHNGE PNCN,SHIN,55004,T,L,0.00471,M,,,,
92,266.5,POTASSIUM TETRADECANOATE,8.80 E-1 M PROPANOL-1 2. EOI K OH,18,4.18 X10-3 M,BG,VISUAL SPCTR CHNGE PNCN,SHIN,55004,T,L,0.00418,M,,,,
92,266.5,POTASSIUM TETRADECANOATE,1.07 EOM PROPANOL-1 2. E O I K OH,18,3.52 X10-3 M,BG,VISUAL SPCTR CHNGE PNCN,SHIN,55004,T,L,0.00352,M,,,,
92,266.5,POTASSIUM TETRADECANOATE,1.25 EOM PROPANOL-1 2. EOI K OH,18,2.97 X10-3 M,BG,VISUAL SPCTR CHNGE PNCN,SHIN,55004,T,L,0.00297,M,,,,
92,266.5,POTASSIUM TETRADECANOATE,1.65 E-4 M NONANOL-1 2. E O I K OH,18,6.62 X10-3 M,BG,VISUAL SPCTR CHNGE PNCN,SHIN,55004,T,L,0.00662,M,,,,
92,266.5,POTASSIUM TETRADECANOATE,3.08 E-4 M NONANOL-1 2. EOI K OH,18,6.17 X10-3 M,BG,VISUAL SPCTR CHNGE PNCN,SHIN,55004,T,L,0.00617,M,,,,
92,266.5,POTASSIUM TETRADECANOATE,4.41 E-4 M NONANOL-1 2. E 0 : K OH,18,5.90 X10-3 M,BG,VISUAL SPCTR CHNGE PNCN,SHIN,55004,T,L,0.0059,M,,,,
92,266.5,POTASSIUM TETRADECANOATE,6.82 E-4 M NONANOL-1 2. EOI K OH,18,5.55 X10-3 M,BG,VISUAL SPCTR CHNGE PNCN,SHIN,55004,T,L,0.00555,M,,,,
92,266.5,POTASSIUM TETRADECANOATE,0296 2. E 0 : I K OH,25,,,SEE CMPD NMBR IN ADDITV,SHIN,54005,,X,,,,,,
92,266.5,POTASSIUM TETRADECANOATE,5.95 E-2 M 3-METHYL BUTANOL-1 2. E O I K OH,18,5.12 X10-3 M,BG,VISUAL SPCTR CHNGE PNCN,SHIN,55004,T,L,0.00512,M,,,,
92,266.5,POTASSIUM TETRADECANOATE,9.7 E-2 M 3-METHYL BUTANOL-1 2. E O I K OH,18,4.17 X10-3 M,BG,VISUAL SPCTR CHNGE PNCN,SHIN,55004,T,L,0.00417,M,,,,
92,266.5,POTASSIUM TETRADECANOATE,1.29 E-1 M 3-METHYL BUTANOL-1 2. EOI K OH,18,3.48 X10-3 M,BG,VISUAL SPCTR CHNGE PNCN,SHIN,55004,T,L,0.00348,M,,,,
92,266.5,POTASSIUM TETRADECANOATE,1.83 E-1 M 3-METHYL BUTANOL-1 2. E 0 I K OH,18,2.64 X10-3 M,BG,VISUAL SPCTR CHNGE PNCN,SHIN,55004,T,L,0.00264,M,,,,
92,266.5,POTASSIUM TETRADECANOATE,0090,,,,SEE CMPD NMBR IN ADDITV,SHIN,54003,,X,,,,,,
93,252.2,OCTYL TRIMETHYL AMMONIUM BROMIDE,,20,2.82 X10-1 M,BB,INTERFACIAL TENSION LOGM,HAYD TAYL,62004,L,L,0.282,M,,,,
93,252.2,OCTYL TRIMETHYL AMMONIUM BROMIDE,,25,1.4 X10-1 M,CD,REFRACTIVE INDEX,KLEV,48005,T,L,0.14,M,,,,
93,252.2,OCTYL TRIMETHYL AMMONIUM BROMIDE,,25,1.3 X10-1 M,CE,EQUIV CONDCTNCE GRAPH,SCOT TART,43003,K,L,0.13,M,,,,
93,252.2,OCTYL TRIMETHYL AMMONIUM BROMIDE,,30,2.24 X10-1 M,CC,TURBIDITY PLT LITE SCATR,TRAP HERM,55009,T,L,0.224,M,,,,
93,252.2,OCTYL TRIMETHYL AMMONIUM BROMIDE,,40,1.5 X10-1 M,CE,EQUIV CONDCTNCE GRAPH,SCOT TART,43003,K,L,0.15,M,,,,
93,252.2,OCTYL TRIMETHYL AMMONIUM BROMIDE,,60,1.3 X10-1 M,CE,EQUIV CONDCTNCE GRAPH,SCOT TART,43003,K,L,0.13,M,,,,
93,252.2,OCTYL TRIMETHYL AMMONIUM BROMIDE,1.25 E-2 M K BR,30,2.26 X10-1 M,CC,TURBIDITY PLT LITE SCATR,TRAP HERM,55009,T,L,0.226,M,,,,
93,252.2,OCTYL TRIMETHYL AMMONIUM BROMIDE,2.5 E-2 M K BR,30,2.20 X10-1 M,CC,TURBIDITY PLT LITE SCATR,TRAP HERM,55009,T,L,0.22,M,,,,
93,252.2,OCTYL TRIMETHYL AMMONIUM BROMIDE,1.0 E-1 M NA CL,20,2.69 X10-1 M,BB,INTERFACIAL TENSION LOGM,HAYD TAYL,62004,L,L,0.269,M,,,,
93,252.2,OCTYL TRIMETHYL AMMONIUM BROMIDE,2.5 E-1 M NA CL,20,2.54 X10-1 M,BB,INTERFACIAL TENSION LOGM,HAYD TAYL,62004,L,L,0.254,M,,,,
93,252.2,OCTYL TRIMETHYL AMMONIUM BROMIDE,5.0 E-1 M NA CL,20,2.34 X10-1 M,BB,INTERFACIAL TENSION LOGM,HAYD TAYL,62004,L,L,0.234,M,,,,
94,266.3,NONYL TRIMETHYL AMMONIUM BROMIDE,,30,1.43 X10-1 M,CC,TURBIDITY PLT LITE SCATR,TRAP HERM,55009,T,L,0.143,M,,,,
94,266.3,NONYL TRIMETHYL AMMONIUM BROMIDE,1.25 E-2 M K BR,30,1.40 X10-1 M,CC,TURBIDITY PLT LITE SCATR,TRAP HERM,55009,T,L,0.14,M,,,,
95,280.3,DECYL TRIMETHYL AMMONIUM BROMIDE,,,49006,,VALUES FRM REF IN CMC,CORR HARK,46004,,R,,,,,,
95,280.3,DECYL TRIMETHYL AMMONIUM BROMIDE,,,47006,,VALUES FRM REF IN CMC,CORR HARK,46005,,R,,,,,,
95,280.3,DECYL TRIMETHYL AMMONIUM BROMIDE,,25,6.8 X10-2,CC,REFRACTIVE INDEX,KLEV,48005,T,L,,,,,,
95,280.3,DECYL TRIMETHYL AMMONIUM BROMIDE,,25,6.5 X10-2,XB,UNSPECIFIED CONDUCTANCE,KLEV,53010,T,L,,,,,,
95,280.3,DECYL TRIMETHYL AMMONIUM BROMIDE,,25,7.0 X10-2 W,CC,EQUIV CONDCTNCE GRAPH,SCOT TART,43003,P,L,0.07,W,,,,
95,280.3,DECYL TRIMETHYL AMMONIUM BROMIDE,,25,6.46 X10-2 W,BA,SPECFC CONDCTNCE GRAPH,TUDD ALEX,62035,T,2,0.0646,W,,,,
95,280.3,DECYL TRIMETHYL AMMONIUM BROMIDE,,26,6.43 X10-2 M,BG,VISUAL SPCTR CHNGE SKYB,CORR HARK,47006,T,L,0.0643,M,,,,
95,280.3,DECYL TRIMETHYL AMMONIUM BROMIDE,,26,6.35 X10-2 M,BG,VISUAL SPCTR CHNGE EOSN,CORR HARK,47006,T,L,0.0635,M,,,,
95,280.3,DECYL TRIMETHYL AMMONIUM BROMIDE,,26,6.10 X10-2 M,BG,VISUAL SPCTR CHNGE FL,CORR HARK,47006,T,L,0.061,M,,,,
95,280.3,DECYL TRIMETHYL AMMONIUM BROMIDE,,26,6.02 X10-2 M,BG,VISUAL SPCTR CHNGE INPX,CORR HARK,47006,T,L,0.0602,M,,,,
95,280.3,DECYL TRIMETHYL AMMONIUM BROMIDE,,26,6.36 X10-2 M,BG,VISUAL SPCTR CHNGE,CORR HARK,47010,T,L,0.0636,M,,,,
95,280.3,DECYL TRIMETHYL AMMONIUM BROMIDE,,30,6.3 X10-2 M,CC,TURBIDITY PLT LITE SCATR,TRAP HERM,55009,T,L,0.063,M,,,,
95,280.3,DECYL TRIMETHYL AMMONIUM BROMIDE,,40,7.0 X10-2 W,CC,EQUIV CONDCTNCE GRAPH,SCOT TART,43003,P,L,0.07,W,,,,
95,280.3,DECYL TRIMETHYL AMMONIUM BROMIDE,,60,7.5 X10-2 M,CC,REFRACTIVE INDEX,KLEV,48005,T,L,0.075,M,,,,
95,280.3,DECYL TRIMETHYL AMMONIUM BROMIDE,,60,8.0 X10-2 W,CC,EQUIV CONDCTNCE GRAPH,SCOT TART,43003,P,L,0.08,W,,,,
95,280.3,DECYL TRIMETHYL AMMONIUM BROMIDE,,UNK,7.00 X10-2 M,BC,DEBYE PLT LIGHT SCATTER,DEBY,49001,T,L,0.07,M,,,,
95,280.3,DECYL TRIMETHYL AMMONIUM BROMIDE,,UNK,6.4 X10-2 M,CG,VISUAL SPCTR CHNGE SKYB,HARK MITT,49006,G,L,0.064,M,,,,
95,280.3,DECYL TRIMETHYL AMMONIUM BROMIDE,,UNK,6.86 X10-2 M,BC,METHOD NOT CITED,WASI HUBB,64043,T,L,0.0686,M,,,,
95,280.3,DECYL TRIMETHYL AMMONIUM BROMIDE,2.15 E-2 M BA CL2,26,5.84 X10-2 M,BG,VISUAL SPCTR CHNGE,CORR HARK,47010,T,L,0.0584,M,,,,
95,280.3,DECYL TRIMETHYL AMMONIUM BROMIDE,5.64 E-2 M BA CL2,26,5.11 X10-2 M,BG,VISUAL SPCTR CHNGE,CORR HARK,47010,T,L,0.0511,M,,,,
95,280.3,DECYL TRIMETHYL AMMONIUM BROMIDE,1.00 E-1 M BA CL2,26,4.54 X10-2 M,BG,VISUAL SPCTR CHNGE,CORR HARK,47010,T,L,0.0454,M,,,,
95,280.3,DECYL TRIMETHYL AMMONIUM BROMIDE,1.43 E-1 M BA CL2,26,3.88 X10-2 M,BG,VISUAL SPCTR CHNGE,CORR HARK,47010,T,L,0.0388,M,,,,
95,280.3,DECYL TRIMETHYL AMMONIUM BROMIDE,2.42 E-1 M BA CL2,26,3.29 X10-2 M,BG,VISUAL SPCTR CHNGE,CORR HARK,47010,T,L,0.0329,M,,,,
95,280.3,DECYL TRIMETHYL AMMONIUM BROMIDE,1.9 E-1 M BUTANOL-1,UNK,4.5 X10-2 M,CG,VISUAL SPCTR CHNGE SKYB,HARK MITT,49006,G,L,0.045,M,,,,
95,280.3,DECYL TRIMETHYL AMMONIUM BROMIDE,3.9 E-1 M BUTANOL-1,UNK,3.0 X10-2 M,CG,VISUAL SPCTR CHNGE SKYB,HARK MITT,49006,G,L,0.03,M,,,,
95,280.3,DECYL TRIMETHYL AMMONIUM BROMIDE,5.4 E-1 M BUTANOL-1,UNK,2.1 X10-2 M,CG,VISUAL SPCTR CHNGE SKYB,HARK MITT,49006,G,L,0.021,M,,,,
95,280.3,DECYL TRIMETHYL AMMONIUM BROMIDE,3.8 E-1 M DIOXANE,UNK,6.5 X10-2 M,CG,VISUAL SPCTR CHNGE SKYB,HARK MITT,49006,G,L,0.065,M,,,,
95,280.3,DECYL TRIMETHYL AMMONIUM BROMIDE,9.6 E-1 M DIOXANE,UNK,6.7 X10-2 M,CG,VISUAL SPCTR CHNGE SKYB,HARK MITT,49006,G,L,0.067,M,,,,
95,280.3,DECYL TRIMETHYL AMMONIUM BROMIDE,1.96 M DIOXANE,UNK,6.9 X10-2 M,CG,VISUAL SPCTR CHNGE SKYB,HARK MITT,49006,G,L,0.069,M,,,,
95,280.3,DECYL TRIMETHYL AMMONIUM BROMIDE,1.25 E-1 M ETHYLENE GLYCOL,UNK,6.4 X10-2 M,CG,VISUAL SPCTR CHNGE SKYB,HARK MITT,49006,G,L,0.064,M,,,,
95,280.3,DECYL TRIMETHYL AMMONIUM BROMIDE,1.38 E 0 M ETHYLENE GLYCOL,UNK,6.5 X10-2 M,CG,VISUAL SPCTR CHNGE SKYB,HARK MITT,49006,G,L,0.065,M,,,,
95,280.3,DECYL TRIMETHYL AMMONIUM BROMIDE,2.83 0 M ETHYLENE GLYCOL,UNK,6.6 X10-2 M,CG,VISUAL SPCTR CHNGE SKYB,HARK MITT,49006,G,L,0.066,M,,,,
95,280.3,DECYL TRIMETHYL AMMONIUM BROMIDE,1.21 M ETHANOL,UNK,6.4 X10-2 M,CG,VISUAL SPCTR CHNGE SKYB,HARK MITT,49006,G,L,0.064,M,,,,
95,280.3,DECYL TRIMETHYL AMMONIUM BROMIDE,2.29 M ETHANOL,UNK,5.6 X10-2 M,CG,VISUAL SPCTR CHNGE SKYB,HARK MITT,49006,G,L,0.056,M,,,,
95,280.3,DECYL TRIMETHYL AMMONIUM BROMIDE,3.08 0 M ETHANOL,UNK,5.5 X10-2 M,CG,VISUAL SPCTR CHNGE SKYB,HARK MITT,49006,G,L,0.055,M,,,,
95,280.3,DECYL TRIMETHYL AMMONIUM BROMIDE,3.63 M ETHANOL,UNK,5.7 X10-2 M,CG,VISUAL SPCTR CHNGE SKYB,HARK MITT,49006,G,L,0.057,M,,,,
95,280.3,DECYL TRIMETHYL AMMONIUM BROMIDE,4.08 0 M ETHANOL,UNK,5.8 X10-2 M,CG,VISUAL SPCTR CHNGE SKYB,HARK MITT,49006,G,L,0.058,M,,,,
95,280.3,DECYL TRIMETHYL AMMONIUM BROMIDE,4.62 M ETHANOL,UNK,6.0 X10-2 M,CG,VISUAL SPCTR CHNGE SKYB,HARK MITT,49006,G,L,0.06,M,,,,
95,280.3,DECYL TRIMETHYL AMMONIUM BROMIDE,1.25 E-2 M K BR,30,5.9 X10-2 M,CC,TURBIDITY PLT LITE SCATR,TRAP HERM,55009,T,L,0.059,M,,,,
95,280.3,DECYL TRIMETHYL AMMONIUM BROMIDE,2.5 E-2 M K BR,30,5.0 X10-2 M,CC,TURBIDITY PLT LITE SCATR,TRAP HERM,55009,T,L,0.05,M,,,,
95,280.3,DECYL TRIMETHYL AMMONIUM BROMIDE,5.0 E-2 M K BR,30,4.5 X10-2 M,CC,TURBIDITY PLT LITE SCATR,TRAP HERM,55009,T,L,0.045,M,,,,
95,280.3,DECYL TRIMETHYL AMMONIUM BROMIDE,1.30 E-2 M K BR,UNK,6.72 X10-2 M,BC,DEBYE PLT LIGHT SCATTER,DEBY,49001,T,L,0.0672,M,,,,
95,280.3,DECYL TRIMETHYL AMMONIUM BROMIDE,1.4 E-1 M METHANOL,UNK,6.3 X10-2 M,CG,VISUAL SPCTR CHNGE SKYB,HARK MITT,49006,G,L,0.063,M,,,,
95,280.3,DECYL TRIMETHYL AMMONIUM BROMIDE,2.9 E-1 M METHANOL,UNK,6.1 X10-2 M,CG,VISUAL SPCTR CHNGE SKYB,HARK MITT,49006,G,L,0.061,M,,,,
95,280.3,DECYL TRIMETHYL AMMONIUM BROMIDE,3.6 E-1 M METHANOL,UNK,5.9 X10-2 M,CG,VISUAL SPCTR CHNGE SKYB,HARK MITT,49006,G,L,0.059,M,,,,
95,280.3,DECYL TRIMETHYL AMMONIUM BROMIDE,8.8 E-1 M METHANOL,UNK,5.9 X10-2 M,CG,VISUAL SPCTR CHNGE SKYB,HARK MITT,49006,G,L,0.059,M,,,,
95,280.3,DECYL TRIMETHYL AMMONIUM BROMIDE,1.88 M METHANOL,UNK,6.3 X10-2 M,CG,VISUAL SPCTR CHNGE SKYB,HARK MITT,49006,G,L,0.063,M,,,,
95,280.3,DECYL TRIMETHYL AMMONIUM BROMIDE,2.88 M METHANOL,UNK,6.5 X10-2 M,CG,VISUAL SPCTR CHNGE SKYB,HARK MITT,49006,G,L,0.065,M,,,,
95,280.3,DECYL TRIMETHYL AMMONIUM BROMIDE,4.04 0 M METHANOL,UNK,6.8 X10-2 M,CG,VISUAL SPCTR CHNGE SKYB,HARK MITT,49006,G,L,0.068,M,,,,
95,280.3,DECYL TRIMETHYL AMMONIUM BROMIDE,5.86 M METHANOL,UNK,8.2 X10-2 M,CG,VISUAL SPCTR CHNGE SKYB,HARK MITT,49006,G,L,0.082,M,,,,
95,280.3,DECYL TRIMETHYL AMMONIUM BROMIDE,7. E-2 M NA CL,20,6.30 X10-2 M,BB,INTERFACIAL TENSION LOGM,HAYD TAYL,62004,L,L,0.063,M,,,,
95,280.3,DECYL TRIMETHYL AMMONIUM BROMIDE,1.0 E-1 M NA CL,20,5.95 X10-2 M,BB,INTERFACIAL TENSION LOGM,HAYD TAYL,62004,L,L,0.0595,M,,,,
95,280.3,DECYL TRIMETHYL AMMONIUM BROMIDE,2.5 E-1 M NA CL,20,4.62 X10-2 M,BB,INTERFACIAL TENSION LOGM,HAYD TAYL,62004,L,L,0.0462,M,,,,
95,280.3,DECYL TRIMETHYL AMMONIUM BROMIDE,5.0 E-1 M NA CL,20,3.54 X10-2 M,BB,INTERFACIAL TENSION LOGM,HAYD TAYL,62004,L,L,0.0354,M,,,,
95,280.3,DECYL TRIMETHYL AMMONIUM BROMIDE,4.96 E-2 M NA CL,26,5.69 X10-2 M,BG,VISUAL SPCTR CHNGE,CORR HARK,47010,T,L,0.0569,M,,,,
95,280.3,DECYL TRIMETHYL AMMONIUM BROMIDE,1.32 E-1 M NA CL,26,5.05 X10-2 M,BG,VISUAL SPCTR CHNGE,CORR HARK,47010,T,L,0.0505,M,,,,
95,280.3,DECYL TRIMETHYL AMMONIUM BROMIDE,2.19 E-1 M NA CL,26,4.38 X10-2 M,BG,VISUAL SPCTR CHNGE,CORR HARK,47010,T,L,0.0438,M,,,,
95,280.3,DECYL TRIMETHYL AMMONIUM BROMIDE,3.22 E-1 M NA CL,26,3.70 X10-2 M,BG,VISUAL SPCTR CHNGE,CORR HARK,47010,T,L,0.037,M,,,,
95,280.3,DECYL TRIMETHYL AMMONIUM BROMIDE,5.65 E-1 M NA CL,26,3.15 X10-2 M,BG,VISUAL SPCTR CHNGE,CORR HARK,47010,T,L,0.0315,M,,,,
95,280.3,DECYL TRIMETHYL AMMONIUM BROMIDE,4.3 E-1 M PROPANOL-1,UNK,5.1 X10-2 M,CG,VISUAL SPCTR CHNGE SKYB,HARK MITT,49006,G,L,0.051,M,,,,
95,280.3,DECYL TRIMETHYL AMMONIUM BROMIDE,9.4 E-1 M PROPANOL-1,UNK,3.9 X10-2 M.,CG,VISUAL SPCTR CHNGE SKYB,HARK MITT,49006,G,L,0.039,M,,,,
95,280.3,DECYL TRIMETHYL AMMONIUM BROMIDE,1.46 E 0 M PROPANOL-1,UNK,3.1 X10-2 M,CG,VISUAL SPCTR CHNGE SKYB,HARK MITT,49006,G,L,0.031,M,,,,
95,280.3,DECYL TRIMETHYL AMMONIUM BROMIDE,2.04 E 0 M PROPANOL-1,UNK,2.1 X10-2 M,CG,VISUAL SPCTR CHNGE SKYB,HARK MITT,49006,G,L,0.021,M,,,,
95,280.3,DECYL TRIMETHYL AMMONIUM BROMIDE,2.37 E 0 M PROPANOL-1,UNK,1.9 X10-2 M,CG,VISUAL SPCTR CHNGE SKYB,HARK MITT,49006,G,L,0.019,M,,,,
95,280.3,DECYL TRIMETHYL AMMONIUM BROMIDE,5.00 E 2 Y PRESSURE,25,6.70 X10-2 W,BA,SPECFC CONDCTNCE GRAPH,TUDD ALEX,62035,T,3,0.067,W,,,,
95,280.3,DECYL TRIMETHYL AMMONIUM BROMIDE,1.000E 3 Y PRESSURE,25,6.70 X10-2 W,BA,SPECFC CONDCTNCE GRAPH,TUDD ALEX,62035,T,3,0.067,W,,,,
95,280.3,DECYL TRIMETHYL AMMONIUM BROMIDE,1.500E 3 Y PRESSURE,25,6.50 X10-2 W,BA,SPECFC CONDCTNCE GRAPH,TUDD ALEX,62035,T,3,0.065,W,,,,
95,280.3,DECYL TRIMETHYL AMMONIUM BROMIDE,3.000E 3 Y PRESSURE,25,5.56 X10-2 W,BA,SPECFC CONDCTNCE GRAPH,TUDD ALEX,62035,T,3,0.0556,W,,,,
96,294.3,UNDECYL TRIMETHYL AMMONIUM BROMIDE,,30,3.6 X10-2 M,CC,TURBIDITY PLT LITE SCATR,TRAP HERM,55009,T,L,0.036,M,,,,
96,294.3,UNDECYL TRIMETHYL AMMONIUM BROMIDE,1.25 E-2 M K BR,30,3.1 X10-2 M,CC,TURBIDITY PLT LITE SCATR,TRAP HERM,55009,T,L,0.031,M,,,,
96,294.3,UNDECYL TRIMETHYL AMMONIUM BROMIDE,2.5 E-2 M K BR,30,2.7 X10-2 M,CC,TURBIDITY PLT LITE SCATR,TRAP HERM,55009,T,L,0.027,M,,,,
97,308.4,DODECYL TRIMETHYL AMMONIUM BROMIDE,,01.0,1.6 X10-2 M,BD,SURFACE TENSION LOG PLOT,SCHI,63026,L,L,0.016,M,,,,
97,308.4,DODECYL TRIMETHYL AMMONIUM BROMIDE,,UN,1.48 X10-2 M,BC,METHOD NOT CITED,WASI HUBB,64043,T,L,0.0148,M,,,,
97,308.4,DODECYL TRIMETHYL AMMONIUM BROMIDE,,10,1.5 X10-2 M,BD,SURFACE TENSION LOG PLOT,SCHI,63026,L,L,0.015,M,,,,
97,308.4,DODECYL TRIMETHYL AMMONIUM BROMIDE,,20,1.59 X10-2 M,BB,INTERFACIAL TENSION LOGM,HAYD PHIL,58012,L,D,0.0159,M,,,,
97,308.4,DODECYL TRIMETHYL AMMONIUM BROMIDE,,25,4.48 X10-1 D 1.452X10-2 M,BB,TURBIDITY PLT LITE SCATR,ANAC JOHN,64017,K M,D,0.448,D,0.01452,M,,
97,308.4,DODECYL TRIMETHYL AMMONIUM BROMIDE,,25,1.44 X10-2 N,BA,EQUIV CONDCTNCE GRAPH,VOEK TART,55006,T,D,0.0144,N,,,,
97,308.4,DODECYL TRIMETHYL AMMONIUM BROMIDE,,25,1.64 X10-2 M,CC,REFRACTIVE INDEX,KLEV,48005,T,L,0.0164,M,,,,
97,308.4,DODECYL TRIMETHYL AMMONIUM BROMIDE,,25,1.40 X10-2 M,BC,SURFACE TENSION LOG PLOT,SCHI,66025,L,L,0.014,M,,,,
97,308.4,DODECYL TRIMETHYL AMMONIUM BROMIDE,,25,1.58 X10-2 W,CB,SPECFC CONDCTNCE GRAPH,SCOT TART,43003,P,L,0.0158,W,,,,
97,308.4,DODECYL TRIMETHYL AMMONIUM BROMIDE,,25,1.4 X10-2 M,BD,SURFACE TENSION LOG PLOT,SCHI,63026,L,L,0.014,M,,,,
97,308.4,DODECYL TRIMETHYL AMMONIUM BROMIDE,,25,W,BA,SPECFC CONDCTNCE GRAPH,TUDD ALEX,62035,T,D,,,,,,
97,308.4,DODECYL TRIMETHYL AMMONIUM BROMIDE,,25,1.42 X10-2 M,BA,EQUIV CONDCTNCE GRAPH,BRUN HOLT,61016,T,D,0.0142,M,,,,
97,308.4,DODECYL TRIMETHYL AMMONIUM BROMIDE,,30,1.47 X10-2 M,CC,TURBIDITY PLT LITE SCATR,TRAP HERM,55009,T,L,0.0147,M,,,,
97,308.4,DODECYL TRIMETHYL AMMONIUM BROMIDE,,40,1.65 X10-2 W,CB,SPECFC CONDCTNCE GRAPH,SCOT TART,43003,P,L,0.0165,W,,,,
97,308.4,DODECYL TRIMETHYL AMMONIUM BROMIDE,,40,1.5 X10-2 M,BD,SURFACE TENSION LOG PLOT,SCHI,63026,L,L,0.015,M,,,,
97,308.4,DODECYL TRIMETHYL AMMONIUM BROMIDE,,50,1.73 X10-2 M,CC,TURBIDITY PLT LITE SCATR,TRAP HERM,55009,T,L,0.0173,M,,,,
97,308.4,DODECYL TRIMETHYL AMMONIUM BROMIDE,,55,1.6 X10-2 M,BD,SURFACE TENSION LOG PLOT,SCHI,63026,L,L,0.016,M,,,,
97,308.4,DODECYL TRIMETHYL AMMONIUM BROMIDE,,60,1.9 X10-2 M,CD,REFRACTIVE INDEX,KLEV,48005,T,L,0.019,M,,,,
97,308.4,DODECYL TRIMETHYL AMMONIUM BROMIDE,,60,1.90 X10-2 W,CC,SPECFC CONDCTNCE GRAPH,SCOT TART,43003,P,L,0.019,W,,,,
97,308.4,DODECYL TRIMETHYL AMMONIUM BROMIDE,,70,1.94 X10-2 M,CC,TURBIDITY PLT LITE SCATR,TRAP HERM,55009,T,L,0.0194,M,,,,
97,308.4,DODECYL TRIMETHYL AMMONIUM BROMIDE,,UNK,4.1 X10-2 D,HG,SURFACE TENSION UNSPEC,WAN,66018,T,L,0.041,D,,,,
97,308.4,DODECYL TRIMETHYL AMMONIUM BROMIDE,,UNK,1.51 X10-2 M,BC,DEBYE PLT LIGHT SCATTER,DEBY,49001,T,L,0.0151,M,,,,
97,308.4,DODECYL TRIMETHYL AMMONIUM BROMIDE,1. E-1 W PHENOL,25,4.62 X10-3 W,BA,SPECFC CONDCTNCE GRAPH,TUDD ALEX,62035,T,3,0.00462,W,,,,
97,308.4,DODECYL TRIMETHYL AMMONIUM BROMIDE,6.25 E-3 M CA BR2,UNK,1.13 X10-2 M,BC,METHOD NOT CITED,WASI HUBB,64043,T,L,0.0113,M,,,,
97,308.4,DODECYL TRIMETHYL AMMONIUM BROMIDE,1.0 EOM H N03,25,6.0 X10-4 D 1.94 X10-5 M,CG,POLAROGRAPHIC MAXIMUM,COLI,50012,T M,L,0.0006,D,0.0000194,M,,
97,308.4,DODECYL TRIMETHYL AMMONIUM BROMIDE,1.0 E O M H N03,25,9.5 X10-5 D 3.08 X10-6 M,CG,POLAROGRAPHIC MAXIMUM,COLI,50012,T M,L,0.000095,D,0.00000308,M,,
97,308.4,DODECYL TRIMETHYL AMMONIUM BROMIDE,1.25 E-2 M K BR,30,1.08 X10-2 M,CC,TURBIDITY PLT LITE SCATR,TRAP HERM,55009,T,L,0.0108,M,,,,
97,308.4,DODECYL TRIMETHYL AMMONIUM BROMIDE,2.5 E-2 M K BR,30,9.1 X10-3 M,CC,TURBIDITY PLT LITE SCATR,TRAP HERM,55009,T,L,0.0091,M,,,,
97,308.4,DODECYL TRIMETHYL AMMONIUM BROMIDE,3.403E-2 M K BR,30,8.48 X10-3 M,BC,DEBYE PLT LIGHT SCATTER,DEBY,49001,T,L,0.00848,M,,,,
97,308.4,DODECYL TRIMETHYL AMMONIUM BROMIDE,5.0 E-2 M K BR,30,7.0 X10-3 M,CC,TURBIDITY PLT LITE SCATR,TRAP HERM,55009,T,L,0.007,M,,,,
97,308.4,DODECYL TRIMETHYL AMMONIUM BROMIDE,3.403E-2 M K BR,45,9.31 X10-3 M,BC,DEBYE PLT LIGHT SCATTER,DEBY,49001,T,L,0.00931,M,,,,
97,308.4,DODECYL TRIMETHYL AMMONIUM BROMIDE,3.403E-2 M K BR,60,1.201X10-2 M,BC,DEBYE PLT LIGHT SCATTER,DEBY,49001,T,L,0.01201,M,,,,
97,308.4,DODECYL TRIMETHYL AMMONIUM BROMIDE,1.25 E-2 M K BR,UNK,1.16 X10-2 M,BC,METHOD NOT CITED,WASI HUBB,64043,T,L,0.0116,M,,,,
97,308.4,DODECYL TRIMETHYL AMMONIUM BROMIDE,1.30 E-2 M K BR,UNK,1.05 X10-2 M,BC,DEBYE PLT LIGHT SCATTER,DEBY,49001,T,L,0.0105,M,,,,
97,308.4,DODECYL TRIMETHYL AMMONIUM BROMIDE,1.0 E O I M K CL,25,4.0 X10-4 M,CE,SURFACE TNSN LINEAR PLOT,COLI,50012,T,L,0.0004,M,,,,
97,308.4,DODECYL TRIMETHYL AMMONIUM BROMIDE,1.0 E O M K CL,25,3.2 X10-4 D 1.03 X10-5 M,CG,POLAROGRAPHIC MAXIMUM,COLI,50012,T M,L,0.00032,D,0.0000103,M,,
97,308.4,DODECYL TRIMETHYL AMMONIUM BROMIDE,1.0 0 M K CL,25,5.3 X10-4 D 1.71 X10-5 M,CG,POLAROGRAPHIC MAXIMUM,COLI,50012,T M,L,0.00053,D,0.0000171,M,,
97,308.4,DODECYL TRIMETHYL AMMONIUM BROMIDE,1.0 E 0 M K N03,25,9.3 X10-5 D 3.01 X10-6 M,CG,POLAROGRAPHIC MAXIMUM,COLI,50012,T M,L,0.000093,D,0.00000301,M,,
97,308.4,DODECYL TRIMETHYL AMMONIUM BROMIDE,1.0 E 0 M K N03,25,3.8 X10-4 D 1.23 X10-5 M,CG,POLAROGRAPHIC MAXIMUM,COLI,50012,T M,L,0.00038,D,0.0000123,M,,
97,308.4,DODECYL TRIMETHYL AMMONIUM BROMIDE,1.0 E 0 M K OH,25,3.5 X10-5 D 1.13 X10-6 M,CG,POLAROGRAPHIC MAXIMUM,COLI,50012,T M,L,0.000035,D,0.00000113,M,,
97,308.4,DODECYL TRIMETHYL AMMONIUM BROMIDE,1.0 M K OH,25,3.8 X10-4 D 1.23 X10-5 M,CG,POLAROGRAPHIC MAXIMUM,COLI,50012,T M,L,0.00038,D,0.0000123,M,,
97,308.4,DODECYL TRIMETHYL AMMONIUM BROMIDE,4.17 E-3 M LA BR3,UNK,1.17 X10-2 M,BC,METHOD NOT CITED,WASI HUBB,64043,T,L,0.0117,M,,,,
97,308.4,DODECYL TRIMETHYL AMMONIUM BROMIDE,2. E-1 M NA BR,10,2.7 X10-3 M,BC,SURFACE TENSION LOG PLOT,SCHI,63026,L,L,0.0027,M,,,,
97,308.4,DODECYL TRIMETHYL AMMONIUM BROMIDE,1.00 E-1 M NA BR,25,1.38 X10-1 D 4.474X10-3 M,BB,TURBIDITY PLT LITE SCATR,ANAC JOHN,64017,K M,3,0.138,D,0.004474,M,,
97,308.4,DODECYL TRIMETHYL AMMONIUM BROMIDE,2. E-1 M NA BR,25,2.0 X10-3 M,BD,SURFACE TENSION LOG PLOT,SCHI,66025,L,L,0.002,M,,,,
97,308.4,DODECYL TRIMETHYL AMMONIUM BROMIDE,2. E-1 M NA BR,25,2.5 X10-3 M,BC,SURFACE TENSION LOG PLOT,SCHI,63026,L,L,0.0025,M,,,,
97,308.4,DODECYL TRIMETHYL AMMONIUM BROMIDE,4. E-1 M NA BR,25,1.0 X10-3 M,BD,SURFACE TENSION LOG PLOT,SCHI,66025,L,L,0.001,M,,,,
97,308.4,DODECYL TRIMETHYL AMMONIUM BROMIDE,5.02 E-1 M NA BR,25,6.2 X10-2 D 2.01 X10-3 M,BB,TURBIDITY PLT LITE SCATR,ANAC JOHN,64017,K M,3,0.062,D,0.00201,M,,
97,308.4,DODECYL TRIMETHYL AMMONIUM BROMIDE,8. E-1 M NA BR,25,6.3 X10-4 M,BC,SURFACE TENSION LOG PLOT,SCHI,66025,L,L,0.00063,M,,,,
97,308.4,DODECYL TRIMETHYL AMMONIUM BROMIDE,5.02 E-1 W NA BR,31.5,1.9 X10-3 M,BD,DEBYE PLT LIGHT SCATTER,ANAC GHOS,63016,T,L,0.0019,M,,,,
97,308.4,DODECYL TRIMETHYL AMMONIUM BROMIDE,2. E-1 M NA BR,40,3.0 X10-3 M,BC,SURFACE TENSION LOG PLOT,SCHI,63026,L,L,0.003,M,,,,
97,308.4,DODECYL TRIMETHYL AMMONIUM BROMIDE,2. E-1 M NA BR,55,3.2 X10-3 M,BC,SURFACE TENSION LOG PLOT,SCHI,63026,L,L,0.0032,M,,,,
97,308.4,DODECYL TRIMETHYL AMMONIUM BROMIDE,7. E-2 M NA CL,20,8.7 X10-3 M,BB,INTERFACIAL TENSION LOGM,HAYD TAYL,60011,L,L,0.0087,M,,,,
97,308.4,DODECYL TRIMETHYL AMMONIUM BROMIDE,1.0 E-1 M NA CL,20,7.5 X10-3 M,BB,INTERFACIAL TENSION LOGM,HAYD TAYL,60011,L,L,0.0075,M,,,,
97,308.4,DODECYL TRIMETHYL AMMONIUM BROMIDE,2.5 E-1 M NA CL,20,4.25 X10-3 M,BB,INTERFACIAL TENSION LOGM,HAYD TAYL,60011,L,L,0.00425,M,,,,
97,308.4,DODECYL TRIMETHYL AMMONIUM BROMIDE,5.0 E-1 M NA CL,20,2.57 X10-3 M,BB,INTERFACIAL TENSION LOGM,HAYD TAYL,60011,L,L,0.00257,M,,,,
97,308.4,DODECYL TRIMETHYL AMMONIUM BROMIDE,5.00 E 2 Y PRESSURE,25,1.61 X10-2 W,BA,SPECFC CONDCTNCE GRAPH,TUDD ALEX,62035,T,3,0.0161,W,,,,
97,308.4,DODECYL TRIMETHYL AMMONIUM BROMIDE,1.000E 3 Y PRESSURE,25,1.616X10-2 W,BA,SPECFC CONDCTNCE GRAPH,TUDD ALEX,62035,T,3,0.01616,W,,,,
97,308.4,DODECYL TRIMETHYL AMMONIUM BROMIDE,1.500E 3 Y PRESSURE,25,1.56 X10-2 W,BA,SPECFC CONDCTNCE GRAPH,TUDD ALEX,62035,T,3,0.0156,W,,,,
97,308.4,DODECYL TRIMETHYL AMMONIUM BROMIDE,3.000E 3 Y PRESSURE,25,1.272X10-2 W,BA,SPECFC CONDCTNCE GRAPH,TUDD ALEX,62035,T,3,0.01272,W,,,,
97,308.4,DODECYL TRIMETHYL AMMONIUM BROMIDE,5. E-1 M UREA,25,1.56 X10-2 M,BA,EQUIV CONDCTNCE GRAPH,BRUN HOLT,61016,T,3,0.0156,M,,,,
97,308.4,DODECYL TRIMETHYL AMMONIUM BROMIDE,2.0 EOM UREA,25,2.04 X10-2 M,BA,EQUIV CONDCTNCE GRAPH,BRUN HOLT,61016,T,3,0.0204,M,,,,
97,308.4,DODECYL TRIMETHYL AMMONIUM BROMIDE,6.0 EOM UREA,25,4.54 X10-2 M,BA,EQUIV CONDCTNCE GRAPH,BRUN HOLT,61016,T,3,0.0454,M,,,,
97,308.4,DODECYL TRIMETHYL AMMONIUM BROMIDE,1.0 E1C 0115,25,6.3 X10-4 M,BC,SURFACE TENSION LOG PLOT,SCHI,66025,L,L,0.00063,M,,,,
97,308.4,DODECYL TRIMETHYL AMMONIUM BROMIDE,2.5 E1C 0115,25,2.5 X10-4 M,BC,SURFACE TENSION LOG PLOT,SCHI,66025,L,L,0.00025,M,,,,
97,308.4,DODECYL TRIMETHYL AMMONIUM BROMIDE,5.0 E1C 0115,25,1.25 X10-4 M,BC,SURFACE TENSION LOG PLOT,SCHI,66025,L,L,0.000125,M,,,,
97,308.4,DODECYL TRIMETHYL AMMONIUM BROMIDE,1.0 E1C 0116,25,6.3 X10-4 M,BC,SURFACE TENSION LOG PLOT,SCHI,66025,L,L,0.00063,M,,,,
97,308.4,DODECYL TRIMETHYL AMMONIUM BROMIDE,2.5 E1C 0116,25,2.0 X10-4 M,BD,SURFACE TENSION LOG PLOT,SCHI,66025,L,L,0.0002,M,,,,
97,308.4,DODECYL TRIMETHYL AMMONIUM BROMIDE,5.0 E1C 0116,25,8.0 X10-5 M,BC,SURFACE TENSION LOG PLOT,SCHI,66025,L,L,0.00008,M,,,,
97,308.4,DODECYL TRIMETHYL AMMONIUM BROMIDE,1.0 E1C 0325,25,8.0 X10-4 M,BC,SURFACE TENSION LOG PLOT,SCHI,66025,L,L,0.0008,M,,,,
97,308.4,DODECYL TRIMETHYL AMMONIUM BROMIDE,2.5 E1C 0325,25,6.0 X10-4 M,BC,SURFACE TENSION LOG PLOT,SCHI,66025,L,L,0.0006,M,,,,
97,308.4,DODECYL TRIMETHYL AMMONIUM BROMIDE,5.0 E1C 0325,25,4.0 X10-4 M,BC,SURFACE TENSION LOG PLOT,SCHI,66025,L,L,0.0004,M,,,,
97,308.4,DODECYL TRIMETHYL AMMONIUM BROMIDE,7.5 E1C 0325,25,2.0 X10-4 M,BD,SURFACE TENSION LOG PLOT,SCHI,66025,L,L,0.0002,M,,,,
97,308.4,DODECYL TRIMETHYL AMMONIUM BROMIDE,1.0 E1C 0327,25,2.0 X10-3 M,BD,SURFACE TENSION LOG PLOT,SCHI,66025,L,L,0.002,M,,,,
97,308.4,DODECYL TRIMETHYL AMMONIUM BROMIDE,2.5 E1C 0327,25,2.5 X10-4 M,BD,SURFACE TENSION LOG PLOT,SCHI,66025,L,L,0.00025,M,,,,
97,308.4,DODECYL TRIMETHYL AMMONIUM BROMIDE,5.0 E1C 0327,25,1.25 X10-4 M,BC,SURFACE TENSION LOG PLOT,SCHI,66025,L,L,0.000125,M,,,,
97,308.4,DODECYL TRIMETHYL AMMONIUM BROMIDE,5.0 EOM NH3 1. E-1 M NH4 CL,25,3.0 X10-4 D 9.72 X10-6 M,CG,POLAROGRAPHIC MAXIMUM,COLI,50012,T M,L,0.0003,D,0.00000972,M,,
97,308.4,DODECYL TRIMETHYL AMMONIUM BROMIDE,5.00 E 2 Y PRESSURE 1. E-1 W PHENOL,25,5.00 X10-3 W,BA,SPECFC CONDCTNCE GRAPH,TUDD ALEX,62035,T,3,0.005,W,,,,
97,308.4,DODECYL TRIMETHYL AMMONIUM BROMIDE,1.000E Y PRESSURE 1. E-1 W PHENOL,25,5.03 X10-3 W,BA,SPECFC CONDCTNCE GRAPH,TUDD ALEX,62035,T,3,0.00503,W,,,,
97,308.4,DODECYL TRIMETHYL AMMONIUM BROMIDE,1.500E 3 Y PRESSURE 1. E-1 W PHENOL,25,4.88 X10-3 W,BA,SPECFC CONDCTNCE GRAPH,TUDD ALEX,62035,T,3,0.00488,W,,,,
97,308.4,DODECYL TRIMETHYL AMMONIUM BROMIDE,3.000E Y PRESSURE 1. E-1 W PHENOL,25,3.88 X10-3 W,BA,SPECFC CONDCTNCE GRAPH,TUDD ALEX,62035,T,3,0.00388,W,,,,
97,308.4,DODECYL TRIMETHYL AMMONIUM BROMIDE,1.0 E1C 0327 2. E-1 NA BR,25,3.0 X10-4 M,BD,SURFACE TENSION LOG PLOT,SCHI,66025,L,L,0.0003,M,,,,
97,308.4,DODECYL TRIMETHYL AMMONIUM BROMIDE,1.0 E1C 0327 4. E-1 M NA BR,25,1.25 X10-4 M,BC,SURFACE TENSION LOG PLOT,SCHI,66025,L,L,0.000125,M,,,,
97,308.4,DODECYL TRIMETHYL AMMONIUM BROMIDE,1.0 E1C 0327 8. E-1 M NA BR,25,1.0 X10-4 M,BD,SURFACE TENSION LOG PLOT,SCHI,66025,L,L,0.0001,M,,,,
97,308.4,DODECYL TRIMETHYL AMMONIUM BROMIDE,2.5 E1C 0327 2. E-1 M NA BR,25,2.0 X10-4 M,BD,SURFACE TENSION LOG PLOT,SCHI,66025,L,L,0.0002,M,,,,
97,308.4,DODECYL TRIMETHYL AMMONIUM BROMIDE,2.5 E1C 0327 4. E-1 M NA BR,25,1.25 X10-4 M,BC,SURFACE TENSION LOG PLOT,SCHI,66025,L,L,0.000125,M,,,,
97,308.4,DODECYL TRIMETHYL AMMONIUM BROMIDE,2.5 E1C 0327 8. E-1 M NA BR,25,1.0 X10-4 M,BD,SURFACE TENSION LOG PLOT,SCHI,66025,L,L,0.0001,M,,,,
97,308.4,DODECYL TRIMETHYL AMMONIUM BROMIDE,5.0 E1C 0327 2. E-1 M NA BR,25,1.25 X10-4 M,BC,SURFACE TENSION LOG PLOT,SCHI,66025,L,L,0.000125,M,,,,
97,308.4,DODECYL TRIMETHYL AMMONIUM BROMIDE,5.0 E1C 0327 4. E-1 M NA BR,25,1.25 X10-4 M,BC,SURFACE TENSION LOG PLOT,SCHI,66025,L,L,0.000125,M,,,,
97,308.4,DODECYL TRIMETHYL AMMONIUM BROMIDE,5.0 E1C 0327 8. E-1 M NA BR,25,1.0 X10-4 M,BD,SURFACE TENSION LOG PLOT,SCHI,66025,L,L,0.0001,M,,,,
98,336.4,TETRADECYL TRIMETHYL AMMONIUM BROMIDE,,30,3.51 X10-3 M,BB,SURFACE TENSION LOG PLOT,VENA NAUM,64001,T,L,0.00351,M,,,,
98,336.4,TETRADECYL TRIMETHYL AMMONIUM BROMIDE,,30,3.6 X10-3 M,CC,TURBIDITY PLT LITE SCATR,TRAP HERM,55009,T,L,0.0036,M,,,,
98,336.4,TETRADECYL TRIMETHYL AMMONIUM BROMIDE,,50,4.2 X10-3 M,CC,TURBIDITY PLT LITE SCATR,TRAP HERM,55009,T,L,0.0042,M,,,,
98,336.4,TETRADECYL TRIMETHYL AMMONIUM BROMIDE,,70,4.2 X10-3 M,CC,TURBIDITY PLT LITE SCATR,TRAP HERM,55009,T,L,0.0042,M,,,,
98,336.4,TETRADECYL TRIMETHYL AMMONIUM BROMIDE,,UNK,8.2 X10-2 D,HG,SURFACE TENSION UNSPEC,WAN,66018,T,L,0.082,D,,,,
98,336.4,TETRADECYL TRIMETHYL AMMONIUM BROMIDE,1.25 E-2 M K BR,30,2.1 X10-3 M,CC,TURBIDITY PLT LITE SCATR,TRAP HERM,55009,T,L,0.0021,M,,,,
98,336.4,TETRADECYL TRIMETHYL AMMONIUM BROMIDE,2.5 E-2 M K BR,30,1.6 X10-3 M,CD,TURBIDITY PLT LITE SCATR,TRAP HERM,55009,T,L,0.0016,M,,,,
98,336.4,TETRADECYL TRIMETHYL AMMONIUM BROMIDE,5.0 E-2 M K BR,30,1.3 X10-3 M,CD,TURBIDITY PLT LITE SCATR,TRAP HERM,55009,T,L,0.0013,M,,,,
98,336.4,TETRADECYL TRIMETHYL AMMONIUM BROMIDE,1.30 E-2 M K BR,UNK,1.76 X10-3 M,BC,DEBYE PLT LIGHT SCATTER,DEBY,49001,T,L,0.00176,M,,,,
98,336.4,TETRADECYL TRIMETHYL AMMONIUM BROMIDE,5. E-2 M NA BR,30,4.2 X10-4 M,BC,SURFACE TENSION LOG PLOT,VENA NAUM,64001,TA,L,0.00042,M,,,,
99,364.5,HEXADECYL TRIMETHYLAMMONIUM BROMIDE,,,,,QUESTIONABLE CRITERION,DEBY ANAC,51001,,R,,,,,,
99,364.5,HEXADECYL TRIMETHYLAMMONIUM BROMIDE,,,,,GRAPH DATA NOT RETRIEVED,COHE VASS,61027,,R,,,,,,
99,364.5,HEXADECYL TRIMETHYLAMMONIUM BROMIDE,,25,8.0 X10-4 M,CC,SURFACE TENSION LOG PLOT,SCHI,66025,L,L,0.0008,M,,,,
99,364.5,HEXADECYL TRIMETHYLAMMONIUM BROMIDE,,25,9.8 X10-4 M,CC,SPECFC CONDCTNCE GRAPH,SCOT TART,43003,P,L,0.00098,M,,,,
99,364.5,HEXADECYL TRIMETHYLAMMONIUM BROMIDE,,25,5. X10-4 W,HG,VISUAL SPCTR CHNGE,FINE MCBA,48011,T,L,0.0005,W,,,,
99,364.5,HEXADECYL TRIMETHYLAMMONIUM BROMIDE,,25,9.20 X10-4 W,BA,SPECFC CONDCTNCE GRAPH,CZER,66030,T,2,0.00092,W,,,,
99,364.5,HEXADECYL TRIMETHYLAMMONIUM BROMIDE,,25,3.3 X10-2 D,HE,METHOD NOT CITED,GINN HARR,61014,T,L,0.033,D,,,,
99,364.5,HEXADECYL TRIMETHYLAMMONIUM BROMIDE,,25,3.3 X10-2 D,HC,FOTOMTR SOLUBLZTN OROT,GINN KINN,61015,T,L,0.033,D,,,,
99,364.5,HEXADECYL TRIMETHYLAMMONIUM BROMIDE,,30,4. X10-4 M,CE,TURBIDITY PLT LITE SCATR,TRAP HERM,55009,T,L,0.0004,M,,,,
99,364.5,HEXADECYL TRIMETHYLAMMONIUM BROMIDE,,30,3.0 X10-2 D 8.23 X10-4 M,BB,REFRACTIVE INDEX,STEI COHE,65012,T M,L,0.03,D,0.000823,M,,
99,364.5,HEXADECYL TRIMETHYLAMMONIUM BROMIDE,,35,9.5 X10-4 M,BB,EQUIV CONDCTNCE GRAPH,HART COLL,36001,P,D,0.00095,M,,,,
99,364.5,HEXADECYL TRIMETHYLAMMONIUM BROMIDE,,35,9.8 X10-4 M,BB,SPECFC CONDCTNCE GRAPH,HART COLL,36001,P,D,0.00098,M,,,,
99,364.5,HEXADECYL TRIMETHYLAMMONIUM BROMIDE,,35,9. X10-4 M,BD,EQUIV CONDCTNCE GRAPH,HART COLL,36001,T,L,0.0009,M,,,,
99,364.5,HEXADECYL TRIMETHYLAMMONIUM BROMIDE,,35,1.020X10-3 W,BA,SPECFC CONDCTNCE GRAPH,CZER,66030,T,D,0.00102,W,,,,
99,364.5,HEXADECYL TRIMETHYLAMMONIUM BROMIDE,,35,9.1 X10-4 M,XG,VELOCITY OF SOUND,KUPP SURY,65028,T,L,0.00091,M,,,,
99,364.5,HEXADECYL TRIMETHYLAMMONIUM BROMIDE,,45,1.155X10-3 W,BA,SPECFC CONDCTNCE GRAPH,CZER,66030,T,3,0.001155,W,,,,
99,364.5,HEXADECYL TRIMETHYLAMMONIUM BROMIDE,,50,1.5 X10-3 M,CD,TURBIDITY PLT LITE SCATR,TRAP HERM,55009,T,L,0.0015,M,,,,
99,364.5,HEXADECYL TRIMETHYLAMMONIUM BROMIDE,,55,1.320X10-3 W,BA,SPECFC CONDCTNCE GRAPH,CZER,66030,T,3,0.00132,W,,,,
99,364.5,HEXADECYL TRIMETHYLAMMONIUM BROMIDE,,60,1.0 X10-3 M,CD,REFRACTIVE INDEX,KLEV,48005,T,L,0.001,M,,,,
99,364.5,HEXADECYL TRIMETHYLAMMONIUM BROMIDE,,70,1.5 X10-3 M,CD,TURBIDITY PLT LITE SCATR,TRAP HERM,55009,T,L,0.0015,M,,,,
99,364.5,HEXADECYL TRIMETHYLAMMONIUM BROMIDE,,UNK,5.1 X10-2 D,HG,SURFACE TENSION UNSPEC,WAN,66018,T,L,0.051,D,,,,
99,364.5,HEXADECYL TRIMETHYLAMMONIUM BROMIDE,E 0 NH4 BR,30,,,QUESTIONABLE CRITERION,STEI COHE,65012,,R,,,,,,
99,364.5,HEXADECYL TRIMETHYLAMMONIUM BROMIDE,E O H BR,30,,,QUESTIONABLE CRITERION,STEI COHE,65012,,R,,,,,,
99,364.5,HEXADECYL TRIMETHYLAMMONIUM BROMIDE,1.0 EOM H NO3,25,7.0 X10-5 D 1.92 X10-6 M,CG,POLAROGRAPHIC MAXIMUM,COLI,50012,T M,L,0.00007,D,0.00000192,M,,
99,364.5,HEXADECYL TRIMETHYLAMMONIUM BROMIDE,1.0 0 M H N03,25,3.8 X10-4 D 1.04 X10-5 M,CG,POLAROGRAPHIC MAXIMUM,COLI,50012,T M,L,0.00038,D,0.0000104,M,,
99,364.5,HEXADECYL TRIMETHYLAMMONIUM BROMIDE,3. E-3 M K BR,30,8.2 X10-4 M,BD,TURBIDITY PLT LITE SCATR,TART,59010,T,L,0.00082,M,,,,
99,364.5,HEXADECYL TRIMETHYLAMMONIUM BROMIDE,E K BR,30,,,QUESTIONABLE CRITERION,STEI COHE,65012,,R,,,,,,
99,364.5,HEXADECYL TRIMETHYLAMMONIUM BROMIDE,1.0 EOM K CL,25,6.0 X10-5 M,CE,SURFACE TNSN LINEAR PLOT,COLI,50012,T,L,0.00006,M,,,,
99,364.5,HEXADECYL TRIMETHYLAMMONIUM BROMIDE,1.0 EOM K CL,25,2.0 X10-4 M,CE,SURFACE TENSION MINIMUM,COLI,50012,T,L,0.0002,M,,,,
99,364.5,HEXADECYL TRIMETHYLAMMONIUM BROMIDE,1.0 EOM K CL,25,7.4 X10-5 D 2.03 X10-6 M,CG,POLAROGRAPHIC MAXIMUM,COLI,50012,T M,L,0.000074,D,0.00000203,M,,
99,364.5,HEXADECYL TRIMETHYLAMMONIUM BROMIDE,1.0 EOM K CL,25,3.5 X10-4 D 9.60 X10-6 M,CG,POLAROGRAPHIC MAXIMUM,COLI,50012,T M,L,0.00035,D,0.0000096,M,,
99,364.5,HEXADECYL TRIMETHYLAMMONIUM BROMIDE,1.0 EOM K NO3,25,7.4 X10-5 D,CG,POLAROGRAPHIC MAXIMUM,COLI,50012,T,,0.000074,D,,,,
99,364.5,HEXADECYL TRIMETHYLAMMONIUM BROMIDE,1.0 E 0 M K NO3,25,6.5 X10-5 D 1.78 X10-6 M 2.03 X10-6 M,CG,POLAROGRAPHIC MAXIMUM,COLI,50012,T M M,L,0.000065,D,0.00000178,M,0.00000203,M
99,364.5,HEXADECYL TRIMETHYLAMMONIUM BROMIDE,1.0 EOM K N03,25,4.2 X10-4 D,CG,POLAROGRAPHIC MAXIMUM,COLI,50012,T,,0.00042,D,,,,
99,364.5,HEXADECYL TRIMETHYLAMMONIUM BROMIDE,1.0 E 0 M K N03,25,2.3 X10-4 D 6.31 X10-6 M 1.15 X10-5 M,CG,POLAROGRAPHIC MAXIMUM,COLI,50012,T M M,L,0.00023,D,0.00000631,M,0.0000115,M
99,364.5,HEXADECYL TRIMETHYLAMMONIUM BROMIDE,1.0 EOM K OH,25,2.1 X10-5 D 5.76 X10-7 M,CG,POLAROGRAPHIC MAXIMUM,COLI,50012,T M,L,0.000021,D,0.000000576,M,,
99,364.5,HEXADECYL TRIMETHYLAMMONIUM BROMIDE,1.0 0 M K OH,25,1.3 X10-4 D 3.56 X10-6 M,CG,POLAROGRAPHIC MAXIMUM,COLI,50012,T M,L,0.00013,D,0.00000356,M,,
99,364.5,HEXADECYL TRIMETHYLAMMONIUM BROMIDE,E 0 K OH,30,,,QUESTIONABLE CRITERION,STEI COHE,65012,,R,,,,,,
99,364.5,HEXADECYL TRIMETHYLAMMONIUM BROMIDE,. E 0 (C4H9)4 N BR /NORMAL,30,,,QUESTIONABLE CRITERION,STEI COHE,65012,,R,,,,,,
99,364.5,HEXADECYL TRIMETHYLAMMONIUM BROMIDE,. E 0 (C2H5)4 N BR,30,,,QUESTIONABLE CRITERION,STEI COHE,65012,,R,,,,,,
99,364.5,HEXADECYL TRIMETHYLAMMONIUM BROMIDE,. E 0 (CH3) N BR,30,,,QUESTIONABLE CRITERION,STEI COHE,65012,,F,,,,,,
99,364.5,HEXADECYL TRIMETHYLAMMONIUM BROMIDE,E 0 (C3H7)4 N BR /NORMAL,30,,,QUESTIONABLE CRITERION,STEI COHE,65012,,R,,,,,,
99,364.5,HEXADECYL TRIMETHYLAMMONIUM BROMIDE,1.0 E 1 C 0117,25,8.0 X10-4 M,CC,SURFACE TENSION LOG PLOT,SCHI,66025,L,L,0.0008,M,,,,
99,364.5,HEXADECYL TRIMETHYLAMMONIUM BROMIDE,2.5 E1C 0117,25,4.5 X10-5 M,CC,SURFACE TENSION LOG PLOT,SCHI,66025,L,L,0.000045,M,,,,
99,364.5,HEXADECYL TRIMETHYLAMMONIUM BROMIDE,5.0 E1C 0117,25,1.4 X10-5 M,CD,SURFACE TENSION LOG PLOT,SCHI,66025,L,L,0.000014,M,,,,
99,364.5,HEXADECYL TRIMETHYLAMMONIUM BROMIDE,E 0 0427,,,,GRAPH DATA NOT RETRIEVED,LANG,53005,,R,,,,,,
99,364.5,HEXADECYL TRIMETHYLAMMONIUM BROMIDE,1.0 E1 C 0535,25,8.0 X10-4 M,CC,SURFACE TENSION LOG PLOT,SCHI,66025,L,L,0.0008,M,,,,
99,364.5,HEXADECYL TRIMETHYLAMMONIUM BROMIDE,2.5 E1C 0535,25,3.0 X10-5 M,CD,SURFACE TENSION LOG PLOT,SCHI,66025,L,L,0.00003,M,,,,
99,364.5,HEXADECYL TRIMETHYLAMMONIUM BROMIDE,5.0 E1C 0535,25,1.3 X10-5 M,CD,SURFACE TENSION LOG PLOT,SCHI,66025,L,L,0.000013,M,,,,
99,364.5,HEXADECYL TRIMETHYLAMMONIUM BROMIDE,5.0 EOM NH3 1. E-1 M NH4 CL,25,8.0 X10-5 D 2.19 X10-6 M,CG,POLAROGRAPHIC MAXIMUM,COLI,50012,T M,L,0.00008,D,0.00000219,M,,
99,364.5,HEXADECYL TRIMETHYLAMMONIUM BROMIDE,5.0 E M NH3 1. E-1 M NH4 CL,25,1.5 X10-4 D 4.11 X10-6 M,CG,POLAROGRAPHIC MAXIMUM,COLI,50012,T M,L,0.00015,D,0.00000411,M,,
99,364.5,HEXADECYL TRIMETHYLAMMONIUM BROMIDE,1.00 0 PH OF SOLUTION 1.50 E-5 M BROMPHENOL BLUE,30,6. X10-5 M,CG,FOTOMTR SPCTR CHNGE BRPB,COLI,51008,T,L,0.00006,M,,,,
99,364.5,HEXADECYL TRIMETHYLAMMONIUM BROMIDE,1.00 E 0 PH OF SOLUTION 1.50 E-5 M BROMPHENOL BLUE,30,6. X10-5 M,CG,FOTOMTR SPCTR CHNGE BRPB,COLI,51008,T,L,0.00006,M,,,,
99,364.5,HEXADECYL TRIMETHYLAMMONIUM BROMIDE,1.00 E O PH OF SOLUTION 3.00 E-5 M BROMPHENOL BLUE,30,1.2 X10-4 M,CG,FOTOMTR SPCTR CHNGE BRPB,COLI,51008,T,L,0.00012,M,,,,
99,364.5,HEXADECYL TRIMETHYLAMMONIUM BROMIDE,1.00 E O PH OF SOLUTION 3.00 E-5 M BROMPHENOL BLUE,30,1.1 X10-4 M,CG,FOTOMTR SPCTR CHNGE BRPB,COLI,51008,T,L,0.00011,M,,,,
99,364.5,HEXADECYL TRIMETHYLAMMONIUM BROMIDE,1.00 PH OF SOLUTION,30,1.2 X10-4 M,CG,FOTOMTR SPCTR CHNGE BRPB,COLI,51008,T,L,0.00012,M,,,,
99,364.5,HEXADECYL TRIMETHYLAMMONIUM BROMIDE,1 00 E 0 PH OF SOLUTION 3.00 E-5 M BROMPHENOL BLUE 3.00 E-5 M BROMPHENOL BLUE,30,1.1 X10-4 M,CG,FOTOMTR SPCTR CHNGE BRPB,COLI,51008,T,L,0.00011,M,,,,
99,364.5,HEXADECYL TRIMETHYLAMMONIUM BROMIDE,1.00 E 0 PH OF SOLUTION 3.00 E-5 M BROMPHENOL BLUE,30,1.2 X10-4 M,CG,FOTOMTR SPCTR CHNGE BRPB,COLI,51008,T,L,0.00012,M,,,,
99,364.5,HEXADECYL TRIMETHYLAMMONIUM BROMIDE,6.50 E 0 PH OF SOLUTION 1.50 E-5 M BROMPHENOL BLUE,30,1.1 X10-4 M,CG,FOTOMTR SPCTR CHNGE BRPB,COLI,51008,T,L,0.00011,M,,,,
99,364.5,HEXADECYL TRIMETHYLAMMONIUM BROMIDE,6.50 E O PH OF SOLUTION 1.50 E-5 M BROMPHENOL BLUE,30,1.2 X10-4 M,CG,FOTOMTR SPCTR CHNGE BRPB,COLI,51008,T,L,0.00012,M,,,,
99,364.5,HEXADECYL TRIMETHYLAMMONIUM BROMIDE,6.50 E 0 PH OF SOLUTION 1.50 E-5 M BROMPHENOL BLUE,30,1.2 X10-4 M,CG,FOTOMTR SPCTR CHNGE BRPB,COLI,51008,T,L,0.00012,M,,,,
99,364.5,HEXADECYL TRIMETHYLAMMONIUM BROMIDE,6.50 E O PH OF SOLUTION 1.50 E-5 M BROMPHENOL BLUE,30,1.1 X10-4 M,CG,FOTOMTR SPCTR CHNGE BRPB,COLI,51008,T,L,0.00011,M,,,,
99,364.5,HEXADECYL TRIMETHYLAMMONIUM BROMIDE,6.50 E 0 PH OF SOLUTION 3.75 E-6 M BROMPHENOL BLUE,30,2.5 X10-5 M,CG,FOTOMTR SPCTR CHNGE BRPB,COLI,51008,T,L,0.000025,M,,,,
99,364.5,HEXADECYL TRIMETHYLAMMONIUM BROMIDE,6.50 E O PH OF SOLUTION 3.75 E-6 M BROMPHENOL BLUE,30,3.5 X10-5 M,CG,FOTOMTR SPCTR CHNGE BRPB,COLI,51008,T,L,0.000035,M,,,,
99,364.5,HEXADECYL TRIMETHYLAMMONIUM BROMIDE,6.50 E O PH OF SOLUTION 7.50 E-6 M BROMPHENOL BLUE,30,6.8 X10-5 M,CG,FOTOMTR SPCTR CHNGE BRPB,COLI,51008,T,L,0.000068,M,,,,
99,364.5,HEXADECYL TRIMETHYLAMMONIUM BROMIDE,6.50 E O PH OF SOLUTION 7.50 E-6 M BROMPHENOL BLUE,30,5.0 X10-5 M,CG,FOTOMTR SPCTR CHNGE BRPB,COLI,51008,T,L,0.00005,M,,,,
100,272.2,OCTYL PYRIDINIUM BROMIDE,,20,2.3 X10-1 W,CC,SURFACE TENSION LOG PLOT,BURY BROW,52011,T,L,0.23,W,,,,
100,272.2,OCTYL PYRIDINIUM BROMIDE,,30,1.93 X10-1 M,CC,TURBIDITY PLT LITE SCATR,TRAP HERM,55009,T,L,0.193,M,,,,
100,272.2,OCTYL PYRIDINIUM BROMIDE,5.0 E-2 M K BR,30,1.89 X10-1 M,CC,TURBIDITY PLT LITE SCATR,TRAP HERM,55009,T,L,0.189,M,,,,
101,314.3,UNDECYL PYRIDINIUM BROMIDE,,30,4.2 X10-2 M,CC,TURBIDITY PLT LITE SCATR,TRAP HERM,55009,T,L,0.042,M,,,,
101,314.3,UNDECYL PYRIDINIUM BROMIDE,5.0 E-2 M K BR,30,3.1 X10-2 M,CC,TURBIDITY PLT LITE SCATR,TRAP HERM,55009,T,L,0.031,M,,,,
102,356.4,TETRADECYL PYRIDINIUM BROMIDE,,14,3.2 X10-3 M,BC,KRAFFT POINT SOLUBILITY,ADDI FURM,56019,T,L,0.0032,M,,,,
102,356.4,TETRADECYL PYRIDINIUM BROMIDE,,18.5,3.1 X10-3 M,BC,INTERFACIAL TNSN UNSPEC,ADDI FURM,56019,T,L,0.0031,M,,,,
102,356.4,TETRADECYL PYRIDINIUM BROMIDE,,25,2.9 X10-3 M,CC,SPECFC CONDCTNCE GRAPH,BENT SPAR,66038,T,L,0.0029,M,,,,
102,356.4,TETRADECYL PYRIDINIUM BROMIDE,,30,2.57 X10-3 M,BB,SURFACE TENSION LOG PLOT,VENA NAUM,64001,T,L,0.00257,M,,,,
102,356.4,TETRADECYL PYRIDINIUM BROMIDE,,30,4.1 X10-3 M,CC,TURBIDITY PLT LITE SCATR,TRAP HERM,55009,T,L,0.0041,M,,,,
102,356.4,TETRADECYL PYRIDINIUM BROMIDE,2.5 E-2 M K BR,30,2.0 X10-3 M,CC,TURBIDITY PLT LITE SCATR,TRAP HERM,55009,T,L,0.002,M,,,,
102,356.4,TETRADECYL PYRIDINIUM BROMIDE,5.0 E-2 M K BR,30,1.5 X10-3 M,CD,TURBIDITY PLT LITE SCATR,TRAP HERM,55009,T,L,0.0015,M,,,,
102,356.4,TETRADECYL PYRIDINIUM BROMIDE,5. E-2 M NA BR,30,2.4 X10-4 M,BC,SURFACE TENSION LOG PLOT,VENA NAUM,64001,TA,L,0.00024,M,,,,
103,234.3,HEXYL /OXYETHYLENE/ 3 ALCOHOL HOMOGENEOUS HEAD GROUP,,15,1.07 X10-3 M,BB,SURFACE TENSION LOG PLOT,CORK GOOD,64003,T,3,0.00107,M,,,,
103,234.3,HEXYL /OXYETHYLENE/ 3 ALCOHOL HOMOGENEOUS HEAD GROUP,,20,7.5 X10-2 M,BE,SURFACE TENSION LOG PLOT,MULL METC,62015,T,L,0.075,M,,,,
103,234.3,HEXYL /OXYETHYLENE/ 3 ALCOHOL HOMOGENEOUS HEAD GROUP,,25,1.00 X10-1 M,BB,SURFACE TENSION LOG PLOT,CORK GOOD,64003,T,3,0.1,M,,,,
103,234.3,HEXYL /OXYETHYLENE/ 3 ALCOHOL HOMOGENEOUS HEAD GROUP,,35,7.8 X10-2 M,BB,SURFACE TENSION LOG PLOT,CORK GOOD,64003,T,3,0.078,M,,,,
104,262.4,OCTYL /OXYETHYLENE/ 3 ALCOHOL HOMOGENEOUS HEAD GROUP,,15,9.3 X10-3 M,BB,SURFACE TENSION LOG PLOT,CORK GOOD,64003,T,3,0.0093,M,,,,
104,262.4,OCTYL /OXYETHYLENE/ 3 ALCOHOL HOMOGENEOUS HEAD GROUP,,25,7.5 X10-3 M,BB,SURFACE TENSION LOG PLOT,CORK GOOD,64003,T,3,0.0075,M,,,,
105,394.6,OCTYL /OXYETHYLENE/ 6 ALCOHOL HOMOGENEOUS HEAD GROUP,,15,1.19 X10-2 M,BB,SURFACE TENSION LOG PLOT,CORK GOOD,64003,T,3,0.0119,M,,,,
105,394.6,OCTYL /OXYETHYLENE/ 6 ALCOHOL HOMOGENEOUS HEAD GROUP,,18,7.6 X10-3 M,BC,UNSPEC LIGHT SCATTER,GOOD OTTE,61004,T,L,0.0076,M,,,,
105,394.6,OCTYL /OXYETHYLENE/ 6 ALCOHOL HOMOGENEOUS HEAD GROUP,,18,4.45 X10-1 D 1.127X10-2 M,BB,SURFACE TENSION LOG PLOT,CORK GOOD,64023,T M,L,0.445,D,0.01127,M,,
105,394.6,OCTYL /OXYETHYLENE/ 6 ALCOHOL HOMOGENEOUS HEAD GROUP,,20,3.8 X10-1 D 9.63 X10-3 M,BD,DENSITY,FLOR,66020,T M,L,0.38,D,0.00963,M,,
105,394.6,OCTYL /OXYETHYLENE/ 6 ALCOHOL HOMOGENEOUS HEAD GROUP,,25,9.9 X10-3 M,BB,SURFACE TENSION LOG PLOT,CORK GOOD,64003,T,3,0.0099,M,,,,
105,394.6,OCTYL /OXYETHYLENE/ 6 ALCOHOL HOMOGENEOUS HEAD GROUP,,25,9.8 X10-3 M,BB,SURFACE TENSION LOG PLOT,GOOD OTTE,61004,T,L,0.0098,M,,,,
105,394.6,OCTYL /OXYETHYLENE/ 6 ALCOHOL HOMOGENEOUS HEAD GROUP,,30,3.50 X10-1 D 8.869X10-3 M,BB,SURFACE TENSION LOG PLOT,CORK GOOD,64023,T M,L,0.35,D,0.008869,M,,
105,394.6,OCTYL /OXYETHYLENE/ 6 ALCOHOL HOMOGENEOUS HEAD GROUP,,35,7.7 X10-3 M,BB,SURFACE TENSION LOG PLOT,CORK GOOD,64003,T,3,0.0077,M,,,,
105,394.6,OCTYL /OXYETHYLENE/ 6 ALCOHOL HOMOGENEOUS HEAD GROUP,,40,2.85 X10-1 D 7.222X10-3 M,BB,SURFACE TENSION LOG PLOT,CORK GOOD,64023,T M,L,0.285,D,0.007222,M,,
105,394.6,OCTYL /OXYETHYLENE/ 6 ALCOHOL HOMOGENEOUS HEAD GROUP,,45,6.7 X10-3 M,BB,SURFACE TENSION LOG PLOT,CORK GOOD,64003,T,L,0.0067,M,,,,
106,526.7,OCTYL /OXYETHYLENE/ 9 ALCOHOL HOMOGENEOUS HEAD GROUP,,15,1.6 X10-2 M,BB,SURFACE TENSION LOG PLOT,CORK GOOD,64003,T,3,0.016,M,,,,
106,526.7,OCTYL /OXYETHYLENE/ 9 ALCOHOL HOMOGENEOUS HEAD GROUP,,25,1.3 X10-2 M,BB,SURFACE TENSION LOG PLOT,CORK GOOD,64003,T,3,0.013,M,,,,
106,526.7,OCTYL /OXYETHYLENE/ 9 ALCOHOL HOMOGENEOUS HEAD GROUP,,35,1.1 X10-2 M,BB,SURFACE TENSION LOG PLOT,CORK GOOD,64003,T,3,0.011,M,,,,
107,290.4,DECYL /OXYETHYLENE/ 3 ALCOHOL HOMOGENEOUS HEAD GROUP,,15,7.3 X10-4 M,BB,SURFACE TENSION LOG PLOT,CORK GOOD,64003,T,3,0.00073,M,,,,
107,290.4,DECYL /OXYETHYLENE/ 3 ALCOHOL HOMOGENEOUS HEAD GROUP,,25,6.0 X10-4 M,BB,SURFACE TENSION LOG PLOT,CORK GOOD,64003,T,3,0.0006,M,,,,
107,290.4,DECYL /OXYETHYLENE/ 3 ALCOHOL HOMOGENEOUS HEAD GROUP,,35,5.6 X10-4 M,BB,SURFACE TENSION LOG PLOT,CORK GOOD,64003,T,3,0.00056,M,,,,
108,422.6,DECYL /OXYETHYLENE/ 6 ALCOHOL HOMOGENEOUS HEAD GROUP,,15,1.14 X10-3 M,BB,SURFACE TENSION LOG PLOT,CORK GOOD,64003,T,3,0.00114,M,,,,
108,422.6,DECYL /OXYETHYLENE/ 6 ALCOHOL HOMOGENEOUS HEAD GROUP,,20,9.2 X10-4 M,BD,SURFACE TENSION LOG PLOT,CARL CHAL,64009,T,L,0.00092,M,,,,
108,422.6,DECYL /OXYETHYLENE/ 6 ALCOHOL HOMOGENEOUS HEAD GROUP,,20,9.6 X10-4 M,BC,REFRACTIVE INDEX,DONB JAN,63021,T,L,0.00096,M,,,,
108,422.6,DECYL /OXYETHYLENE/ 6 ALCOHOL HOMOGENEOUS HEAD GROUP,,23.5,9.5 X10-4 M,BG,FOTOMTR SPCTR CHNG I2,CARL CHAL,64009,T,L,0.00095,M,,,,
108,422.6,DECYL /OXYETHYLENE/ 6 ALCOHOL HOMOGENEOUS HEAD GROUP,,25,9.0 X10-4 M,BB,SURFACE TENSION LOG PLOT,CORK GOOD,64003,T,3,0.0009,M,,,,
108,422.6,DECYL /OXYETHYLENE/ 6 ALCOHOL HOMOGENEOUS HEAD GROUP,,25,3.80 X10-2 D 8.991X10-4 M,BB,SURFACE TENSION LOG PLOT,CORK GOOD,64023,T M,L,0.038,D,0.0008991,M,,
108,422.6,DECYL /OXYETHYLENE/ 6 ALCOHOL HOMOGENEOUS HEAD GROUP,,35,6.6 X10-4 M,BB,SURFACE TENSION LOG PLOT,CORK GOOD,64003,T,3,0.00066,M,,,,
108,422.6,DECYL /OXYETHYLENE/ 6 ALCOHOL HOMOGENEOUS HEAD GROUP,,35,2.79 X10-2 D 6.601X10-4 M,BB,SURFACE TENSION LOG PLOT,CORK GOOD,64023,T M,L,0.0279,D,0.0006601,M,,
108,422.6,DECYL /OXYETHYLENE/ 6 ALCOHOL HOMOGENEOUS HEAD GROUP,,45,6.4 X10-4 M,BB,SURFACE TENSION LOG PLOT !,CORK GOOD,64003,T,L,0.00064,M,,,,
108,422.6,DECYL /OXYETHYLENE/ 6 ALCOHOL HOMOGENEOUS HEAD GROUP,,45,1.83 X10-2 D 4.330X10-4 M,BB,SURFACE TENSION LOG PLOT,CORK GOOD,64023,T M,P,0.0183,D,0.000433,M,,
109,554.8,DECYL /OXYETHYLENE/ 9 ALCOHOL HOMOGENEOUS HEAD GROUP,,15,1.4 X10-3 M,BB,SURFACE TENSION LOG PLOT,CORK GOOD,64003,T,3,0.0014,M,,,,
109,554.8,DECYL /OXYETHYLENE/ 9 ALCOHOL HOMOGENEOUS HEAD GROUP,,25,1.3 X10-3 M,BB,SURFACE TENSION LOG PLOT,CORK GOOD,64003,T,3,0.0013,M,,,,
109,554.8,DECYL /OXYETHYLENE/ 9 ALCOHOL HOMOGENEOUS HEAD GROUP,,35,1.1 X10-3 M,BB,SURFACE TENSION LOG PLOT,CORK GOOD,64003,T,3,0.0011,M,,,,
110,450.7,DODECYL /OXYETHYLENE/ 6 ALCOHOL HOMOGENEOUS HEAD GROUP,,15,1.08 X10-4 M,BB,SURFACE TENSION LOG PLOT,CORK GOOD,64003,T,3,0.000108,M,,,,
110,450.7,DODECYL /OXYETHYLENE/ 6 ALCOHOL HOMOGENEOUS HEAD GROUP,,15,1.08 X10-4 M,BB,SURFACE TENSION LOG PLOT,GOOD OTTE,61004,T,L,0.000108,M,,,,
110,450.7,DODECYL /OXYETHYLENE/ 6 ALCOHOL HOMOGENEOUS HEAD GROUP,,20,8.2 X10-5 M,BC,SURFACE TENSION LOG PLOT,CARL CHAL,64009,T,L,0.000082,M,,,,
110,450.7,DODECYL /OXYETHYLENE/ 6 ALCOHOL HOMOGENEOUS HEAD GROUP,,20,7.2 X10-5 M,BG,FOTOMTR SPCTR CHNG I2,CARL CHAL,64009,T,L,0.000072,M,,,,
110,450.7,DODECYL /OXYETHYLENE/ 6 ALCOHOL HOMOGENEOUS HEAD GROUP,,20,1.00 X10-4 M,BC,REFRACTIVE INDEX,DONB JAN,63021,T,L,0.0001,M,,,,
110,450.7,DODECYL /OXYETHYLENE/ 6 ALCOHOL HOMOGENEOUS HEAD GROUP,,25,8.7 X10 5 M,BB,SURFACE TENSION LOG PLOT,CORK GOOD,64003,T,3,870000,M,,,,
110,450.7,DODECYL /OXYETHYLENE/ 6 ALCOHOL HOMOGENEOUS HEAD GROUP,,25,8.7 X10-5 M,BB,SURFACE TENSION LOG PLOT,GOOD OTTE,61004,T,L,0.000087,M,,,,
110,450.7,DODECYL /OXYETHYLENE/ 6 ALCOHOL HOMOGENEOUS HEAD GROUP,,35,7.2 X10-5 M,BB,SURFACE TENSION LOG PLOT,CORK GOOD,64003,T,3,0.000072,M,,,,
110,450.7,DODECYL /OXYETHYLENE/ 6 ALCOHOL HOMOGENEOUS HEAD GROUP,,35,7.2 X10-5 M,BB,SURFACE TENSION LOG PLOT,GOOD OTTE,61004,T,L,0.000072,M,,,,
111,272.3,LITHIUM DODECYL 1 SULFATE,,10,7.0 X10-3 M,BB,SURFACE TENSION LOG PLOT,SCHI,64020,T,L,0.007,M,,,,
111,272.3,LITHIUM DODECYL 1 SULFATE,,25,7.9 X10-3 M,BB,SURFACE TENSION LOG PLOT,SCHI,64020,T,L,0.0079,M,,,,
111,272.3,LITHIUM DODECYL 1 SULFATE,,25,8.77 X10-3 M,BA,EQUIV CONDCTNCE GRAPH,MYSE PRIN,59002,TL,2,0.00877,M,,,,
111,272.3,LITHIUM DODECYL 1 SULFATE,,25,8.93 X10-3 M,BA,SPECFC CONDCTNCE GRAPH,MYSE PRIN,59002,TL,2,0.00893,M,,,,
111,272.3,LITHIUM DODECYL 1 SULFATE,,40,1.05 X10-2 M,CB,SPECFC CONDCTNCE GRAPH,MEGU KOND,56020,T,L,0.0105,M,,,,
111,272.3,LITHIUM DODECYL 1 SULFATE,,45,8.0 X10-3 M,BB,SURFACE TENSION LOG PLOT,SCHI,64020,T,L,0.008,M,,,,
111,272.3,LITHIUM DODECYL 1 SULFATE,,50,6.9 X10-3 M,DG,VISUAL SPCTR CHNGE PNCN,RAIS,52016,T,L,0.0069,M,,,,
111,272.3,LITHIUM DODECYL 1 SULFATE,6.75 E-2 M NA CL,40,2.5 X10-3 M,CG,FOTOMTR SPCTR CHNGE RHD6,MEGU KOND,56020,T,L,0.0025,M,,,,
111,272.3,LITHIUM DODECYL 1 SULFATE,1. E-5 M RHODAMINE 6GPC,40,9.7 X10-3 M,CG,FOTOMTR SPCTR CHNGE RHD6,MEGU KOND,56020,T,L,0.0097,M,,,,
111,272.3,LITHIUM DODECYL 1 SULFATE,5. E-6 M RHODAMINE 6GPC,40,9.6 X10-3 M,CG,FOTOMTR SPCTR CHNGE RHD6,MEGU KOND,56020,T,L,0.0096,M,,,,
111,272.3,LITHIUM DODECYL 1 SULFATE,3. EOM UREA,10,8.0 X10-3 M,BB,SURFACE TENSION LOG PLOT,SCHI,64020,T,L,0.008,M,,,,
111,272.3,LITHIUM DODECYL 1 SULFATE,6. EOM UREA,10,1.0 X10-2 M,BB,SURFACE TENSION LOG PLOT,SCHI,64020,T,L,0.01,M,,,,
111,272.3,LITHIUM DODECYL 1 SULFATE,1. EOM UREA,25,8.0 X10-3 M,BB,SURFACE TENSION LOG PLOT,SCHI,64020,T,L,0.008,M,,,,
111,272.3,LITHIUM DODECYL 1 SULFATE,2. EOM UREA,25,8.2 X10-3 M,BB,SURFACE TENSION LOG PLOT,SCHI,64020,T,L,0.0082,M,,,,
111,272.3,LITHIUM DODECYL 1 SULFATE,3. EOM UREA,25,8.8 X10-3 M,BB,SURFACE TENSION LOG PLOT,SCHI,64020,T,L,0.0088,M,,,,
111,272.3,LITHIUM DODECYL 1 SULFATE,4.5 EOM UREA,25,9.4 X10-3 M,BB,SURFACE TENSION LOG PLOT,SCHI,64020,T,L,0.0094,M,,,,
111,272.3,LITHIUM DODECYL 1 SULFATE,6. EOM UREA,25,1.0 X10-2 M,BB,SURFACE TENSION LOG PLOT,SCHI,64020,T,L,0.01,M,,,,
111,272.3,LITHIUM DODECYL 1 SULFATE,3. EOM UREA,45,8.9 X10-3 M,BB,SURFACE TENSION LOG PLOT,SCHI,64020,T,L,0.0089,M,,,,
111,272.3,LITHIUM DODECYL 1 SULFATE,6. E 0 M UREA,45,1.05 X10-2 M,BB,SURFACE TENSION LOG PLOT,SCHI,64020,T,L,0.0105,M,,,,
115,494.7,DODECYL /OXYETHYLENE/7 ALCOHOL REDUCED POLYDISPERSION OF HEAD GROUPS,01.0,1,X10-4 M,EC,SURFACE TENSION LOG PLOT,SCHI,63026,L,L,,,,,,
115,494.7,DODECYL /OXYETHYLENE/7 ALCOHOL REDUCED POLYDISPERSION OF HEAD GROUPS,05.0,9,X10-5 M,EC,SURFACE TENSION LOG PLOT,SCHI,63026,L,L,,,,,,
115,494.7,DODECYL /OXYETHYLENE/7 ALCOHOL REDUCED POLYDISPERSION OF HEAD GROUPS,05.0,9,X10-5 M,EC,SURFACE TENSION LOG PLOT,SCHI MANN,66001,L,L,,,,,,
115,494.7,DODECYL /OXYETHYLENE/7 ALCOHOL REDUCED POLYDISPERSION OF HEAD GROUPS,10,8,X10-5 M,EC,SURFACE TENSION LOG PLOT,SCHI,63026,L,L,,,,,,
115,494.7,DODECYL /OXYETHYLENE/7 ALCOHOL REDUCED POLYDISPERSION OF HEAD GROUPS,10,8,X10-5 M,EC,SURFACE TENSION LOG PLOT,SCHI,64020,T,L,,,,,,
115,494.7,DODECYL /OXYETHYLENE/7 ALCOHOL REDUCED POLYDISPERSION OF HEAD GROUPS,25,5,X10-5 M,EC,SURFACE TENSION LOG PLOT,SCHI,66025,L,L,,,,,,
115,494.7,DODECYL /OXYETHYLENE/7 ALCOHOL REDUCED POLYDISPERSION OF HEAD GROUPS,25,5,X10-5 M,EC,SURFACE TENSION LOG PLOT,SCHI,62019,T,L,,,,,,
115,494.7,DODECYL /OXYETHYLENE/7 ALCOHOL REDUCED POLYDISPERSION OF HEAD GROUPS,25,5,X10-5 M,EC,SURFACE TENSION LOG PLOT,SCHI,64020,T,L,,,,,,
115,494.7,DODECYL /OXYETHYLENE/7 ALCOHOL REDUCED POLYDISPERSION OF HEAD GROUPS,25,5,X10-5 M,EC,SURFACE TENSION LOG PLOT,SCHI MANN,66001,L,L,,,,,,
115,494.7,DODECYL /OXYETHYLENE/7 ALCOHOL REDUCED POLYDISPERSION OF HEAD GROUPS,,40,3.2 X10-5 M,EC,SURFACE TENSION LOG PLOT,SCHI,63026,L,L,0.000032,M,,,,
115,494.7,DODECYL /OXYETHYLENE/7 ALCOHOL REDUCED POLYDISPERSION OF HEAD GROUPS,,40,62019,,VALUES FRM REF IN CMC,SCHI,63026,,R,,,,,,
115,494.7,DODECYL /OXYETHYLENE/7 ALCOHOL REDUCED POLYDISPERSION OF HEAD GROUPS,,45,2.8 X10-5 M,EC,SURFACE TENSION LOG PLOT,SCHI,64020,T,L,0.000028,M,,,,
115,494.7,DODECYL /OXYETHYLENE/7 ALCOHOL REDUCED POLYDISPERSION OF HEAD GROUPS,,45,2.8 X10-5 M,EC,SURFACE TENSION LOG PLOT,SCHI MANN,66001,L,L,0.000028,M,,,,
115,494.7,DODECYL /OXYETHYLENE/7 ALCOHOL REDUCED POLYDISPERSION OF HEAD GROUPS,,55,2.0 X10-5 M,EC,SURFACE TENSION LOG PLOT,SCHI,62019,T,L,0.00002,M,,,,
115,494.7,DODECYL /OXYETHYLENE/7 ALCOHOL REDUCED POLYDISPERSION OF HEAD GROUPS,3. EOM UREA,10,1.2 X10-4 M,EC,SURFACE TENSION LOG PLOT,SCHI,64020,T,L,0.00012,M,,,,
115,494.7,DODECYL /OXYETHYLENE/7 ALCOHOL REDUCED POLYDISPERSION OF HEAD GROUPS,6. EOM UREA,10,2.08 X10-4 M,EC,SURFACE TENSION LOG PLOT,SCHI,64020,T,L,0.000208,M,,,,
115,494.7,DODECYL /OXYETHYLENE/7 ALCOHOL REDUCED POLYDISPERSION OF HEAD GROUPS,3. M UREA,25,6.25 X10-5 M,EC,SURFACE TENSION LOG PLOT,SCHI,64020,T,L,0.0000625,M,,,,
115,494.7,DODECYL /OXYETHYLENE/7 ALCOHOL REDUCED POLYDISPERSION OF HEAD GROUPS,6. M UREA,25,1.25 X10-4 M,EC,SURFACE TENSION LOG PLOT,SCHI,64020,T,L,0.000125,M,,,,
115,494.7,DODECYL /OXYETHYLENE/7 ALCOHOL REDUCED POLYDISPERSION OF HEAD GROUPS,3. E O M UREA,45,3.4 X10-5 M,EC,SURFACE TENSION LOG PLOT,SCHI,64020,T,L,0.000034,M,,,,
115,494.7,DODECYL /OXYETHYLENE/7 ALCOHOL REDUCED POLYDISPERSION OF HEAD GROUPS,6. E O I M UREA,45,5.6 X10-5 M,EC,SURFACE TENSION LOG PLOT,SCHI,64020,T,L,0.000056,M,,,,
115,494.7,DODECYL /OXYETHYLENE/7 ALCOHOL REDUCED POLYDISPERSION OF HEAD GROUPS,2.5 E1I 0001,05.0,9.0 X10-5 M,EC,SURFACE TENSION LOG PLOT,SCHI MANN,66001,L,L,0.00009,M,,,,
115,494.7,DODECYL /OXYETHYLENE/7 ALCOHOL REDUCED POLYDISPERSION OF HEAD GROUPS,5.0 E1I 0001,05.0,9.0 X10-5 M,EC,SURFACE TENSION LOG PLOT,SCHI MANN,66001,L,L,0.00009,M,,,,
115,494.7,DODECYL /OXYETHYLENE/7 ALCOHOL REDUCED POLYDISPERSION OF HEAD GROUPS,7.5 E1I 0001,05.0,1.5 X10-4 M,ED,SURFACE TENSION LOG PLOT,SCHI MANN,66001,L,L,0.00015,M,,,,
115,494.7,DODECYL /OXYETHYLENE/7 ALCOHOL REDUCED POLYDISPERSION OF HEAD GROUPS,9.0 E1I 0001,05.0,3.0 X10-4 M,EC,SURFACE TENSION LOG PLOT,SCHI MANN,66001,L,L,0.0003,M,,,,
115,494.7,DODECYL /OXYETHYLENE/7 ALCOHOL REDUCED POLYDISPERSION OF HEAD GROUPS,2.5 E1I 0001,25,5.0 X10-5 M,EC,SURFACE TENSION LOG PLOT,SCHI MANN,66001,L,L,0.00005,M,,,,
115,494.7,DODECYL /OXYETHYLENE/7 ALCOHOL REDUCED POLYDISPERSION OF HEAD GROUPS,5.0 E1I 0001,25,5.1 X10-5 M,EC,SURFACE TENSION LOG PLOT,SCHI MANN,66001,L,L,0.000051,M,,,,
115,494.7,DODECYL /OXYETHYLENE/7 ALCOHOL REDUCED POLYDISPERSION OF HEAD GROUPS,7.5 E1I 0001,25,7.5 X10-5 M,EC,SURFACE TENSION LOG PLOT,SCHI MANN,66001,L,L,0.000075,M,,,,
115,494.7,DODECYL /OXYETHYLENE/7 ALCOHOL REDUCED POLYDISPERSION OF HEAD GROUPS,9.0 E1I 0001,25,2.0 X10-4 M,ED,SURFACE TENSION LOG PLOT,SCHI MANN,66001,L,L,0.0002,M,,,,
115,494.7,DODECYL /OXYETHYLENE/7 ALCOHOL REDUCED POLYDISPERSION OF HEAD GROUPS,2.5 E1I 0001,45,2.8 X10-5 M,EC,SURFACE TENSION LOG PLOT,SCHI MANN,66001,L,L,0.000028,M,,,,
115,494.7,DODECYL /OXYETHYLENE/7 ALCOHOL REDUCED POLYDISPERSION OF HEAD GROUPS,5.0 E1I 0001,45,3.0 X10-5 M,EC,SURFACE TENSION LOG PLOT,SCHI MANN,66001,L,L,0.00003,M,,,,
115,494.7,DODECYL /OXYETHYLENE/7 ALCOHOL REDUCED POLYDISPERSION OF HEAD GROUPS,7.5 E1I 0001,45,4.2 X10-5 M,EC,SURFACE TENSION LOG PLOT,SCHI MANN,66001,L,L,0.000042,M,,,,
115,494.7,DODECYL /OXYETHYLENE/7 ALCOHOL REDUCED POLYDISPERSION OF HEAD GROUPS,9.0 0001,45,1.3 X10-4 M,ED,SURFACE TENSION LOG PLOT,SCHI MANN,66001,L,L,0.00013,M,,,,
115,494.7,DODECYL /OXYETHYLENE/7 ALCOHOL REDUCED POLYDISPERSION OF HEAD GROUPS,0097,25,,,SEE CMPD NMBR IN ADDITV,SCHI,66025,,X,,,,,,
116,1508.1,DODECYL /OXYETHYLENE/30 ALCOHOL REDUCED REDUCED POLYDISPERSION OF HEAD GROUPS,,64020,,,VALUES FRM REF IN CMC,SCHI,63026,,R,,,,,,
116,1508.1,DODECYL /OXYETHYLENE/30 ALCOHOL REDUCED REDUCED POLYDISPERSION OF HEAD GROUPS,,62019,,,VALUES FRM REF IN CMC,SCHI,63026,,R,,,,,,
116,1508.1,DODECYL /OXYETHYLENE/30 ALCOHOL REDUCED REDUCED POLYDISPERSION OF HEAD GROUPS,,62019,,,VALUES FRM REF IN CMC,SCHI ATLA,62020,,R,,,,,,
116,1508.1,DODECYL /OXYETHYLENE/30 ALCOHOL REDUCED REDUCED POLYDISPERSION OF HEAD GROUPS,,01.0,1.20 X10-4 M,EC,SURFACE TENSION LOG PLOT,SCHI,63026,L,L,0.00012,M,,,,
116,1508.1,DODECYL /OXYETHYLENE/30 ALCOHOL REDUCED REDUCED POLYDISPERSION OF HEAD GROUPS,,01.0,1.20 X10-4 M,EC,SURFACE TENSION LOG PLOT,SCHI,63026,L,L,0.00012,M,,,,
116,1508.1,DODECYL /OXYETHYLENE/30 ALCOHOL REDUCED REDUCED POLYDISPERSION OF HEAD GROUPS,,05.0,1.00 X10-4 M,EC,SURFACE TENSION LOG PLOT,SCHI,63026,L,L,0.0001,M,,,,
116,1508.1,DODECYL /OXYETHYLENE/30 ALCOHOL REDUCED REDUCED POLYDISPERSION OF HEAD GROUPS,,05.0,1.00 X10-4 M,EC,SURFACE TENSION LOG PLOT,SCHI,63026,L,L,0.0001,M,,,,
116,1508.1,DODECYL /OXYETHYLENE/30 ALCOHOL REDUCED REDUCED POLYDISPERSION OF HEAD GROUPS,,05.0,1.0 X10-4 M,ED,SURFACE TENSION LOG PLOT,SCHI MANN,66001,L,L,0.0001,M,,,,
116,1508.1,DODECYL /OXYETHYLENE/30 ALCOHOL REDUCED REDUCED POLYDISPERSION OF HEAD GROUPS,,10,9.0 X10-5 M,EC,SURFACE TENSION LOG PLOT,SCHI,63026,L,L,0.00009,M,,,,
116,1508.1,DODECYL /OXYETHYLENE/30 ALCOHOL REDUCED REDUCED POLYDISPERSION OF HEAD GROUPS,,10,9.0 X10-5 M,EC,SURFACE TENSION LOG PLOT,SCHI,64020,T,L,0.00009,M,,,,
116,1508.1,DODECYL /OXYETHYLENE/30 ALCOHOL REDUCED REDUCED POLYDISPERSION OF HEAD GROUPS,,25,8.0 X10-5 M,EC,SURFACE TENSION LOG PLOT,SCHI,66025,L,L,0.00008,M,,,,
116,1508.1,DODECYL /OXYETHYLENE/30 ALCOHOL REDUCED REDUCED POLYDISPERSION OF HEAD GROUPS,,25,8.0 X10-5 M,EC,SURFACE TENSION LOG PLOT,SCHI,62019,T,L,0.00008,M,,,,
116,1508.1,DODECYL /OXYETHYLENE/30 ALCOHOL REDUCED REDUCED POLYDISPERSION OF HEAD GROUPS,,25,8.0 X10-5 M,EC,SURFACE TENSION LOG PLOT,SCHI,64020,T,L,0.00008,M,,,,
116,1508.1,DODECYL /OXYETHYLENE/30 ALCOHOL REDUCED REDUCED POLYDISPERSION OF HEAD GROUPS,,25,8.0 X10-5 M,EC,SURFACE TENSION LOG PLOT,SCHI MANN,66001,L,L,0.00008,M,,,,
116,1508.1,DODECYL /OXYETHYLENE/30 ALCOHOL REDUCED REDUCED POLYDISPERSION OF HEAD GROUPS,,40,5.0 X10-5 M,EC,SURFACE TENSION LOG PLOT,SCHI,63026,L,L,0.00005,M,,,,
116,1508.1,DODECYL /OXYETHYLENE/30 ALCOHOL REDUCED REDUCED POLYDISPERSION OF HEAD GROUPS,,40,5.0 X10-5 M,EC,SURFACE TENSION LOG PLOT,SCHI,63026,L,L,0.00005,M,,,,
116,1508.1,DODECYL /OXYETHYLENE/30 ALCOHOL REDUCED REDUCED POLYDISPERSION OF HEAD GROUPS,,45,4.8 X10-5 M,EC,SURFACE TENSION LOG PLOT,SCHI,64020,T,L,0.000048,M,,,,
116,1508.1,DODECYL /OXYETHYLENE/30 ALCOHOL REDUCED REDUCED POLYDISPERSION OF HEAD GROUPS,,45,4.8 X10-5 M,EC,SURFACE TENSION LOG PLOT,SCHI MANN,66001,L,L,0.000048,M,,,,
116,1508.1,DODECYL /OXYETHYLENE/30 ALCOHOL REDUCED REDUCED POLYDISPERSION OF HEAD GROUPS,,55,4.0 X10-5 M,EC,SURFACE TENSION LOG PLOT,SCHI,62019,T,L,0.00004,M,,,,
116,1508.1,DODECYL /OXYETHYLENE/30 ALCOHOL REDUCED REDUCED POLYDISPERSION OF HEAD GROUPS,8.6 E-1 M LI CL,25,4.0 X10-5 M,EC,SURFACE TENSION LOG PLOT,SCHI,64020,T,L,0.00004,M,,,,
116,1508.1,DODECYL /OXYETHYLENE/30 ALCOHOL REDUCED REDUCED POLYDISPERSION OF HEAD GROUPS,4.3 E-1 M NA CL,01.0,9.0 X10-5 M,EC,SURFACE TENSION LOG PLOT,SCHI,63026,L,L,0.00009,M,,,,
116,1508.1,DODECYL /OXYETHYLENE/30 ALCOHOL REDUCED REDUCED POLYDISPERSION OF HEAD GROUPS,8.6 E-1 M NA CL,01.0,7.0 X10-5 M,EC,SURFACE TENSION LOG PLOT,SCHI,63026,L,L,0.00007,M,,,,
116,1508.1,DODECYL /OXYETHYLENE/30 ALCOHOL REDUCED REDUCED POLYDISPERSION OF HEAD GROUPS,4.3 E-1 M NA CL,05.0,7.0 X10-5 M,EC,SURFACE TENSION LOG PLOT,SCHI,63026,L,L,0.00007,M,,,,
116,1508.1,DODECYL /OXYETHYLENE/30 ALCOHOL REDUCED REDUCED POLYDISPERSION OF HEAD GROUPS,8.6 E-1 M NA CL,05.0,5.0 X10-5 M,EC,SURFACE TENSION LOG PLOT,SCHI,63026,L,L,0.00005,M,,,,
116,1508.1,DODECYL /OXYETHYLENE/30 ALCOHOL REDUCED REDUCED POLYDISPERSION OF HEAD GROUPS,4.3 E-1 M NA CL,10,5.5 X10-5 M,EC,SURFACE TENSION LOG PLOT,SCHI,63026,L,L,0.000055,M,,,,
116,1508.1,DODECYL /OXYETHYLENE/30 ALCOHOL REDUCED REDUCED POLYDISPERSION OF HEAD GROUPS,8.6 E-1 M NA CL,10,3.5 X10-5 M,EC,SURFACE TENSION LOG PLOT,SCHI,63026,L,L,0.000035,M,,,,
116,1508.1,DODECYL /OXYETHYLENE/30 ALCOHOL REDUCED REDUCED POLYDISPERSION OF HEAD GROUPS,4.3 E-1 M NA CL,25,3.0 X10-5 M,EC,SURFACE TENSION LOG PLOT,SCHI,64020,T,L,0.00003,M,,,,
116,1508.1,DODECYL /OXYETHYLENE/30 ALCOHOL REDUCED REDUCED POLYDISPERSION OF HEAD GROUPS,8.6 E-1 M NA CL,25,2.0 X10-5 M,EC,SURFACE TENSION LOG PLOT,SCHI,64020,T,L,0.00002,M,,,,
116,1508.1,DODECYL /OXYETHYLENE/30 ALCOHOL REDUCED REDUCED POLYDISPERSION OF HEAD GROUPS,4.3 E-1 M NA CL,40,2.0 X10-5 M,ED,SURFACE TENSION LOG PLOT,SCHI,63026,L,L,0.00002,M,,,,
116,1508.1,DODECYL /OXYETHYLENE/30 ALCOHOL REDUCED REDUCED POLYDISPERSION OF HEAD GROUPS,8.6 E-1 M NA CL,40,1.2 X10-5 M,ED,SURFACE TENSION LOG PLOT,SCHI,63026,L,L,0.000012,M,,,,
116,1508.1,DODECYL /OXYETHYLENE/30 ALCOHOL REDUCED REDUCED POLYDISPERSION OF HEAD GROUPS,4.3 E-1 M NA CL,55,1.3 X10-5 M,ED,SURFACE TENSION LOG PLOT,SCHI,63026,L,L,0.000013,M,,,,
116,1508.1,DODECYL /OXYETHYLENE/30 ALCOHOL REDUCED REDUCED POLYDISPERSION OF HEAD GROUPS,8.6 E-1 M NA CL,55,8. X10-6 M,EE,SURFACE TENSION LOG PLOT,SCHI,63026,L,L,0.000008,M,,,,
116,1508.1,DODECYL /OXYETHYLENE/30 ALCOHOL REDUCED REDUCED POLYDISPERSION OF HEAD GROUPS,8.6 E-1 N NA2 S04,01.0,5.0 X10-5 M,EC,SURFACE TENSION LOG PLOT,SCHI,63026,L,L,0.00005,M,,,,
116,1508.1,DODECYL /OXYETHYLENE/30 ALCOHOL REDUCED REDUCED POLYDISPERSION OF HEAD GROUPS,8.6 E-1 N NA2 S04,05.0,4.0 X10-5 M,EC,SURFACE TENSION LOG PLOT,SCHI,63026,L,L,0.00004,M,,,,
116,1508.1,DODECYL /OXYETHYLENE/30 ALCOHOL REDUCED REDUCED POLYDISPERSION OF HEAD GROUPS,8.6 E-1 N NA2 S04,10,2.5 X10-5 M,EC,SURFACE TENSION LOG PLOT,SCHI,63026,L,L,0.000025,M,,,,
116,1508.1,DODECYL /OXYETHYLENE/30 ALCOHOL REDUCED REDUCED POLYDISPERSION OF HEAD GROUPS,4.3 E-1 M NA2 S04,25,1.2 X10-5 M,EC,SURFACE TENSION LOG PLOT,SCHI,64020,T,L,0.000012,M,,,,
116,1508.1,DODECYL /OXYETHYLENE/30 ALCOHOL REDUCED REDUCED POLYDISPERSION OF HEAD GROUPS,8.6 E-1 N NA2 S04,40,6. X10-6 M,EE,SURFACE TENSION LOG PLOT,SCHI,63026,L,L,0.000006,M,,,,
116,1508.1,DODECYL /OXYETHYLENE/30 ALCOHOL REDUCED REDUCED POLYDISPERSION OF HEAD GROUPS,8.6 E-1 N NA2 S04,55,4. X10-6 M,EE,SURFACE TENSION LOG PLOT,SCHI,63026,L,L,0.000004,M,,,,
116,1508.1,DODECYL /OXYETHYLENE/30 ALCOHOL REDUCED REDUCED POLYDISPERSION OF HEAD GROUPS,8.6 E-1 M NA CNS,01.0,9.5 X10-5 M,EC,SURFACE TENSION LOG PLOT,SCHI,63026,L,L,0.000095,M,,,,
116,1508.1,DODECYL /OXYETHYLENE/30 ALCOHOL REDUCED REDUCED POLYDISPERSION OF HEAD GROUPS,8.6 E-1 M NA CNS,05.0,8.0 X10-5 M,EC,SURFACE TENSION LOG PLOT,SCHI,63026,L,L,0.00008,M,,,,
116,1508.1,DODECYL /OXYETHYLENE/30 ALCOHOL REDUCED REDUCED POLYDISPERSION OF HEAD GROUPS,8.6 E-1 M NA CNS,10,6.5 X10-5 M,EC,SURFACE TENSION LOG PLOT,SCHI,63026,L,L,0.000065,M,,,,
116,1508.1,DODECYL /OXYETHYLENE/30 ALCOHOL REDUCED REDUCED POLYDISPERSION OF HEAD GROUPS,8.6 E-1 M NA CNS,25,5.5 X10-5 M,EC,SURFACE TENSION LOG PLOT,SCHI,64020,T,L,0.000055,M,,,,
116,1508.1,DODECYL /OXYETHYLENE/30 ALCOHOL REDUCED REDUCED POLYDISPERSION OF HEAD GROUPS,8.6 E-1 M NA CNS,40,4.0 X10-5 M,EC,SURFACE TENSION LOG PLOT,SCHI,63026,L,L,0.00004,M,,,,
116,1508.1,DODECYL /OXYETHYLENE/30 ALCOHOL REDUCED REDUCED POLYDISPERSION OF HEAD GROUPS,8.6 E-1 M NA CNS,55,3.0 X10-5 M,EC,SURFACE TENSION LOG PLOT,SCHI,63026,L,L,0.00003,M,,,,
116,1508.1,DODECYL /OXYETHYLENE/30 ALCOHOL REDUCED REDUCED POLYDISPERSION OF HEAD GROUPS,8.6 E-1 M (CH3) CL,25,3.0 X10-5 M,EC,SURFACE TENSION LOG PLOT,SCHI,64020,T,L,0.00003,M,,,,
116,1508.1,DODECYL /OXYETHYLENE/30 ALCOHOL REDUCED REDUCED POLYDISPERSION OF HEAD GROUPS,3. E O M UREA,10,3.6 X10-4 M,EC,SURFACE TENSION LOG PLOT,SCHI,64020,T,L,0.00036,M,,,,
116,1508.1,DODECYL /OXYETHYLENE/30 ALCOHOL REDUCED REDUCED POLYDISPERSION OF HEAD GROUPS,6. 0 M UREA,10,7.2 X10-4 M,EC,SURFACE TENSION LOG PLOT,SCHI,64020,T,L,0.00072,M,,,,
116,1508.1,DODECYL /OXYETHYLENE/30 ALCOHOL REDUCED REDUCED POLYDISPERSION OF HEAD GROUPS,3. EOM UREA,25,1.6 X10-4 M,EC,SURFACE TENSION LOG PLOT,SCHI,64020,T,L,0.00016,M,,,,
116,1508.1,DODECYL /OXYETHYLENE/30 ALCOHOL REDUCED REDUCED POLYDISPERSION OF HEAD GROUPS,6. EOM UREA,25,2.5 X10-4 M,EC,SURFACE TENSION LOG PLOT,SCHI,64020,T,L,0.00025,M,,,,
116,1508.1,DODECYL /OXYETHYLENE/30 ALCOHOL REDUCED REDUCED POLYDISPERSION OF HEAD GROUPS,3. EOM UREA,45,6.7 X10-5 M,EC,SURFACE TENSION LOG PLOT,SCHI,64020,T,L,0.000067,M,,,,
116,1508.1,DODECYL /OXYETHYLENE/30 ALCOHOL REDUCED REDUCED POLYDISPERSION OF HEAD GROUPS,6. EOM UREA,45,9.45 X10-5 M,EC,SURFACE TENSION LOG PLOT,SCHI,64020,T,L,0.0000945,M,,,,
116,1508.1,DODECYL /OXYETHYLENE/30 ALCOHOL REDUCED REDUCED POLYDISPERSION OF HEAD GROUPS,2.5 E O C 0001,05.0,1.0 X10-4 M,ED,SURFACE TENSION LOG PLOT,SCHI MANN,66001,L,L,0.0001,M,,,,
116,1508.1,DODECYL /OXYETHYLENE/30 ALCOHOL REDUCED REDUCED POLYDISPERSION OF HEAD GROUPS,5.0 EOC 0001,05.0,1.6 X10-4 M,ED,SURFACE TENSION LOG PLOT,SCHI MANN,66001,L,L,0.00016,M,,,,
116,1508.1,DODECYL /OXYETHYLENE/30 ALCOHOL REDUCED REDUCED POLYDISPERSION OF HEAD GROUPS,7.5 E O C 0001,05.0,2.5 X10-4 M,ED,SURFACE TENSION LOG PLOT,SCHI MANN,66001,L,L,0.00025,M,,,,
116,1508.1,DODECYL /OXYETHYLENE/30 ALCOHOL REDUCED REDUCED POLYDISPERSION OF HEAD GROUPS,9.0 E O C 0001,05.0,7.0 X10-4 M,EC,SURFACE TENSION LOG PLOT,SCHI MANN,66001,L,L,0.0007,M,,,,
116,1508.1,DODECYL /OXYETHYLENE/30 ALCOHOL REDUCED REDUCED POLYDISPERSION OF HEAD GROUPS,2.5 E O C 0001,25,8.0 X10-5 M,EC,SURFACE TENSION LOG PLOT,SCHI MANN,66001,L,L,0.00008,M,,,,
116,1508.1,DODECYL /OXYETHYLENE/30 ALCOHOL REDUCED REDUCED POLYDISPERSION OF HEAD GROUPS,5.0 E O C 0001,25,9.0 X10-5 M,EC,SURFACE TENSION LOG PLOT,SCHI MANN,66001,L,L,0.00009,M,,,,
116,1508.1,DODECYL /OXYETHYLENE/30 ALCOHOL REDUCED REDUCED POLYDISPERSION OF HEAD GROUPS,7.5 E O C 0001,25,1.6 X10-4 M,ED,SURFACE TENSION LOG PLOT,SCHI MANN,66001,L,L,0.00016,M,,,,
116,1508.1,DODECYL /OXYETHYLENE/30 ALCOHOL REDUCED REDUCED POLYDISPERSION OF HEAD GROUPS,9.0 E O C 0001,25,4.6 X10-4 M,EC,SURFACE TENSION LOG PLOT,SCHI MANN,66001,L,L,0.00046,M,,,,
116,1508.1,DODECYL /OXYETHYLENE/30 ALCOHOL REDUCED REDUCED POLYDISPERSION OF HEAD GROUPS,2.5 E O C 0001,45,4.8 X10-5 M,EC,SURFACE TENSION LOG PLOT,SCHI MANN,66001,L,L,0.000048,M,,,,
116,1508.1,DODECYL /OXYETHYLENE/30 ALCOHOL REDUCED REDUCED POLYDISPERSION OF HEAD GROUPS,5.0 E O C 0001,45,6.0 X10-5 M,EC,SURFACE TENSION LOG PLOT,SCHI MANN,66001,L,L,0.00006,M,,,,
116,1508.1,DODECYL /OXYETHYLENE/30 ALCOHOL REDUCED REDUCED POLYDISPERSION OF HEAD GROUPS,7.5 E O C 0001,45,9.6 X10-5 M,EC,SURFACE TENSION LOG PLOT,SCHI MANN,66001,L,L,0.000096,M,,,,
116,1508.1,DODECYL /OXYETHYLENE/30 ALCOHOL REDUCED REDUCED POLYDISPERSION OF HEAD GROUPS,9.0 E O C 0001,45,2.4 X10-4 M,ED,SURFACE TENSION LOG PLOT,SCHI MANN,66001,L,L,0.00024,M,,,,
116,1508.1,DODECYL /OXYETHYLENE/30 ALCOHOL REDUCED REDUCED POLYDISPERSION OF HEAD GROUPS,0097,25,,,SEE CMPD NMBR IN ADDITV,SCHI,66025,,X,,,,,,
116,1508.1,DODECYL /OXYETHYLENE/30 ALCOHOL REDUCED REDUCED POLYDISPERSION OF HEAD GROUPS,8.6 E-1 M LI CL 3. EOM UREA,25,5.0 X10-5 M,EC,SURFACE TENSION LOG PLOT,SCHI,64020,T,L,0.00005,M,,,,
116,1508.1,DODECYL /OXYETHYLENE/30 ALCOHOL REDUCED REDUCED POLYDISPERSION OF HEAD GROUPS,8.6 E-1 M LI CL 6. EOM UREA,25,8.0 X10-5 M,EC,SURFACE TENSION LOG PLOT,SCHI,64020,T,L,0.00008,M,,,,
116,1508.1,DODECYL /OXYETHYLENE/30 ALCOHOL REDUCED REDUCED POLYDISPERSION OF HEAD GROUPS,4.3 E-1 NA CL 3. EOM UREA,25,4.5 X10-5 M,EC,SURFACE TENSION LOG PLOT,SCHI,64020,T,L,0.000045,M,,,,
116,1508.1,DODECYL /OXYETHYLENE/30 ALCOHOL REDUCED REDUCED POLYDISPERSION OF HEAD GROUPS,4.3 E-1 NA CL 6. EOM UREA,25,1.0 X10-4 M,EC,SURFACE TENSION LOG PLOT,SCHI,64020,T,L,0.0001,M,,,,
116,1508.1,DODECYL /OXYETHYLENE/30 ALCOHOL REDUCED REDUCED POLYDISPERSION OF HEAD GROUPS,8.6 E-1 NA CL 3. EOM UREA,25,5.0 X10-5 M,EC,SURFACE TENSION LOG PLOT,SCHI,64020,T,L,0.00005,M,,,,
116,1508.1,DODECYL /OXYETHYLENE/30 ALCOHOL REDUCED REDUCED POLYDISPERSION OF HEAD GROUPS,8.6 E-1 M NA CL 6. EOM UREA,25,1.2 X10-4 M,EC,SURFACE TENSION LOG PLOT,SCHI,64020,T,L,0.00012,M,,,,
116,1508.1,DODECYL /OXYETHYLENE/30 ALCOHOL REDUCED REDUCED POLYDISPERSION OF HEAD GROUPS,4.3 E-1 M NA2 S04 3. EOM UREA,25,2.9 X10-5 M,EC,SURFACE TENSION LOG PLOT,SCHI,64020,T,L,0.000029,M,,,,
116,1508.1,DODECYL /OXYETHYLENE/30 ALCOHOL REDUCED REDUCED POLYDISPERSION OF HEAD GROUPS,4.3 E-1 M NA2 S04 6. EOM UREA,25,3.6 X10-5 M,EC,SURFACE TENSION LOG PLOT,SCHI,64020,T,L,0.000036,M,,,,
116,1508.1,DODECYL /OXYETHYLENE/30 ALCOHOL REDUCED REDUCED POLYDISPERSION OF HEAD GROUPS,8.6 E-1 M NA CNS 3. E 0 M UREA,25,8.7 X10-5 M,EC,SURFACE TENSION LOG PLOT,SCHI,64020,T,L,0.000087,M,,,,
116,1508.1,DODECYL /OXYETHYLENE/30 ALCOHOL REDUCED REDUCED POLYDISPERSION OF HEAD GROUPS,8.6 E-1 M NA CNS 6. E 0 M UREA,25,1.1 X10-4 M,EC,SURFACE TENSION LOG PLOT,SCHI,64020,T,L,0.00011,M,,,,
116,1508.1,DODECYL /OXYETHYLENE/30 ALCOHOL REDUCED REDUCED POLYDISPERSION OF HEAD GROUPS,8.6 E-1 M (CH3) N CL 3. E 0 M UREA,25,5.7 X10-5 M,EC,SURFACE TENSION LOG PLOT,SCHI,64020,T,L,0.000057,M,,,,
116,1508.1,DODECYL /OXYETHYLENE/30 ALCOHOL REDUCED REDUCED POLYDISPERSION OF HEAD GROUPS,8.6 E-1 (CH3) 4 N CL 6. E 0 M UREA,25,1.0 X10-4 M,EC,SURFACE TENSION LOG PLOT,SCHI,64020,T,L,0.0001,M,,,,
117,1564.2,HEXADECYL /OXYETHYLENE/30 ALCOHOL REDUCED POLYDISPERSION OF HEAD GROUPS,,01.0,3.0 X10-5 M,EC,SURFACE TENSION LOG PLOT,SCHI,63026,L,L,0.00003,M,,,,
117,1564.2,HEXADECYL /OXYETHYLENE/30 ALCOHOL REDUCED POLYDISPERSION OF HEAD GROUPS,,05.0,2.5 X10-5 M,EC,SURFACE TENSION LOG PLOT,SCHI,63026,L,L,0.000025,M,,,,
117,1564.2,HEXADECYL /OXYETHYLENE/30 ALCOHOL REDUCED POLYDISPERSION OF HEAD GROUPS,,10,2.0 X10-5 M,ED,SURFACE TENSION LOG PLOT,SCHI,63026,L,L,0.00002,M,,,,
117,1564.2,HEXADECYL /OXYETHYLENE/30 ALCOHOL REDUCED POLYDISPERSION OF HEAD GROUPS,,10,2.0 X10-5 M,EC,SURFACE TENSION LOG PLOT,SCHI,64020,T,L,0.00002,M,,,,
117,1564.2,HEXADECYL /OXYETHYLENE/30 ALCOHOL REDUCED POLYDISPERSION OF HEAD GROUPS,,25,1.4 X10-5 M,ED,SURFACE TENSION LOG PLOT,SCHI,66025,L,L,0.000014,M,,,,
117,1564.2,HEXADECYL /OXYETHYLENE/30 ALCOHOL REDUCED POLYDISPERSION OF HEAD GROUPS,,25,1.1 X10-5 M,ED,SURFACE TENSION LOG PLOT,SCHI,63026,L,L,0.000011,M,,,,
117,1564.2,HEXADECYL /OXYETHYLENE/30 ALCOHOL REDUCED POLYDISPERSION OF HEAD GROUPS,,25,1.1 X10-5 M,EC,SURFACE TENSION LOG PLOT,SCHI,64020,T,L,0.000011,M,,,,
117,1564.2,HEXADECYL /OXYETHYLENE/30 ALCOHOL REDUCED POLYDISPERSION OF HEAD GROUPS,,40,6. X10-6 M,EE,SURFACE TENSION LOG PLOT,SCHI,63026,L,L,0.000006,M,,,,
117,1564.2,HEXADECYL /OXYETHYLENE/30 ALCOHOL REDUCED POLYDISPERSION OF HEAD GROUPS,,45,5.0 X10-6 M,EC,SURFACE TENSION LOG PLOT,SCHI,64020,T,L,0.000005,M,,,,
117,1564.2,HEXADECYL /OXYETHYLENE/30 ALCOHOL REDUCED POLYDISPERSION OF HEAD GROUPS,,55,4. X10-6 M,EE,SURFACE TENSION LOG PLOT,SCHI,63026,L,L,0.000004,M,,,,
117,1564.2,HEXADECYL /OXYETHYLENE/30 ALCOHOL REDUCED POLYDISPERSION OF HEAD GROUPS,3. EOM UREA,10,3.2 X10-5 M,EC,SURFACE TENSION LOG PLOT,SCHI,64020,T,L,0.000032,M,,,,
117,1564.2,HEXADECYL /OXYETHYLENE/30 ALCOHOL REDUCED POLYDISPERSION OF HEAD GROUPS,6. EOM UREA,10,4.0 X10-5 M,EC,SURFACE TENSION LOG PLOT,SCHI,64020,T,L,0.00004,M,,,,
117,1564.2,HEXADECYL /OXYETHYLENE/30 ALCOHOL REDUCED POLYDISPERSION OF HEAD GROUPS,3. EOM UREA,25,1.6 X10-5 M,EC,SURFACE TENSION LOG PLOT,SCHI,64020,T,L,0.000016,M,,,,
117,1564.2,HEXADECYL /OXYETHYLENE/30 ALCOHOL REDUCED POLYDISPERSION OF HEAD GROUPS,6. EOM UREA,25,2.0 X10-5 M,EC,SURFACE TENSION LOG PLOT,SCHI,64020,T,L,0.00002,M,,,,
117,1564.2,HEXADECYL /OXYETHYLENE/30 ALCOHOL REDUCED POLYDISPERSION OF HEAD GROUPS,3. EOM UREA,45,6.35 X10-6 M,EC,SURFACE TENSION LOG PLOT,SCHI,64020,T,L,0.00000635,M,,,,
117,1564.2,HEXADECYL /OXYETHYLENE/30 ALCOHOL REDUCED POLYDISPERSION OF HEAD GROUPS,6. EOM UREA,45,7.9 X10-6 M,EC,SURFACE TENSION LOG PLOT,SCHI,64020,T,L,0.0000079,M,,,,
119,243.4,DECYL N BETAINE,,20,1.68 X10-2 M,BB,SURFACE TENSION LOG PLOT,MOLY RHOD,65003,GL,L,0.0168,M,,,,
119,243.4,DECYL N BETAINE,,20.2,2.1 X10-2 M,CD,REFRACTIVE INDEX,BECK WOOD,63015,T,L,0.021,M,,,,
119,243.4,DECYL N BETAINE,,23,1.8 X10-2 M,CD,FOTOMTR SPCTR CHNGE BRPB,BECK WOOD,63015,T,L,0.018,M,,,,
119,243.4,DECYL N BETAINE,,23,2.0 X10-2 M,CD,FOTOMTR SPCTR CHNG I2,BECK WOOD,63015,T,L,0.02,M,,,,
119,243.4,DECYL N BETAINE,,23,1.8 X10-2 M,CD,SURFACE TENSION LOG PLOT,BECK WOOD,63015,T,L,0.018,M,,,,
120,257.4,UNDECYL N BETAINE,,20,7.1 X10-3 M,BB,SURFACE TENSION LOG PLOT,MOLY RHOD,65003,GL,L,0.0071,M,,,,
120,257.4,UNDECYL N BETAINE,,20.2,6.4 X10-3 M,CC,REFRACTIVE INDEX,BECK WOOD,63015,T,L,0.0064,M,,,,
120,257.4,UNDECYL N BETAINE,,23,6.0 X10-3 M,CC,FOTOMTR SPCTR CHNGE BRPB,BECK WOOD,63015,T,L,0.006,M,,,,
120,257.4,UNDECYL N BETAINE,,23,6.4 X10-3 M,CC,FOTOMTR SPCTR CHNG I2,BECK WOOD,63015,T,L,0.0064,M,,,,
120,257.4,UNDECYL N BETAINE,,23,6.6 X10-3 M,CC,SURFACE TENSION LOG PLOT,BECK WOOD,63015,T,L,0.0066,M,,,,
121,271.4,DODECYL N BETAINE,,10.2,2.0 X10-3 M,BC,REFRACTIVE INDEX,MOLY RHOD,65003,GL,L,0.002,M,,,,
121,271.4,DODECYL N BETAINE,,20.2,2.1 X10-3 M,CD,REFRACTIVE INDEX,BECK WOOD,63015,T,L,0.0021,M,,,,
121,271.4,DODECYL N BETAINE,,20,2.00 X10-3 M,BB,SURFACE TENSION LOG PLOT,MOLY RHOD,65003,GL,L,0.002,M,,,,
121,271.4,DODECYL N BETAINE,,20.2,2.1 X10-3 M,BC,REFRACTIVE INDEX,MOLY RHOD,65003,GL,L,0.0021,M,,,,
121,271.4,DODECYL N BETAINE,,23,1.8 X10-3 M,CD,SURFACE TENSION LOG PLOT,BECK WOOD,63015,T,L,0.0018,M,,,,
121,271.4,DODECYL N BETAINE,,23,1.6 X10-3 M,CD,FOTOMTR SPCTR CHNGE BRPB,BECK WOOD,63015,T,L,0.0016,M,,,,
121,271.4,DODECYL N BETAINE,,23,1.8 X10-3 M,CD,FOTOMTR SPCTR CHNG I2,BECK WOOD,63015,T,L,0.0018,M,,,,
121,271.4,DODECYL N BETAINE,,25.2,2.2 X10-3 M,BC,REFRACTIVE INDEX,MOLY RHOD,65003,GL,L,0.0022,M,,,,
121,271.4,DODECYL N BETAINE,,30,2.3 X10-3 M,BC,REFRACTIVE INDEX,MOLY RHOD,65003,GL,L,0.0023,M,,,,
121,271.4,DODECYL N BETAINE,,35.7,2.4 X10-3 M,BC,REFRACTIVE INDEX,MOLY RHOD,65003,GL,L,0.0024,M,,,,
121,271.4,DODECYL N BETAINE,,45.1,2.6 X10-3 M,BC,REFRACTIVE INDEX,MOLY RHOD,65003,GL,L,0.0026,M,,,,
121,271.4,DODECYL N BETAINE,,49.7,2.7 X10-3 M,BC,REFRACTIVE INDEX,MOLY RHOD,65003,GL,L,0.0027,M,,,,
121,271.4,DODECYL N BETAINE,,57,2.8 X10-3 M,BC,REFRACTIVE INDEX,MOLY RHOD,65003,GL,L,0.0028,M,,,,
122,299.5,TETRADECYL N BETAINE,,20,1.78 X10-4 M,BB,SURFACE TENSION LOG PLOT,MOLY RHOD,65003,GL,L,0.000178,M,,,,
122,299.5,TETRADECYL N BETAINE,,20.2,1.7 X10-4 M,CD,REFRACTIVE INDEX,BECK WOOD,63015,T,L,0.00017,M,,,,
122,299.5,TETRADECYL N BETAINE,,23,1.8 X10-4 M,CD,SURFACE TENSION LOG PLOT,BECK WOOD,63015,T,L,0.00018,M,,,,
122,299.5,TETRADECYL N BETAINE,,23,1.5 X10-4 M,CD,FOTOMTR SPCTR CHNGE BRPB,BECK WOOD,63015,T,L,0.00015,M,,,,
122,299.5,TETRADECYL N BETAINE,,23,1.5 X10-4 M,CD,FOTOMTR SPCTR CHNG I2,BECK WOOD,63015,T,L,0.00015,M,,,,
123,327.6,HEXADECYL N BETAINE,,20.2,1.6 X10-5 M,CD,REFRACTIVE INDEX,BECK WOOD,63015,T,L,0.000016,M,,,,
123,327.6,HEXADECYL N BETAINE,,20,2.52 X10-5 M,BB,SURFACE TENSION LOG PLOT,MOLY RHOD,65003,GL,L,0.0000252,M,,,,
123,327.6,HEXADECYL N BETAINE,,23,2.0 X10-5 M,CD,SURFACE TENSION LOG PLOT,BECK WOOD,63015,T,L,0.00002,M,,,,
123,327.6,HEXADECYL N BETAINE,,23,1.8 X10-5 M,CD,FOTOMTR SPCTR CHNGE BRPB,BECK WOOD,63015,T,L,0.000018,M,,,,
123,327.6,HEXADECYL N BETAINE,,23,1.8 X10-5 M,CD,FOTOMTR SPCTR CHNG I2,BECK WOOD,63015,T,L,0.000018,M,,,,
124,307.9,DODECYL N BETAINE HYDROCHLORIDE,,23,1.98 X10-3 M,CC,SURFACE TENSION LOG PLOT,BECK WOOD,63015,T,L,0.00198,M,,,,
125,336,TETRADECYL N BETAINE HYDROCHLORIDE,,23,1.96 X10-3 M,CC,SURFACE TENSION LOG PLOT,BECK WOOD,63015,T,L,0.00196,M,,,,
126,355.3,DODECYL TRIMETHYLAMMONIUM IODIDE,,23,,,QUESTIONABLE CRITERION,BECK WOOD,63015,,R,,,,,,
127,403.3,DODECYL TRIMETHYL AMMONIUM IODATE,4.95 E-1 W NA I03 5.1 E-3 M NA BR,31.5,5.1 X10-3 M,BC,TURBIDITY PLT LITE SCATR,ANAC GHOS,63016,T,L,0.0051,M,,,,
128,273.5,DODECYL TRIMETHYL AMMONIUM FORMATE,4.94 E-1 W NA HC02 FORMATE 6.0 E-3 M NA BR,31.5,6.0 X10-3 M,BC,DEBYE PLT LIGHT SCATTER,ANAC GHOS,63016,T,L,0.006,M,,,,
129,356.4,DODECYL TRIMETHYL AMMONIUM BROMATE,4.97 E-1 W NA BR03 3.3 E-3 M NA BR,31.5,3.3 X10-3 M,BC,DEBYE PLT LIGHT SCATTER,ANAC GHOS,63016,T,L,0.0033,M,,,,
130,247.4,DODECYL TRIMETHYL AMMONIUM FLUORIDE,4.92 E-1 W NA F 8.4 E-3 M NA BR,31.5,8.4 X10-3 M,BC,DEBYE PLT LIGHT SCATTER,ANAC GHOS,63016,T,L,0.0084,M,,,,
131,290.5,DODECYL TRIMETHYLAMMONIUM NITRATE,4.99 E-1 W NA N03 0.8 E-4 M NA BR,31.5,8. X10-4 M,BD,DEBYE PLT LIGHT SCATTER,ANAC GHOS,63016,T,L,0.0008,M,,,,
132,229,OCTYL C BETAINE,,6,1.04 X10-1 M,BB,SURFACE TENSION LOG PLOT,TORI NAKA,63008,T,L,0.104,M,,,,
132,229,OCTYL C BETAINE,,21,1.20 X10-1 M,BC,TURBIDITY PLT LITE SCATR,TORI NAKA,63009,T,L,0.12,M,,,,
132,229,OCTYL C BETAINE,,27,9.7 X10-2 M,BB,SURFACE TENSION LOG PLOT,TORI NAKA,63008,T,L,0.097,M,,,,
132,229,OCTYL C BETAINE,,27,1.25 X10-1 M,BC,DENSITY,TORI NAKA,63009,T,L,0.125,M,,,,
132,229,OCTYL C BETAINE,,27,8.5 X10-2 M,BC,FOTOMTR SOLUBLZTN SDN 4,TORI NAKA,63008,T,L,0.085,M,,,,
132,229,OCTYL C BETAINE,,27,9.7 X10-2 M,BB,SURFACE TENSION LOG PLOT,TORI NAKA,63009,T,L,0.097,M,,,,
132,229,OCTYL C BETAINE,,29,8.5 X10-2 M,BC,FOTOMTR SOLUBLZTN SDN 4,TORI NAKA,63010,T,L,0.085,M,,,,
132,229,OCTYL C BETAINE,,45,9.1 X10-2 M,BB,SURFACE TENSION LOG PLOT,TORI NAKA,63008,T,L,0.091,M,,,,
132,229,OCTYL C BETAINE,,60,8.6 X10-2 M,BB,SURFACE TENSION LOG PLOT,TORI NAKA,63008,T,L,0.086,M,,,,
132,229,OCTYL C BETAINE,5. E-1 M CA CL2,27,8.5 X10-2 M,BB,SURFACE TENSION LOG PLOT,TORI NAKA,63008,T,L,0.085,M,,,,
132,229,OCTYL C BETAINE,1.0 E 0 : M CA CL2,27,7.1 X10-2 M,BB,SURFACE TENSION LOG PLOT,TORI NAKA,63008,T,L,0.071,M,,,,
132,229,OCTYL C BETAINE,1. E-1 M NA CL,27,8.1 X10-2 M,BC,FOTOMTR SOLUBLZTN SDN 4,TORI NAKA,63008,T,L,0.081,M,,,,
132,229,OCTYL C BETAINE,3. E-1 M NA CL,27,7.8 X10-2 M,BC,FOTOMTR SOLUBLZTN SDN 4,TORI NAKA,63008,T,L,0.078,M,,,,
132,229,OCTYL C BETAINE,5. E-1 M NA CL,27,7.6 X10-2 M,BC,FOTOMTR SOLUBLZTN SDN 4,TORI NAKA,63008,T,L,0.076,M,,,,
132,229,OCTYL C BETAINE,5. E-1 M NA CL,27,8.5 X10-2 M,BB,SURFACE TENSION LOG PLOT,TORI NAKA,63008,T,L,0.085,M,,,,
132,229,OCTYL C BETAINE,7. E-1 M NA CL,27,7.3 X10-2 M,BC,FOTOMTR SOLUBLZTN SDN 4,TORI NAKA,63008,T,L,0.073,M,,,,
132,229,OCTYL C BETAINE,1.0 EOM NA CL,27,6.8 X10-2 M,BC,FOTOMTR SOLUBLZTN SDN 4,TORI NAKA,63008,T,L,0.068,M,,,,
132,229,OCTYL C BETAINE,1.0 EOM NA CL,27,7.0 X10-2 M,BB,SURFACE TENSION LOG PLOT,TORI NAKA,63008,T,L,0.07,M,,,,
132,229,OCTYL C BETAINE,1.5 EOM NA CL,27,6.1 X10-2 M,BB,SURFACE TENSION LOG PLOT,TORI NAKA,63008,T,L,0.061,M,,,,
132,229,OCTYL C BETAINE,2.0 EOM NA CL,27,5.2 X10-2 M,BB,SURFACE TENSION LOG PLOT,TORI NAKA,63008,T,L,0.052,M,,,,
132,229,OCTYL C BETAINE,1.00 2 I NA OH,27,7.4 X10-2 M,BC,FOTOMTR SOLUBLZTN SDN 4,TORI NAKA,63008,T,L,0.074,M,,,,
132,229,OCTYL C BETAINE,5. E-1 M NA2 S04,27,4.6 X10-2 M,BB,SURFACE TENSION LOG PLOT,TORI NAKA,63008,T,L,0.046,M,,,,
132,229,OCTYL C BETAINE,1.0 M NA2 S04,27,2.2 X10-2 M,BB,SURFACE TENSION LOG PLOT,TORI NAKA,63008,T,L,0.022,M,,,,
132,229,OCTYL C BETAINE,1.00 E 2 I NA OH 1. E-1 M NA CL,27,7.2 X10-2 M,BC,FOTOMTR SOLUBLZTN SDN 4,TORI NAKA,63008,T,L,0.072,M,,,,
132,229,OCTYL C BETAINE,1.00 E 2 I NA OH 5. E-1 M NA CL,27,6.0 X10-2 M,BC,FOTOMTR SOLUBLZTN SDN 4,TORI NAKA,63008,T,L,0.06,M,,,,
133,257.4,DECYL C BETAINE,,10,1.39 X10-2 M,BB,SURFACE TENSION LOG PLOT,TORI NAKA,63008,T,L,0.0139,M,,,,
133,257.4,DECYL C BETAINE,,21,1.44 X10-2 M,BC,TURBIDITY PLT LITE SCATR,TORI NAKA,63012,T,L,0.0144,M,,,,
133,257.4,DECYL C BETAINE,,27,1.31 X10-2 M,BB,SURFACE TENSION LOG PLOT,TORI NAKA,63008,T,L,0.0131,M,,,,
133,257.4,DECYL C BETAINE,,27,9.8 X10-3 M,BC,FOTOMTR SOLUBLZTN SDN 4,TORI NAKA,63008,T,L,0.0098,M,,,,
133,257.4,DECYL C BETAINE,,27,1.31 X10-2 M,BB,SURFACE TENSION LOG PLOT,TORI NAKA,63012,T,L,0.0131,M,,,,
133,257.4,DECYL C BETAINE,,29,9.8 X10-3 M,BC,FOTOMTR SOLU LZTN SDN 4,TORI NAK),63010,T,L,0.0098,M,,,,
133,257.4,DECYL C BETAINE,,45,1.25 X10-2 M,BB,SURFACE TENSION LOG PLOT,TORI NAKA,63008,T,L,0.0125,M,,,,
133,257.4,DECYL C BETAINE,,60,1.19 X10-2 M,BB,SURFACE TENSION LOG PLOT,TORI NAKA,63008,T,L,0.0119,M,,,,
133,257.4,DECYL C BETAINE,5. E-1 M NA CL,27,8.0 X10-3 M,BC,FOTOMTR SOLUBLZTN SDN 4,TORI NAKA,63008,T,L,0.008,M,,,,
133,257.4,DECYL C BETAINE,5. E-1M NA CL,27,1.04 X10-2 M,BB,SURFACE TENSION LOG PLOT,TORI NAKA,63008,T,L,0.0104,M,,,,
133,257.4,DECYL C BETAINE,1.0 EOM NA CL,27,8.0 X10-3 M,BB,SURFACE TENSION LOG PLOT,TORI NAKA,63008,T,L,0.008,M,,,,
133,257.4,DECYL C BETAINE,1.0 EOM NA CL,27,6.5 X10-3 M,BC,FOTOMTR SOLUBLZTN SDN 4,TORI NAKA,63008,T,L,0.0065,M,,,,
133,257.4,DECYL C BETAINE,1.5 EOM NA CL,27,6.2 X10-3 M,BB,SURFACE TENSION LOG PLOT,TORI NAKA,63008,T,L,0.0062,M,,,,
133,257.4,DECYL C BETAINE,2.0 EOM NA CL,27,4.8 X10-3 M,BB,SURFACE TENSION LOG PLOT,TORI NAKA,63008,T,L,0.0048,M,,,,
134,285.5,DODECYL C BETAINE,,10,1.39 X10-3 M,BB,SURFACE TENSION LOG PLOT,TORI NAKA,63008,T,L,0.00139,M,,,,
134,285.5,DODECYL C BETAINE,,21,1.58 X10-3 M,BC,TURBIDITY PLT LITE SCATR,TORI NAKA,63012,T,L,0.00158,M,,,,
134,285.5,DODECYL C BETAINE,,27,1.10 X10-3 M,BC,FOTOMTR SOLUBLZTN SDN 4,TORI NAKA,63008,T,L,0.0011,M,,,,
134,285.5,DODECYL C BETAINE,,27,1.32 X10-3 M,BB,SURFACE TENSION LOG PLOT,TORI NAKA,63008,T,L,0.00132,M,,,,
134,285.5,DODECYL C BETAINE,,27,1.32 X10-3 M,BB,SURFACE TENSION LOG PLOT,TORI NAKA,63012,T,L,0.00132,M,,,,
134,285.5,DODECYL C BETAINE,,29,1.1 X10-3 M,BC,FOTOMTR SOLUBLZTN SDN 4,TORI NAKA,63010,T,L,0.0011,M,,,,
134,285.5,DODECYL C BETAINE,,45,1.25 X10-3 M,BB,SURFACE TENSION LOG PLOT,TORI NAKA,63008,T,L,0.00125,M,,,,
134,285.5,DODECYL C BETAINE,,60,1.20 X10-3 M,BB,SURFACE TENSION LOG PLOT,TORI NAKA,63008,T,L,0.0012,M,,,,
134,285.5,DODECYL C BETAINE,5. E-1 M NA CL,27,7.5 X10-4 M,BC,FOTOMTR SOLUBLZTN SDN 4,TORI NAKA,63008,T,L,0.00075,M,,,,
134,285.5,DODECYL C BETAINE,5.. E-1 M NA CL,7,9.6 X10-4 M,BB,SURFACE TENSION LOG PLOT,TORI NAKA,63008,T,L,0.00096,M,,,,
134,285.5,DODECYL C BETAINE,1.0 EOM NA CL,27,6.8 X10-4 M,BB,SURFACE TENSION LOG PLOT,TORI NAKA,63008,T,L,0.00068,M,,,,
134,285.5,DODECYL C BETAINE,1.0 EOM NA CL,27,5.3 X10-4 M,BC,FOTOMTR SOLUBLZTN SDN 4,TORI NAKA,63008,T,L,0.00053,M,,,,
134,285.5,DODECYL C BETAINE,1.5 EOM NA CL,27,4.8 X10-4 M,BB,SURFACE TENSION LOG PLOT,TORI NAKA,63008,T,L,0.00048,M,,,,
134,285.5,DODECYL C BETAINE,2.0 E 0 M NA CL,27,3.4 X10-4 M,BB,SURFACE TENSION LOG PLOT,TORI NAK),63008,T,L,0.00034,M,,,,
135,265.8,OCTYL C BETAINE HYDROCHLORIDE,,27,6.0 X10-2 M,BC,FOTOMTR SOLUBLZTN SDN 4,TORI NAKA,63008,T,L,0.06,M,,,,
135,265.8,OCTYL C BETAINE HYDROCHLORIDE,1. E-1 M NA CL,27,4.2 X10-2 M,BC,FOTOMTR SOLUBLZTN SDN 4,TORI NAKA,63008,T,L,0.042,M,,,,
136,237.3,SODIUM ALPHA DIMETHYL AMINO CAPRATE,,27,9.6 X10-2 M,BC,FOTOMTR SOLUBLZTN SDN 4,TORI NAKA,63008,T,L,0.096,M,,,,
136,237.3,SODIUM ALPHA DIMETHYL AMINO CAPRATE,1. E-1 M NA CL,27,7.0 X10-2 M,BC,FOTOMTR SOLUBLZTN SDN 4,TORI NAKA,63008,T,L,0.07,M,,,,
137,251.8,ALPHA DIMETHYLAMINO CAPRIC ACID HYDROCHLORIDE,,27,8.0 X10-2 M,BC,FOTOMTR SOLUBLZTN SDN,4 TORI,NAKA,63008,T,0.08,M,,,,
137,251.8,ALPHA DIMETHYLAMINO CAPRIC ACID HYDROCHLORIDE,1. E-1 M NA CL,27,4.2 X10-2 M,BC,FOTOMTR SOLUBLZTN SDN 4,TORI NAKA,63008,T,L,0.042,M,,,,
138,306.3,SODIUM NONYL BENZENE SULFONATE BRANCHED HYDROCARBON CHAIN,,25,1.57 X10-2 M,HB,FOTOMTR SOLUBLZTN OROT,GINN HARR,60010,G,L,0.0157,M,,,,
138,306.3,SODIUM NONYL BENZENE SULFONATE BRANCHED HYDROCARBON CHAIN,,50,1.71 X10-2 M,HB,FOTOMTR SOLUBLZTN OROT,GINN HARR,60010,G,L,0.0171,M,,,,
138,306.3,SODIUM NONYL BENZENE SULFONATE BRANCHED HYDROCARBON CHAIN,,75,2.30 X10-2 M,HB,FOTOMTR SOLUBLZTN OROT,GINN HARR,60010,G,L,0.023,M,,,,
139,348.4,SODIUM DODECYL BENZENE SULFONATE BRANCHED HYDROCARBON CHAIN,,,,,,,,,R,,,,,,
139,348.4,SODIUM DODECYL BENZENE SULFONATE BRANCHED HYDROCARBON CHAIN,,25,4.90 X10 3 M,HC,FOTOMTR SOLUBLZTN OROT,GINN KINN,59009,T,L,4900,M,,,,
139,348.4,SODIUM DODECYL BENZENE SULFONATE BRANCHED HYDROCARBON CHAIN,,25,4.80 X10-3 M,HC,FOTOMTR SOLUBLZTN OROT,GINN KINN,59009,T,L,0.0048,M,,,,
139,348.4,SODIUM DODECYL BENZENE SULFONATE BRANCHED HYDROCARBON CHAIN,,25,5.0 X10-3 M,HB,FOTOMTR SOLUBLZTN OROT,GINN HARR,60010,G,L,0.005,M,,,,
139,348.4,SODIUM DODECYL BENZENE SULFONATE BRANCHED HYDROCARBON CHAIN,,25,1.53 X10-1 D,HC,SPECFC CONDCTNCE GRAPH,GINN HARR,58008,T,L,0.153,D,,,,
139,348.4,SODIUM DODECYL BENZENE SULFONATE BRANCHED HYDROCARBON CHAIN,,25,1.23 X10-1 D,HC,SURFACE TENSION UNSPEC,GINN HARR,58008,T,L,0.123,D,,,,
139,348.4,SODIUM DODECYL BENZENE SULFONATE BRANCHED HYDROCARBON CHAIN,,25,7. X10-2 D,HG,VISUAL SPCTR CHNGE PNCN,GINN HARR,58008,T,L,0.07,D,,,,
139,348.4,SODIUM DODECYL BENZENE SULFONATE BRANCHED HYDROCARBON CHAIN,,25,4.1 X10-2 D,HG,FOTOMTR SPCTR CHNGE PNCN,GINN HARR,58008,T,L,0.041,D,,,,
139,348.4,SODIUM DODECYL BENZENE SULFONATE BRANCHED HYDROCARBON CHAIN,,25,1.17 X10-1 D,HE,METHOD NOT CITED,GINN HARR,61014,T,L,0.117,D,,,,
139,348.4,SODIUM DODECYL BENZENE SULFONATE BRANCHED HYDROCARBON CHAIN,,25,1.32 X10-1 D,HG,VISUAL SPCTR CHNGE PNCN,GINN HARR,58008,T,L,0.132,D,,,,
139,348.4,SODIUM DODECYL BENZENE SULFONATE BRANCHED HYDROCARBON CHAIN,,25,1.10 X10-1 D,HG,FOTOMTR SPCTR CHNGE PNCN,GINN HARR,58008,T,L,0.11,D,,,,
139,348.4,SODIUM DODECYL BENZENE SULFONATE BRANCHED HYDROCARBON CHAIN,,25,1.32 X10-1 D,HC,SPECFC CONDCTNCE GRAPH,GINN HARR,58008,T,L,0.132,D,,,,
139,348.4,SODIUM DODECYL BENZENE SULFONATE BRANCHED HYDROCARBON CHAIN,,25,1.15 X10-1 D,HC,FOTOMTR SOLUBLZTN OROT,GINN KINN,61015,T,L,0.115,D,,,,
139,348.4,SODIUM DODECYL BENZENE SULFONATE BRANCHED HYDROCARBON CHAIN,,26,1.23 X10-1 D,HB,SURFACE TENSION LOG PLOT,MANK,64010,T,L,0.123,D,,,,
139,348.4,SODIUM DODECYL BENZENE SULFONATE BRANCHED HYDROCARBON CHAIN,,26,3.53 X10-3 M,HB,SURFACE TENSION LOG PLOT,MANK,66021,T,L,0.00353,M,,,,
139,348.4,SODIUM DODECYL BENZENE SULFONATE BRANCHED HYDROCARBON CHAIN,,35,1.3 X10-1 D,HC,FOTOMTR SOLUBLZTN OROT,GINN KINN,61015,T,L,0.13,D,,,,
139,348.4,SODIUM DODECYL BENZENE SULFONATE BRANCHED HYDROCARBON CHAIN,,50,7.5 X10-3 M,HB,FOTOMTR SOLUBLZTN OROT,GINN HARR,60010,G,L,0.0075,M,,,,
139,348.4,SODIUM DODECYL BENZENE SULFONATE BRANCHED HYDROCARBON CHAIN,,60,1.4 X10-1 D,HC,FOTOMTR SOLUBLZTN OROT,GINN KINN,61015,T,L,0.14,D,,,,
139,348.4,SODIUM DODECYL BENZENE SULFONATE BRANCHED HYDROCARBON CHAIN,,60,7.0 X10-2 D,HC,FOTOMTR SOLUBLZTN OROT,GINN KINN,61015,T,L,0.07,D,,,,
139,348.4,SODIUM DODECYL BENZENE SULFONATE BRANCHED HYDROCARBON CHAIN,,75,8.0 X10-3 M,HB,FOTOMTR SOLUBLZTN OROT,GINN HARR,60010,G,L,0.008,M,,,,
139,348.4,SODIUM DODECYL BENZENE SULFONATE BRANCHED HYDROCARBON CHAIN,,75,1.75 X10-1 D,HE,METHOD NOT CITED,GINN HARR,61014,T,L,0.175,D,,,,
139,348.4,SODIUM DODECYL BENZENE SULFONATE BRANCHED HYDROCARBON CHAIN,2.1 EOQ C12 DIETHANOLAMIDE,25,5.2 X10-2 D,HG,FOTOMTR SPCTR CHNGE PNCN,GINN HARR,58008,T,L,0.052,D,,,,
139,348.4,SODIUM DODECYL BENZENE SULFONATE BRANCHED HYDROCARBON CHAIN,2.1 EOQ C12 DIETHANOLAMIDE,25,6.7 X10-2 D,HC,SPECFC CONDCTNCE GRAPH,GINN HARR,58008,T,L,0.067,D,,,,
139,348.4,SODIUM DODECYL BENZENE SULFONATE BRANCHED HYDROCARBON CHAIN,2.1 E O Q C12 DIETHANOLAMIDE,25,2.1 X10-2 D,HC,SURFACE TENSION UNSPEC,GINN HARR,58008,T,L,0.021,D,,,,
139,348.4,SODIUM DODECYL BENZENE SULFONATE BRANCHED HYDROCARBON CHAIN,1. E2I NA CL,25,4.50 X10-3 M,HC,FOTOMTR SOLUBLZTN OROT,GINN KINN,59009,T,L,0.0045,M,,,,
139,348.4,SODIUM DODECYL BENZENE SULFONATE BRANCHED HYDROCARBON CHAIN,4. E2I NA CL,25,3.63 X10-3 M,HC,FOTOMTR SOLUBLETN OROT,GINN KINN,59009,T,L,0.00363,M,,,,
139,348.4,SODIUM DODECYL BENZENE SULFONATE BRANCHED HYDROCARBON CHAIN,1. E2I NA2 C03,25,4.00 X10-3 M,HC,FOTOMTR SOLUBLZTN OROT,GINN KINN,59009,T,L,0.004,M,,,,
139,348.4,SODIUM DODECYL BENZENE SULFONATE BRANCHED HYDROCARBON CHAIN,4. E2I NA2 CO3,25,2.15 X10-3 M,HC,FOTOMTR SOLUBLZTN OROT,GINN KINN,59009,T,L,0.00215,M,,,,
139,348.4,SODIUM DODECYL BENZENE SULFONATE BRANCHED HYDROCARBON CHAIN,1. E2I NA OH,25,4.10 X10-3 M,HC,FOTOMTR SOLUBLZTN OROT,GINN KINN,59009,T,L,0.0041,M,,,,
139,348.4,SODIUM DODECYL BENZENE SULFONATE BRANCHED HYDROCARBON CHAIN,4. E2I NA OH,25,3.00 X10-3 M,HC,FOTOMTR SOLUBLZTN OROT,GINN KINN,59009,T,L,0.003,M,,,,
139,348.4,SODIUM DODECYL BENZENE SULFONATE BRANCHED HYDROCARBON CHAIN,1. E2I NA4 P207 PYRO,25,3.46 X10-3 M,HC,FOTOMTR SOLUBLZTN OROT,GINN KINN,59009,T,L,0.00346,M,,,,
139,348.4,SODIUM DODECYL BENZENE SULFONATE BRANCHED HYDROCARBON CHAIN,4. E2I NA4 P207 PYRO,25,2.14 X10-3 M,HC,FOTOMTR SOLUBLZTN OROT,GINN KINN,59009,T,L,0.00214,M,,,,
139,348.4,SODIUM DODECYL BENZENE SULFONATE BRANCHED HYDROCARBON CHAIN,1. E2I NA P04,25,3.65 X10-3 M,HC,FOTOMTR SOLUBLZTN OROT,GINN KINN,59009,T,L,0.00365,M,,,,
139,348.4,SODIUM DODECYL BENZENE SULFONATE BRANCHED HYDROCARBON CHAIN,4. E2I NA P04,25,2.12 X10-3 M,HC,FOTOMTR SOLUBLETN OROT,GINN KINN,59009,T,L,0.00212,M,,,,
139,348.4,SODIUM DODECYL BENZENE SULFONATE BRANCHED HYDROCARBON CHAIN,1. E2I NA14 P12037 POLY,25,2.88 X10-3 M,HC,FOTOMTR SOLUBLZTN OROT,GINN KINN,59009,T,L,0.00288,M,,,,
139,348.4,SODIUM DODECYL BENZENE SULFONATE BRANCHED HYDROCARBON CHAIN,4. E2I NA14 P12037 POLY,25,1.55 X10-3 M,HC,FOTOMTR SOLUBLZTN OROT,GINN KINN,59009,T,L,0.00155,M,,,,
139,348.4,SODIUM DODECYL BENZENE SULFONATE BRANCHED HYDROCARBON CHAIN,1. NA53 P500154 POLY,25,1.90 X10-3 M,HC,FOTOMTR SOLUBLZTN OROT,GINN KINN,59009,T,L,0.0019,M,,,,
139,348.4,SODIUM DODECYL BENZENE SULFONATE BRANCHED HYDROCARBON CHAIN,1. 2 I NA2 SI03 META,25,4.00 X10-3 M,HC,FOTOMTR SOLUBLZTN OROT,GINN KINN,59009,T,L,0.004,M,,,,
139,348.4,SODIUM DODECYL BENZENE SULFONATE BRANCHED HYDROCARBON CHAIN,4. E2I NA2 SI03 META,25,2.16 X10-3 M,HC,FOTOMTR SOLUBLZTN OROT,GINN KINN,59009,T,L,0.00216,M,,,,
139,348.4,SODIUM DODECYL BENZENE SULFONATE BRANCHED HYDROCARBON CHAIN,2.1 EOQ NA5 P3010 TRIPOLY,25,4. X10-2 D,HG,FOTOMTR SPCTR CHNGE PNCN,GINN HARR,58008,T,L,0.04,D,,,,
139,348.4,SODIUM DODECYL BENZENE SULFONATE BRANCHED HYDROCARBON CHAIN,2.1 EOQ NA5 P3010 TRIPOLY,25,1.10 X10-1 D,HC,SURFACE TENSION UNSPEC,GINN HARR,58008,T,L,0.11,D,,,,
139,348.4,SODIUM DODECYL BENZENE SULFONATE BRANCHED HYDROCARBON CHAIN,1. E2I NA5 P3010 TRIPOLY,25,3.33 X10-3 M,HC,FOTOMTR SOLUBLZTN OROT,GINN KINN,59009,T,L,0.00333,M,,,,
139,348.4,SODIUM DODECYL BENZENE SULFONATE BRANCHED HYDROCARBON CHAIN,4. E2I NA5 P3010 TRIPOLY,25,2.20 X10-3 M,HC,FOTOMTR SOLUBLZTN OROT,GINN KINN,59009,T,L,0.0022,M,,,,
139,348.4,SODIUM DODECYL BENZENE SULFONATE BRANCHED HYDROCARBON CHAIN,2. E2I NA5 P3010 TRIPOLY,50,7.0 X10-2 D,HC,FOTOMTR SOLUBLZTN OROT,GINN KINN,61015,T,L,0.07,D,,,,
139,348.4,SODIUM DODECYL BENZENE SULFONATE BRANCHED HYDROCARBON CHAIN,3.33 E 1 Q 0206,82,1.8 X10-3 D,HD,FOTOMTR SOLUBLZTN OROT,MANK,64010,T,L,0.0018,D,,,,
139,348.4,SODIUM DODECYL BENZENE SULFONATE BRANCHED HYDROCARBON CHAIN,5.0 E 1 Q 0206,82,7.5 X10-3 D,HC,FOTOMTR SOLUBLZTN OROT,MANK,64010,T,L,0.0075,D,,,,
139,348.4,SODIUM DODECYL BENZENE SULFONATE BRANCHED HYDROCARBON CHAIN,7.5 E 1 Q 0206,82,5. X10-3 D,HC,FOTOMTR SOLUBLZTN OROT,MANK,64010,T,L,0.005,D,,,,
140,320.4,SODIUM DECYL BENZENE SULFONATE BRANCHED HYDROCARBON CHAIN,,25,4.1 X10-3 M,HB,FOTOMTR SOLUBLZTN OROT,GINN HARR,60010,G,L,0.0041,M,,,,
140,320.4,SODIUM DECYL BENZENE SULFONATE BRANCHED HYDROCARBON CHAIN,,50,4.8 X10-3 M,HB,FOTOMTR SOLUBLZTN OROT,GINN HARR,60010,G,L,0.0048,M,,,,
140,320.4,SODIUM DECYL BENZENE SULFONATE BRANCHED HYDROCARBON CHAIN,,75,6.3 X10-3 M,HB,FOTOMTR SOLUBLZTN OROT,GINN HARR,60010,G,L,0.0063,M,,,,
141,362.4,SODIUM TRIDECYL BENZENE SULFONATE BRANCHED HYDROCARBON CHAIN,,25,1.3 X10-3 M,HC,FOTOMTR SOLUBLZTN OROT,GINN HARR,60010,G,L,0.0013,M,,,,
141,362.4,SODIUM TRIDECYL BENZENE SULFONATE BRANCHED HYDROCARBON CHAIN,,25,5. X10-2 D,HE,FOTOMTR SOLUBLZTN OROT,GINN KINN,61015,T,L,0.05,D,,,,
141,362.4,SODIUM TRIDECYL BENZENE SULFONATE BRANCHED HYDROCARBON CHAIN,,50,2.8 X10-3 M,HC,FOTOMTR SOLUBLZTN OROT,GINN HARR,60010,G,L,0.0028,M,,,,
141,362.4,SODIUM TRIDECYL BENZENE SULFONATE BRANCHED HYDROCARBON CHAIN,,50,1.0 X10-1 D,HC,FOTOMTR SOLUBLZTN OROT,GINN KINN,61015,T,L,0.1,D,,,,
141,362.4,SODIUM TRIDECYL BENZENE SULFONATE BRANCHED HYDROCARBON CHAIN,,75,2.8 X10-3 M,HC,FOTOMTR SOLUBLZTN OROT,GINN HARR,60010,G,L,0.0028,M,,,,
141,362.4,SODIUM TRIDECYL BENZENE SULFONATE BRANCHED HYDROCARBON CHAIN,,75,1.0 X10-1 D,HC,FOTOMTR SOLUBLZTN OROT,GINN KINN,61015,T,L,0.1,D,,,,
142,390.5,SODIUM PENTADECYL BENZENE SULFONATE BRANCHED HYDROCARBON CHAIN,,25,4.4 X10-4 M,HD,FOTOMTR SOLUBLZTN OROT,GINN HARR,60010,G,L,0.00044,M,,,,
142,390.5,SODIUM PENTADECYL BENZENE SULFONATE BRANCHED HYDROCARBON CHAIN,,25,1.7 X10-2 D,HC,FOTOMTR SOLUBLZTN OROT,GINN KINN,61015,T,L,0.017,D,,,,
142,390.5,SODIUM PENTADECYL BENZENE SULFONATE BRANCHED HYDROCARBON CHAIN,,50,6.5 X10-4 M,HD,FOTOMTR SOLUBLZTN OROT,GINN HARR,60010,G,L,0.00065,M,,,,
142,390.5,SODIUM PENTADECYL BENZENE SULFONATE BRANCHED HYDROCARBON CHAIN,,50,2.1 X10-2 D,HC,FOTOMTR SOLUBLZTN OROT,GINN KINN,61015,T,L,0.021,D,,,,
142,390.5,SODIUM PENTADECYL BENZENE SULFONATE BRANCHED HYDROCARBON CHAIN,,75,9.4 X10-4 M,HD,FOTOMTR SOLUBLZTN OROT,GINN HARR,60010,G,L,0.00094,M,,,,
142,390.5,SODIUM PENTADECYL BENZENE SULFONATE BRANCHED HYDROCARBON CHAIN,,75,3.5 X10-2 D,HC,FOTOMTR SOLUBLZTN OROT,GINN KINN,61015,T,L,0.035,D,,,,
142,390.5,SODIUM PENTADECYL BENZENE SULFONATE BRANCHED HYDROCARBON CHAIN,2. E 2 I NA5 P3010 TRIPOLY,50,1. X10-2 D,HE,FOTOMTR SOLUBLZTN OROT,GINN KINN,61015,T,L,0.01,D,,,,
143,378.6,"DECYL /OXYETHYLENE/ 5.0 ALCOHOL BRANCHED CHAIN, NATURAL 0E DISTRIBUTION",,25,6.3 X10-2 D,HB,FOTOMTR SOLUBLZTN OROT,GINN HARR,60010,T,L,0.063,D,,,,
143,378.6,"DECYL /OXYETHYLENE/ 5.0 ALCOHOL BRANCHED CHAIN, NATURAL 0E DISTRIBUTION",,50,6.0 X10-2 D,HB,FOTOMTR SOLUBLZTN OROT,GINN HARR,60010,T,L,0.06,D,,,,
143,378.6,"DECYL /OXYETHYLENE/ 5.0 ALCOHOL BRANCHED CHAIN, NATURAL 0E DISTRIBUTION",,75,4.0 X10-2 D,HB,FOTOMTR SOLUBLZTN OROT,GINN HARR,60010,T,L,0.04,D,,,,
144,598.9,"DECYL /OXYETHYLENE/ 10.0 ALCOHOL BRANCHED CHAIN, NATURAL 0E DISTRIBUTION",,25,1.6 X10-1 D,HB,FOTOMTR SOLUBLZTN OROT,GINN HARR,60010,T,L,0.16,D,,,,
144,598.9,"DECYL /OXYETHYLENE/ 10.0 ALCOHOL BRANCHED CHAIN, NATURAL 0E DISTRIBUTION",,35,1.0 X10-1 D,HE,METHOD NOT CITED,GINN HARR,61014,T,L,0.1,D,,,,
144,598.9,"DECYL /OXYETHYLENE/ 10.0 ALCOHOL BRANCHED CHAIN, NATURAL 0E DISTRIBUTION",,50,9.6 X10-2 D,HB,FOTOMTR SOLUBLZTN OROT,GINN HARR,60010,T,L,0.096,D,,,,
144,598.9,"DECYL /OXYETHYLENE/ 10.0 ALCOHOL BRANCHED CHAIN, NATURAL 0E DISTRIBUTION",,75,8.5 X10-2 D,HB,FOTOMTR SOLUBLZTN OROT,GINN HARR,60010,T,L,0.085,D,,,,
144,598.9,"DECYL /OXYETHYLENE/ 10.0 ALCOHOL BRANCHED CHAIN, NATURAL 0E DISTRIBUTION",,75,8.5 X10-2 D,HE,METHOD NOT CITED,GINN HARR,61014,T,L,0.085,D,,,,
145,814.8,"DECYL /OXYETHYLENE/ 14.9 ALCOHOL BRANCHED CHAIN, NATURAL 0E DISTRIBUTION",,25,2.8 X10-1 D,HB,FOTOMTR SOLUBLZTN OROT,GINN HARR,60010,T,L,0.28,D,,,,
145,814.8,"DECYL /OXYETHYLENE/ 14.9 ALCOHOL BRANCHED CHAIN, NATURAL 0E DISTRIBUTION",,50,1.44 X10-1 D,HB,FOTOMTR SOLUBLZTN OROT,GINN HARR,60010,T,L,0.144,D,,,,
145,814.8,"DECYL /OXYETHYLENE/ 14.9 ALCOHOL BRANCHED CHAIN, NATURAL 0E DISTRIBUTION",,75,1.2 X10-1 D,HB,FOTOMTR SOLUBLZTN OROT,GINN HARR,60010,T,L,0.12,D,,,,
145,814.8,"DECYL /OXYETHYLENE/ 14.9 ALCOHOL BRANCHED CHAIN, NATURAL 0E DISTRIBUTION",,75,1.2 X10-1 D,HE,METHOD NOT CITED,GINN HARR,61014,T,L,0.12,D,,,,
146,1039.5,"DECYL /OXYETHYLENE/ 20.0 ALCOHOL BRANCHED CHAIN, NATURAL 0E DISTRIBUTION",,25,6.0 X10-1 D,HB,FOTOMTR SOLUBLZTN OROT,GINN HARR,60010,T,L,0.6,D,,,,
146,1039.5,"DECYL /OXYETHYLENE/ 20.0 ALCOHOL BRANCHED CHAIN, NATURAL 0E DISTRIBUTION",,50,2.9 X10-1 D,HB,FOTOMTR SOLUBLZTN OROT,GINN HARR,60010,T,L,0.29,D,,,,
146,1039.5,"DECYL /OXYETHYLENE/ 20.0 ALCOHOL BRANCHED CHAIN, NATURAL 0E DISTRIBUTION",,75,1.9 X10-1 D,HB,FOTOMTR SOLUBLZTN OROT,GINN HARR,60010,T,L,0.19,D,,,,
147,1453.6,"DECYL /OXYETHYLENE/ 29.4 ALCOHOL BRANCHED CHAIN, NATURAL 0E DISTRIBUTION",,25,8.3 X10-1 D,HB,FOTOMTR SOLUBLZTN OROT,GINN HARR,60010,T,L,0.83,D,,,,
147,1453.6,"DECYL /OXYETHYLENE/ 29.4 ALCOHOL BRANCHED CHAIN, NATURAL 0E DISTRIBUTION",,50,4.5 X10-1 D,HB,FOTOMTR SOLUBLZTN OROT,GINN HARR,60010,T,L,0.45,D,,,,
147,1453.6,"DECYL /OXYETHYLENE/ 29.4 ALCOHOL BRANCHED CHAIN, NATURAL 0E DISTRIBUTION",,75,3.4 X10-1 D,HB,FOTOMTR SOLUBLZTN OROT,,,,,0.34,D,,,,
148,429.5,"TRIDECYL /OXYETHYLENE/ 5.2 ALCOHOL BRANCHED CHAIN, NATURAL 0E DISTRIBUTION",,25,5.8 X10-3 D,HD,FOTOMTR SOLUBLZTN OROT,GINN HARR,60010,T,L,0.0058,D,,,,
148,429.5,"TRIDECYL /OXYETHYLENE/ 5.2 ALCOHOL BRANCHED CHAIN, NATURAL 0E DISTRIBUTION",,50,5.0 X10-3 D,HD,FOTOMTR SOLUBLZTN OROT,GINN HARR,60010,T,L,0.005,D,,,,
148,429.5,"TRIDECYL /OXYETHYLENE/ 5.2 ALCOHOL BRANCHED CHAIN, NATURAL 0E DISTRIBUTION",,75,6.5 X10-3 D,HD,FOTOMTR SOLUBLZTN OROT,GINN HARR,60010,T,L,0.0065,D,,,,
149,645.4,"TRIDECYL /OXYETHYLENE/ 10.1 ALCOHOL BRANCHED CHAIN, NATURAL 0E DISTRIBUTION",,25,9. X10-3 D,HD,FOTOMTR SOLUBLZTN OROT,GINN KINN,59009,T,L,0.009,D,,,,
149,645.4,"TRIDECYL /OXYETHYLENE/ 10.1 ALCOHOL BRANCHED CHAIN, NATURAL 0E DISTRIBUTION",,25,1.0 X10-2 D,HC,FOTOMTR SOLUBLZTN OROT,GINN HARR,60010,T,L,0.01,D,,,,
149,645.4,"TRIDECYL /OXYETHYLENE/ 10.1 ALCOHOL BRANCHED CHAIN, NATURAL 0E DISTRIBUTION",,25,9.2 X10-3 D,HE,METHOD NOT CITED,GINN HARR,61014,T,L,0.0092,D,,,,
149,645.4,"TRIDECYL /OXYETHYLENE/ 10.1 ALCOHOL BRANCHED CHAIN, NATURAL 0E DISTRIBUTION",,25,9.2 X10-3 D,HC,FOTOMTR SOLUBLZTN OROT,GINN KINN,61015,T,L,0.0092,D,,,,
149,645.4,"TRIDECYL /OXYETHYLENE/ 10.1 ALCOHOL BRANCHED CHAIN, NATURAL 0E DISTRIBUTION",,50,7.8 X10-3 D,HC,FOTOMTR SOLUBLZTN OROT,GINN HARR,60010,T,L,0.0078,D,,,,
149,645.4,"TRIDECYL /OXYETHYLENE/ 10.1 ALCOHOL BRANCHED CHAIN, NATURAL 0E DISTRIBUTION",,50,7.8 X10-3 D,HC,FOTOMTR SOLUBLZTN OROT,GINN KINN,61015,T,L,0.0078,D,,,,
149,645.4,"TRIDECYL /OXYETHYLENE/ 10.1 ALCOHOL BRANCHED CHAIN, NATURAL 0E DISTRIBUTION",,75,7.6 X10-3 D,HC,FOTOMTR SOLUBLZTN OROT,GINN HARR,60010,T,L,0.0076,D,,,,
149,645.4,"TRIDECYL /OXYETHYLENE/ 10.1 ALCOHOL BRANCHED CHAIN, NATURAL 0E DISTRIBUTION",,75,7.6 X10-3 D,HE,METHOD NOT CITED,GINN HARR,61014,T,L,0.0076,D,,,,
149,645.4,"TRIDECYL /OXYETHYLENE/ 10.1 ALCOHOL BRANCHED CHAIN, NATURAL 0E DISTRIBUTION",,75,7.57 X10-3 D,HC,FOTOMTR SOLUBLZTN OROT,GINN KINN,61015,T,L,0.00757,D,,,,
149,645.4,"TRIDECYL /OXYETHYLENE/ 10.1 ALCOHOL BRANCHED CHAIN, NATURAL 0E DISTRIBUTION",4. E 2 I NA4 P207 PYRO,25,9. X10-3 D,HD,FOTOMTR SOLUBLZTN OROT,GINN KINN,59009,T,L,0.009,D,,,,
150,870.1,"TRIDECYL /OXYETHYLENE/ 15.2 ALCOHOL BRANCHED CHAIN, NATURAL 0E DISTRIBUTION",,25,2.3 X10-2 D,HC,FOTOMTR SOLUBLZTN OROT,GINN HARR,60010,T,L,0.023,D,,,,
150,870.1,"TRIDECYL /OXYETHYLENE/ 15.2 ALCOHOL BRANCHED CHAIN, NATURAL 0E DISTRIBUTION",,50,1.5 X10-2 D,HC,FOTOMTR SOLUBLZTN OROT,GINN HARR,60010,T,L,0.015,D,,,,
150,870.1,"TRIDECYL /OXYETHYLENE/ 15.2 ALCOHOL BRANCHED CHAIN, NATURAL 0E DISTRIBUTION",,75,1.0 X10-2 D,HC,FOTOMTR SOLUBLZTN OROT,GINN HARR,60010,T,L,0.01,D,,,,
151,1081.6,"TRIDECYL /OXYETHYLENE/ 20.0 ALCOHOL BRANCHED CHAIN, NATURAL 0E DISTRIBUTION",,25,3.0 X10-2 D,HC,FOTOMTR SOLUBLZTN OROT,GINN HARR,60010,T,L,0.03,D,,,,
151,1081.6,"TRIDECYL /OXYETHYLENE/ 20.0 ALCOHOL BRANCHED CHAIN, NATURAL 0E DISTRIBUTION",,50,1.9 X10-2 D,HC,FOTOMTR SOLUBLZTN OROT,GINN HARR,60010,T,L,0.019,D,,,,
151,1081.6,"TRIDECYL /OXYETHYLENE/ 20.0 ALCOHOL BRANCHED CHAIN, NATURAL 0E DISTRIBUTION",,75,1.8 X10-2 D,HC,FOTOMTR SOLUBLZTN OROT,GINN HARR,60010,T,L,0.018,D,,,,
152,1548.6,"TRIDECYL /OXYETHYLENE/ 30.6 ALCOHOL BRANCHED CHAIN, NATURAL 0E DISTRIBUTION",,25,8.0 X10-2 D,HB,FOTOMTR SOLUBLZTN OROT,GINN HARR,60010,T,L,0.08,D,,,,
152,1548.6,"TRIDECYL /OXYETHYLENE/ 30.6 ALCOHOL BRANCHED CHAIN, NATURAL 0E DISTRIBUTION",,50,4.6 X10-2 D,HB,FOTOMTR SOLUBLZTN OROT,GINN HARR,60010,T,L,0.046,D,,,,
152,1548.6,"TRIDECYL /OXYETHYLENE/ 30.6 ALCOHOL BRANCHED CHAIN, NATURAL 0E DISTRIBUTION",,75,2.5 X10-2 D,HC,FOTOMTR SOLUBLZTN OROT,GINN HARR,60010,T,L,0.025,D,,,,
153,440.6,"NONYL BENZENE /OXYETHYLENE/ 5.0 ALCOHOL BRANCHED CHAIN, NATURAL 0E DISTRIBUTION",,25,2.5 X10-3 D,HD,FOTOMTR SOLUBLZTN OROT,GINN HARR,60010,T,L,0.0025,D,,,,
153,440.6,"NONYL BENZENE /OXYETHYLENE/ 5.0 ALCOHOL BRANCHED CHAIN, NATURAL 0E DISTRIBUTION",,50,1.0 X10-3 D,HD,FOTOMTR SOLUBLZTN OROT,GINN HARR,60010,T,L,0.001,D,,,,
153,440.6,"NONYL BENZENE /OXYETHYLENE/ 5.0 ALCOHOL BRANCHED CHAIN, NATURAL 0E DISTRIBUTION",,75,1.9 X10-3 D,HD,FOTOMTR SOLUBLZTN OROT,GINN HARR,60010,T,L,0.0019,D,,,,
154,652.1,NONYL BENZENE /OXYETHYLENE/ 9.8 ALCOHOL BRANCHED CHAIN. NATURAL 0E DISTRIBUTION,,25,4.0 X10-3 D,HD,FOTOMTR SOLUBLZTN OROT,GINN HARR,60010,T,L,0.004,D,,,,
154,652.1,NONYL BENZENE /OXYETHYLENE/ 9.8 ALCOHOL BRANCHED CHAIN. NATURAL 0E DISTRIBUTION,,50,4.3 X10-3 D,HD,FOTOMTR SOLUBLZTN OROT,GINN HARR,60010,T,L,0.0043,D,,,,
154,652.1,NONYL BENZENE /OXYETHYLENE/ 9.8 ALCOHOL BRANCHED CHAIN. NATURAL 0E DISTRIBUTION,,75,4.2 X10-3 D,HD,FOTOMTR SOLUBLZTN OROT,GINN HARR,60010,T,L,0.0042,D,,,,
155,898.9,"NONYL BENZENE /OXYETHYLENE/ 15.4 ALCOHOL BRANCHED CHAIN, NATURAL 0E DISTRIBUTION",,25,7.0 X10-3 D,HD,FOTOMTR SOLUBLZTN OROT,GINN HARR,60010,T,L,0.007,D,,,,
155,898.9,"NONYL BENZENE /OXYETHYLENE/ 15.4 ALCOHOL BRANCHED CHAIN, NATURAL 0E DISTRIBUTION",,50,7.0 X10-3 D,HD,FOTOMTR SOLUBLZTN OROT,GINN HARR,60010,T,L,0.007,D,,,,
155,898.9,"NONYL BENZENE /OXYETHYLENE/ 15.4 ALCOHOL BRANCHED CHAIN, NATURAL 0E DISTRIBUTION",,75,9.2 X10-3 D,HD,FOTOMTR SOLUBLZTN OROT,GINN HARR,60010,T,L,0.0092,D,,,,
156,1101.5,"NONYL BENZENE /OXYETHYLENE/ 20.0 ALCOHOL BRANCHED CHAIN, NATURAL 0E DISTRIBUTION",,25,1.0 X10-2 D,HC,FOTOMTR SOLUBLZTN OROT,GINN HARR,60010,T,L,0.01,D,,,,
156,1101.5,"NONYL BENZENE /OXYETHYLENE/ 20.0 ALCOHOL BRANCHED CHAIN, NATURAL 0E DISTRIBUTION",,25,1.55 X10-4 M,HD,SURFACE TENSION LOG PLOT,HSIA DUNN,56014,T,L,0.000155,M,,,,
156,1101.5,"NONYL BENZENE /OXYETHYLENE/ 20.0 ALCOHOL BRANCHED CHAIN, NATURAL 0E DISTRIBUTION",,50,1.0 X10-2 D,HC,FOTOMTR SOLUBLZTN OROT,GINN HARR,60010,T,L,0.01,D,,,,
156,1101.5,"NONYL BENZENE /OXYETHYLENE/ 20.0 ALCOHOL BRANCHED CHAIN, NATURAL 0E DISTRIBUTION",,75,1.2 X10-2 D,HC,FOTOMTR SOLUBLZTN OROT,GINN HARR,60010,T,L,0.012,D,,,,
156,1101.5,"NONYL BENZENE /OXYETHYLENE/ 20.0 ALCOHOL BRANCHED CHAIN, NATURAL 0E DISTRIBUTION",8.6 E-1 M NA CL,25,7.8 X10-5 M,HD,SURFACE TENSION LOG PLOT,HSIA DUNN,-56014,T,L,0.000078,M,,,,
157,1551,"NONYL BENZENE /OXYETHYLENE/ 30.2 ALCOHOL BRANCHED CHAIN, NATURAL 0E DISTRIBUTION",,25,2.4 X10-2 D,HC,FOTOMTR SOLUBLZTN OROT,GINN HARR,60010,T,L,0.024,D,,,,
157,1551,"NONYL BENZENE /OXYETHYLENE/ 30.2 ALCOHOL BRANCHED CHAIN, NATURAL 0E DISTRIBUTION",,50,2.0 X10-2 D,HC,FOTOMTR SOLUBLZTN OROT,GINN HARR,60010,T,L,0.02,D,,,,
157,1551,"NONYL BENZENE /OXYETHYLENE/ 30.2 ALCOHOL BRANCHED CHAIN, NATURAL 0E DISTRIBUTION",,75,1.9 X10-2 D,HC,FOTOMTR SOLUBLZTN OROT,GINN HARR,60010,T,L,0.019,D,,,,
158,482.7,"DODECYL BENZENE /OXYETHYLENE/ 5.0 ALCOHOL BRANCHED CHAIN, NATURAL 0E DISTRIBUTION",,25,7.5 X10-4 D,HD,FOTOMTR SOLUBLZTN OROT,GINN HARR,60010,T,L,0.00075,D,,,,
158,482.7,"DODECYL BENZENE /OXYETHYLENE/ 5.0 ALCOHOL BRANCHED CHAIN, NATURAL 0E DISTRIBUTION",,50,5. X10-4 D,HD,FOTOMTR SOLUBLZTN OROT,GINN HARR,60010,T,L,0.0005,D,,,,
158,482.7,"DODECYL BENZENE /OXYETHYLENE/ 5.0 ALCOHOL BRANCHED CHAIN, NATURAL 0E DISTRIBUTION",,75,5. X10-4 D,HD,FOTOMTR SOLUBLZTN OROT,GINN HARR,60010,T,L,0.0005,D,,,,
159,711.8,"DODECYL BENZENE /OXYETHYLENE/ 10.2 ALCOHOL BRANCHED CHAIN, NATURAL 0E DISTRIBUTION",,25,1.0 X10-3 D,HD,FOTOMTR SOLUBLZTN OROT,GINN HARR,60010,T,L,0.001,D,,,,
159,711.8,"DODECYL BENZENE /OXYETHYLENE/ 10.2 ALCOHOL BRANCHED CHAIN, NATURAL 0E DISTRIBUTION",,25,2.4 X10-3 D,HE,METHOD NOT CITED,GINN HARR,61014,T,L,0.0024,D,,,,
159,711.8,"DODECYL BENZENE /OXYETHYLENE/ 10.2 ALCOHOL BRANCHED CHAIN, NATURAL 0E DISTRIBUTION",,50,5. X10-4 D,HD,FOTOMTR SOLUBLZTN OROT,GINN HARR,60010,T,L,0.0005,D,,,,
159,711.8,"DODECYL BENZENE /OXYETHYLENE/ 10.2 ALCOHOL BRANCHED CHAIN, NATURAL 0E DISTRIBUTION",,75,5. X10-4 D,HD,FOTOMTR SOLUBLZTN OROT,GINN HARR,60010,T,L,0.0005,D,,,,
159,711.8,"DODECYL BENZENE /OXYETHYLENE/ 10.2 ALCOHOL BRANCHED CHAIN, NATURAL 0E DISTRIBUTION",,75,5. X10-4 D,HE,METHOD NOT CITED,GINN HARR,61014,T,,0.0005,D,,,,
160,927.7,"DODECYL BENZENE /OXYETHYLENE/ 15.1 ALCOHOL BRANCHED CHAIN, NATURAL 0E DISTRIBUTION",,25,1.5 X10-3 D,HD,FOTOMTR SOLUBLZTN OROT,GINN HARR,60010,T,L,0.0015,D,,,,
160,927.7,"DODECYL BENZENE /OXYETHYLENE/ 15.1 ALCOHOL BRANCHED CHAIN, NATURAL 0E DISTRIBUTION",,50,1.0 X10-3 D,HD,FOTOMTR SOLUBLZTN OROT,GINN HARR,60010,T,L,0.001,D,,,,
160,927.7,"DODECYL BENZENE /OXYETHYLENE/ 15.1 ALCOHOL BRANCHED CHAIN, NATURAL 0E DISTRIBUTION",,75,1.0 X10-3 D,HD,FOTOMTR SOLUBLZTN OROT,GINN HARR,60010,T,L,0.001,D,,,,
161,1148,DODECYL BENZENE /OXYETHYLENE/ 20.1 ALCOHOL BRANCHED CHAIN. NATURAL 0E DISTRIBUTION,,25,2.0 X10-3 D,HD,FOTOMTR SOLUBLZTN OROT,GINN HARR,60010,T,L,0.002,D,,,,
161,1148,DODECYL BENZENE /OXYETHYLENE/ 20.1 ALCOHOL BRANCHED CHAIN. NATURAL 0E DISTRIBUTION,,50,1.0 X10-3 D,HD,FOTOMTR SOLUBLZTN OROT,GINN HARR,60010,T,L,0.001,D,,,,
161,1148,DODECYL BENZENE /OXYETHYLENE/ 20.1 ALCOHOL BRANCHED CHAIN. NATURAL 0E DISTRIBUTION,,75,1.0 X10-3 D,HD,FOTOMTR SOLUBLZTN OROT,GINN HARR,60010,T,L,0.001,D,,,,
162,1610.7,"DODECYL BENZENE /OXYETHYLENE/ 30.6 ALCOHOL BRANCHED CHAIN, NATURAL 0E DISTRIBUTION",,25,3.8 X10-3 D,HC,FOTOMTR SOLUBLZTN OROT,GINN HARR,60010,T,L,0.0038,D,,,,
162,1610.7,"DODECYL BENZENE /OXYETHYLENE/ 30.6 ALCOHOL BRANCHED CHAIN, NATURAL 0E DISTRIBUTION",,50,1.0 X10-3 D,HD,FOTOMTR SOLUBLZTN OROT,GINN HARR,60010,T,L,0.001,D,,,,
162,1610.7,"DODECYL BENZENE /OXYETHYLENE/ 30.6 ALCOHOL BRANCHED CHAIN, NATURAL 0E DISTRIBUTION",,75,1.0 X10-3 D,HD,FOTOMTR SOLUBLZTN OROT,GINN HARR,60010,T,L,0.001,D,,,,
163,538.8,DODECYL /OXYETHYLENE/ 8 ALCOHOL NATURAL DISTRIBUTION OF HEAD GROUPS,,UNK,5.5 X10-3 D,HC,TURBIDITY PLT LITE SCATR,BECH,59006,T,L,0.0055,D,,,,
163,538.8,DODECYL /OXYETHYLENE/ 8 ALCOHOL NATURAL DISTRIBUTION OF HEAD GROUPS,,UNK,5.9 X10-3 D,HC,FOTOMTR SPCTR CHNG I2,BECH,59006,G,L,0.0059,D,,,,
163,538.8,DODECYL /OXYETHYLENE/ 8 ALCOHOL NATURAL DISTRIBUTION OF HEAD GROUPS,,UNK,5.9 X10-3 D,HC,TURBIDITY PLT LITE SCATR,BECH,61003,T,L,0.0059,D,,,,
163,538.8,DODECYL /OXYETHYLENE/ 8 ALCOHOL NATURAL DISTRIBUTION OF HEAD GROUPS,E 0 CA CL2,25,,,SUMMARIZING EQN ONLY,BECH,62002,,R,,,,,,
163,538.8,DODECYL /OXYETHYLENE/ 8 ALCOHOL NATURAL DISTRIBUTION OF HEAD GROUPS,E 0 NA CITRATE,25,,,SUMMARIZING EQN ONLY,BECH,62002,,R,,,,,,
163,538.8,DODECYL /OXYETHYLENE/ 8 ALCOHOL NATURAL DISTRIBUTION OF HEAD GROUPS,E 0 NA CL,25,,,SUMMARIZING EQN ONLY,BECH,62002,,R,,,,,,
163,538.8,DODECYL /OXYETHYLENE/ 8 ALCOHOL NATURAL DISTRIBUTION OF HEAD GROUPS,E 0 NA2 S04,25,,,SUMMARIZING EQN ONLY,BECH,62002,,R,,,,,,
164,715,DODECYL /OXYETHYLENE/ 12 ALCOHOL NATURAL DISTRIBUTION OF HEAD GROUPS,,UNK,6.5 X10-3 D,HC,TURBIDITY PLT LITE SCATR,BECH,59006,T,L,0.0065,D,,,,
164,715,DODECYL /OXYETHYLENE/ 12 ALCOHOL NATURAL DISTRIBUTION OF HEAD GROUPS,,UNK,6.5 X10-3 D,HC,FOTOMTR SPCTR CHNG I2,BECH,59006,G,L,0.0065,D,,,,
164,715,DODECYL /OXYETHYLENE/ 12 ALCOHOL NATURAL DISTRIBUTION OF HEAD GROUPS,,UNK,6.5 X10-3 D,HC,TURBIDITY PLT LITE SCATR,BECH,61003,T,L,0.0065,D,,,,
164,715,DODECYL /OXYETHYLENE/ 12 ALCOHOL NATURAL DISTRIBUTION OF HEAD GROUPS,E 0 CA CL2,25,,,SUMMARIZING EQN ONLY,BECH,62002,,R,,,,,,
164,715,DODECYL /OXYETHYLENE/ 12 ALCOHOL NATURAL DISTRIBUTION OF HEAD GROUPS,E 0 NA CITRATE,25,,,SUMMARIZING EQN ONLY,BECH,62002,,R,,,,,,
164,715,DODECYL /OXYETHYLENE/ 12 ALCOHOL NATURAL DISTRIBUTION OF HEAD GROUPS,E 0 NA CL,25,,,SUMMARIZING EQN ONLY,BECH,62002,,R,,,,,,
164,715,DODECYL /OXYETHYLENE/ 12 ALCOHOL NATURAL DISTRIBUTION OF HEAD GROUPS,E 0 NA2 S04,25,,,SUMMARIZING EQN ONLY,BECH,62002,,R,,,,,,
165,979.4,DODECYL /OXYETHYLENE/ 18 ALCOHOL NATURAL DISTRIBUTION OF HEAD GROUPS,,UNK,8.5 X10-3 D,HC,TURBIDITY PLT LITE SCATR,BECH,59006,T,L,0.0085,D,,,,
165,979.4,DODECYL /OXYETHYLENE/ 18 ALCOHOL NATURAL DISTRIBUTION OF HEAD GROUPS,,UNK,8.0 X10-3 D,HC,FOTOMTR SPCTR CHNG I2,BECH,59006,G,L,0.008,D,,,,
165,979.4,DODECYL /OXYETHYLENE/ 18 ALCOHOL NATURAL DISTRIBUTION OF HEAD GROUPS,,UNK,8.0 X10-3 D,HC,TURBIDITY PLT LITE SCATR,BECH,61003,T,L,0.008,D,,,,
165,979.4,DODECYL /OXYETHYLENE/ 18 ALCOHOL NATURAL DISTRIBUTION OF HEAD GROUPS,E 0 CA CL2,25,,,SUMMARIZING EQN ONLY,BECH,62002,,R,,,,,,
165,979.4,DODECYL /OXYETHYLENE/ 18 ALCOHOL NATURAL DISTRIBUTION OF HEAD GROUPS,E 0 NA CITRATE,25,,,SUMMARIZING EQN ONLY,BECH,62002,,R,,,,,,
165,979.4,DODECYL /OXYETHYLENE/ 18 ALCOHOL NATURAL DISTRIBUTION OF HEAD GROUPS,E 0 NA CL,25,,,SUMMARIZING EQN ONLY,BECH,62002,,R,,,,,,
165,979.4,DODECYL /OXYETHYLENE/ 18 ALCOHOL NATURAL DISTRIBUTION OF HEAD GROUPS,E 0 NA2 S04,25,,,SUMMARIZING EQN ONLY,BECH,62002,,R,,,,,,
166,1199.7,DODECYL /OXYETHYLENE/ 23 ALCOHOL NATURAL DISTRIBUTION OF HEAD GROUPS,,UN,1.1 X10-2 D,HD,FOTOMTR SPCTR CHNG BZP4,BECH,65013,T,L,0.011,D,,,,
166,1199.7,DODECYL /OXYETHYLENE/ 23 ALCOHOL NATURAL DISTRIBUTION OF HEAD GROUPS,,UNK,1.4 X10-2 D,HD,TURBIDITY PLT LITE SCATR,BECH,59006,T,L,0.014,D,,,,
166,1199.7,DODECYL /OXYETHYLENE/ 23 ALCOHOL NATURAL DISTRIBUTION OF HEAD GROUPS,,UNK,1.1 X10-2 D,HD,FOTOMTR SPCTR CHNG I2,BECH,59006,G,L,0.011,D,,,,
166,1199.7,DODECYL /OXYETHYLENE/ 23 ALCOHOL NATURAL DISTRIBUTION OF HEAD GROUPS,,UNK,5.8 X10-3 D,HC,FOTOMTR SPCTR CHNG I2,ROSS OLIV,59020,T,L,0.0058,D,,,,
166,1199.7,DODECYL /OXYETHYLENE/ 23 ALCOHOL NATURAL DISTRIBUTION OF HEAD GROUPS,,UNK,6. X10-3 D,HE,SURFACE TENSION LOG PLOT,ROSS OLIV,59020,T,I,0.006,D,,,,
166,1199.7,DODECYL /OXYETHYLENE/ 23 ALCOHOL NATURAL DISTRIBUTION OF HEAD GROUPS,,UNK,1.1 X10-2 D,HD,METHOD NOT CITED,BECH,63020,T,L,0.011,D,,,,
166,1199.7,DODECYL /OXYETHYLENE/ 23 ALCOHOL NATURAL DISTRIBUTION OF HEAD GROUPS,,UNK,1.1 X10-2 D,HD,TURBIDITY PLT LITE SCATR,BECH,61003,T,L,0.011,D,,,,
166,1199.7,DODECYL /OXYETHYLENE/ 23 ALCOHOL NATURAL DISTRIBUTION OF HEAD GROUPS,,UNK,1.1 X10-2 D,HD,FOTOMTR SPCTR CHNG BZP4,BECH,62001,T,L,0.011,D,,,,
166,1199.7,DODECYL /OXYETHYLENE/ 23 ALCOHOL NATURAL DISTRIBUTION OF HEAD GROUPS,,UNK,1.1 X10-2 D,HD,SURFACE TENSION UNSPEC,BECH,62001,T,L,0.011,D,,,,
166,1199.7,DODECYL /OXYETHYLENE/ 23 ALCOHOL NATURAL DISTRIBUTION OF HEAD GROUPS,,UNK,1.1 X10-2 D,HD,FOTOMTR SPCTR CHNG I2,BECH,62001,T,L,0.011,D,,,,
166,1199.7,DODECYL /OXYETHYLENE/ 23 ALCOHOL NATURAL DISTRIBUTION OF HEAD GROUPS,,UNK,1.4 X10-2 D,HD,TURBIDITY PLT LITE SCATR,BECH CLIF,59005,T,L,0.014,D,,,,
166,1199.7,DODECYL /OXYETHYLENE/ 23 ALCOHOL NATURAL DISTRIBUTION OF HEAD GROUPS,E 0 CA CL2,25,,,SUMMARIZING EQN ONLY,BECH,62002,,R,,,,,,
166,1199.7,DODECYL /OXYETHYLENE/ 23 ALCOHOL NATURAL DISTRIBUTION OF HEAD GROUPS,1.1 E 0 A DIOXANE,UN,1.3 X10-2 D,HD,FOTOMTR SPCTR CHNG BZP4,BECH,65013,T,L,0.013,D,,,,
166,1199.7,DODECYL /OXYETHYLENE/ 23 ALCOHOL NATURAL DISTRIBUTION OF HEAD GROUPS,2.3 E O . A DIOXANE,UN,2.0 X10-2 D,HD,FOTOMTR SPCTR CHNG BZP4,BECH,65013,T,L,0.02,D,,,,
166,1199.7,DODECYL /OXYETHYLENE/ 23 ALCOHOL NATURAL DISTRIBUTION OF HEAD GROUPS,3.6 E O A DIOXANE,UN,2.6 X10-2 D,HD,FOTOMTR SPCTR CHNG BZP4,BECH,65013,T,L,0.026,D,,,,
166,1199.7,DODECYL /OXYETHYLENE/ 23 ALCOHOL NATURAL DISTRIBUTION OF HEAD GROUPS,5.0 E 0 A DIOXANE,UN,3.6 X10-2 D,HD,FOTOMTR SPCTR CHNG BZP4,BECH,65013,T,L,0.036,D,,,,
166,1199.7,DODECYL /OXYETHYLENE/ 23 ALCOHOL NATURAL DISTRIBUTION OF HEAD GROUPS,1.6 E O A ETHANOL,UN,1.2 X10-2 D,HD,FOTOMTR SPCTR CHNG BZP4,BECH,65013,T,L,0.012,D,,,,
166,1199.7,DODECYL /OXYETHYLENE/ 23 ALCOHOL NATURAL DISTRIBUTION OF HEAD GROUPS,3.3 E O A ETHANOL,UN,1.5 X10-2 D,HD,FOTOMTR SPCTR CHNG BZP4,BECH,65013,T,L,0.015,D,,,,
166,1199.7,DODECYL /OXYETHYLENE/ 23 ALCOHOL NATURAL DISTRIBUTION OF HEAD GROUPS,5.2 0 A ETHANOL,UN,2.0 X10-2 D,HD,FOTOMTR SPCTR CHNG BZP4,BECH,65013,T,L,0.02,D,,,,
166,1199.7,DODECYL /OXYETHYLENE/ 23 ALCOHOL NATURAL DISTRIBUTION OF HEAD GROUPS,7.0 E 0 A ETHANOL,UN,2.9 X10-2 D,HD,FOTOMTR SPCTR CHNG BZP4,BECH,65013,T,L,0.029,D,,,,
166,1199.7,DODECYL /OXYETHYLENE/ 23 ALCOHOL NATURAL DISTRIBUTION OF HEAD GROUPS,. E 0 NA CITRATE,25,,,SUMMARIZING EQN ONLY,BECH,62002,,R,,,,,,
166,1199.7,DODECYL /OXYETHYLENE/ 23 ALCOHOL NATURAL DISTRIBUTION OF HEAD GROUPS,. E 0 NA CL,25,,,SUMMARIZING EQN ONLY,BECH,62002,,R,,,,,,
166,1199.7,DODECYL /OXYETHYLENE/ 23 ALCOHOL NATURAL DISTRIBUTION OF HEAD GROUPS,E 0 NA2 S04,25,,,SUMMARIZING EQN ONLY,BECH,62002,,R,,,,,,
166,1199.7,DODECYL /OXYETHYLENE/ 23 ALCOHOL NATURAL DISTRIBUTION OF HEAD GROUPS,5. 0 P SUCROSE,UNK,1.1 X10-2 D,HD,METHOD NOT CITED,BECH,63020,T,L,0.011,D,,,,
166,1199.7,DODECYL /OXYETHYLENE/ 23 ALCOHOL NATURAL DISTRIBUTION OF HEAD GROUPS,1.0 1 P SUCROSE,UNK,1.1 X10-2 D,HD,METHOD NOT CITED,BECH,63020,T,L,0.011,D,,,,
166,1199.7,DODECYL /OXYETHYLENE/ 23 ALCOHOL NATURAL DISTRIBUTION OF HEAD GROUPS,1.5 1 P SUCROSE,UNK,1.0 X10-2 D,HD,METHOD NOT CITED,BECH,63020,T,L,0.01,D,,,,
166,1199.7,DODECYL /OXYETHYLENE/ 23 ALCOHOL NATURAL DISTRIBUTION OF HEAD GROUPS,2.0 E 1 P SUCROSE,UNK,9.3 X10-3 D,HD,METHOD NOT CITED,BECH,63020,T,L,0.0093,D,,,,
167,660.9,"NONYL BENZENE /OXYETHYLENE/ 10 ALCOHOL BRANCHED CHAIN, NATURAL 0E DISTRIBUTION",,75,4. X10-3 D,HE,METHOD NOT CITED,GINN HARR,61014,T,L,0.004,D,,,,
167,660.9,"NONYL BENZENE /OXYETHYLENE/ 10 ALCOHOL BRANCHED CHAIN, NATURAL 0E DISTRIBUTION",,UNK,6.4 X10-3 D,HC,TURBIDITY PLT LITE SCATR,BECH,61003,T,L,0.0064,D,,,,
167,660.9,"NONYL BENZENE /OXYETHYLENE/ 10 ALCOHOL BRANCHED CHAIN, NATURAL 0E DISTRIBUTION",E 0 NA CL,25,,,SUMMARIZING EQN ONLY,BECH,62002,,R,,,,,,
168,881.2,"NONYL BENZENE /OXYETHYLENE/ 15 ALCOHOL BRANCHED CHAIN, NATURAL 0E DISTRIBUTION",,25,1.2 X10-4 M,HD,SURFACE TENSION LOG PLOT,HSIA DUNN,56014,T,L,0.00012,M,,,,
168,881.2,"NONYL BENZENE /OXYETHYLENE/ 15 ALCOHOL BRANCHED CHAIN, NATURAL 0E DISTRIBUTION",,25,8.3 X10-3 D,HC,TURBIDITY PLT LITE SCATR,BECH,62002,T,L,0.0083,D,,,,
168,881.2,"NONYL BENZENE /OXYETHYLENE/ 15 ALCOHOL BRANCHED CHAIN, NATURAL 0E DISTRIBUTION",,25,7.7 X10-3 D,HC,FOTOMTR SPCTR CHNG I2,BECH,62002,T,L,0.0077,D,,,,
168,881.2,"NONYL BENZENE /OXYETHYLENE/ 15 ALCOHOL BRANCHED CHAIN, NATURAL 0E DISTRIBUTION",,25,8.1 X10-3 D,HC,SURFACE TENSION UNSPEC,BECH,62002,T,L,0.0081,D,,,,
168,881.2,"NONYL BENZENE /OXYETHYLENE/ 15 ALCOHOL BRANCHED CHAIN, NATURAL 0E DISTRIBUTION",,UNK,7.7 X10-3 D,HC,TURBIDITY PLT LITE SCATR,BECH,61003,T,L,0.0077,D,,,,
168,881.2,"NONYL BENZENE /OXYETHYLENE/ 15 ALCOHOL BRANCHED CHAIN, NATURAL 0E DISTRIBUTION",,UNK,7.4 X10-3 D,HC,FOTOMTR SPCTR CHNG BZP4,BECH,62001,T,L,0.0074,D,,,,
168,881.2,"NONYL BENZENE /OXYETHYLENE/ 15 ALCOHOL BRANCHED CHAIN, NATURAL 0E DISTRIBUTION",,UNK,8.1 X10-3 D,HC,SURFACE TENSION UNSPEC,BECH,62001,T,L,0.0081,D,,,,
168,881.2,"NONYL BENZENE /OXYETHYLENE/ 15 ALCOHOL BRANCHED CHAIN, NATURAL 0E DISTRIBUTION",,UNK,7.7 X10-3 D,HC,FOTOMTR SPCTR CHNG I2,BECH,62001,T,L,0.0077,D,,,,
168,881.2,"NONYL BENZENE /OXYETHYLENE/ 15 ALCOHOL BRANCHED CHAIN, NATURAL 0E DISTRIBUTION",8.6 E-1 H CL,25,1.20 X10-4 M,HD,SURFACE TENSION LOG PLOT,HSIA DUNN,56014,T,L,0.00012,M,,,,
168,881.2,"NONYL BENZENE /OXYETHYLENE/ 15 ALCOHOL BRANCHED CHAIN, NATURAL 0E DISTRIBUTION",3.1 EOM H CL,25,1.50 X10-4 M,HD,SURFACE TENSION LOG PLOT,HSIA DUNN,56014,T,L,0.00015,M,,,,
168,881.2,"NONYL BENZENE /OXYETHYLENE/ 15 ALCOHOL BRANCHED CHAIN, NATURAL 0E DISTRIBUTION",8.6 E-1 M H N03,25,1.30 X10-4 M,HD,SURFACE TENSION LOG PLOT,HSIA DUNN,56014,T,L,0.00013,M,,,,
168,881.2,"NONYL BENZENE /OXYETHYLENE/ 15 ALCOHOL BRANCHED CHAIN, NATURAL 0E DISTRIBUTION",3.1 EOM H N03,25,2.90 X10-4 M,HD,SURFACE TENSION LOG PLOT,HSIA DUNN,56014,T,L,0.00029,M,,,,
168,881.2,"NONYL BENZENE /OXYETHYLENE/ 15 ALCOHOL BRANCHED CHAIN, NATURAL 0E DISTRIBUTION",5. E-1 M NA BR,25,1.00 X10-4 M,HD,SURFACE TENSION LOG PLOT,HSIA DUNN,56014,T,L,0.0001,M,,,,
168,881.2,"NONYL BENZENE /OXYETHYLENE/ 15 ALCOHOL BRANCHED CHAIN, NATURAL 0E DISTRIBUTION",5. E-1 M NA BR03,25,7.6 X10-5 M,HD,SURFACE TENSION LOG PLOT,HSIA DUNN,56014,T,L,0.000076,M,,,,
168,881.2,"NONYL BENZENE /OXYETHYLENE/ 15 ALCOHOL BRANCHED CHAIN, NATURAL 0E DISTRIBUTION",5. E-1 M NA CL,25,8.4 X10-5 M,HD,SURFACE TENSION LOG PLOT,HSIA DUNN,56014,T,L,0.000084,M,,,,
168,881.2,"NONYL BENZENE /OXYETHYLENE/ 15 ALCOHOL BRANCHED CHAIN, NATURAL 0E DISTRIBUTION",8.6 E-1 M NA CL,25,5.1 X10-5 M,HD,SURFACE TENSION LOG PLOT,HSIA DUNN,56014,T,L,0.000051,M,,,,
168,881.2,"NONYL BENZENE /OXYETHYLENE/ 15 ALCOHOL BRANCHED CHAIN, NATURAL 0E DISTRIBUTION",E O NA CL,25,,,SUMMARIZING EQN ONLY,BECH,62002,,R,,,,,,
168,881.2,"NONYL BENZENE /OXYETHYLENE/ 15 ALCOHOL BRANCHED CHAIN, NATURAL 0E DISTRIBUTION",5. E-1 M NA I,25,1.08 X10-4 M,HD,SURFACE TENSION LOG PLOT,HSIA DUNN,56014,T,L,0.000108,M,,,,
168,881.2,"NONYL BENZENE /OXYETHYLENE/ 15 ALCOHOL BRANCHED CHAIN, NATURAL 0E DISTRIBUTION",5. E-1 M NA N03,25,9.7 X10-5 M,HD,SURFACE TENSION LOG PLOT,HSIA DUNN,56014,T,L,0.000097,M,,,,
168,881.2,"NONYL BENZENE /OXYETHYLENE/ 15 ALCOHOL BRANCHED CHAIN, NATURAL 0E DISTRIBUTION",5. E-1 M NA OH,25,5.1 X10-5 M,HD,SURFACE TENSION LOG PLOT,HSIA DUNN,56014,T,L,0.000051,M,,,,
168,881.2,"NONYL BENZENE /OXYETHYLENE/ 15 ALCOHOL BRANCHED CHAIN, NATURAL 0E DISTRIBUTION",0337,,,,SEE CMPD NMBR IN ADDITV,HSIA DUNN,56014,,X,,,,,,
169,1542.1,"NONYL BENZENE /OXYETHYLENE/ 30 ALCOHOL BRANCHED CHAIN, NATURAL 0E DISTRIBUTION",,25,2.75 X10-4 M,HD,SURFACE TENSION LOG PLOT,HSIA DUNN,56014,T,L,0.000275,M,,,,
169,1542.1,"NONYL BENZENE /OXYETHYLENE/ 30 ALCOHOL BRANCHED CHAIN, NATURAL 0E DISTRIBUTION",,UNK,2.36 X10-2 D,HC,TURBIDITY PLT LITE SCATR,BECH,61003,T,L,0.0236,D,,,,
169,1542.1,"NONYL BENZENE /OXYETHYLENE/ 30 ALCOHOL BRANCHED CHAIN, NATURAL 0E DISTRIBUTION",8.6 E-1 NA CL,25,1.10 X10-4 M,HD,SURFACE TENSION LOG PLOT,HSIA DUNN,56014,T,L,0.00011,M,,,,
169,1542.1,"NONYL BENZENE /OXYETHYLENE/ 30 ALCOHOL BRANCHED CHAIN, NATURAL 0E DISTRIBUTION",E 0 NA CL,25,,,SUMMARIZING EQN ONLY,BECH,62002,,R,,,,,,
169,1542.1,"NONYL BENZENE /OXYETHYLENE/ 30 ALCOHOL BRANCHED CHAIN, NATURAL 0E DISTRIBUTION",0337,,,,SEE CMPD NMBR IN ADDITV,HSIA DUNN,56014,,X,,,,,,
170,1420,DODECYL /OXYETHYLENE/ 28 ALCOHOL REDUCED DISTRIBUTION OF HEAD GROUPS,,25,1.09 X10-2 D 7.670X10-5 M,EC,ULTRAFILTRATION,SCHO,64004,T M,L,0.0109,D,0.0000767,M,,
170,1420,DODECYL /OXYETHYLENE/ 28 ALCOHOL REDUCED DISTRIBUTION OF HEAD GROUPS,,25,1.1 X10-2 D 7.74 X10-5 M,EE,FOTOMTR SOLUBLZTN OROT,SCHO,66036,T M,L,0.011,D,0.0000774,M,,
171,348.4,SODIUM 2-N-DODECYL BENZENE SULFONATE,,25,1.19 X10-3 M,FA,SPECFC CONDCTNCE GRAPH,LUDL,56005,T,P,0.00119,M,,,,
171,348.4,SODIUM 2-N-DODECYL BENZENE SULFONATE,,25,7.3 X10-2 D 2.09 X10-3 M,CB,UNSPECIFIED CONDUCTANCE,SCHI FOWK,57014,T M,L,0.073,D,0.00209,M,,
171,348.4,SODIUM 2-N-DODECYL BENZENE SULFONATE,,25,6.5 X10-2 D 1.86 X10-3 M,CG,VISUAL SPCTR CHNGE PNCN,SCHI FOWK,57014,T M,L,0.065,D,0.00186,M,,
171,348.4,SODIUM 2-N-DODECYL BENZENE SULFONATE,,30,1.19 X10-3 M,FA,SPECFC CONDCTNCE GRAPH,LUDL,56005,T,P,0.00119,M,,,,
171,348.4,SODIUM 2-N-DODECYL BENZENE SULFONATE,,55,5.9 X10-2 D 1.69 X10-3 M,CG,VISUAL SPCTR CHNGE PNCN,SCHI FOWK,57014,T M,L,0.059,D,0.00169,M,,
171,348.4,SODIUM 2-N-DODECYL BENZENE SULFONATE,2.22 E 1 Q CAPRYLAMIDE,55,5.0 X10-2 D 1.43 X10-3 M,CG,VISUAL SPCTR CHNGE PNCN,SCHI FOWK,57014,T M,L,0.05,D,0.00143,M,,
171,348.4,SODIUM 2-N-DODECYL BENZENE SULFONATE,N-C10 GLYCEROL ETHER,55,3.3 X10-2 D 9.47 X10-4 M,CG,VISUAL SPCTR CHNGE PNCN,SCHI FOWK,57014,T M,L,0.033,D,0.000947,M,,
171,348.4,SODIUM 2-N-DODECYL BENZENE SULFONATE,2.22E1 DECANOL-1,55,4.1 X10-2 D 1.17 X10-3 M,CG,VISUAL SPCTR CHNGE PNCN,SCHI FOWK,57014,T M,L,0.041,D,0.00117,M,,
171,348.4,SODIUM 2-N-DODECYL BENZENE SULFONATE,2.22E 1 Q N-C10 SULFOLANYL ETH,55,3.5 X10-2 D 1.00 X10-3 M,CG,VISUAL SPCTR CHNGE PNCN,SCHI FOWK,57014,T M,L,0.035,D,0.001,M,,
171,348.4,SODIUM 2-N-DODECYL BENZENE SULFONATE,2.22 TETRADECANOL-2,55,6.0 X10-2 D 1.72 X10-3 M,CG,VISUAL SPCTR CHNGE PNCN,SCHI FOWK,57014,T M,L,0.06,D,0.00172,M,,
171,348.4,SODIUM 2-N-DODECYL BENZENE SULFONATE,2.22 E1Q ISOC5 GLYCEROL ETHER,55,5.4 X10-2 D 1.54 X10-3 M,CG,VISUAL SPCTR CHNGE PNCN,SCHI FOWK,57014,T M,L,0.054,D,0.00154,M,,
171,348.4,SODIUM 2-N-DODECYL BENZENE SULFONATE,2.22 E1Q C12 CLORHYDRIN GLET*,55,5.7 X10-2 D 1.63 X10-3 M,CG,VISUAL SPCTR CHNGE PNCN,SCHI FOWK,57014,T M,L,0.057,D,0.00163,M,,
171,348.4,SODIUM 2-N-DODECYL BENZENE SULFONATE,5.55 E O Q C12 ETHANOL AMIDE,55,4.7 X10-2 D 1.34 X10-3 M,CG,VISUAL SPCTR CHNGE PNCN,SCHI FOWK,57014,T M,L,0.047,D,0.00134,M,,
171,348.4,SODIUM 2-N-DODECYL BENZENE SULFONATE,1.11E1Q C12 ETHANOL AMIDE,55,3.7 X10-2 D 1.06 X10-3 M,CG,VISUAL SPCTR CHNGE PNCN,SCHI FOWK,57014,T M,L,0.037,D,0.00106,M,,
171,348.4,SODIUM 2-N-DODECYL BENZENE SULFONATE,1.67 E 1 Q C12 ETHANOL AMIDE,55,3.2 X10-2 D 9.18 X10-4 M,CG,VISUAL SPCTR CHNGE PNCN,SCHI FOWK,57014,T M,L,0.032,D,0.000918,M,,
171,348.4,SODIUM 2-N-DODECYL BENZENE SULFONATE,2.22 C12 ETHANOL AMIDE,55,3.1 X10-2 D 9.86 X10-4 M,CG,VISUAL SPCTR CHNGE PNCN,SCHI FOWK,57014,T M,L,0.031,D,0.000986,M,,
171,348.4,SODIUM 2-N-DODECYL BENZENE SULFONATE,2.22 C12 GLYCEROL ETHER,55,2.9 X10-2 D 8.32 X10-4 M,CG,VISUAL SPCTR CHNGE PNCN,SCHI FOWK,57014,T M,L,0.029,D,0.000832,M,,
171,348.4,SODIUM 2-N-DODECYL BENZENE SULFONATE,2.22 C12 SULFOLANYLAMIDE,55,3.5 X10-2 D 1.00 X10-3 M,CG,VISUAL SPCTR CHNGE PNCN,SCHI FOWK,57014,T M,L,0.035,D,0.001,M,,
171,348.4,SODIUM 2-N-DODECYL BENZENE SULFONATE,.22 C8 GLYCEROL ETHER,55,3.6 X10-2 D 1.03 X10-3 M,CG,VISUAL SPCTR CHNGE PNCN,SCHI FOWK,57014,T M,L,0.036,D,0.00103,M,,
171,348.4,SODIUM 2-N-DODECYL BENZENE SULFONATE,.22 E 1 N-3SOA*,55,4.8 X10-2 D 1.37 X10-3 M,CG,VISUAL SPCTR CHNGE PNCN,SCHI FOWK,57014,T M,L,0.048,D,0.00137,M,,
171,348.4,SODIUM 2-N-DODECYL BENZENE SULFONATE,2.22 E 1Q TMCHCGLET*,55,5.3 X10-2 D 1.52 X10-3 M,CG,VISUAL SPCTR CHNGE PNCN,SCHI FOWK,57014,T M,L,0.053,D,0.00152,M,,
171,348.4,SODIUM 2-N-DODECYL BENZENE SULFONATE,2.0 E1Q NA2 S04,55,3.2 X10-2 D 9.18 X10-4 M,CG,VISUAL SPCTR CHNGE PNCN,SCHI FOWK,57014,T M,L,0.032,D,0.000918,M,,
171,348.4,SODIUM 2-N-DODECYL BENZENE SULFONATE,2.0 E1Q NA2 S04 5.1 EOQ C12 ETHANOL AMIDE,55,4.0 X10-2 D 1.14 X10-3 M,CG,VISUAL SPCTR CHNGE PNCN,SCHI FOWK,57014,T M,L,0.04,D,0.00114,M,,
171,348.4,SODIUM 2-N-DODECYL BENZENE SULFONATE,2.0 E1Q NA2 S04 8.8 C12 ETHANOL AMIDE,55,3.6 X10-2 D 1.14 X10-3 M,CG,VISUAL SPCTR CHNGE PNCN,SCHI FOWK,57014,T M,L,0.036,D,0.00114,M,,
171,348.4,SODIUM 2-N-DODECYL BENZENE SULFONATE,2.0 E1Q NA2 S04 3.52E1Q C12 ETHANOL AMIDE,55,2.8 X10-2 D 8.03 X10-4 M,CG,VISUAL SPCTR CHNGE PNCN,SCHI FOWK,57014,T M,L,0.028,D,0.000803,M,,
171,348.4,SODIUM 2-N-DODECYL BENZENE SULFONATE,8.0 E1Q NA2 S04 4.4 C12 ETHANOL AMIDE,55,3.4 X10-2 D 9.75 X10-4 M,CG,VISUAL SPCTR CHNGE PNCN,SCHI FOWK,57014,T M,L,0.034,D,0.000975,M,,
171,348.4,SODIUM 2-N-DODECYL BENZENE SULFONATE,8.0 E1Q NA2 S04 8.8 C12 ETHANOL AMIDE,55,3.1 X10-2 D 8.89 X10-4 M,CG,VISUAL SPCTR CHNGE PNCN,SCHI FOWK,57014,T M,L,0.031,D,0.000889,M,,
171,348.4,SODIUM 2-N-DODECYL BENZENE SULFONATE,8.0 E1Q NA2 S04 1.76 E 1 Q C12 ETHANOL AMIDE,55,2.8 X10-2 D 8.03 X10-4 M,CG,VISUAL SPCTR CHNGE PNCN,SCHI FOWK,57014,T M,L,0.028,D,0.000803,M,,
171,348.4,SODIUM 2-N-DODECYL BENZENE SULFONATE,8.0 E1Q NA2 S04 3.52 E 1 Q C12 ETHANOL AMIDE,55,2.7 X10-2 D 7.74 X10-4 M,CG,VISUAL SPCTR CHNGE PNCN,SCHI FOWK,57014,T M,L,0.027,D,0.000774,M,,
172,292.3,SODIUM 2-N-OCTYL BENZENE SULFONATE,,55,5.56 X10-1 D 1.902X10-2 M,CG,VISUAL SPCTR CHNGE PNCN,SCHI FOWK,57014,T M,L,0.556,D,0.01902,M,,
172,292.3,SODIUM 2-N-OCTYL BENZENE SULFONATE,2.22 E 1Q N-C10 GLYCEROL ETHER,55,3.47 X10-1 D 1.187X10-2 M,CG,VISUAL SPCTR CHNGE PNCN,SCHI FOWK,57014,T M,L,0.347,D,0.01187,M,,
172,292.3,SODIUM 2-N-OCTYL BENZENE SULFONATE,2.22 E 1Q C12 ETHANOL AMIDE,55,3.43 X10-1 D 1.173X10-2 M,CG,VISUAL SPCTR CHNGE PNCN,SCHI FOWK,57014,T M,L,0.343,D,0.01173,M,,
172,292.3,SODIUM 2-N-OCTYL BENZENE SULFONATE,2.22 E 1 Q C8 GLYCEROL ETHER,55,3.33 X10-1 D 1.139X10-2 M,CG,VISUAL SPCTR CHNGE PNCN,SCHI FOWK,57014,T M,L,0.333,D,0.01139,M,,
173,320.4,SODIUM 2-N-DECYL BENZENE SULFONATE,,55,1.79 X10-1 D 5.586X10-3 M,CG,VISUAL SPCTR CHNGE PNCN,SCHI FOWK,57014,T M,L,0.179,D,0.005586,M,,
173,320.4,SODIUM 2-N-DECYL BENZENE SULFONATE,2.22 E 1 Q C12 ETHANOL AMIDE,55,1.01 X10-1 D 3.152X10-3 M,CG,VISUAL SPCTR CHNGE PNCN,SCHI FOWK,57014,T M,L,0.101,D,0.003152,M,,
174,376.5,SODIUM 2-N-TETRADECYL BENZENE SULFONATE,,55,1.5 X10-2 D 3.98 X10-4 M,CG,VISUAL SPCTR CHNGE PNCN,SCHI FOWK,57014,T M,L,0.015,D,0.000398,M,,
174,376.5,SODIUM 2-N-TETRADECYL BENZENE SULFONATE,2.22 E 1 Q C12 ETHANOL AMIDE,55,1.4 X10-2 D 3.71 X10-4 M,CG,VISUAL SPCTR CHNGE PNCN,SCHI FOWK,57014,T M,L,0.014,D,0.000371,M,,
175,272.3,SODIUM DODECANE 2-SULFONATE,,55,3.83 X10-1 D 1.406X10-2 M,CG,VISUAL SPCTR CHNGE PNCN,SCHI FOWK,57014,T M,L,0.383,D,0.01406,M,,
175,272.3,SODIUM DODECANE 2-SULFONATE,2.22 E 1 Q N-C10 GLYCEROL ETHER,55,2.08 X10-1 D 7.638X10-3 M,CG,VISUAL SPCTR CHNGE PNCN,SCHI FOWK,57014,T M,L,0.208,D,0.007638,M,,
176,300.4,SODIUM TETRADECANE 2-SULFONATE,,55,1.13 X10-1 D 3.761X10-3 M,CG,VISUAL SPCTR CHNGE PNCN,SCHI FOWK,57014,T M,L,0.113,D,0.003761,M,,
176,300.4,SODIUM TETRADECANE 2-SULFONATE,2.22 E 1 Q N-C10 GLYCEROL ETHER,55,6.9 X10-2 D 2.29 X10-3,CG,VISUAL SPCTR CHNGE PNCN,SCHI WK,57014,T M,L,0.069,D,,,,
177,328.4,SODIUM HEXADECANE 2-SULFONATE,,55,3.5 X10-2 D 1.06 X10-3 M,CG,VISUAL SPCTR CHNGE PNCN,SCHI FOWK,57014,T M,L,0.035,D,0.00106,M,,
177,328.4,SODIUM HEXADECANE 2-SULFONATE,2.22 E 1 N-C10 GLYCEROL ETHER,55,2.2 X10-2 D 6.69 X10-4 M,CG,VISUAL SPCTR CHNGE PNCN,SCHI FOWK,57014,T M,L,0.022,D,0.000669,M,,
178,356.5,SODIUM OCTADECANE 2-SULFONATE,,55,1.3 X10-2 D 3.64 X10-4 M,CG,VISUAL SPCTR CHNGE PNCN,SCHI FOWK,57014,T M,L,0.013,D,0.000364,M,,
178,356.5,SODIUM OCTADECANE 2-SULFONATE,2.22 E 1 Q N-C10 GLYCEROL ETHER,55,9. X10-3 D 2.5 X10-4 M,CG,VISUAL SPCTR CHNGE PNCN,SCHI FOWK,57014,T,L,0.009,D,0.00025,M,,
179,272.3,SODIUM DODECANE 1-SULFONATE,,25,9.8 X10-3 M,AB,SURFACE TENSION LOG PLOT,BUJA GODD,65007,L,3,0.0098,M,,,,
179,272.3,SODIUM DODECANE 1-SULFONATE,,31.5,9.8 X10-3 W,DB,KRAFFT POINT SOLUBILITY,TART WRIG,39002,T,L,0.0098,W,,,,
179,272.3,SODIUM DODECANE 1-SULFONATE,,33.5,9.2 X10-3 M,CG,VISUAL SPCTR CHNGE PNCN,KLEV,50003,T,L,0.0092,M,,,,
179,272.3,SODIUM DODECANE 1-SULFONATE,,33.5,9.2 X10-3 M,CG,FOTOMTR SPCTR CHNGE PNCN,KLEV,47004,T,L,0.0092,M,,,,
179,272.3,SODIUM DODECANE 1-SULFONATE,,35,9.0 X10-3 M,BC,ELECTROMOTIVE FORCE,CORK GOOD,64012,K,L,0.009,M,,,,
179,272.3,SODIUM DODECANE 1-SULFONATE,,35,1.05 X10-2 M,CC,REFRACTIVE INDEX,KLEV,47004,T,L,0.0105,M,,,,
179,272.3,SODIUM DODECANE 1-SULFONATE,,35,1.0 X10-2 M,CD,REFRACTIVE INDEX,KLEV,47005,T,L,0.01,M,,,,
179,272.3,SODIUM DODECANE 1-SULFONATE,,40,1.10 X10-2 M,DB,SPECFC CONDCTNCE GRAPH,WRIG ABBO,39007,T,L,0.011,M,,,,
179,272.3,SODIUM DODECANE 1-SULFONATE,,40,1.0 X10-2 M,DD,REFRACTIVE INDEX,KLEV,48005,T,L,0.01,M,,,,
179,272.3,SODIUM DODECANE 1-SULFONATE,,40,9.7 X10-3 M,AB,SURFACE TENSION LOG PLOT,BUJA GODD,65007,L,3,0.0097,M,,,,
179,272.3,SODIUM DODECANE 1-SULFONATE,,40,1.1 X10-2 N,CC,UNSPECIFIED CONDUCTANCE,TART LELO,55021,T,L,0.011,N,,,,
179,272.3,SODIUM DODECANE 1-SULFONATE,,45,1.1 X10-2 M,CD,REFRACTIVE INDEX,KLEV,47005,T,L,0.011,M,,,,
179,272.3,SODIUM DODECANE 1-SULFONATE,,50,1.1 X10-2 M,DD,REFRACTIVE INDEX,KLEV,48005,T,L,0.011,M,,,,
179,272.3,SODIUM DODECANE 1-SULFONATE,,50,6.9 X10-3 M,BG,VISUAL SPCTR CHNGE PNCN,WEIL STIR,63013,T,L,0.0069,M,,,,
179,272.3,SODIUM DODECANE 1-SULFONATE,,55,2.88 X10-1 D 1.057X10-2 M,CG,VISUAL SPCTR CHNGE PNCN,SCHI FOWK,57014,T M,L,0.288,D,0.01057,M,,
179,272.3,SODIUM DODECANE 1-SULFONATE,,55,1.2 X10-2 M,CD,REFRACTIVE INDEX,KLEV,47005,T,L,0.012,M,,,,
179,272.3,SODIUM DODECANE 1-SULFONATE,,60,1.20 X10-2 M,DB,SPECFC CONDCTNCE GRAPH,WRIG ABBO,39007,T,L,0.012,M,,,,
179,272.3,SODIUM DODECANE 1-SULFONATE,,65,1.4 X10-2 M,CD,REFRACTIVE INDEX,KLEV,47005,T,L,0.014,M,,,,
179,272.3,SODIUM DODECANE 1-SULFONATE,,80,1.40 X10-2 M,DB,SPECFC CONDCTNCE GRAPH,WRIG ABBO,39007,T,L,0.014,M,,,,
179,272.3,SODIUM DODECANE 1-SULFONATE,,UNK,1.1 X10-2 M,XG,METHOD NOT CITED,KLEV RAIS,54004,T,L,0.011,M,,,,
179,272.3,SODIUM DODECANE 1-SULFONATE,2.2 E-1 P BENZENE,33.5,7.5 X10-3 M,CG,VISUAL SPCTR CHNGE PNCN,KLEV,50003,T,L,0.0075,M,,,,
179,272.3,SODIUM DODECANE 1-SULFONATE,2.22 Q N-C10 GLYCEROL ETHER,55,1.17 X10-1 D 4.296X10-3 M,CG,VISUAL SPCTR CHNGE PNCN,SCHI FOWK,57014,T M,L,0.117,D,0.004296,M,,
179,272.3,SODIUM DODECANE 1-SULFONATE,1.00 E 2 I NA CL,40,8.1 X10-3 M,DB,SPECFC CONDCTNCE GRAPH,WRIG ABBO,39007,T,L,0.0081,M,,,,
179,272.3,SODIUM DODECANE 1-SULFONATE,1.00 E 2 I NA CL,60,9.2 X10-3 M,DB,SPECFC CONDCTNCE GRAPH,WRIG ABBO,39007,T,L,0.0092,M,,,,
179,272.3,SODIUM DODECANE 1-SULFONATE,1.00 E 2 I NA CL,80,1.17 X10-2 M,DB,SPECFC CONDCTNCE GRAPH,WRIG ABBO,39007,T,L,0.0117,M,,,,
181,216.2,SODIUM OCTYL 1-SULFONATE,,23,1.55 X10-1 N,CB,UNSPECIFIED CONDUCTANCE,TART LELO,55021,T,3,0.155,N,,,,
181,216.2,SODIUM OCTYL 1-SULFONATE,,25,1.4 X10-1 M,CG,VISUAL SPCTR CHNGE PNCN,LELO TART,51003,L,L,0.14,M,,,,
181,216.2,SODIUM OCTYL 1-SULFONATE,,25,1.55 X10-1 M,CC,REFRACTIVE INDEX,KLEV,48005,T,3,0.155,M,,,,
181,216.2,SODIUM OCTYL 1-SULFONATE,,25,1.53 X10-1 M,CC,REFRACTIVE INDEX,KLEV,47004,T,L,0.153,M,,,,
181,216.2,SODIUM OCTYL 1-SULFONATE,,25,1.45 X10-1 M,CG,FOTOMTR SPCTR CHNGE PNCN,KLEV,47004,T,L,0.145,M,,,,
181,216.2,SODIUM OCTYL 1-SULFONATE,,40,1.62 X10-1 M,CC,REFRACTIVE INDEX,KLEV,48005,T,3,0.162,M,,,,
181,216.2,SODIUM OCTYL 1-SULFONATE,,50,1.77 X10-1 M,CC,REFRACTIVE INDEX,KLEV,48005,T,L,0.177,M,,,,
182,244.3,SODIUM DECYL 1-SULFONATE,,,47005,,VALUES FRM REF IN CMC,KLEV,48005,,R,,,,,,
182,244.3,SODIUM DECYL 1-SULFONATE,,,47006,,VALUES FRM REF IN CMC,CORR HARK,46005,,R,,,,,,
182,244.3,SODIUM DECYL 1-SULFONATE,,22.5,4.0 X10-2 W,DB,KRAFFT POINT SOLUBILITY,TART WRIG,39002,T,L,0.04,W,,,,
182,244.3,SODIUM DECYL 1-SULFONATE,,25,3.8 X10-2 M,CG,VISUAL SPCTR CHNGE PNCN,KLEV,50003,T,L,0.038,M,,,,
182,244.3,SODIUM DECYL 1-SULFONATE,,25,4.2 X10-2 M,CC,REFRACTIVE INDEX,KLEV,47004,T,L,0.042,M,,,,
182,244.3,SODIUM DECYL 1-SULFONATE,,25,4.1 X10-2 M,CC,REFRACTIVE INDEX,KLEV,47005,T,L,0.041,M,,,,
182,244.3,SODIUM DECYL 1-SULFONATE,,25,3.8 X10-2 M,CG,FOTOMTR SPCTR CHNGE PNCN,KLEV,47004,T,L,0.038,M,,,,
182,244.3,SODIUM DECYL 1-SULFONATE,,26,4.00 X10-2 M,CG,VISUAL SPCTR CHNGE PNCN,CORR HARK,47006,T,L,0.04,M,,,,
182,244.3,SODIUM DECYL 1-SULFONATE,,26,3.87 X10-2 M,CG,VISUAL SPCTR CHNGE RHD6,CORR HARK,47006,T,L,0.0387,M,,,,
182,244.3,SODIUM DECYL 1-SULFONATE,,26,4.00 X10-2 M,CG,VISUAL SPCTR CHNGE PNCN,CORR HARK,47010,T,L,0.04,M,,,,
182,244.3,SODIUM DECYL 1-SULFONATE,,30,3.8 X10-2 N,,UNSPECIFIED CONDUCTANCE,TART LELO,55021,T,L,0.038,N,,,,
182,244.3,SODIUM DECYL 1-SULFONATE,,30,1.066X10 0 D 4.363X10-2 M,BA,FOTOMTR SOLUBLZTN OROT,SCHO,66036,T M,2,1.066,D,0.04363,M,,
182,244.3,SODIUM DECYL 1-SULFONATE,,35,4.2 X10-2 M,CC,REFRACTIVE INDEX,KLEV,47005,T,L,0.042,M,,,,
182,244.3,SODIUM DECYL 1-SULFONATE,,40,4.0 X10-2 M,DB,SPECFC CONDCTNCE GRAPH,WRIG ABBO,39007,T,L,0.04,M,,,,
182,244.3,SODIUM DECYL 1-SULFONATE,,40,4.1 X10-2 M,DC,REFRACTIVE INDEX,KLEV,48005,T,L,0.041,M,,,,
182,244.3,SODIUM DECYL 1-SULFONATE,,45,4.5 X10-2 M,CC,REFRACTIVE INDEX,KLEV,47005,T,L,0.045,M,,,,
182,244.3,SODIUM DECYL 1-SULFONATE,,50,4.5 X10-2 M,DC,REFRACTIVE INDEX,KLEV,48005,T,L,0.045,M,,,,
182,244.3,SODIUM DECYL 1-SULFONATE,,55,4.9 X10-2 M,CC,REFRACTIVE INDEX,KLEV,47005,T,L,0.049,M,,,,
182,244.3,SODIUM DECYL 1-SULFONATE,,60,4.3 X10-2 M,DB,SPECFC CONDCTNCE GRAPH,WRIG ABBO,39007,T,L,0.043,M,,,,
182,244.3,SODIUM DECYL 1-SULFONATE,,65,5.5 X10-2 M,CC,REFRACTIVE INDEX,KLEV,47005,T,L,0.055,M,,,,
182,244.3,SODIUM DECYL 1-SULFONATE,,80,5.8 X10-2 M,DB,SPECFC CONDCTNCE GRAPH,WRIG ABBO,39007,T,L,0.058,M,,,,
182,244.3,SODIUM DECYL 1-SULFONATE,,UNK,4.00 X10-2 M,CG,METHOD NOT CITED,HARK MITT,49006,T,L,0.04,M,,,,
182,244.3,SODIUM DECYL 1-SULFONATE,2.2 E-1 P BENZENE,25,3.4 X10-2 M,CG,VISUAL SPCTR CHNGE PNCN,KLEV,50003,T,L,0.034,M,,,,
182,244.3,SODIUM DECYL 1-SULFONATE,3.40 E-2 P BENZENE,UNK,3.81 X10-2 M,CG,METHOD NOT CITED,HARK MITT,49006,T,L,0.0381,M,,,,
182,244.3,SODIUM DECYL 1-SULFONATE,5.50 E-2 P BENZENE,UNK,3.86 X10-2 M,CG,METHOD NOT CITED,HARK MITT,49006,T,L,0.0386,M,,,,
182,244.3,SODIUM DECYL 1-SULFONATE,8.9 E-2 P BENZENE,UNK,3.89 X10-2 M,CG,METHOD NOT CITED,HARK MITT,49006,T,L,0.0389,M,,,,
182,244.3,SODIUM DECYL 1-SULFONATE,1.22 E-1 P BENZENE,UNK,3.82 X10-2 M,CG,METHOD NOT CITED,HARK MITT,49006,T,L,0.0382,M,,,,
182,244.3,SODIUM DECYL 1-SULFONATE,1.47 E-1 P BENZENE,UNK,3.85 X10-2 M,CG,METHOD NOT CITED,HARK MITT,49006,T,L,0.0385,M,,,,
182,244.3,SODIUM DECYL 1-SULFONATE,4.92 E-3 M NA CL,26,3.82 X10-2 M,CG,VISUAL SPCTR CHNGE PNCN,CORR HARK,47010,T,L,0.0382,M,,,,
182,244.3,SODIUM DECYL 1-SULFONATE,1.35 E-2 M NA CL,26,3.50 X10-2 M,CG,VISUAL SPCTR CHNGE PNCN,CORR HARK,47010,T,L,0.035,M,,,,
182,244.3,SODIUM DECYL 1-SULFONATE,2.86 E-2 M NA CL,26,3.17 X10-2 M,CG,VISUAL SPCTR CHNGE PNCN,CORR HARK,47010,T,L,0.0317,M,,,,
182,244.3,SODIUM DECYL 1-SULFONATE,5.27 E-2 M NA CL,26,2.93 X10-2 M,CG,VISUAL SPCTR CHNGE PNCN,CORR HARK,47010,T,L,0.0293,M,,,,
182,244.3,SODIUM DECYL 1-SULFONATE,1.0 E-1 M NA CL,30,5.364X10-1 D 2.195x10-2 M,BA,FOTOMTR SOLUBLETN OROT,SCHO,66036,T M,2,0.5364,D,0.02195,M,,
182,244.3,SODIUM DECYL 1-SULFONATE,4.21 E-3 M NA2 S04,26,3.72 X10-2 M,CG,VISUAL SPCTR CHNGE PNCN,CORR HARK,47010,T,L,0.0372,M,,,,
182,244.3,SODIUM DECYL 1-SULFONATE,7.97 E-3 M NA2 S04,26,3.52 X10-2 M,CG,VISUAL SPCTR CHNGE PNCN,CORR HARK,47010,T,L,0.0352,M,,,,
182,244.3,SODIUM DECYL 1-SULFONATE,1.98 E-2 M NA2 S04,26,3.12 X10-2 M,CG,VISUAL SPCTR CHNGE PNCN,CORR HARK,47010,T,L,0.0312,M,,,,
182,244.3,SODIUM DECYL 1-SULFONATE,3.46 E-2 M NA2 S04,26,2.73 X10-2 M,CG,VISUAL SPCTR CHNGE PNCN,CORR HARK,47010,T,L,0.0273,M,,,,
183,300.4,SODIUM TETRADECYL 1-SULFONATE,,39.5,2.7 X10-3 W,DB,KRAFFT POINT SOLUBILITY,TART WRIG,39002,T,L,0.0027,W,,,,
183,300.4,SODIUM TETRADECYL 1-SULFONATE,,40,2.5 X10-3 M,DB,SPECFC CONDCTNCE GRAPH,WRIG ABBO,39007,T,L,0.0025,M,,,,
183,300.4,SODIUM TETRADECYL 1-SULFONATE,,40,2.5 X10-3 M,CC,REFRACTIVE INDEX,KLEV,48005,T,L,0.0025,M,,,,
183,300.4,SODIUM TETRADECYL 1-SULFONATE,,42.5,2.5 X10-3 M,CG,VISUAL SPCTR CHNGE PNCN,KLEV,50003,T,L,0.0025,M,,,,
183,300.4,SODIUM TETRADECYL 1-SULFONATE,,42.5,2.5 X10-3 M,CG,FOTOMTR SPCTR CHNGE PNCN,KLEV,47004,T,L,0.0025,M,,,,
183,300.4,SODIUM TETRADECYL 1-SULFONATE,,45,2.9 X10-3 M,CC,REFRACTIVE INDEX,KLEV,48005,T,L,0.0029,M,,,,
183,300.4,SODIUM TETRADECYL 1-SULFONATE,,45,3.15 X10-3 M,CC,REFRACTIVE INDEX,KLEV,47004,T,L,0.00315,M,,,,
183,300.4,SODIUM TETRADECYL 1-SULFONATE,,50,2.9 X10-3 M,CC,REFRACTIVE INDEX,KLEV,48005,T,L,0.0029,M,,,,
183,300.4,SODIUM TETRADECYL 1-SULFONATE,,50,2.03 X10-3 M,BG,VISUAL SPCTR CHNGE PNCN,WEIL STIR,63013,T,L,0.00203,M,,,,
183,300.4,SODIUM TETRADECYL 1-SULFONATE,,60,3.3 X10-3 M,DB,SPECFC CONDCTNCE GRAPH,WRIG ABBO,39007,T,L,0.0033,M,,,,
183,300.4,SODIUM TETRADECYL 1-SULFONATE,,60,3.3 X10-3 N,DC,UNSPECIFIED CONDUCTANCE,TART LELO,55021,TA,L,0.0033,N,,,,
183,300.4,SODIUM TETRADECYL 1-SULFONATE,,80,4.6 X10-3 M,DB,SPECFC CONDCTNCE GRAPH,WRIG ABBO,39007,T,L,0.0046,M,,,,
183,300.4,SODIUM TETRADECYL 1-SULFONATE,2.2 E-1 P BENZENE,42.5,1.8 X10-3 M,CG,VISUAL SPCTR CHNGE PNCN,KLEV,50003,T,L,0.0018,M,,,,
184,328.4,SODIUM HEXADECYL 1-SULFONATE,,47.5,1.05 X10-3 W,DB,KRAFFT POINT SOLUBILITY,TART WRIG,39002,T,L,0.00105,W,,,,
184,328.4,SODIUM HEXADECYL 1-SULFONATE,,50,7. X10-4 M,CD,REFRACTIVE INDEX,KLEV,48005,T,L,0.0007,M,,,,
184,328.4,SODIUM HEXADECYL 1-SULFONATE,,50,8.0 X10-4 M,CG,FOTOMTR SPCTR CHNGE PNCN,KLEV,47004,T,L,0.0008,M,,,,
184,328.4,SODIUM HEXADECYL 1-SULFONATE,,50,4.5 X10-4 M,BG,VISUAL SPCTR CHNGE PNCN,WEIL STIR,63013,T,L,0.00045,M,,,,
184,328.4,SODIUM HEXADECYL 1-SULFONATE,,52,9. X10-4 M,CD,REFRACTIVE INDEX,KLEV,48005,T,L,0.0009,M,,,,
184,328.4,SODIUM HEXADECYL 1-SULFONATE,,52,1.15 X10-3 M,CC,REFRACTIVE INDEX,KLEV,47004,T,L,0.00115,M,,,,
185,294.5,POTASSIUM HEXADECANOATE,,35,1.8 X10-3 M,DD,REFRACTIVE INDEX,KLEV,48005,T,L,0.0018,M,,,,
185,294.5,POTASSIUM HEXADECANOATE,,45,1.9 X10-3 M,DD,REFRACTIVE INDEX,KLEV,48005,T,L,0.0019,M,,,,
185,294.5,POTASSIUM HEXADECANOATE,,50,2.2 X10-3 M,XC,REFRACTIVE INDEX,KLEV,53010,T,L,0.0022,M,,,,
185,294.5,POTASSIUM HEXADECANOATE,1. E-1 K K ION 1.23 E 1 PH OF SOLUTION,UNK,9.0 X10-5 M,CC,SURFACE TENSION LOG PLOT,ROE BRAS,54013,T,L,0.00009,M,,,,
186,277.9,HEXADECYL AMMONIUM CHLORIDE,,40,1.07 X10-3 M,CB,SPECFC CONDCTNCE GRAPH,SHIR TAMA,57016,P,L,0.00107,M,,,,
186,277.9,HEXADECYL AMMONIUM CHLORIDE,,50,8. X10-4 M,CD,REFRACTIVE INDEX,KLEV,48005,TA,L,0.0008,M,,,,
186,277.9,HEXADECYL AMMONIUM CHLORIDE,,55,8.5 X10-4 M,XE,REFRACTIVE INDEX,KLEV,53010,T,L,0.00085,M,,,,
186,277.9,HEXADECYL AMMONIUM CHLORIDE,,60,9.9 X10-4 M,CC,EQUIV CONDCTNCE GRAPH,RALS HOER,42002,P,L,0.00099,M,,,,
187,306,OCTADECYL AMMONIUM CHLORIDE,,60,3. X10-4 M,CD,EQUIV CONDCTNCE GRAPH,RALS HOER,42002,T,L,0.0003,M,,,,
187,306,OCTADECYL AMMONIUM CHLORIDE,,60,2.5 X10-4 M,CD,REFRACTIVE INDEX,KLEV,48005,T,L,0.00025,M,,,,
188,154.2,POTASSIUM HEXANOATE,,25,1.55 X10 0 M,DC,REFRACTIVE INDEX,KLEV,48005,T,L,1.55,M,,,,
188,154.2,POTASSIUM HEXANOATE,,25,1.68 X10 0 M,BG,UNSPEC SPCTR CHNG PNCN,KLEV,58011,T,L,1.68,M,,,,
188,154.2,POTASSIUM HEXANOATE,,UNK,1.5 X10 0 M,XG,METHOD NOT CITED,KLEV RAIS,54004,T,L,1.5,M,,,,
188,154.2,POTASSIUM HEXANOATE,2. E I K OH,25,1.60 X10 0 M,BG,VISUAL SPCTR CHNGE PNCN,SHIN,54005,G,L,1.6,M,,,,
188,154.2,POTASSIUM HEXANOATE,5. E-5 N PINACYANOL CL (DYE),25,1.22 X10 0 M,DG,VISUAL SPCTR CHNGE PNCN,HERZ,52015,T,L,1.22,M,,,,
188,154.2,POTASSIUM HEXANOATE,1. E-4 N PINACYANOL CL (DYE),25,1.49 X10 0 M,DG,VISUAL SPCTR CHNGE PNCN,HERZ,52015,T,L,1.49,M,,,,
188,154.2,POTASSIUM HEXANOATE,1. E-4 N PINACYANOL CL (DYE),25,1.0 X10 0 M,DG,FOTOMTR SPCTR CHNGE PNCN,HERZ,52015,T,L,1,M,,,,
188,154.2,POTASSIUM HEXANOATE,2. E-4 N PINACYANOL CL (DYE),25,1.48 X10 0 M,DG,VISUAL SPCTR CHNGE PNCN,HERZ,52015,T,L,1.48,M,,,,
188,154.2,POTASSIUM HEXANOATE,5.1 C 0044 2. E 0 I K OH,25,1.28 X10 0 M,BG,VISUAL SPCTR CHNGE PNCN,SHIN,54005,G,L,1.28,M,,,,
188,154.2,POTASSIUM HEXANOATE,1.27 E 1 0 0044 2. EOI K OH,25,1.05 X10 0 M,BG,VISUAL SPCTR CHNGE PNCN,SHIN,54005,G,L,1.05,M,,,,
188,154.2,POTASSIUM HEXANOATE,2.48 E1C 0044 2. EOI K OH,25,8.0 X10-1 M,BG,VISUAL SPCTR CHNGE PNCN,SHIN,54005,G,L,0.8,M,,,,
188,154.2,POTASSIUM HEXANOATE,4.58 E 1 C 0044 2. E O I K OH,25,6.0 X10-1 M,BG,VISUAL SPCTR CHNGE PNCN,SHIN,54005,G,L,0.6,M,,,,
188,154.2,POTASSIUM HEXANOATE,6.92 E1C 0044 2. E 0 1 I K OH,25,4.9 X10-1 M,BG,VISUAL SPCTR CHNGE PNCN,SHIN,54005,G,L,0.49,M,,,,
188,154.2,POTASSIUM HEXANOATE,1.8 E O C 0090 2. EOI K OH,25,1.07 X10 0 M,BG,VISUAL SPCTR CHNGE PNCN,SHIN,54005,G,L,1.07,M,,,,
188,154.2,POTASSIUM HEXANOATE,3.8 E O C 0090 2. E O I K OH,25,7.3 X10-1 M,BG,VISUAL SPCTR CHNGE PNCN,SHIN,54005,G,L,0.73,M,,,,
188,154.2,POTASSIUM HEXANOATE,8.9 E O C 0090 2. E 0 1 K OH,25,4.7 X10-1 M,BG,VISUAL SPCTR CHNGE PNCN,SHIN,54005,G,L,0.47,M,,,,
188,154.2,POTASSIUM HEXANOATE,2.16 E1C 0090 2. EOI K OH,25,2.8 X10-1 M,BG,VISUAL SPCTR CHNGE PNCN,SHIN,54005,G,L,0.28,M,,,,
188,154.2,POTASSIUM HEXANOATE,3.53 1 C 0090 2. EOI K OH,25,2.1 X10-1 M,BG,VISUAL SPCTR CHNGE PNCN,SHIN,54005,G,L,0.21,M,,,,
188,154.2,POTASSIUM HEXANOATE,8. E-1 C 0092 2. EOI K OH,25,2.8 X10-1 M,BG,VISUAL SPCTR CHNGE PNCN,SHIN,54005,G,L,0.28,M,,,,
188,154.2,POTASSIUM HEXANOATE,1.1 E 0 0092 2. E O I K OH,25,2.0 X10-1 M,BG,VISUAL SPCTR CHNGE PNCN,SHIN,54005,G,L,0.2,M,,,,
188,154.2,POTASSIUM HEXANOATE,1.5 E 0 0092 2. EOI K OH,25,1.1 X10-1 M,BG,VISUAL SPCTR CHNGE PNCN,SHIN,54005,G,L,0.11,M,,,,
188,154.2,POTASSIUM HEXANOATE,4.8 E O C 0092 2. EOI K OH,25,5.1 X10-2 M,BG,VISUAL SPCTR CHNGE PNCN,SHIN,54005,G,L,0.051,M,,,,
188,154.2,POTASSIUM HEXANOATE,5.3 E O C 0296 2. EOI K OH,25,1.52 X10 0 M,BG,VISUAL SPCTR CHNGE PNCN,SHIN,54005,G,L,1.52,M,,,,
188,154.2,POTASSIUM HEXANOATE,1.00 0296 2. E 0 : I K OH,25,1.44 X10 0 M,BG,VISUAL SPCTR CHNGE PNCN,SHIN,54005,G,L,1.44,M,,,,
188,154.2,POTASSIUM HEXANOATE,1.60 0296 2. E 0 1 I K OH,25,1.36 X10 0 M,BG,VISUAL SPCTR CHNGE PNCN,SHIN,54005,G,L,1.36,M,,,,
188,154.2,POTASSIUM HEXANOATE,2.34 E1C 0296 2. EOI K OH,25,1.28 X10 0 M,BG,VISUAL SPCTR CHNGE PNCN,SHIN,54005,G,L,1.28,M,,,,
188,154.2,POTASSIUM HEXANOATE,3.11 E1C 0296 2. E 0 : I K OH,25,1.19 X10 0 M,BG,VISUAL SPCTR CHNGE PNCN,SHIN,54005,G,L,1.19,M,,,,
188,154.2,POTASSIUM HEXANOATE,3.33 E1C 0296 2. EOI K OH,25,1.16 X10 0 M,BG,VISUAL SPCTR CHNGE PNCN,SHIN,54003,L,L,1.16,M,,,,
188,154.2,POTASSIUM HEXANOATE,3.85 E1C 0296 2. EOI K OH,25,1.13 X10 0 M,BG,VISUAL SPCTR CHNGE PNCN,SHIN,54005,G,L,1.13,M,,,,
188,154.2,POTASSIUM HEXANOATE,4.92 E 1 C 0296 2. EOI K OH,25,1.04 X10 0 M,BG,VISUAL SPCTR CHNGE PNCN,SHIN,54005,G,L,1.04,M,,,,
188,154.2,POTASSIUM HEXANOATE,6.44 E 1 0 0296 2. EOI K OH,25,9.6 X10-1 M,BG,VISUAL SPCTR CHNGE PNCN,SHIN,54005,G,L,0.96,M,,,,
188,154.2,POTASSIUM HEXANOATE,7.78 E1C 0296 2. EOI K OH,25,9.0 X10-1 M,BG,VISUAL SPCTR CHNGE PNCN,SHIN,54005,G,L,0.9,M,,,,
188,154.2,POTASSIUM HEXANOATE,8. E-1C 0297 2. E O I K OH,25,8.7 X10-1 M,BG,VISUAL SPCTR CHNGE PNCN,SHIN,54005,G,L,0.87,M,,,,
188,154.2,POTASSIUM HEXANOATE,2.1 E O C 0297 2. EOI K OH,25,5.8 X10-1 M,BG,VISUAL SPCTR CHNGE PNCN,SHIN,54005,G,L,0.58,M,,,,
188,154.2,POTASSIUM HEXANOATE,3.9 E O C 0297 2. E O I K OH,25,3.5 X10-1 M,BG,VISUAL SPCTR CHNGE PNCN,SHIN,54005,G,L,0.35,M,,,,
188,154.2,POTASSIUM HEXANOATE,1.00 E1C 0297 2. E O I K OH,5,2.1 X10-1 M,BG,VISUAL SPCTR CHNGE PNCN,SHIN,54005,G,L,0.21,M,,,,
188,154.2,POTASSIUM HEXANOATE,2.63 E1C 0297 2. EOI K OH,25,1.4 X10-1 M,BG,VISUAL SPCTR CHNGE PNCN,SHIN,54005,G,,0.14,M,,,,
188,154.2,POTASSIUM HEXANOATE,8.8 E O C 0296 7.36 E1C 0044 2. EOI OH,25,4.5 X10-1 M,BG,VISUAL SPCTR CHNGE PNCN,SHIN,54003,L,,0.45,M,,,,
188,154.2,POTASSIUM HEXANOATE,1.49E1 0296 5.54 E 1 C 0044 2. E O . I K OH,25,5.2 X10-1 M,BG,VISUAL SPCTR CHNGE PNCN,SHIN,54003,L,L,0.52,M,,,,
188,154.2,POTASSIUM HEXANOATE,1.93 E 1 C 0296 4.20 E 1 C 0044 2. E O I K OH,25,5.9 X10-1 M,BG,VISUAL SPCTR CHNGE PNCN,SHIN,54003,L,L,0.59,M,,,,
188,154.2,POTASSIUM HEXANOATE,2.28 E 1 C 0296 3.17E10 0044 2. E O I OH,25,6.6 X10-1 M,BG,VISUAL SPCTR CHNGE PNCN,SHIN,54003,L,L,0.66,M,,,,
188,154.2,POTASSIUM HEXANOATE,2.55 0296 2.36 E 1 C 0044 2. EOI K OH,25,7.2 X10-1 M,BG,VISUAL SPCTR CHNGE PNCN,SHIN,54003,L,L,0.72,M,,,,
188,154.2,POTASSIUM HEXANOATE,2.76 E 1 C 0296 1.72 E1C 0044 2. EOI K OH,25,8.2 X10-1 M,BG,VISUAL SPCTR CHNGE PNCN,SHIN,54003,L,L,0.82,M,,,,
188,154.2,POTASSIUM HEXANOATE,2.94 E 1 C 0296 1.17E1C 0044 2. E 0 I K OH,25,9.0 X10-1 M,BG,VISUAL SPCTR CHNGE PNCN,SHIN,54003,L,L,0.9,M,,,,
188,154.2,POTASSIUM HEXANOATE,3.10E10 0296 7.2 E O C 0044 2. E 0 I K OH,25,9.8 X10-1 M,BG,VISUAL SPCTR CHNGE PNCN,SHIN,54003,L,L,0.98,M,,,,
188,154.2,POTASSIUM HEXANOATE,3.22 E C 0296 3.3 E O C 0044 2. E 0 I K OH,25,1.07 X10 0 M,BG,VISUAL SPCTR CHNGE PNCN,SHIN,54003,L,L,1.07,M,,,,
189,308.4,ALPHA SULFOMYRISTIC ACID,,25,1.3 X10-1 D 4.21 X10-3 M,CD,EQUIV CONDCTNCE GRAPH,WEIL STIR,56008,T M,L,0.13,D,0.00421,M,,
189,308.4,ALPHA SULFOMYRISTIC ACID,,25,5.2 X10-3 M,CC,EQUIV CONDCTNCE GRAPH,WEIL STIR,56008,K,3,0.0052,M,,,,
189,308.4,ALPHA SULFOMYRISTIC ACID,,28,7. X10-2 D 2.2 X10-3 M,CD,SURFACE TENSION UNSPEC,WEIL STIR,56008,T M,L,0.07,D,0.0022,M,,
189,308.4,ALPHA SULFOMYRISTIC ACID,,UNK,2.27 X10-3 M,CB,SURFACE TENSION UNSPEC,MAUR STIR,64002,L,L,0.00227,M,,,,
189,308.4,ALPHA SULFOMYRISTIC ACID,,RM,7.5 X10-2 D 2.43 X10-3 M,CG,FOTOMTR SPCTR CHNGE PNCN,WEIL STIR,56008,T M,L,0.075,D,0.00243,M,,
189,308.4,ALPHA SULFOMYRISTIC ACID,,RM,8. X10-2 D 2.5 X10-3 M,CG,VISUAL SPCTR CHNGE PNCN,WEIL STIR,56008,T M,L,0.08,D,0.0025,M,,
190,336.4,ALPHA SULFOPALMITIC ACID,,28,2. X10-2 D 5.9 X10-4 M,CE,SURFACE TENSION UNSPEC,WEIL STIR,56008,T M,L,0.02,D,0.00059,M,,
190,336.4,ALPHA SULFOPALMITIC ACID,,UNK,6.0 X10-4 M,CB,SURFACE TENSION UNSPEC,MAUR STIR,64002,L,L,0.0006,M,,,,
190,336.4,ALPHA SULFOPALMITIC ACID,,RM,2.3 X10-2 D 6.83 X10-4 M,CG,FOTOMTR SPCTR CHNGE PNCN,WEIL STIR,56008,T M,L,0.023,D,0.000683,M,,
190,336.4,ALPHA SULFOPALMITIC ACID,,RM,1.7 X10-2 D 5.05 X10-4 M,CG,VISUAL SPCTR CHNGE PNCN,WEIL STIR,56008,T M,L,0.017,D,0.000505,M,,
191,364.5,ALPHA SULFOSTEARIC ACID,,28,5. X10-3 D 1.3 X10-4 M,CD,SURFACE TENSION UNSPEC,WEIL STIR,56008,T M,L,0.005,D,0.00013,M,,
191,364.5,ALPHA SULFOSTEARIC ACID,,UNK,1.4 X10-4 M,CD,SURFACE TENSION UNSPEC,MAUR STIR,64002,L,L,0.00014,M,,,,
191,364.5,ALPHA SULFOSTEARIC ACID,,RM,4. X10-3 D 1.0 X10-4 M,CG,FOTOMTR SPCTR CHNGE PNCN,WEIL STIR,56008,T M,L,0.004,D,0.0001,M,,
191,364.5,ALPHA SULFOSTEARIC ACID,,RM,5. X10-3 D 1.3 X10-4 M,CG,VISUAL SPCTR CHNGE PNCN,WEIL STIR,56008,T M,L,0.005,D,0.00013,M,,
192,386.5,SODIUM ETHYL ALPHA SULFOPALMITATE,,28,9. X10-3 D 2.3 X10-4 M,CD,SURFACE TENSION UNSPEC,WEIL STIR,56008,T M,L,0.009,D,0.00023,M,,
192,386.5,SODIUM ETHYL ALPHA SULFOPALMITATE,,RM,1.3 X10-2 D 3.36 X10-4 M,CG,FOTOMTR SPCTR CHNGE PNCN,WEIL STIR,56008,T M,L,0.013,D,0.000336,M,,
193,400.5,SODIUM PROPYL ALPHA SULFOPALMITATE,,28,4. X10-3 D 9.9 X10-5 M,CD,SURFACE TENSION UNSPEC,WEIL STIR,56008,T M,L,0.004,D,0.000099,M,,
194,400.5,SODIUM METHYL ALPHA SULFOSTEARATE,,28,4. X10-3 D 9.9 X10-5 M,CD,SURFACE TENSION UNSPEC,WEIL STIR,56008,T M,L,0.004,D,0.000099,M,,
194,400.5,SODIUM METHYL ALPHA SULFOSTEARATE,,UNK,8. X10-5 M,CG,VISUAL SPCTR CHNGE PNCN,MAUR STIR,64002,T,L,0.00008,M,,,,
194,400.5,SODIUM METHYL ALPHA SULFOSTEARATE,,RM,4. X10-3 D 9.9 X10-5 M,,FOTOMTR SPCTR CHNGE PNCN,WEIL STIR,56008,T M,L,0.004,D,0.000099,M,,
194,400.5,SODIUM METHYL ALPHA SULFOSTEARATE,,RM,3. X10-3 D 7.4 X10-5 M,CG,VISUAL SPCTR CHNGE PNCN,WEIL STIR,56008,T M,L,0.003,D,0.000074,M,,
195,414.5,SODIUM ETHYL ALPHA SULFOSTEARATE,,28,5. X10-3 D 1.2 X10-4 M,CD,SURFACE TENSION UNSPEC,WEIL STIR,56008,T M,L,0.005,D,0.00012,M,,
195,414.5,SODIUM ETHYL ALPHA SULFOSTEARATE,,RM,2. X10-3 D 4.8 X10-5 M,CG,FOTOMTR SPCTR CHNGE PNCN,WEIL STIR,56008,T M,L,0.002,D,0.000048,M,,
195,414.5,SODIUM ETHYL ALPHA SULFOSTEARATE,,RM,2. X10-3 D 4.8 X10-5 M,CG,VISUAL SPCTR CHNGE PNCN,WEIL STIR,56008,T M,L,0.002,D,0.000048,M,,
196,428.6,SODIUM PROPYL ALPHA SULFOSTEARATE,,28,5. X10-4 D 1.1 X10-5 M,CD,SURFACE TENSION UNSPEC,WEIL STIR,56008,T M,L,0.0005,D,0.000011,M,,
197,488.5,DISODIUM 2 SULFOETHYL ALPHA SULFOPALMITATE,,25,5.3 X10-1 D 1.08 X10-2 M,CC,EQUIV CONDCTNCE GRAPH,WEIL STIR,56008,T M,L,0.53,D,0.0108,M,,
197,488.5,DISODIUM 2 SULFOETHYL ALPHA SULFOPALMITATE,,RM,3. X10-1 D 6.1 X10-3 M,CG,FOTOMTR SPCTR CHNGE PNCN,WEIL STIR,56008,T M,L,0.3,D,0.0061,M,,
197,488.5,DISODIUM 2 SULFOETHYL ALPHA SULFOPALMITATE,,RM,4. X10-1 D 8.1 X10-3 M,CG,VISUAL SPCTR CHNGE PNCN,WEIL STIR,56008,T M,L,0.4,D,0.0081,M,,
198,516.5,DISODIUM 2 SULFOETHYL ALPHA SULFOSTEARATE,,25,1.6 X10-1 D 3.09 X10-3 M,CC,EQUIV CONDCTNCE GRAPH,WEIL STIR,56008,T M,L,0.16,D,0.00309,M,,
198,516.5,DISODIUM 2 SULFOETHYL ALPHA SULFOSTEARATE,,28,1.3 X10-1 D 2.51 X10-3 M,CD,SURFACE TENSION UNSPEC,WEIL STIR,56008,T M,L,0.13,D,0.00251,M,,
198,516.5,DISODIUM 2 SULFOETHYL ALPHA SULFOSTEARATE,,RM,1.0 X10-1 D 1.93 X10-3 M,CG,FOTOMTR SPCTR CHNGE PNCN,WEIL STIR,56008,T M,L,0.1,D,0.00193,M,,
199,428.6,SODIUM ISOPROPYL ALPHA SULFOSTEARATE,,28,1. X10-3 D 2.3 X10-5 M,CE,SURFACE TENSION UNSPEC,WEIL STIR,56008,T M,L,0.001,D,0.000023,M,,
200,250.3,DODECYL SULFONIC ACID,,0,1.00 X10-2 M,CC,SPECFC CONDCTNCE GRAPH,BRAD HUFF,48004,T,L,0.01,M,,,,
200,250.3,DODECYL SULFONIC ACID,,0,9.5 X10-3 W,CB,FREEZING POINT,MCBA DYE,39011,K,L,0.0095,W,,,,
200,250.3,DODECYL SULFONIC ACID,,25,8.5 X10-3 M,CC,SPECFC CONDCTNCE GRAPH,BRAD HUFF,48004,T,L,0.0085,M,,,,
200,250.3,DODECYL SULFONIC ACID,,25,9.2 X10-3 W,CB,EQUIV CONDCTNCE GRAPH,MCBA DYE,39011,K,L,0.0092,W,,,,
200,250.3,DODECYL SULFONIC ACID,,25,8. X10-2 W,CF,EQUIV CONDCTNCE GRAPH,MCBA DYE,39011,T,L,0.08,W,,,,
200,250.3,DODECYL SULFONIC ACID,,29,7.5 X10-3 M,BB,SURFACE TENSION LOG PLOT,BRAD,48022,T,L,0.0075,M,,,,
200,250.3,DODECYL SULFONIC ACID,,40,9.2 X10-3 W,CC,ELECTROMOTIVE FORCE,TART LING,48007,P,L,0.0092,W,,,,
200,250.3,DODECYL SULFONIC ACID,,50,9.5 X10-3 M,CC,SPECFC CONDCTNCE GRAPH,BRAD HUFF,48004,T,L,0.0095,M,,,,
200,250.3,DODECYL SULFONIC ACID,,50,5.55 X10-3 M,BG,VISUAL SPCTR CHNGE PNCN,WEIL STIR,63013,T,L,0.00555,M,,,,
200,250.3,DODECYL SULFONIC ACID,,70,1.20 X10-2 M,CC,SPECFC CONDCTNCE GRAPH,BRAD HUFF,48004,T,L,0.012,M,,,,
200,250.3,DODECYL SULFONIC ACID,,90,1.55 X10-2 M,CC,SPECFC CONDCTNCE GRAPH,BRAD HUFF,48004,T,L,0.0155,M,,,,
200,250.3,DODECYL SULFONIC ACID,,UNK,9. X10-3 M,XG,METHOD NOT CITED,KLEV RAIS,54004,T,L,0.009,M,,,,
200,250.3,DODECYL SULFONIC ACID,,UNK,4.39 X10-3 M,BB,SURFACE TENSION LOG PLOT,WEIL STIR,63013,T,L,0.00439,M,,,,
201,524.8,DECYL /OXYETHYLENE/8 OXYMETHYL REDUCED POLYDISPERSION OF HEAD GROUPS,,30,6.0 X10-2 D 1.14 X10-3 M,EC,TURBIDITY PLT LITE SCATR,NAKA KURI,60006,T M,L,0.06,D,0.00114,M,,
201,524.8,DECYL /OXYETHYLENE/8 OXYMETHYL REDUCED POLYDISPERSION OF HEAD GROUPS,1.50 E-2 Q N-DECANE,30,4.0 X10-2 D 7.62 X10-4 M,ED,TURBIDITY PLT LITE SCATR,NAKA KURI,60006,T M,L,0.04,D,0.000762,M,,
201,524.8,DECYL /OXYETHYLENE/8 OXYMETHYL REDUCED POLYDISPERSION OF HEAD GROUPS,1.32 E 0 Q N-DECANE,30,5.7 X10-2 D 1.08 X10-3 M,ED,TURBIDITY PLT LITE SCATR,NAKA KURI,60006,T M,L,0.057,D,0.00108,M,,
201,524.8,DECYL /OXYETHYLENE/8 OXYMETHYL REDUCED POLYDISPERSION OF HEAD GROUPS,2.33 E 0 N-DECANE,30,5.4 X10-2 D 1.02 X10-3 M,ED,TURBIDITY PLT LITE SCATR,NAKA KURI,60006,T M,L,0.054,D,0.00102,M,,
201,524.8,DECYL /OXYETHYLENE/8 OXYMETHYL REDUCED POLYDISPERSION OF HEAD GROUPS,3.16 E 0 N-DECANE,30,5.2 X10-2 D 9.90 X10-4 M,ED,TURBIDITY PLT LITE SCATR,NAKA KURI,60006,T M,L,0.052,D,0.00099,M,,
201,524.8,DECYL /OXYETHYLENE/8 OXYMETHYL REDUCED POLYDISPERSION OF HEAD GROUPS,3.78 E 0 N-DECANE,30,5.1 X10-2 D 9.71 X10-4 M,ED,TURBIDITY PLT LITE SCATR,NAKA KURI,60006,T M,L,0.051,D,0.000971,M,,
201,524.8,DECYL /OXYETHYLENE/8 OXYMETHYL REDUCED POLYDISPERSION OF HEAD GROUPS,4.93 E 0 N-DECANE,30,4.8 X10-2 D 9.14 X10-4 M,ED,TURBIDITY PLT LITE SCATR,NAKA KURI,60006,T M,L,0.048,D,0.000914,M,,
201,524.8,DECYL /OXYETHYLENE/8 OXYMETHYL REDUCED POLYDISPERSION OF HEAD GROUPS,1.20 E 1 N-DECANE,30,4.0 X10-2 D 7.62 X10-4 M,ED,TURBIDITY PLT LITE SCATR,NAKA KURI,60006,T,L,0.04,D,0.000762,M,,
201,524.8,DECYL /OXYETHYLENE/8 OXYMETHYL REDUCED POLYDISPERSION OF HEAD GROUPS,3.40 E 0 Q DECANOL-1,30,5.2 X10-2 D 9.90 X10-4 M,ED,TURBIDITY PLT LITE SCATR,NAKA KURI,60006,T M,L,0.052,D,0.00099,M,,
201,524.8,DECYL /OXYETHYLENE/8 OXYMETHYL REDUCED POLYDISPERSION OF HEAD GROUPS,6.19 E 0 Q DECANOL-1,30,4.5 X10-2 D 8.57 X10-4 M,ED,TURBIDITY PLT LITE SCATR,NAKA KURI,60006,T M,L,0.045,D,0.000857,M,,
201,524.8,DECYL /OXYETHYLENE/8 OXYMETHYL REDUCED POLYDISPERSION OF HEAD GROUPS,8.50 E 0 Q DECANOL-1,30,4.0 X10-2 D 7.62 X10-4 M,ED,TURBIDITY PLT LITE SCATR,NAKA KURI,60006,T M,L,0.04,D,0.000762,M,,
201,524.8,DECYL /OXYETHYLENE/8 OXYMETHYL REDUCED POLYDISPERSION OF HEAD GROUPS,1.142E 1 Q DECANOL-1,30,3.3 X10-2 D 6.28 X10-4 M,ED,TURBIDITY PLT LITE SCATR,NAKA KURI,60006,T M,L,0.033,D,0.000628,M,,
201,524.8,DECYL /OXYETHYLENE/8 OXYMETHYL REDUCED POLYDISPERSION OF HEAD GROUPS,1.661E 1 Q DECANOL-1,30,2.0 X10-2 D 3.81 X10-4 M,ED,TURBIDITY PLT LITE SCATR,NAKA KURI,60006,T M,L,0.02,D,0.000381,M,,
202,657,DECYL /OXYETHYLENE/11 OXYMETHYL REDUCED POLYDISPERSION OF HEAD GROUPS,,30,9.5 X10-2 D 1.44 X10-3 M,EC,TURBIDITY PLT LITE SCATR,NAKA KURI,60006,T M,L,0.095,D,0.00144,M,,
202,657,DECYL /OXYETHYLENE/11 OXYMETHYL REDUCED POLYDISPERSION OF HEAD GROUPS,1.40 E 0 Q N-DECANE,30,9.2 X10-2 D 1.40 X10-3 M,ED,TURBIDITY PLT LITE SCATR,NAKA KURI,60006,T M,L,0.092,D,0.0014,M,,
202,657,DECYL /OXYETHYLENE/11 OXYMETHYL REDUCED POLYDISPERSION OF HEAD GROUPS,2.58 E 0 Q N-DECANE,30,9.0 X10-2 D 1.36 X10-3 M,ED,TURBIDITY PLT LITE SCATR,NAKA KURI,60006,T M,L,0.09,D,0.00136,M,,
202,657,DECYL /OXYETHYLENE/11 OXYMETHYL REDUCED POLYDISPERSION OF HEAD GROUPS,3.31 E 0 Q N-DECANE,30,8.8 X10-2 D 1.33 X10-3 M,ED,TURBIDITY PLT LITE SCATR,NAKA KURI,60006,T M,L,0.088,D,0.00133,M,,
202,657,DECYL /OXYETHYLENE/11 OXYMETHYL REDUCED POLYDISPERSION OF HEAD GROUPS,5.67 E 0 Q DECANOL-1,30,8.4 X10-2 D 1.27 X10-3 M,ED,TURBIDITY PLT LITE SCATR,NAKA KURI,60006,T M,L,0.084,D,0.00127,M,,
202,657,DECYL /OXYETHYLENE/11 OXYMETHYL REDUCED POLYDISPERSION OF HEAD GROUPS,1.018E 1 Q DECANOL-1,30,7.5 X10-2 D 1.14 X10-3 M,ED,TURBIDITY PLT LITE SCATR,NAKA KURI,60006,T M,L,0.075,D,0.00114,M,,
202,657,DECYL /OXYETHYLENE/11 OXYMETHYL REDUCED POLYDISPERSION OF HEAD GROUPS,1.712E 1 Q DECANOL-1,30,6.3 X10-2 D 9.58 X10-4 M,ED,TURBIDITY PLT LITE SCATR,NAKA KURI,60006,T M,L,0.063,D,0.000958,M,,
203,235.8,DECYL TRIMETHYL AMMONIUM CHLORIDE,,25,6.5 X10-2 M,XG,VISUAL SPCTR CHNGE,KLEV,53010,T,L,0.065,M,,,,
203,235.8,DECYL TRIMETHYL AMMONIUM CHLORIDE,,25,6.11 X10-2 M,BB,UNSPECIFIED CONDUCTANCE,HOYE MARM,61002,T,3,0.0611,M,,,,
203,235.8,DECYL TRIMETHYL AMMONIUM CHLORIDE,3.33 E 1 C 0041,25,1.96 X10-2 M,BB,UNSPEC SOLUBLZTN SDN 4,HOYE MARM,61002,T,3,0.0196,M,,,,
204,701,DECYL /OXYETHYLENE/12 OXYMETHYL REDUCED POLYDISPERSION OF HEAD GROUPS,,09.7,1.70 X10-1 D 2.425X10-3 M,EC,TURBIDITY PLT LITE SCATR,KURI,62009,T M,L,0.17,D,0.002425,M,,
204,701,DECYL /OXYETHYLENE/12 OXYMETHYL REDUCED POLYDISPERSION OF HEAD GROUPS,,29,1.10 X10-1 D 1.569x10-3 M,EC,TURBIDITY PLT LITE SCATR,KURI,62009,T M,L,0.11,D,0.001569,M,,
204,701,DECYL /OXYETHYLENE/12 OXYMETHYL REDUCED POLYDISPERSION OF HEAD GROUPS,,30,1.05 X10-1 D 1.497X10-3 M,EC,TURBIDITY PLT LITE SCATR,KURI,62009,T M,L,0.105,D,0.001497,M,,
204,701,DECYL /OXYETHYLENE/12 OXYMETHYL REDUCED POLYDISPERSION OF HEAD GROUPS,,45,8.2 X10-2 D 1.16 X10-3 M,EC,TURBIDITY PLT LITE SCATR,KURI,62009,T M,L,0.082,D,0.00116,M,,
204,701,DECYL /OXYETHYLENE/12 OXYMETHYL REDUCED POLYDISPERSION OF HEAD GROUPS,,50.7,7.8 X10-2 D 1.11 X10-3 M,ED,TURBIDITY PLT LITE SCATR,KURI,62009,T M,L,0.078,D,0.00111,M,,
204,701,DECYL /OXYETHYLENE/12 OXYMETHYL REDUCED POLYDISPERSION OF HEAD GROUPS,,50,7.8 X10-2 D 1.11 X10-3 M,EC,TURBIDITY PLT LITE SCATR,KURI,62009,T M,L,0.078,D,0.00111,M,,
204,701,DECYL /OXYETHYLENE/12 OXYMETHYL REDUCED POLYDISPERSION OF HEAD GROUPS,,58.5,7.0 X10-2 D 9.98 X10-4 M,ED,TURBIDITY PLT LITE SCATR,KURI,62009,T M,L,0.07,D,0.000998,M,,
204,701,DECYL /OXYETHYLENE/12 OXYMETHYL REDUCED POLYDISPERSION OF HEAD GROUPS,,69.7,6.2 X10-2 D 8.84 X10-4 M,ED,TURBIDITY PLT LITE SCATR,KURI,62009,T M,L,0.062,D,0.000884,M,,
204,701,DECYL /OXYETHYLENE/12 OXYMETHYL REDUCED POLYDISPERSION OF HEAD GROUPS,,73.4,6.0 X10-2 D 8.55 X10-4 M,ED,TURBIDITY PLT LITE SCATR,KURI,62009,T M,L,0.06,D,0.000855,M,,
204,701,DECYL /OXYETHYLENE/12 OXYMETHYL REDUCED POLYDISPERSION OF HEAD GROUPS,,75,6.0 X10-2 D 8.55 X10-4 M,ED,TURBIDITY PLT LITE SCATR,KURI,62009,T M,L,0.06,D,0.000855,M,,
204,701,DECYL /OXYETHYLENE/12 OXYMETHYL REDUCED POLYDISPERSION OF HEAD GROUPS,1.86 E 0 Q N-DECANE,09.6,1.65 X10-1 D 2.353x10-3 M,ED,TURBIDITY PLT LITE SCATR,KURI,62009,T M,L,0.165,D,0.002353,M,,
204,701,DECYL /OXYETHYLENE/12 OXYMETHYL REDUCED POLYDISPERSION OF HEAD GROUPS,2.6 E 0 Q N-DECANE,10,1.63 X10-1 D 2.325X10-3 M,ED,TURBIDITY PLT LITE SCATR,KURI,62009,T M,L,0.163,D,0.002325,M,,
204,701,DECYL /OXYETHYLENE/12 OXYMETHYL REDUCED POLYDISPERSION OF HEAD GROUPS,1.86 E 0 Q N-DECANE,30,1.05 X10-1 D 1.497x10-3 M,ED,TURBIDITY PLT LITE SCATR,KURI,62009,T M,L,0.105,D,0.001497,M,,
204,701,DECYL /OXYETHYLENE/12 OXYMETHYL REDUCED POLYDISPERSION OF HEAD GROUPS,4.4 E 0 Q N-DECANE,30,1.02 X10-1 D 1.455X10-3 M,ED,TURBIDITY PLT LITE SCATR,KURI,62009,T M,L,0.102,D,0.001455,M,,
204,701,DECYL /OXYETHYLENE/12 OXYMETHYL REDUCED POLYDISPERSION OF HEAD GROUPS,1.86 E 0 Q N-DECANE,50,7.8 X10-2 D 1.11 X10-3 M,ED,TURBIDITY PLT LITE SCATR,KURI,62009,T M,L,0.078,D,0.00111,M,,
204,701,DECYL /OXYETHYLENE/12 OXYMETHYL REDUCED POLYDISPERSION OF HEAD GROUPS,8.7 E 0 Q N-DECANE,50,7.0 X10-2 D 9.98 X10-4 M,ED,TURBIDITY PLT LITE SCATR,KURI,62009,T M,L,0.07,D,0.000998,M,,
204,701,DECYL /OXYETHYLENE/12 OXYMETHYL REDUCED POLYDISPERSION OF HEAD GROUPS,1.86 E 0 Q N-DECANE,60,7.0 X10-2 D 9.98 X10-4 M,ED,TURBIDITY PLT LITE SCATR,KURI,62009,T M,L,0.07,D,0.000998,M,,
204,701,DECYL /OXYETHYLENE/12 OXYMETHYL REDUCED POLYDISPERSION OF HEAD GROUPS,1.35 E 1 N-DECANE,60,6.8 X10-2 D 9.70 X10-4 M,ED,TURBIDITY PLT LITE SCATR,KURI,62009,T M,L,0.068,D,0.00097,M,,
204,701,DECYL /OXYETHYLENE/12 OXYMETHYL REDUCED POLYDISPERSION OF HEAD GROUPS,1.86 E 0 N-DECANE,66.6,6.2 X10-2 D 8.84 X10-4 M,ED,TURBIDITY PLT LITE SCATR,KURI,62009,T M,L,0.062,D,0.000884,M,,
204,701,DECYL /OXYETHYLENE/12 OXYMETHYL REDUCED POLYDISPERSION OF HEAD GROUPS,1.86 E Q N-DECANE,69,6.2 X10-2 D 8.84 X10-4 M,ED,TURBIDITY PLT LITE SCATR,KURI,62009,T M,L,0.062,D,0.000884,M,,
204,701,DECYL /OXYETHYLENE/12 OXYMETHYL REDUCED POLYDISPERSION OF HEAD GROUPS,9.17 E 0 Q DECANOL-1,10,1.45 X10-1 D 2.068X10-3 M,ED,TURBIDITY PLT LITE SCATR,KURI,62009,T M,L,0.145,D,0.002068,M,,
204,701,DECYL /OXYETHYLENE/12 OXYMETHYL REDUCED POLYDISPERSION OF HEAD GROUPS,9.17 0 DECANOL-1,29.9,8.8 X10-2 D 1.25 X10-3 M,ED,TURBIDITY PLT LITE SCATR,KURI,62009,T M,L,0.088,D,0.00125,M,,
204,701,DECYL /OXYETHYLENE/12 OXYMETHYL REDUCED POLYDISPERSION OF HEAD GROUPS,1.87 0 Q DECANOL-1,30,1.05 X10-1 D 1.497X10-3 M,ED,TURBIDITY PLT LITE SCATR,KURI,62009,T M,L,0.105,D,0.001497,M,,
204,701,DECYL /OXYETHYLENE/12 OXYMETHYL REDUCED POLYDISPERSION OF HEAD GROUPS,4.56 E Q DECANOL-1,30,9.9 X10-2 D 1.41 X10-3 M,ED,TURBIDITY PLT LITE SCATR,KURI,62009,T M,L,0.099,D,0.00141,M,,
204,701,DECYL /OXYETHYLENE/12 OXYMETHYL REDUCED POLYDISPERSION OF HEAD GROUPS,7.75 E Q DECANOL-1,30,9.2 X10-2 D 1.31 X10-3 M,ED,TURBIDITY PLT LITE SCATR,KURI,62009,T M,L,0.092,D,0.00131,M,,
204,701,DECYL /OXYETHYLENE/12 OXYMETHYL REDUCED POLYDISPERSION OF HEAD GROUPS,9.17 DECANOL-1,30,8.8 X10-2 D 1.25 X10-3 M,ED,TURBIDITY PLT LITE SCATR,KURI,62009,T M,L,0.088,D,0.00125,M,,
204,701,DECYL /OXYETHYLENE/12 OXYMETHYL REDUCED POLYDISPERSION OF HEAD GROUPS,1.11 DECANOL-1,30,8.5 X10-2 D 1.21 X10-3 M,ED,TURBIDITY PLT LITE SCATR,KURI,62009,T M,L,0.085,D,0.00121,M,,
204,701,DECYL /OXYETHYLENE/12 OXYMETHYL REDUCED POLYDISPERSION OF HEAD GROUPS,1.91 DECANOL-1,30,7.0 X10-2 D 9.98 X10-4 M,ED,TURBIDITY PLT LITE SCATR,KURI,62009,T M,L,0.07,D,0.000998,M,,
204,701,DECYL /OXYETHYLENE/12 OXYMETHYL REDUCED POLYDISPERSION OF HEAD GROUPS,9.17 Q DECANOL-1,43.4,7.6 X10-2 D 1.08 X10-3 M,ED,TURBIDITY PLT LITE SCATR,KURI,62009,T M,L,0.076,D,0.00108,M,,
204,701,DECYL /OXYETHYLENE/12 OXYMETHYL REDUCED POLYDISPERSION OF HEAD GROUPS,5.37 Q DECANOL-1,45,7.8 X10-2 D 1.11 X10-3 M,ED,TURBIDITY PLT LITE SCATR,KURI,62009,T M,L,0.078,D,0.00111,M,,
204,701,DECYL /OXYETHYLENE/12 OXYMETHYL REDUCED POLYDISPERSION OF HEAD GROUPS,9.17 Q DECANOL-1,45,7.5 X10-2 D 1.06 X10-3 M,ED,TURBIDITY PLT LITE SCATR,KURI,62009,T M,L,0.075,D,0.00106,M,,
204,701,DECYL /OXYETHYLENE/12 OXYMETHYL REDUCED POLYDISPERSION OF HEAD GROUPS,1.07 E 1 Q DECANOL-1,45,7.4 X10-2 D 1.05 X10-3 M,ED,TURBIDITY PLT LITE SCATR,KURI,62009,T M,L,0.074,D,0.00105,M,,
204,701,DECYL /OXYETHYLENE/12 OXYMETHYL REDUCED POLYDISPERSION OF HEAD GROUPS,1.28 E 1 Q DECANOL-1,45,7.3 X10-2 D 1.04 X10-3 M,ED,TURBIDITY PLT LITE SCATR,KURI,62009,T M,L,0.073,D,0.00104,M,,
204,701,DECYL /OXYETHYLENE/12 OXYMETHYL REDUCED POLYDISPERSION OF HEAD GROUPS,1.73 E 1 Q DECANOL-1,45,6.9 X10-2 D 9.84 X10-4 M,ED,TURBIDITY PLT LITE SCATR,KURI,62009,T M,L,0.069,D,0.000984,M,,
204,701,DECYL /OXYETHYLENE/12 OXYMETHYL REDUCED POLYDISPERSION OF HEAD GROUPS,9.17 0 Q DECANOL-1,49.7,7.0 X10-2 D 9.98 X10-4 M,ED,TURBIDITY PLT LITE SCATR,KURI,62009,T M,L,0.07,D,0.000998,M,,
204,701,DECYL /OXYETHYLENE/12 OXYMETHYL REDUCED POLYDISPERSION OF HEAD GROUPS,1.86 E 0 Q DECANOL-1,50,7.8 X10-2 D 1.11 X10-3 R,ED,TURBIDITY PLT LITE SCATR,KURI,62009,T M,L,0.078,D,0.00111,R,,
204,701,DECYL /OXYETHYLENE/12 OXYMETHYL REDUCED POLYDISPERSION OF HEAD GROUPS,2.23 E 0 Q DECANOL-1,50,7.6 X10-2 D 1.08 X10 3 M,ED,TURBIDITY PLT LITE SCATR,KURI,62009,T M,L,0.076,D,1080,M,,
204,701,DECYL /OXYETHYLENE/12 OXYMETHYL REDUCED POLYDISPERSION OF HEAD GROUPS,3.53 0 Q DECANOL-1,50,7.5 X10-2 D 1.06 X10-3 M,ED,TURBIDITY PLT LITE SCATR,KURI,62009,T M,L,0.075,D,0.00106,M,,
204,701,DECYL /OXYETHYLENE/12 OXYMETHYL REDUCED POLYDISPERSION OF HEAD GROUPS,5.58 E 0 Q DECANOL-1,50,7.3 X10-2 D 1.04 X10-3 M,ED,TURBIDITY PLT LITE SCATR,KURI,62009,T M,L,0.073,D,0.00104,M,,
204,701,DECYL /OXYETHYLENE/12 OXYMETHYL REDUCED POLYDISPERSION OF HEAD GROUPS,7.52 E 0 Q DECANOL-1,50,7.1 X10-2 D 1.01 X10-3 M,ED,TURBIDITY PLT LITE SCATR,KURI,62009,T M,L,0.071,D,0.00101,M,,
204,701,DECYL /OXYETHYLENE/12 OXYMETHYL REDUCED POLYDISPERSION OF HEAD GROUPS,8.7 E 0 Q DECANOL-1,50,7.0 X10-2 D 9.98 X10-4 M,ED,TURBIDITY PLT LITE SCATR,KURI,62009,T M,L,0.07,D,0.000998,M,,
204,701,DECYL /OXYETHYLENE/12 OXYMETHYL REDUCED POLYDISPERSION OF HEAD GROUPS,9.17 E 0 Q DECANOL-1,55.4,6.6 X10-2 D 9.41 X10-4 M,ED,TURBIDITY PLT LITE SCATR,KURI,62009,T M,L,0.066,D,0.000941,M,,
204,701,DECYL /OXYETHYLENE/12 OXYMETHYL REDUCED POLYDISPERSION OF HEAD GROUPS,9.17 E 0 Q DECANOL-1,61.4,6.2 X10-2 D 8.84 X10-4 M,ED,TURBIDITY PLT LITE SCATR,KURI,62009,T M,L,0.062,D,0.000884,M,,
205,729.1,DODECYL /OXYETHYLENE/12 OXYMETHYL REDUCED POLYDISPERSION OF HEAD GROUPS,,20,4. X10-2 D 5.4 X10-4 M,EE,TURBIDITY PLT LITE SCATR,KURI,62011,T M,L,0.04,D,0.00054,M,,
205,729.1,DODECYL /OXYETHYLENE/12 OXYMETHYL REDUCED POLYDISPERSION OF HEAD GROUPS,,40,2. X10-2 D 2.7 X10-4 M,EE,TURBIDITY PLT LITE SCATR,KURI,62011,T M,L,0.02,D,0.00027,M,,
205,729.1,DODECYL /OXYETHYLENE/12 OXYMETHYL REDUCED POLYDISPERSION OF HEAD GROUPS,,60,1.5 X10-2 D 2.05 X10-4 M,ED,TURBIDITY PLT LITE SCATR,KURI,62011,T M,L,0.015,D,0.000205,M,,
205,729.1,DODECYL /OXYETHYLENE/12 OXYMETHYL REDUCED POLYDISPERSION OF HEAD GROUPS,,70,1.2 X10-2 D 1.64 X10-4 M,ED,TURBIDITY PLT LITE SCATR,KURI,62011,T M,L,0.012,D,0.000164,M,,
205,729.1,DODECYL /OXYETHYLENE/12 OXYMETHYL REDUCED POLYDISPERSION OF HEAD GROUPS,,76,1.2 X10-2 D 1.64 X10-4 M,ED,TURBIDITY PLT LITE SCATR,KURI,62011,T M,L,0.012,D,0.000164,M,,
205,729.1,DODECYL /OXYETHYLENE/12 OXYMETHYL REDUCED POLYDISPERSION OF HEAD GROUPS,5. E-1 M CA CL2,30,2.0 X10-2 D 2.74 X10-4 M,ED,TURBIDITY PLT LITE SCATR,KURI,62011,T M,L,0.02,D,0.000274,M,,
205,729.1,DODECYL /OXYETHYLENE/12 OXYMETHYL REDUCED POLYDISPERSION OF HEAD GROUPS,1. E M CA CL2,30,1.0 X10-2 D 1.37 X10-4 M,ED,TURBIDITY PLT LITE SCATR,KURI,62011,T M,L,0.01,D,0.000137,M,,
205,729.1,DODECYL /OXYETHYLENE/12 OXYMETHYL REDUCED POLYDISPERSION OF HEAD GROUPS,5. E-1 M CA CL2,50,1.5 X10-2 D 2.05 X10-4 M,ED,TURBIDITY PLT LITE SCATR,KURI,62011,T M,L,0.015,D,0.000205,M,,
205,729.1,DODECYL /OXYETHYLENE/12 OXYMETHYL REDUCED POLYDISPERSION OF HEAD GROUPS,1. E 0 M CA CL2,50,8. X10-3 D 1.0 X10-4 M,ED,TURBIDITY PLT LITE SCATR,KURI,62011,T M,L,0.008,D,0.0001,M,,
205,729.1,DODECYL /OXYETHYLENE/12 OXYMETHYL REDUCED POLYDISPERSION OF HEAD GROUPS,1. EOM CA CL2,60,5. X10-3 D 6.8 X10-5 M,EE,TURBIDITY PLT LITE SCATR,KURI,62011,T M,L,0.005,D,0.000068,M,,
205,729.1,DODECYL /OXYETHYLENE/12 OXYMETHYL REDUCED POLYDISPERSION OF HEAD GROUPS,5. E-1 M CA CL2,64,1.0 X10-2 D 1.37 X10-4 M,ED,TURBIDITY PLT LITE SCATR,KURI,62011,T M,L,0.01,D,0.000137,M,,
205,729.1,DODECYL /OXYETHYLENE/12 OXYMETHYL REDUCED POLYDISPERSION OF HEAD GROUPS,2. E-1 M NA CL,30,2.3 X10-2 D 3.15 X10-4 M,ED,TURBIDITY PLT LITE SCATR,KURI NAKA,62010,T M,L,0.023,D,0.000315,M,,
205,729.1,DODECYL /OXYETHYLENE/12 OXYMETHYL REDUCED POLYDISPERSION OF HEAD GROUPS,2. E-1 M NA CL,30,2.3 X10-2 D 3.15 X10-4 M,ED,TURBIDITY PLT LITE SCATR,KURI,62011,T M,L,0.023,D,0.000315,M,,
205,729.1,DODECYL /OXYETHYLENE/12 OXYMETHYL REDUCED POLYDISPERSION OF HEAD GROUPS,1. E 0 M NA CL,30,2.0 X10-2 D 2.74 X10-4 M,ED,TURBIDITY PLT LITE SCATR,KURI,62011,T M,L,0.02,D,0.000274,M,,
205,729.1,DODECYL /OXYETHYLENE/12 OXYMETHYL REDUCED POLYDISPERSION OF HEAD GROUPS,2. E-1 M NA CL,50,1.6 X10-2 D 2.19 X10-4 M,ED,TURBIDITY PLT LITE SCATR,KURI NAKA,62010,T M,L,0.016,D,0.000219,M,,
205,729.1,DODECYL /OXYETHYLENE/12 OXYMETHYL REDUCED POLYDISPERSION OF HEAD GROUPS,2. E-1 M NA CL,50,1.6 X10-2 D 2.19 X10-4 M,ED,TURBIDITY PLT LITE SCATR,KURI,62011,T M,L,0.016,D,0.000219,M,,
205,729.1,DODECYL /OXYETHYLENE/12 OXYMETHYL REDUCED POLYDISPERSION OF HEAD GROUPS,1. E 0 M NA CL,50,1.5 X10-2 D 2.05 X10-4 M,ED,TURBIDITY PLT LITE SCATR,KURI,62011,T M,L,0.015,D,0.000205,M,,
205,729.1,DODECYL /OXYETHYLENE/12 OXYMETHYL REDUCED POLYDISPERSION OF HEAD GROUPS,1. E 0 M NA CL,60,1.2 X10-2 D 1.64 X10-4 M,ED,TURBIDITY PLT LITE SCATR,KURI,62011,T M,L,0.012,D,0.000164,M,,
205,729.1,DODECYL /OXYETHYLENE/12 OXYMETHYL REDUCED POLYDISPERSION OF HEAD GROUPS,2. E-1 M NA CL,70,1.2 X10-2 D 1.64 X10-4 M,ED,TURBIDITY PLT LITE SCATR,KURI NAKA,62010,T M,L,0.012,D,0.000164,M,,
205,729.1,DODECYL /OXYETHYLENE/12 OXYMETHYL REDUCED POLYDISPERSION OF HEAD GROUPS,2. E-1 M NA CL,70,1.2 X10-2 D 1.64 X10-4 M,ED,TURBIDITY PLT LITE SCATR,KURI,62011,T M,L,0.012,D,0.000164,M,,
205,729.1,DODECYL /OXYETHYLENE/12 OXYMETHYL REDUCED POLYDISPERSION OF HEAD GROUPS,2. E-1 M NA CL 5. EOT 0001,30,2.3 X10-2 D 3.15 X10-4 M,ED,TURBIDITY PLT LITE SCATR,KURI NAKA,62010,T M,L,0.023,D,0.000315,M,,
205,729.1,DODECYL /OXYETHYLENE/12 OXYMETHYL REDUCED POLYDISPERSION OF HEAD GROUPS,2. E-1 M NA CL 2.0 E 1 T 0001,30,2.5 X10-2 D 3.42 X10-4 M,ED,TURBIDITY PLT LITE SCATR,KURI NAKA,62010,T M,L,0.025,D,0.000342,M,,
205,729.1,DODECYL /OXYETHYLENE/12 OXYMETHYL REDUCED POLYDISPERSION OF HEAD GROUPS,2. E-1 M NA CL 4.0 E 1 T 0001,30,2.8 X10-2 D 3.84 X10-4 M,ED,TURBIDITY PLT LITE SCATR,KURI NAKA,62010,T M,L,0.028,D,0.000384,M,,
205,729.1,DODECYL /OXYETHYLENE/12 OXYMETHYL REDUCED POLYDISPERSION OF HEAD GROUPS,2. E-1 M NA CL 6.0 E 1 T 0001,30,2.8 X10-2 D 3.84 X10-4 M,ED,TURBIDITY PLT LITE SCATR,KURI NAKA,62010,T M,L,0.028,D,0.000384,M,,
205,729.1,DODECYL /OXYETHYLENE/12 OXYMETHYL REDUCED POLYDISPERSION OF HEAD GROUPS,2. E-1 M NA CL 8.0 E 1 T 0001,30,2.9 X10-2 D 3.97 X10-4 M,ED,TURBIDITY PLT LITE SCATR,KURI NAKA,62010,T M,L,0.029,D,0.000397,M,,
205,729.1,DODECYL /OXYETHYLENE/12 OXYMETHYL REDUCED POLYDISPERSION OF HEAD GROUPS,2. E-1 M NA CL 5. E 0 T 0001,50,2.2 X10-2 D 3.01 X10-4 M,ED,TURBIDITY PLT LITE SCATR,KURI NAKA,62010,T M,L,0.022,D,0.000301,M,,
205,729.1,DODECYL /OXYETHYLENE/12 OXYMETHYL REDUCED POLYDISPERSION OF HEAD GROUPS,2. E-1 M NA CL 2.0 E 1 T 0001,50,2.5 X10-2 D 3.42 X10-4 M,ED,TURBIDITY PLT LITE SCATR,KURI NAKA,62010,T M,L,0.025,D,0.000342,M,,
205,729.1,DODECYL /OXYETHYLENE/12 OXYMETHYL REDUCED POLYDISPERSION OF HEAD GROUPS,2. E-1 M NA CL 4.0 E 1 T 0001,50,3.0 X10-2 D 4.11 X10-4 M,ED,TURBIDITY PLT LITE SCATR,KURI NAKA,62010,T M,L,0.03,D,0.000411,M,,
205,729.1,DODECYL /OXYETHYLENE/12 OXYMETHYL REDUCED POLYDISPERSION OF HEAD GROUPS,2. E-1 M NA CL 6.0 E 1 T 0001,50,3.3 X10-2 D 4.52 X10-4 M,ED,TURBIDITY PLT LITE SCATR,KURI NAKA,62010,T M,L,0.033,D,0.000452,M,,
205,729.1,DODECYL /OXYETHYLENE/12 OXYMETHYL REDUCED POLYDISPERSION OF HEAD GROUPS,2. E-1 M NA CL 8.0 E 1 T 0001,50,3.6 X10-2 D 4.93 X10-4 M,ED,TURBIDITY PLT LITE SCATR,KURI NAKA,62010,T M,L,0.036,D,0.000493,M,,
205,729.1,DODECYL /OXYETHYLENE/12 OXYMETHYL REDUCED POLYDISPERSION OF HEAD GROUPS,2. E-1 M NA CL 5. E 0 T 0001,70,2.0 X10-2 D 2.74 X10-4 M,ED,TURBIDITY PLT LITE SCATR,KURI NAKA,62010,T M,L,0.02,D,0.000274,M,,
205,729.1,DODECYL /OXYETHYLENE/12 OXYMETHYL REDUCED POLYDISPERSION OF HEAD GROUPS,2. E-1 M NA CL 2.0 E 1 T 0001,70,2.6 X10-2 D 3.56 X10-4 M,ED,TURBIDITY PLT LITE SCATR,KURI NAKA,62010,T M,L,0.026,D,0.000356,M,,
205,729.1,DODECYL /OXYETHYLENE/12 OXYMETHYL REDUCED POLYDISPERSION OF HEAD GROUPS,2. E-1 M NA CL 4.0 E 1 T 0001,70,3.4 X10-2 D 4.66 X10-4 M,ED,TURBIDITY PLT LITE SCATR,KURI NAKA,62010,T M,L,0.034,D,0.000466,M,,
205,729.1,DODECYL /OXYETHYLENE/12 OXYMETHYL REDUCED POLYDISPERSION OF HEAD GROUPS,2. E-1 M NA CL 6.0 E 1 T 0001,70,4.0 X10-2 D 5.48 X10-4 M,ED,TURBIDITY PLT LITE SCATR,KURI NAKA,62010,T M,L,0.04,D,0.000548,M,,
205,729.1,DODECYL /OXYETHYLENE/12 OXYMETHYL REDUCED POLYDISPERSION OF HEAD GROUPS,2. E-1 M NA CL 8.0 E 1 T 0001,70,5.0 X10-2 D 6.85 X10-4 M,ED,TURBIDITY PLT LITE SCATR,KURI NAKA,62010,T M,L,0.05,D,0.000685,M,,
206,624,TRITON X-100 (P-T-OCTYL BENZENE/OXYETHYLENE/9 NATURAL DISTRIBUTION OF HEAD GROUPS,,0,9. X10-4 W,HD,FREEZING POINT,GONI MCBA,47007,T,L,0.0009,W,,,,
206,624,TRITON X-100 (P-T-OCTYL BENZENE/OXYETHYLENE/9 NATURAL DISTRIBUTION OF HEAD GROUPS,,26,1.5 X10-2 D,HD,SURFACE TENSION LOG PLOT,MANK,64010,T,L,0.015,D,,,,
206,624,TRITON X-100 (P-T-OCTYL BENZENE/OXYETHYLENE/9 NATURAL DISTRIBUTION OF HEAD GROUPS,,30,5. X10-2 D,HE,TURBIDITY PLT LITE SCATR,KURI,62011,T,L,0.05,D,,,,
206,624,TRITON X-100 (P-T-OCTYL BENZENE/OXYETHYLENE/9 NATURAL DISTRIBUTION OF HEAD GROUPS,,UNK,1.6 X10-2 D,HD,FOTOMTR SPCTR CHNG I2,ROSS OLIV,59020,T,L,0.016,D,,,,
206,624,TRITON X-100 (P-T-OCTYL BENZENE/OXYETHYLENE/9 NATURAL DISTRIBUTION OF HEAD GROUPS,5. E-1 M CA CL2,30,4. X10-2 D,HE,TURBIDITY PLT LITE SCATR,KURI,62011,T,L,0.04,D,,,,
206,624,TRITON X-100 (P-T-OCTYL BENZENE/OXYETHYLENE/9 NATURAL DISTRIBUTION OF HEAD GROUPS,1.0 E O E M H N03,25,1.8 X10-3 D,HG,POLAROGRAPHIC MAXIMUM,COLI,50012,T,L,0.0018,D,,,,
206,624,TRITON X-100 (P-T-OCTYL BENZENE/OXYETHYLENE/9 NATURAL DISTRIBUTION OF HEAD GROUPS,1.0 M H N03,25,2.2 X10-3 D,HG,POLAROGRAPHIC MAXIMUM,COLI,50012,T,L,0.0022,D,,,,
206,624,TRITON X-100 (P-T-OCTYL BENZENE/OXYETHYLENE/9 NATURAL DISTRIBUTION OF HEAD GROUPS,7. E-1 M H CL04,25,1.6 X10-3 D,HG,POLAROGRAPHIC MAXIMUM,COLI,50012,T,L,0.0016,D,,,,
206,624,TRITON X-100 (P-T-OCTYL BENZENE/OXYETHYLENE/9 NATURAL DISTRIBUTION OF HEAD GROUPS,7. E-1 M H CL04,25,3.7 X10-3 D,HG,POLAROGRAPHIC MAXIMUM,COLI,50012,T,L,0.0037,D,,,,
206,624,TRITON X-100 (P-T-OCTYL BENZENE/OXYETHYLENE/9 NATURAL DISTRIBUTION OF HEAD GROUPS,7. E-1 M H CL04,25,2.0 X10-3 D,HG,POLAROGRAPHIC MAXIMUM,COLI,50012,T,L,0.002,D,,,,
206,624,TRITON X-100 (P-T-OCTYL BENZENE/OXYETHYLENE/9 NATURAL DISTRIBUTION OF HEAD GROUPS,1.0 EOM K CL,25,2.2 X10-3 D,HE,SURFACE TNSN LINEAR PLOT,COLI,50012,T,L,0.0022,D,,,,
206,624,TRITON X-100 (P-T-OCTYL BENZENE/OXYETHYLENE/9 NATURAL DISTRIBUTION OF HEAD GROUPS,1.0 EOM K CL,25,1.5 X10-3 D,HG,POLAROGRAPHIC MAXIMUM,COLI,50012,T,L,0.0015,D,,,,
206,624,TRITON X-100 (P-T-OCTYL BENZENE/OXYETHYLENE/9 NATURAL DISTRIBUTION OF HEAD GROUPS,1.0 EOM K N03,25,2.5 X10-3 D,HG,POLAROGRAPHIC MAXIMUM,COLI,50012,T,L,0.0025,D,,,,
206,624,TRITON X-100 (P-T-OCTYL BENZENE/OXYETHYLENE/9 NATURAL DISTRIBUTION OF HEAD GROUPS,1.0 EOM K N03,25,2.2 X10-3 D,HE,SURFACE TNSN LINEAR PLOT,COLI,50012,T,L,0.0022,D,,,,
206,624,TRITON X-100 (P-T-OCTYL BENZENE/OXYETHYLENE/9 NATURAL DISTRIBUTION OF HEAD GROUPS,1.0 E 0 M K N03,25,2.0 X10-3 D,HG,POLAROGRAPHIC MAXIMUM,COLI,50012,T,L,0.002,D,,,,
206,624,TRITON X-100 (P-T-OCTYL BENZENE/OXYETHYLENE/9 NATURAL DISTRIBUTION OF HEAD GROUPS,1.0 E 0 M K OH,25,2.0 X10-3 D,HG,POLAROGRAPHIC MAXIMUM,COLI,50012,T,L,0.002,D,,,,
206,624,TRITON X-100 (P-T-OCTYL BENZENE/OXYETHYLENE/9 NATURAL DISTRIBUTION OF HEAD GROUPS,1 KOM K CHR,ost,"I so X10 :, 1)",HC,POLAROGRAPHIC MAXIMUM,COLI,50012,T,L,,,,,,
206,624,TRITON X-100 (P-T-OCTYL BENZENE/OXYETHYLENE/9 NATURAL DISTRIBUTION OF HEAD GROUPS,p E1 M IIA CL.,":,()",1 X10-2 D,HE,TURBIDITY PLT LITE SCATK,YURI,62011,T,L,0.01,D,,,,
206,624,TRITON X-100 (P-T-OCTYL BENZENE/OXYETHYLENE/9 NATURAL DISTRIBUTION OF HEAD GROUPS,0139,,,,SEE CMID NMBK IN ADDITY,MAIKK,64010,,X,,,,,,
206,624,TRITON X-100 (P-T-OCTYL BENZENE/OXYETHYLENE/9 NATURAL DISTRIBUTION OF HEAD GROUPS,: ) IONIC STRENGTH 1 01 1: I IH OF SOLUTION,25," X10 : :, 1)",HC,REACTN RATE SULUBILIZATE,TONG KEEV,65030,T,L,,,,,,
206,624,TRITON X-100 (P-T-OCTYL BENZENE/OXYETHYLENE/9 NATURAL DISTRIBUTION OF HEAD GROUPS,2 1:-1 TOMIC STRENGTH I 01 #: I Ill OF SOLUTION,UNK,"so X10  D""",HC,POTOMTR SPOTR CHNCK KHDG,TOHC REEV,65030,T,L,,,,,,
206,624,TRITON X-100 (P-T-OCTYL BENZENE/OXYETHYLENE/9 NATURAL DISTRIBUTION OF HEAD GROUPS,"to () F 0 M NH:,",26,st () X10 % D,HC,POLAROCRAPHIC MAXIMUM,COLI,50012,T,L,,,,,,
206,624,TRITON X-100 (P-T-OCTYL BENZENE/OXYETHYLENE/9 NATURAL DISTRIBUTION OF HEAD GROUPS,to 0 IC () M HII 1 1: 1 M 11114 CL. 1 1:-1 M N114 CL 2.,"at,",1 P. X10- D,HC,POLAROGRAPHIC MAXIMUM,COLI,50012,T,L,,,,,,
207,250.4,P-T-OCTYL BENZENE /OXYETHYLENE/ ALCOHOL HOMOGENEOUS HEAD GROUP,,16,1 is X10-6 M,BD,"SURFACE TENSION 1,00 P.O.O.T",CROO FORD,64014,CL,L,,,,,,
207,250.4,P-T-OCTYL BENZENE /OXYETHYLENE/ ALCOHOL HOMOGENEOUS HEAD GROUP,,26,1 85 X105 M,BE,SURFACE TENSION 1.00 PLOT,CROO FORD,63017,GL,L,,,,,,
207,250.4,P-T-OCTYL BENZENE /OXYETHYLENE/ ALCOHOL HOMOGENEOUS HEAD GROUP,,26,4.95 X10-6 M,RD,SURFACE TENSION LOG lLOT,CROO FORD,64014,(LL,L,0.00000495,M,,,,
207,250.4,P-T-OCTYL BENZENE /OXYETHYLENE/ ALCOHOL HOMOGENEOUS HEAD GROUP,,st,50 X10 5 M,BD,SURFACE TENSION LOG PLOT,CROO FORD,64014,CL,L,5000000.000000000,M,,,,
207,250.4,P-T-OCTYL BENZENE /OXYETHYLENE/ ALCOHOL HOMOGENEOUS HEAD GROUP,,45,6 : X106 M,BD,SURFACE TENSION LOG PLOT,CROO FORD,64014,GL,L,,,,,,
207,250.4,P-T-OCTYL BENZENE /OXYETHYLENE/ ALCOHOL HOMOGENEOUS HEAD GROUP,,56,I 66 X10-6 M,(il),SURFACE TENSION LOC PLOT,CROO FORD,64014,CL,L,0.000066,M,,,,
207,250.4,P-T-OCTYL BENZENE /OXYETHYLENE/ ALCOHOL HOMOGENEOUS HEAD GROUP,,66,9 65 X10-5 M,[ill,SURFACE TENSION LOC PLOT,CROO FORD,64014,CL,4,,,0.00065,M,,
207,250.4,P-T-OCTYL BENZENE /OXYETHYLENE/ ALCOHOL HOMOGENEOUS HEAD GROUP,,75,1 20 X10-4 M,01:01,SURFACE TENSION 1.00 PLOT,CROO FORD,64014,CL,L,,,0.002,M,,
207,250.4,P-T-OCTYL BENZENE /OXYETHYLENE/ ALCOHOL HOMOGENEOUS HEAD GROUP,,86,1.95 X10-4 M,BD,SURFACE TENSION LOG PLOT,CROO FORD,64014,CL,L,0.000195,M,,,,
208,2944,P-T-OCTYL BENZENE /OXYETHYLENE/2 ALCOHOL HOMOGENEOUS HEAD GROUP,,15,7 30 X10-6 M,IID,"SURFACE TENSION 1,00 PLOT",CROO FORD,64014,CL,L,,,0.00003,M,,
208,2944,P-T-OCTYL BENZENE /OXYETHYLENE/2 ALCOHOL HOMOGENEOUS HEAD GROUP,,25,I 32 X10-4 M,BC,SURFACE TENSION LOG PLOT,CROO FORD,63017,CL,3,0.0032,M,,,,
208,2944,P-T-OCTYL BENZENE /OXYETHYLENE/2 ALCOHOL HOMOGENEOUS HEAD GROUP,,26,,,QUESTIONABLE CRITERION,CROO FORD,63017,,K,,,,,,
208,2944,P-T-OCTYL BENZENE /OXYETHYLENE/2 ALCOHOL HOMOGENEOUS HEAD GROUP,,25,7 65 X10 6 M,HD,SURFACE TENSION LOC PLOT,CROO FORD,64014,GL,L,,,65000000.000000000,M,,
208,2944,P-T-OCTYL BENZENE /OXYETHYLENE/2 ALCOHOL HOMOGENEOUS HEAD GROUP,,35,7 00 X105 M,BD,SURFACE TENSION LOG PLOT,CROO FORD,64014,GL,L,,,,,,
208,2944,P-T-OCTYL BENZENE /OXYETHYLENE/2 ALCOHOL HOMOGENEOUS HEAD GROUP,,45,8 65 X10-5 M,PID,"SURFACE TENSION 1,00 PLOT",CROO FORD,64014,CL,L,,,0.00065,M,,
208,2944,P-T-OCTYL BENZENE /OXYETHYLENE/2 ALCOHOL HOMOGENEOUS HEAD GROUP,,65,9 65 X10-6 M,BD,SURFACE TENSION LOG PLOT,CROO FORD,64014,CL,L,,,0.000065,M,,
208,2944,P-T-OCTYL BENZENE /OXYETHYLENE/2 ALCOHOL HOMOGENEOUS HEAD GROUP,,65,I 11 X104 M,BD,SURFACE TENSION LOC PLOT,CROO FORD,64014,CL,L,,,,,,
208,2944,P-T-OCTYL BENZENE /OXYETHYLENE/2 ALCOHOL HOMOGENEOUS HEAD GROUP,,75,I 11 X10-1 M,IID,SURFACE TENSION LOG PLOT,CROO FORD,64014,GL,L,1.1,M,,,,
208,2944,P-T-OCTYL BENZENE /OXYETHYLENE/2 ALCOHOL HOMOGENEOUS HEAD GROUP,,85,I 62 X10 4 M,PD,"SURFACE TENSION 1,00 PLOT",CROO FORD,64014,CL,L,620000,M,,,,
209,338.5,OCTYL BENZENE /OXYETHYLENE/3 ALCOHOL HOMOGENEOUS HEAD GROUP,,15,1 02 X10-1 M,BD,SURFACE TENSION LOC PLOT,CROO FORD,64014,GL,L,,,0.2,M,,
209,338.5,OCTYL BENZENE /OXYETHYLENE/3 ALCOHOL HOMOGENEOUS HEAD GROUP,,26,I X10-5 M,BC,SURFACE TENSION LOC PLOT,CROO FORD,63017,GL,3,,,,,,
209,338.5,OCTYL BENZENE /OXYETHYLENE/3 ALCOHOL HOMOGENEOUS HEAD GROUP,,26,,,QUESTIONABLE CRITERION,CROO FORD,63017,,R,,,,,,
209,338.5,OCTYL BENZENE /OXYETHYLENE/3 ALCOHOL HOMOGENEOUS HEAD GROUP,,20,I 0.1 X10-1 M,BD,SURFACE TENSION LOC PLOT,CROO FORD,64014,CL,1,0.01,M,,,,
209,338.5,OCTYL BENZENE /OXYETHYLENE/3 ALCOHOL HOMOGENEOUS HEAD GROUP,,35,I 07 X10-4 M,BD,SURFACE TENSION LOG PLOT,CROO FORD,64014,CL,1,0.0007,M,,,,
209,338.5,OCTYL BENZENE /OXYETHYLENE/3 ALCOHOL HOMOGENEOUS HEAD GROUP,,45,I Is X10-1 M,BD,"SURFACE TENSION 1,00 PLOT",CROO FORD,64014,CL,,,,,,,
209,338.5,OCTYL BENZENE /OXYETHYLENE/3 ALCOHOL HOMOGENEOUS HEAD GROUP,,56,I 23 X10 4 M,BD,SURFACE TENSION LOG PLOT,CROO FORD,64014,CL,L,230000,M,,,,
209,338.5,OCTYL BENZENE /OXYETHYLENE/3 ALCOHOL HOMOGENEOUS HEAD GROUP,,65,1 (10) X104 M,BI),"SURFACE TENSION 1,00 PLOT",CROO FORD,64014,CL,,,,,,,
209,338.5,OCTYL BENZENE /OXYETHYLENE/3 ALCOHOL HOMOGENEOUS HEAD GROUP,,7b,I GB X10-1 M,111),"SURFACE TENSION 1,00 PLOT",CROO FORD,64014,CL,L,,,,,,
209,338.5,OCTYL BENZENE /OXYETHYLENE/3 ALCOHOL HOMOGENEOUS HEAD GROUP,,86,: 1: X10 4 M,BD,SURFACE TENSION 1.00 PLOT,CROO FORD,64014,(LL,L,,,,,,
210,382.5,P-T-OCTYL BENZENE /OXYETHYLENE/4 ALCOHOL HOMOGENEOUS HEAD GROUP,,16,1 34 X10 4 M,BD,SURFACE TENSION LOC PLOT,CROO FORD,64014,CL,1,,,340000,M,,
210,382.5,P-T-OCTYL BENZENE /OXYETHYLENE/4 ALCOHOL HOMOGENEOUS HEAD GROUP,,25,1 it X10-4 M,BC,SURFACE TENSION LOC PLOT,CROO FORD,63017,CL,,,,,,,
210,382.5,P-T-OCTYL BENZENE /OXYETHYLENE/4 ALCOHOL HOMOGENEOUS HEAD GROUP,,"26,",,,QUESTIONABLE CRITERION,CROO FORD,63017,,R,,,,,,
210,382.5,P-T-OCTYL BENZENE /OXYETHYLENE/4 ALCOHOL HOMOGENEOUS HEAD GROUP,,26,1 in X10 4 M,BD,SURFACE TENSION 1.00 PLOT,CROO FORD,64014,(il.,L,,,,,,
210,382.5,P-T-OCTYL BENZENE /OXYETHYLENE/4 ALCOHOL HOMOGENEOUS HEAD GROUP,,35,1 :(0) X10-4 M,BD,SURFACE TENSION LOG PLOT,CROO FORD,64014,CL,1,,,,,,
210,382.5,P-T-OCTYL BENZENE /OXYETHYLENE/4 ALCOHOL HOMOGENEOUS HEAD GROUP,,45,) 41 X10-4 M,BD,SURFACE TENSION LOG PLOT,CROO FORD,64014,CL,1,0.0041,M,,,,
210,382.5,P-T-OCTYL BENZENE /OXYETHYLENE/4 ALCOHOL HOMOGENEOUS HEAD GROUP,,55,1 59 X10-4 M,BD,SURFACE TENSION 1.00 PLOT,CROO FORD,64014,CL,1,,,0.0059,M,,
210,382.5,P-T-OCTYL BENZENE /OXYETHYLENE/4 ALCOHOL HOMOGENEOUS HEAD GROUP,,65,I To X10 4 M,BD,SURPACK TENSION LOG PLOT,CROO FORD,64014,"C1,",1,,,,,,
210,382.5,P-T-OCTYL BENZENE /OXYETHYLENE/4 ALCOHOL HOMOGENEOUS HEAD GROUP,,7b,I 91 X10-4 M,BD,"SURPACK TENSION 1,00 PLOT",CROO FORD,64014,CL,1,0.0091,M,,,,
210,382.5,P-T-OCTYL BENZENE /OXYETHYLENE/4 ALCOHOL HOMOGENEOUS HEAD GROUP,,85,: 1.8 X104 M,BD,SURFACE TENSION 1.00 PLOT,CROO FORD,64014,GI.,L,,,,,,
210,382.5,P-T-OCTYL BENZENE /OXYETHYLENE/4 ALCOHOL HOMOGENEOUS HEAD GROUP,K () 0210,25,,,QUESTIONABLE CRITERION,CROO FORD,63017,,R,,,,,,
210,382.5,P-T-OCTYL BENZENE /OXYETHYLENE/4 ALCOHOL HOMOGENEOUS HEAD GROUP,3 BAKIC 0216,26,I 47 X10-4 M,BC,SURFACE TENSION 1.00 PLOT,CROO FORD,63017,1,,0.0047,M,,,,
210,382.5,P-T-OCTYL BENZENE /OXYETHYLENE/4 ALCOHOL HOMOGENEOUS HEAD GROUP,600KIC 0216,26,1 76 X10 4 M,BC,SURFACE TENSION 1.00 PL.OT,CROO FORD,63017,(I.L,,,,760000,M,,
210,382.5,P-T-OCTYL BENZENE /OXYETHYLENE/4 ALCOHOL HOMOGENEOUS HEAD GROUP,6 It 1 ( 0216,26,? 17 X10-4 M,BC,SURFACE TENSION LOG PLOT,CROO FORD,63017,CL.I.,,0.0017,M,,,,
211,426.6,"P-T-OCTYL BENZENE /OXYETHYLENE/5 ALCOHOL HOMOGENEOUS, HEAD GROUP",,15,1.81 X10-4 M,BD,SURFACE TENSION LOG PLOT,CROO FORD,64014,GL,L,0.000181,M,,,,
211,426.6,"P-T-OCTYL BENZENE /OXYETHYLENE/5 ALCOHOL HOMOGENEOUS, HEAD GROUP",,25,1.54 X10-4 M,BC,SURFACE TENSION LOG PLOT,CROO FORD,63017,L,3,0.000154,M,,,,
211,426.6,"P-T-OCTYL BENZENE /OXYETHYLENE/5 ALCOHOL HOMOGENEOUS, HEAD GROUP",,25,,,QUESTIONABLE CRITERION,CROO FORD,63017,,is,,,,,,
211,426.6,"P-T-OCTYL BENZENE /OXYETHYLENE/5 ALCOHOL HOMOGENEOUS, HEAD GROUP",,25,1.72 X10-4 M,BD,SURFACE TENSION LOG PLOT,CROO FORD,64014,GL,L,0.000172,M,,,,
211,426.6,"P-T-OCTYL BENZENE /OXYETHYLENE/5 ALCOHOL HOMOGENEOUS, HEAD GROUP",,35,1.64 X10-4 M,BD,SURFACE TENSION LOG PLOT,CROO FORD,64014,GL,L,0.000164,M,,,,
211,426.6,"P-T-OCTYL BENZENE /OXYETHYLENE/5 ALCOHOL HOMOGENEOUS, HEAD GROUP",,45,1.64 X10-4 M,BD,SURFACE TENSION LOG PLOT,CROO FORD,64014,GL,L,0.000164,M,,,,
211,426.6,"P-T-OCTYL BENZENE /OXYETHYLENE/5 ALCOHOL HOMOGENEOUS, HEAD GROUP",,55,1.72 X10-4 M,BD,SURFACE TENSION LOG PLOT,CROO FORD,64014,GL,L,0.000172,M,,,,
211,426.6,"P-T-OCTYL BENZENE /OXYETHYLENE/5 ALCOHOL HOMOGENEOUS, HEAD GROUP",,65,1.90 X10-4 M,BD,SURFACE TENSION LOG PLOT,CROO FORD,64014,GL,L,0.00019,M,,,,
211,426.6,"P-T-OCTYL BENZENE /OXYETHYLENE/5 ALCOHOL HOMOGENEOUS, HEAD GROUP",,75,2.2 X10-1 M,BD,SURFACE TENSION LOG PLOT,CROO FORD,64014,GL,L,0.22,M,,,,
211,426.6,"P-T-OCTYL BENZENE /OXYETHYLENE/5 ALCOHOL HOMOGENEOUS, HEAD GROUP",,85,2.35 X10-4 M,BD,SURFACE TENSION LOG PLOT,CROO FORD,64014,GU,L,0.000235,M,,,,
212,470.7,P-T-OCTYL BENZENE /OXYETHYLENE/6 ALCOHOL HOMOGENEOUS HEAD GROUP,,15,2.70 X10-4 M,BD,SURFACE TENSION LOG PLOT,CROO FORD,64014,GL,L,0.00027,M,,,,
212,470.7,P-T-OCTYL BENZENE /OXYETHYLENE/6 ALCOHOL HOMOGENEOUS HEAD GROUP,,25,2.05 X10-4 M,BC,SURFACE TENSION LOG PLOT,CROO FORD,63017,L,3,0.000205,M,,,,
212,470.7,P-T-OCTYL BENZENE /OXYETHYLENE/6 ALCOHOL HOMOGENEOUS HEAD GROUP,,5,,,QUESTIONABLE CRITERION,CROO FORD,63017,,R,,,,,,
212,470.7,P-T-OCTYL BENZENE /OXYETHYLENE/6 ALCOHOL HOMOGENEOUS HEAD GROUP,,5,2.5 X10-4 M,BD,SURFACE TENSION LOG PLOT,CROO FORD,64014,GL,L,0.00025,M,,,,
212,470.7,P-T-OCTYL BENZENE /OXYETHYLENE/6 ALCOHOL HOMOGENEOUS HEAD GROUP,,35,2.37 X10-4 M,BD,SURFACE TENSION 1.00 PLOT,CROO FORD,64014,GL,1,0.000237,M,,,,
212,470.7,P-T-OCTYL BENZENE /OXYETHYLENE/6 ALCOHOL HOMOGENEOUS HEAD GROUP,,45,2.28 X10-4 M,BD,SURFACE TENSION LOC PLOT,CROO FORD,640,L,L,0.000228,M,,,,
212,470.7,P-T-OCTYL BENZENE /OXYETHYLENE/6 ALCOHOL HOMOGENEOUS HEAD GROUP,,55,2.30 X10-4 M,BD,SURFACE TENSION LOG PLOT,CROO FORD,64014,GL,L,0.00023,M,,,,
212,470.7,P-T-OCTYL BENZENE /OXYETHYLENE/6 ALCOHOL HOMOGENEOUS HEAD GROUP,,65,2.55 X10-4 M,BD,SURFACE TENSION LOG PLOT,CROO FORD,64014,GL,"1,",0.000255,M,,,,
212,470.7,P-T-OCTYL BENZENE /OXYETHYLENE/6 ALCOHOL HOMOGENEOUS HEAD GROUP,,75,2.87 X10-4 M,BD,SURFACE TENSION LOG PLOT,CROO FORD,64014,GL,L,0.000287,M,,,,
212,470.7,P-T-OCTYL BENZENE /OXYETHYLENE/6 ALCOHOL HOMOGENEOUS HEAD GROUP,,85,3.5 X10 4 M,BD,SURFACE TENSION LOG PLOT,CROO FORD,64014,GL,L,35000,M,,,,
213,514.7,P-T-OCTYL BENZENE /OXYETHYLENE/7 ALCOHOL HOMOGENEOUS HEAD GROUP,,15,2.91 X10-4 M,BD,SURFACE TENSION LOG PLOT,CROO FORD,64014,GL,"1,",0.000291,M,,,,
213,514.7,P-T-OCTYL BENZENE /OXYETHYLENE/7 ALCOHOL HOMOGENEOUS HEAD GROUP,,25,X10-4 M,BC,SURFACE TENSION LOG PLOT,CROO FORD,63017,1,3,,,,,,
213,514.7,P-T-OCTYL BENZENE /OXYETHYLENE/7 ALCOHOL HOMOGENEOUS HEAD GROUP,,25,,,QUESTIONABLE CRITERION,CROO FORD,63017,,R,,,,,,
213,514.7,P-T-OCTYL BENZENE /OXYETHYLENE/7 ALCOHOL HOMOGENEOUS HEAD GROUP,,25,2.68 X10-4 M,BD,SURFACE TENSION LOG PLOT,CROO FORD,64014,GL,L,0.000268,M,,,,
213,514.7,P-T-OCTYL BENZENE /OXYETHYLENE/7 ALCOHOL HOMOGENEOUS HEAD GROUP,,35,2.44 X10-4 M,BD,SURFACE TENSION LOG PLOT,CROO FORD,64014,GL,L,0.000244,M,,,,
213,514.7,P-T-OCTYL BENZENE /OXYETHYLENE/7 ALCOHOL HOMOGENEOUS HEAD GROUP,,45,2.43 X10-4 M,BD,SURFACE TENSION LOG PLOT,CROO FORD,64014,GL,L,0.000243,M,,,,
213,514.7,P-T-OCTYL BENZENE /OXYETHYLENE/7 ALCOHOL HOMOGENEOUS HEAD GROUP,,55,2.41 X10 4 M,BD,SURFACE TENSION LOG PLOT,CROO FORD,64014,CL,L,24100,M,,,,
213,514.7,P-T-OCTYL BENZENE /OXYETHYLENE/7 ALCOHOL HOMOGENEOUS HEAD GROUP,,65,2.50 X10-4 M,BD,SURFACE TENSION LOC PLOT,CROO FORD,64014,GL,L,0.00025,M,,,,
213,514.7,P-T-OCTYL BENZENE /OXYETHYLENE/7 ALCOHOL HOMOGENEOUS HEAD GROUP,,75,2.68 X10-4 M,BD,SURFACE TENSION LOG PLOT,CROO FORD,64014,GL,L,0.000268,M,,,,
213,514.7,P-T-OCTYL BENZENE /OXYETHYLENE/7 ALCOHOL HOMOGENEOUS HEAD GROUP,,85,2.90 X10-4 M,BD,SURFACE TENSION LOG PL.OT,CROO FORD,64014,GL,L,0.00029,M,,,,
214,558.8,P-T-OCTYL BENZENE /OXYETHYLENE/8 ALCOHOL HOMOGENEOUS!HEA GROUP,,15,2.91 X10-4 M,BD,SURFACE TENSION LOG PLOT,CROO FORD,64014,GL,"1,",0.000291,M,,,,
214,558.8,P-T-OCTYL BENZENE /OXYETHYLENE/8 ALCOHOL HOMOGENEOUS!HEA GROUP,,25,2.80 X10-4 M,BC,SURFACE TENSION LOG PLOT,CROO FORD,63017,GL,3,0.00028,M,,,,
214,558.8,P-T-OCTYL BENZENE /OXYETHYLENE/8 ALCOHOL HOMOGENEOUS!HEA GROUP,,25,,,QUESTIONABLE CRITERION,CROO FORD,63017,,R,,,,,,
214,558.8,P-T-OCTYL BENZENE /OXYETHYLENE/8 ALCOHOL HOMOGENEOUS!HEA GROUP,,25,2.83 X10-4 M,BD,SURFACE TENSION LOG PLOT,CROO FORD,64014,GL,L,0.000283,M,,,,
214,558.8,P-T-OCTYL BENZENE /OXYETHYLENE/8 ALCOHOL HOMOGENEOUS!HEA GROUP,,35,2.58 X10-4 M,BD,SURFACE TENSION LOG PLOT,CROO FORD,64014,GL,L,0.000258,M,,,,
214,558.8,P-T-OCTYL BENZENE /OXYETHYLENE/8 ALCOHOL HOMOGENEOUS!HEA GROUP,,45,2.50 X10 4 M,BD,SURFACE TENSION LOG PLOT,CROO FORD,64014,GL,L,25000,M,,,,
214,558.8,P-T-OCTYL BENZENE /OXYETHYLENE/8 ALCOHOL HOMOGENEOUS!HEA GROUP,,55,2.46 X10 4 M,BD,SURFACE TENSION LOG PLOT,CROO FORD,64014,GL,L,24600,M,,,,
214,558.8,P-T-OCTYL BENZENE /OXYETHYLENE/8 ALCOHOL HOMOGENEOUS!HEA GROUP,,65,2.55 X10-4 M,BD,SURFACE TENSION LOG PLOT,CROO FORD,64014,GL,L,0.000255,M,,,,
214,558.8,P-T-OCTYL BENZENE /OXYETHYLENE/8 ALCOHOL HOMOGENEOUS!HEA GROUP,,75,2.74 X10-4 M,BD,SURFACE TENSION LOG PLOT,CROO FORD,64014,GL,L,0.000274,M,,,,
214,558.8,P-T-OCTYL BENZENE /OXYETHYLENE/8 ALCOHOL HOMOGENEOUS!HEA GROUP,,85,2.98 X10-4 M,BD,SURFACE TENSION LOG PLOT,CROO FORD,64014,GL,L,0.000298,M,,,,
215,602.8,P-T-OCTYL BENZENE /OXYETHYLENE/9 ALCOHOL HOMOGENEOUS HEAD GROUP,,15,3.22 X10-4 M,BD,SURFACE TENSION LOC PLOT,CROO FORD,64014,GL,L,0.000322,M,,,,
215,602.8,P-T-OCTYL BENZENE /OXYETHYLENE/9 ALCOHOL HOMOGENEOUS HEAD GROUP,,25,3.35 X10-4 M,BC,SURFACE TENSION LOG PLOT,CROO FORD,63017,GL,3,0.000335,M,,,,
215,602.8,P-T-OCTYL BENZENE /OXYETHYLENE/9 ALCOHOL HOMOGENEOUS HEAD GROUP,,25,,,QUESTIONABLE CRITERION,CROO FORD,63017,,R,,,,,,
215,602.8,P-T-OCTYL BENZENE /OXYETHYLENE/9 ALCOHOL HOMOGENEOUS HEAD GROUP,,25,3.04 X10-4 M,BD,SURFACE TENSION LOG PLOT,CROO FORD,64014,GL,L,0.000304,M,,,,
215,602.8,P-T-OCTYL BENZENE /OXYETHYLENE/9 ALCOHOL HOMOGENEOUS HEAD GROUP,,35,2.75 X10-4 M,BD,SURFACE TENSION LOG PLOT,CROO FORD,64014,GL,L,0.000275,M,,,,
215,602.8,P-T-OCTYL BENZENE /OXYETHYLENE/9 ALCOHOL HOMOGENEOUS HEAD GROUP,,45,2.62 X10-4 M,BD,SURFACE TENSION LOG PLOT,CROO FORD,64014,GL,L,0.000262,M,,,,
215,602.8,P-T-OCTYL BENZENE /OXYETHYLENE/9 ALCOHOL HOMOGENEOUS HEAD GROUP,,55,2.70 X10-4 M,BD,SURFACE TENSION LOG PLOT,CROO FORD,64014,GL,L,0.00027,M,,,,
215,602.8,P-T-OCTYL BENZENE /OXYETHYLENE/9 ALCOHOL HOMOGENEOUS HEAD GROUP,,65,2.80 X10-4 M,BD,SURFACE TENSION LOG PLOT,CROO FORD,64014,GL,L,0.00028,M,,,,
215,602.8,P-T-OCTYL BENZENE /OXYETHYLENE/9 ALCOHOL HOMOGENEOUS HEAD GROUP,,75,2.91 X10-4 M,BD,SURFACE TENSION LOG PLOT,CROO FORD,64014,GL,L,0.000291,M,,,,
215,602.8,P-T-OCTYL BENZENE /OXYETHYLENE/9 ALCOHOL HOMOGENEOUS HEAD GROUP,,85,3.18 X10-4 M,BD,SURFACE TENSION LOG PLOT,CROO FORD,64014,CL,L,0.000318,M,,,,
216,646.9,P-T-OCTYL BENZENE /OXYETHYLENE/10 ALCOHOL HOMOGENEOUS HEAD GROUP,,15,3.30 X10-4 M,BD,SURFACE TENSION LOG PLOT,CROO FORD,64014,GL,L,0.00033,M,,,,
216,646.9,P-T-OCTYL BENZENE /OXYETHYLENE/10 ALCOHOL HOMOGENEOUS HEAD GROUP,,25,3.23 X10-4 M,BD,SURFACE TENSION LOG PLOT,CROO FORD,64014,GL,L,0.000323,M,,,,
216,646.9,P-T-OCTYL BENZENE /OXYETHYLENE/10 ALCOHOL HOMOGENEOUS HEAD GROUP,,25,3.35 X10-4 M,BC,SURFACE TENSION LOG PLOT,CROO FORD,63017,L,3,0.000335,M,,,,
216,646.9,P-T-OCTYL BENZENE /OXYETHYLENE/10 ALCOHOL HOMOGENEOUS HEAD GROUP,,5,,,QUESTIONABLE CRITERION,CR00 FORD,63017,,R,,,,,,
216,646.9,P-T-OCTYL BENZENE /OXYETHYLENE/10 ALCOHOL HOMOGENEOUS HEAD GROUP,,35,3.03 X10-4 M,BD,SURFACE TENSION LOG PLOT,CR00 FORD,64014,GL,L,0.000303,M,,,,
216,646.9,P-T-OCTYL BENZENE /OXYETHYLENE/10 ALCOHOL HOMOGENEOUS HEAD GROUP,,45,2.80 X10-4 M,BD,SURFACE TENSION LOG PLOT,CR00 FORD,64014,GL,L,0.00028,M,,,,
216,646.9,P-T-OCTYL BENZENE /OXYETHYLENE/10 ALCOHOL HOMOGENEOUS HEAD GROUP,,55,2.90 X10-4 M,BD,SURFACE TENSION LOG PLOT,CROO FORD,64014,GL,L,0.00029,M,,,,
216,646.9,P-T-OCTYL BENZENE /OXYETHYLENE/10 ALCOHOL HOMOGENEOUS HEAD GROUP,,65,3.00 X10-4 M,BD,SURFACE TENSION LOG PLOT,CROO FORD,64014,GL,L,0.0003,M,,,,
216,646.9,P-T-OCTYL BENZENE /OXYETHYLENE/10 ALCOHOL HOMOGENEOUS HEAD GROUP,,75,3.12 X10-4 M,BD,SURFACE TENSION LOG PLOT,CROO FORD,64014,GL,L,0.000312,M,,,,
216,646.9,P-T-OCTYL BENZENE /OXYETHYLENE/10 ALCOHOL HOMOGENEOUS HEAD GROUP,,85,3.38 X10-4 M,BD,SURFACE TENSION LOG PLOT,CROO FORD,64014,GL,L,0.000338,M,,,,
216,646.9,P-T-OCTYL BENZENE /OXYETHYLENE/10 ALCOHOL HOMOGENEOUS HEAD GROUP,0210,25,,,SEE CMPD NMBR IN ADDITV,CROO FORD,63017,,X,,,,,,
216,646.9,P-T-OCTYL BENZENE /OXYETHYLENE/10 ALCOHOL HOMOGENEOUS HEAD GROUP,E 0 0210,25,,,QUESTIONABLE CRITERION,CROO FORD,63017,,R,,,,,,
217,250.4,P-T-OCTYL BENZENE /OXYETHYLENE/1 ALCOHOL NATURAL DISTRIBUTION OF HEAD GROUPS,,25,4.85 X10-5 M,EE,SURFACE TENSION LOG PLOT,CROO FORD,63017,GL,L,0.0000485,M,,,,
218,294.4,P-T-OCTYL BENZENE /OXYETHYLENE/2 ALCOHOL NATURAL DISTRIBUTION OF HEAD GROUPS,,25,6.8 X10-5 M,EC,SURFACE TENSION LOG PLOT,CROO FORD,63017,GL,L,0.000068,M,,,,
218,294.4,P-T-OCTYL BENZENE /OXYETHYLENE/2 ALCOHOL NATURAL DISTRIBUTION OF HEAD GROUPS,,25,,,QUESTIONABLE CRITERION,CROO FORD,63017,,R,,,,,,
219,338.5,P-T-OCTYL BENZENE /OXYETHYLENE/3 ALCOHOL NATURAL DISTRIBUTION OF HEAD GROUPS,,25,1.14 X10-4 M,EC,SURFACE TENSION LOG PLOT,CROO FORD,63017,GL,L,0.000114,M,,,,
219,338.5,P-T-OCTYL BENZENE /OXYETHYLENE/3 ALCOHOL NATURAL DISTRIBUTION OF HEAD GROUPS,,25,,,QUESTIONABLE CRITERION,CROO FORD,63017,,R,,,,,,
220,382.5,P-T-OCTYL BENZENE /OXYETHYLENE/4 ALCOHOL NATURAL DISTRIBUTION OF HEAD GROUPS,,25,1.05 X10-4 M,EC,SURFACE TENSION LOG PLOT,CROO FORD,63017,GL,L,0.000105,M,,,,
220,382.5,P-T-OCTYL BENZENE /OXYETHYLENE/4 ALCOHOL NATURAL DISTRIBUTION OF HEAD GROUPS,,25,,,QUESTIONABLE CRITERION,CROO FORD,63017,,R,,,,,,
220,382.5,P-T-OCTYL BENZENE /OXYETHYLENE/4 ALCOHOL NATURAL DISTRIBUTION OF HEAD GROUPS,E 0 0226,25,,,QUESTIONABLE CRITERION,CROO FORD,63017,,R,,,,,,
220,382.5,P-T-OCTYL BENZENE /OXYETHYLENE/4 ALCOHOL NATURAL DISTRIBUTION OF HEAD GROUPS,3.33 E 1 C 0226,25,1.28 X10-4 M,EC,SURFACE TENSION LOG PLOT,CROO FORD,63017,L,L,0.000128,M,,,,
220,382.5,P-T-OCTYL BENZENE /OXYETHYLENE/4 ALCOHOL NATURAL DISTRIBUTION OF HEAD GROUPS,5100 E 1 C 0226,25,1.53 X10-4 M,EC,SURFACE TENSION LOG PLOT,CROO FORD,63017,GL,L,0.000153,M,,,,
220,382.5,P-T-OCTYL BENZENE /OXYETHYLENE/4 ALCOHOL NATURAL DISTRIBUTION OF HEAD GROUPS,6.67 E 1 C 0226,25,2.04 X10-4 M,EC,SURFACE TENSION LOG PLOT,CR00 FORD,63017,GL,L,0.000204,M,,,,
221,426.6,P-T-OCTYL BENZENE /OXYETHYLENE/5 ALCOHOL NATURAL DISTRIBUTION OF HEAD GROUPS,,25,1.17 X10-4 M,EC,SURFACE TENSION LOG PLOT,CR00 FORD,63017,GL,L,0.000117,M,,,,
221,426.6,P-T-OCTYL BENZENE /OXYETHYLENE/5 ALCOHOL NATURAL DISTRIBUTION OF HEAD GROUPS,,25,,,QUESTIONABLE CRITERION,CROO FORD,63017,,R,,,,,,
222,470.7,P-T-OCTYL BENZENE /OXYETHYLENE/6 ALCOHOL NATURAL DISTRIBUTION OF HEAD GROUPS,,25,1.80 X10-4 M,EC,SURFACE TENSION LOG PLOT,CROO FORD,63017,L,L,0.00018,M,,,,
222,470.7,P-T-OCTYL BENZENE /OXYETHYLENE/6 ALCOHOL NATURAL DISTRIBUTION OF HEAD GROUPS,,25,,,QUESTIONABLE CRITERION,CROO FORD,63017,,R,,,,,,
223,514.7,P-T-OCTYL BENZENE /OXYETHYLENE/7 ALCOHOL NATURAL DISTRIBUTION OF HEAD GROUPS,,25,1.84 X10-4 M,EC,SURFACE TENSION LOG PLOT,CR00 FORD,63017,GL,L,0.000184,M,,,,
223,514.7,P-T-OCTYL BENZENE /OXYETHYLENE/7 ALCOHOL NATURAL DISTRIBUTION OF HEAD GROUPS,,25,,,QUESTIONABLE CRITERION,CROO FORD,63017,,R,,,,,,
224,558.8,P-T-OCTYL BENZENE /OXYETHYLENE/8 ALCOHOL NATURAL DISTRIBUTION OF HEAD GROUPS,,25,2.47 X10-4 M,EC,SURFACE TENSION LOG PLOT,CR00 FORD,63017,GL,L,0.000247,M,,,,
224,558.8,P-T-OCTYL BENZENE /OXYETHYLENE/8 ALCOHOL NATURAL DISTRIBUTION OF HEAD GROUPS,,25,,,QUESTIONABLE CRITERION,CROO FORD,63017,,R,,,,,,
225,602.8,P-T-OCTYL BENZENE /OXYETHYLENE/9 ALCOHOL NATURAL DISTRIBUTION OF HEAD GROUPS,,25,2.90 X10-4 M,EC,SURFACE TENSION MINIMUM,CR00 FORD,63017,L,L,0.00029,M,,,,
225,602.8,P-T-OCTYL BENZENE /OXYETHYLENE/9 ALCOHOL NATURAL DISTRIBUTION OF HEAD GROUPS,,5,,,QUESTIONABLE CRITERION,CROO FORD,63017,,R,,,,,,
226,646.9,P-T-OCTYL BENZENE /OXYETHYLENE/10 ALCOHOL NATURAL DISTRIBUTION OF HEAD GROUPS,,25,3.20 X10-4 M,EC,SURFACE TENSION MINIMUM,CR00 FORD,63017,GL,L,0.00032,M,,,,
226,646.9,P-T-OCTYL BENZENE /OXYETHYLENE/10 ALCOHOL NATURAL DISTRIBUTION OF HEAD GROUPS,,25,,,QUESTIONABLE CRITERION,CR00 FORD,63017,,R,,,,,,
226,646.9,P-T-OCTYL BENZENE /OXYETHYLENE/10 ALCOHOL NATURAL DISTRIBUTION OF HEAD GROUPS,0220,25,,,SEE CMPD NMBR IN ADDITV,CR00 FORD,63017,,X,,,,,,
226,646.9,P-T-OCTYL BENZENE /OXYETHYLENE/10 ALCOHOL NATURAL DISTRIBUTION OF HEAD GROUPS,E 0 0220,25,,,QUESTIONABLE CRITERION,CROO FORD,63017,,R,,,,,,
227,911.3,P-T-OCTYL BENZENE /OXYETHYLENE/16 ALCOHOL NATURAL DISTRIBUTION OF HEAD GROUPS,,25,4.3 X10-4 M,EC,SURFACE TENSION MINIMUM,CROO FORD,63017,GL,L,0.00043,M,,,,
227,911.3,P-T-OCTYL BENZENE /OXYETHYLENE/16 ALCOHOL NATURAL DISTRIBUTION OF HEAD GROUPS,,25,,,QUESTIONABLE CRITERION,CROO FORD,63017,,R,,,,,,
228,1968.7,P-T-OCTYL BENZENE /OXYETHYLENE/40 ALCOHOL NATURAL DISTRIBUTION OF HEAD GROUPS,,25,8.1 X10-4 M,EC,SURFACE TENSION MINIMUM,CR00 FORD,63017,GL,L,0.00081,M,,,,
228,1968.7,P-T-OCTYL BENZENE /OXYETHYLENE/40 ALCOHOL NATURAL DISTRIBUTION OF HEAD GROUPS,,25,,,QUESTIONABLE CRITERION,CR00 FORD,63017,,R,,,,,,
229,286.3,SODIUM TRIDECANE 1-SULFONATE,,50,3.52 X10-3 M,BG,VISUAL SPCTR CHNGE PNCN,WEIL STIR,63013,T,L,0.00352,M,,,,
230,314.4,SODIUM PENTADECANE 1-SULFONATE,,50,6.6 X10-4 M,BG,VISUAL SPCTR CHNGE PNCN,WEIL STIR,63013,T,L,0.00066,M,,,,
231,342.5,SODIUM HEPTADECANE 1-SULFONATE,,50,2.1 X10-4 M,BG,VISUAL SPCTR CHNGE PNCN,WEIL STIR,63013,T,L,0.00021,M,,,,
232,334.5,OCTADECANE 1-SULFONIC ACID,,50,1.0 X10-4 M,BG,VISUAL SPCTR CHNGE PNCN,WEIL STIR,63013,T,L,0.0001,M,,,,
232,334.5,OCTADECANE 1-SULFONIC ACID,,UNK,1.0 X10-4 M,BD,SURFACE TENSION LOG PLOT,WEIL STIR,63013,T,L,0.0001,M,,,,
233,352.3,DISODIUM ALPHA SULFO MYRISTATE,,25,,,QUESTIONABLE CRITERION,WEIL STIR,63013,,R,,,,,,
234,380.4,DISODIUM ALPHA SULFO PALMITATE,,25,,,QUESTIONABLE CRITERION,WEIL STIR,63013,,R,,,,,,
235,302.3,SODIUM ALPHA SULFO LAURIC ACID,,25,,,QUESTIONABLE CRITERION,WEIL STIR,63013,,R,,,,,,
236,330.4,SODIUM ALPHA SULFO MYRISTIC ACID,,25,,,QUESTIONABLE CRITERION,WEIL STIR,63013,,R,,,,,,
237,358.4,SODIUM ALPHA SULFO PALMITIC ACID,,25,,,QUESTIONABLE CRITERION,WEIL STIR,63013,,R,,,,,,
238,288.3,SODIUM DODECANE 1-HYDROXY 2-SULFONATE,,25,,,QUESTIONABLE CRITERION,WEIL STIR,63013,,R,,,,,,
239,316.4,SODIUM TETRADECANE 1-HYDROXY 2-SULFONATE,,25,,,QUESTIONABLE CRITERION,WEIL STIR,63013,,R,,,,,,
240,344.4,SODIUM HEXADECANE 1-HYDROXY 2-SULFONATE,,25,,,QUESTIONABLE CRITERION,WEIL STIR,63013,,R,,,,,,
241,372.5,SODIUM OCTADECANE 1-HYDROXY 2-SULFONATE,,25,,,QUESTIONABLE CRITERION,WEIL STIR,63013,,R,,,,,,
242,264.4,TRIDECANE 1-SULFONIC ACID,,50,2.60 X10-3 M,BG,VISUAL SPCTR CHNGE PNCN,WEIL STIR,63013,T,L,0.0026,M,,,,
242,264.4,TRIDECANE 1-SULFONIC ACID,,UNK,2.53 X10-3 M,BB,SURFACE TENSION LOG PLOT,WEIL STIR,63013,T,L,0.00253,M,,,,
243,278.4,TETRADECANE 1-SULFONIC ACID,,25,2.6 X10-3 W,CF,EQUIV CONDCTNCE GRAPH,MCBA DYE,39011,T,L,0.0026,W,,,,
243,278.4,TETRADECANE 1-SULFONIC ACID,,25,2.10 X10-3 W,CA,SPECFC CONDCTNCE GRAPH,MCBA DYE,39011,P,L,0.0021,W,,,,
243,278.4,TETRADECANE 1-SULFONIC ACID,,50,1.32 X10-3 M,BG,VISUAL SPCTR CHNGE PNCN,WEIL STIR,63013,T,L,0.00132,M,,,,
243,278.4,TETRADECANE 1-SULFONIC ACID,,UNK,1.36 X10-3 M,BB,SURFACE TENSION LOG PLOT,WEIL STIR,63013,T,L,0.00136,M,,,,
244,292.4,PENTADECANE 1-SULFONIC ACID,,50,4.8 X10-4 M,BG,VISUAL SPCTR CHNGE PNCN,WEIL STIR,63013,T,L,0.00048,M,,,,
244,292.4,PENTADECANE 1-SULFONIC ACID,,UNK,7.9 X10-4 M,BC,SURFACE TENSION LOG PLOT,WEIL STIR,63013,T,L,0.00079,M,,,,
245,306.5,HEXADECANE 1-SULFONIC ACID,,40,5.9 X10-4 M,DB,SPECFC CONDCTNCE GRAPH,HART,36002,P,L,0.00059,M,,,,
245,306.5,HEXADECANE 1-SULFONIC ACID,,50,2.8 X10-4 M,BG,VISUAL SPCTR CHNGE PNCN,WEIL STIR,63013,T,L,0.00028,M,,,,
245,306.5,HEXADECANE 1-SULFONIC ACID,,60,8.25 X10-4 M,DA,SPECFC CONDCTNCE GRAPH,HART,36002,P,L,0.000825,M,,,,
245,306.5,HEXADECANE 1-SULFONIC ACID,,80,1.24 X10-3 M,DA,SPECFC CONDCTNCE GRAPH,HART,36002,P,L,0.00124,M,,,,
245,306.5,HEXADECANE 1-SULFONIC ACID,,UNK,4.2 X10-4 M,BC,SURFACE TENSION LOG PLOT,WEIL STIR,63013,T,L,0.00042,M,,,,
245,306.5,HEXADECANE 1-SULFONIC ACID,8.4 E2I PENTANOL-1,60,7.5 X10-4 M,DB,SPECFC CONDCTNCE GRAPH,HART,36002,P,L,0.00075,M,,,,
245,306.5,HEXADECANE 1-SULFONIC ACID,5.63 E 1 H GLYCEROL,60,2.80 X10-3 M,DB,SPECFC CONDCTNCE GRAPH,HART,36002,P,L,0.0028,M,,,,
245,306.5,HEXADECANE 1-SULFONIC ACID,9.58 E 1 I H CL,60,6.1 X10-4 M,DB,SPECFC CONDCTNCE GRAPH,HART,36002,P,L,0.00061,M,,,,
246,320.5,HEPTADECANE 1-SULFONIC ACID,,50,1.4 X10-4 M,BG,VISUAL SPCTR CHNGE PNCN,WEIL STIR,63013,T,L,0.00014,M,,,,
246,320.5,HEPTADECANE 1-SULFONIC ACID,,UNK,1.8 X10-4 M,BD,SURFACE TENSION LOG PLOT,WEIL STIR,63013,T,L,0.00018,M,,,,
247,266.3,DODECANE 1-HYDROXY 2-SULFONIC ACID,,50,1.61 X10-2 M,BG,VISUAL SPCTR CHNGE PNCN,WEIL STIR,63013,T,L,0.0161,M,,,,
247,266.3,DODECANE 1-HYDROXY 2-SULFONIC ACID,,UNK,1.31 X10-2 M,BB,SURFACE TENSION LOG PLOT,WEIL STIR,63013,T,L,0.0131,M,,,,
248,294.4,TETRADECANE 1-HYDROXY 2-SULFONIC ACID,,50,2.61 X10-3 M,BG,VISUAL SPCTR CHNGE PNCN,WEIL STIR,63013,T,L,0.00261,M,,,,
248,294.4,TETRADECANE 1-HYDROXY 2-SULFONIC ACID,,UNK,1.94 X10-3 M,BB,SURFACE TENSION LOG PLOT,WEIL STIR,63013,T,L,0.00194,M,,,,
249,322.5,HEXADECANE 1-HYDROXY 2-SULFONIC ACID,,50,5.8 X10-4 M,,VISUAL SPCTR CHNGE PNCN,WEIL STIR,63013,T,L,0.00058,M,,,,
249,322.5,HEXADECANE 1-HYDROXY 2-SULFONIC ACID,,UNK,6.5 X10-4 M,BB,SURFACE TENSION LOG PLOT,WEIL STIR,63013,T,L,0.00065,M,,,,
250,350.5,OCTADECANE 1-HYDROXY 2-SULFONIC ACID,,50,2.1 X10-4 M,CG,VISUAL SPCTR CHNGE PNCN,WEIL STIR,63013,T,L,0.00021,M,,,,
250,350.5,OCTADECANE 1-HYDROXY 2-SULFONIC ACID,,UNK,2.2 X10-4 M,CC,SURFACE TENSION LOG PLOT,WEIL STIR,63013,T,L,0.00022,M,,,,
251,173.3,OCTYL DIMETHYL AMINE OXIDE,,25,1.6 X10-2 M,BD,HEAT OF DILUTION,BENJ,64016,L,L,0.016,M,,,,
251,173.3,OCTYL DIMETHYL AMINE OXIDE,,27,1.5 X10-1 M,BC,TURBIDITY PLT LITE SCATR,HERR,62005,G,L,0.15,M,,,,
251,173.3,OCTYL DIMETHYL AMINE OXIDE,,30,2.4 X10 0 P 1.38 X10-1 S,BC,DENSITY,BENJ,66040,T M,L,2.4,P,0.138,S,,
252,201.3,DECYL DIMETHYL AMINE OXIDE,,25,1.9 X10-2 M,BD,HEAT OF DILUTION,BENJ,64016,L,L,0.019,M,,,,
252,201.3,DECYL DIMETHYL AMINE OXIDE,,27,1.5 X10-2 M,BC,TURBIDITY PLT LITE SCATR,HERR,62005,G,L,0.015,M,,,,
252,201.3,DECYL DIMETHYL AMINE OXIDE,,30,3.3 X10-1 P 1.63 X10-2 S,BC,DENSITY,BENJ,66040,T M,L,0.33,P,0.0163,S,,
253,257.5,TETRADECYL DIMETHYL AMINE OXIDE,,27,2.7 X10-4 M,BC,TURBIDITY PLT LITE SCATR,HERR,62005,G,L,0.00027,M,,,,
254,187.3,NONYL DIMETHYL AMINE OXIDE,,25,5.4 X10-2 M,BC,HEAT OF DILUTION,BENJ,64016,L,3,0.054,M,,,,
254,187.3,NONYL DIMETHYL AMINE OXIDE,,30,1.1 X10 0 P 5.87 X10-2 S,BD,DENSITY,BENJ,66040,T M,L,1.1,P,0.0587,S,,
255,354.6,"POTASSIUM 9,10 DIHYDROXY STEARATE",,55,1.1 X10-2 M,XC,REFRACTIVE INDEX,KLEV,53010,T,L,0.011,M,,,,
255,354.6,"POTASSIUM 9,10 DIHYDROXY STEARATE",,55,8.0 X10-3 M,XB,REFRACTIVE INDEX,KLEV,53010,T,L,0.008,M,,,,
255,354.6,"POTASSIUM 9,10 DIHYDROXY STEARATE",1. E-3 M K OH,60,7.5 X10-3 M,BC,EQUIV CONDCTNCE GRAPH,GREG TART,48012,T,3,0.0075,M,,,,
256,322.6,POTASSIUM STEARATE,,55,4.5 X10-4 M,XE,REFRACTIVE INDEX,KLEV,53010,T,L,0.00045,M,,,,
256,322.6,POTASSIUM STEARATE,1. E-3 M K OH,60,5. X10-4 M,BE,EQUIV CONDCTNCE GRAPH,GREG TART,48012,T,L,0.0005,M,,,,
257,332.3,SODIUM DI-N-BUTYL SULFOSUCCINATE,,25,2.0 X10-1 M,BC,SURFACE TENSION LOG PLOT,WILL DIXO,57009,TL,L,0.2,M,,,,
257,332.3,SODIUM DI-N-BUTYL SULFOSUCCINATE,,29.9,2.1 X10-1 M,BE,SPECFC CONDCTNCE GRAPH,MILL DIXO,58001,T,L,0.21,M,,,,
258,360.3,SODIUM DI-N-AMYL SULFOSUCCINATE,,,48016,,VALUES FRM REF IN CMC,KOLT STRI,49005,,R,,,,,,
258,360.3,SODIUM DI-N-AMYL SULFOSUCCINATE,,25,5.3 X10-2 M,BC,SURFACE TENSION LOG PLOT,WILL DIXO,57009,AL,3,0.053,M,,,,
258,360.3,SODIUM DI-N-AMYL SULFOSUCCINATE,,29.9,7.3 X10-2 M,BE,SPECFC CONDCTNCE GRAPH,MILL DIXO,58001,T,L,0.073,M,,,,
258,360.3,SODIUM DI-N-AMYL SULFOSUCCINATE,,30,9.5 X10-2 M,HD,FOTOMTR SOLUBLZTN PDMAB,KOLT STRI,48016,T,L,0.095,M,,,,
258,360.3,SODIUM DI-N-AMYL SULFOSUCCINATE,,50,9.5 X10-2 M,HD,FOTOMTR SOLUBLZTN PDMAB,KOLT STRI,48016,T,L,0.095,M,,,,
258,360.3,SODIUM DI-N-AMYL SULFOSUCCINATE,5. E-1 N NA CL,50,4.5 X10-2 M,HE,FOTOMTR SOLUBLZTN PDMAB,KOLT STRI,49005,T,L,0.045,M,,,,
258,360.3,SODIUM DI-N-AMYL SULFOSUCCINATE,1. 0 N NA CL,50,2.5 X10-2 M,HE,FOTOMTR SOLUBLZTN PDMAB,KOLT STRI,49005,T,L,0.025,M,,,,
259,388.4,SODIUM DI-N-HEXYL SULFOSUCCINATE,,25,1.0 X10 0 P,HD,DENSITY,VETT,47011,T,L,1,P,,,,
259,388.4,SODIUM DI-N-HEXYL SULFOSUCCINATE,,25,1.1 X10 0 P,HD,VISCOSITY,VETT,47011,T,L,1.1,P,,,,
259,388.4,SODIUM DI-N-HEXYL SULFOSUCCINATE,,25,1.24 X10-2 M,BC,SURFACE TENSION LOG PLOT,WILL DIXO,57009,TL,3,0.0124,M,,,,
259,388.4,SODIUM DI-N-HEXYL SULFOSUCCINATE,,25,2.7 X10-2 M,XG,VISCOSITY MINIMUM,SATA TYUZ,53006,T,L,0.027,M,,,,
259,388.4,SODIUM DI-N-HEXYL SULFOSUCCINATE,,29.9,1.28 X10-2 M,BE,SPECFC CONDCTNCE GRAPH,MILL DIXO,58001,T,L,0.0128,M,,,,
259,388.4,SODIUM DI-N-HEXYL SULFOSUCCINATE,,29.9,1.19 X10-2 M,BE,EQUIV CONDCTNCE GRAPH,MILL DIXO,58001,T,L,0.0119,M,,,,
259,388.4,SODIUM DI-N-HEXYL SULFOSUCCINATE,,UNK,3.8 X10-2 M,BG,METHOD NOT CITED,KLEV CARR,56001,T,L,0.038,M,,,,
260,444.5,SODIUM DI-N-OCTYL SULFOSUCCINATE,,20,4.5 X10-3 M,HG,FOTOMTR SPCTR CHNGE PNCN,TAUB KONS,60033,T,L,0.0045,M,,,,
260,444.5,SODIUM DI-N-OCTYL SULFOSUCCINATE,,20,2.7 X10-3 M,HG,FOTOMTR SPCTR CHNGE PNCN,TAUB KONS,60033,T,L,0.0027,M,,,,
260,444.5,SODIUM DI-N-OCTYL SULFOSUCCINATE,,20,5.4 X10-3 M,HG,VISUAL SPCTR CHNGE PNCN,TAUB KONS,60033,T,L,0.0054,M,,,,
260,444.5,SODIUM DI-N-OCTYL SULFOSUCCINATE,,20,2.6 X10-3 M,HG,VISUAL SPCTR CHNGE PNCN,TAUB KONS,60033,T,L,0.0026,M,,,,
260,444.5,SODIUM DI-N-OCTYL SULFOSUCCINATE,,20,2.6 X10-3 M,HG,VISUAL SPCTR CHNGE RHD6,TAUB KONS,60033,T,L,0.0026,M,,,,
260,444.5,SODIUM DI-N-OCTYL SULFOSUCCINATE,,25,6.8 X10-4 M,BC,SURFACE TENSION LOG PLOT,WILL DIXO,57009,TL,3,0.00068,M,,,,
260,444.5,SODIUM DI-N-OCTYL SULFOSUCCINATE,,25,9. X10-4 N,HE,UNSPECIFIED CONDUCTANCE,HAFF PICC,42003,T,L,0.0009,N,,,,
260,444.5,SODIUM DI-N-OCTYL SULFOSUCCINATE,,29.9,6.4 X10-4 M,BE,EQUIV CONDCTNCE GRAPH,MILL DIXO,58001,T,L,0.00064,M,,,,
260,444.5,SODIUM DI-N-OCTYL SULFOSUCCINATE,,40,5.1 X10-3 M,HC,UNSPECIFIED CONDUCTANCE,TAUB KONS,60033,T,L,0.0051,M,,,,
260,444.5,SODIUM DI-N-OCTYL SULFOSUCCINATE,,UNK,4. X10-2 M,HE,ELECTROMOTIVE FORCE,STAN RADL,60021,T,L,0.04,M,,,,
261,332.3,SODIUM DI-ISOBUTYL SULFOSUCCINATE,,25,2.0 X10-1 M,BC,SURFACE TENSION LOG PLOT,WILL DIXO,57009,TL,L,0.2,M,,,,
261,332.3,SODIUM DI-ISOBUTYL SULFOSUCCINATE,,25,,,QUESTIONABLE CRITERION,HAFF PICC,42003,,R,,,,,,
262,444.5,SODIUM DI-2-ETHYL-HEXYL SULFOSUCCINATE,,25,2.5 X10-3 M,BC,SURFACE TENSION LOG PLOT,WILL DIXO,57009,TL,3,0.0025,M,,,,
262,444.5,SODIUM DI-2-ETHYL-HEXYL SULFOSUCCINATE,,25,5.5 X10-3 N,HE,UNSPECIFIED CONDUCTANCE,HAFF PICC,42003,T,L,0.0055,N,,,,
262,444.5,SODIUM DI-2-ETHYL-HEXYL SULFOSUCCINATE,,29.9,5.6 X10-3 M,BE,EQUIV CONDCTNCE GRAPH,MILL DIXO,58001,T,L,0.0056,M,,,,
262,444.5,SODIUM DI-2-ETHYL-HEXYL SULFOSUCCINATE,,29.9,6.1 X10-3 M,BE,SPECFC CONDCTNCE GRAPH,MILL DIXO,58001,T,L,0.0061,M,,,,
263,304.4,SODIUM OLEATE /CIS-9-OCTADECENOATE/,,20,,,QUESTIONABLE CRITERION,HESS PHIL,39009,,R,,,,,,
263,304.4,SODIUM OLEATE /CIS-9-OCTADECENOATE/,,24.7,7. X10-2 P,HD,SPECFC CONDCTNCE GRAPH,ROSS BRAM,57031,T,L,0.07,P,,,,
263,304.4,SODIUM OLEATE /CIS-9-OCTADECENOATE/,,25,7.2 X10-4 M,HG,FOTOMTR SPCTR CHNGE PNCN,GINN HARR,58008,T,L,0.00072,M,,,,
263,304.4,SODIUM OLEATE /CIS-9-OCTADECENOATE/,,25,2.64 X10-3 M,HC,SPECFC CONDCTNCE GRAPH,GINN HARR,58008,T,L,0.00264,M,,,,
263,304.4,SODIUM OLEATE /CIS-9-OCTADECENOATE/,,25,2.9 X10-2 D,HE,METHOD NOT CITED,GINN HARR,61014,T,L,0.029,D,,,,
263,304.4,SODIUM OLEATE /CIS-9-OCTADECENOATE/,,25,2.10 X10-3 M,DC,SPECFC CONDCTNCE GRAPH,FLOC GRAH,53004,P,L,0.0021,M,,,,
263,304.4,SODIUM OLEATE /CIS-9-OCTADECENOATE/,,40,2.15 X10-3 M,DC,SPECFC CONDCTNCE GRAPH,FLOC GRAH,53004,P,L,0.00215,M,,,,
263,304.4,SODIUM OLEATE /CIS-9-OCTADECENOATE/,,40,3.0 X10-3 M,DD,SPECFC CONDCTNCE GRAPH,TAMA SHIR,58007,P,L,0.003,M,,,,
263,304.4,SODIUM OLEATE /CIS-9-OCTADECENOATE/,,50,3.5 X10-3 M,HC,SPECFC CONDCTNCE GRAPH,MARO ELDE,54006,T,L,0.0035,M,,,,
263,304.4,SODIUM OLEATE /CIS-9-OCTADECENOATE/,,60,3.2 X10-3 M,DD,SPECFC CONDCTNCE GRAPH,TAMA SHIR,58007,P,L,0.0032,M,,,,
263,304.4,SODIUM OLEATE /CIS-9-OCTADECENOATE/,,60,,,QUESTIONABLE CRITERION,TAMA NAKA,53001,,R,,,,,,
263,304.4,SODIUM OLEATE /CIS-9-OCTADECENOATE/,,75,3.5 X10-2 D,HE,METHOD NOT CITED,GINN HARR,61014,T,L,0.035,D,,,,
263,304.4,SODIUM OLEATE /CIS-9-OCTADECENOATE/,,UNK,1.4 X10-3 M,DD,WIEN EFFECT,EXNE,48018,T,L,0.0014,M,,,,
263,304.4,SODIUM OLEATE /CIS-9-OCTADECENOATE/,,UNK,6.1 X10-2 D,HB,SPECFC CONDCTNCE GRAPH,HARR,58004,K,L,0.061,D,,,,
263,304.4,SODIUM OLEATE /CIS-9-OCTADECENOATE/,,UNK,1. X10-3 M,DG,FOTOMTR SPCTR CHNGE PNCN,TAMA SHIR,58007,T,L,0.001,M,,,,
263,304.4,SODIUM OLEATE /CIS-9-OCTADECENOATE/,,UNK,2.7 X10-3 M,DD,EQUIV CONDCTNCE GRAPH,TAMA SHIR,58007,T,L,0.0027,M,,,,
263,304.4,SODIUM OLEATE /CIS-9-OCTADECENOATE/,5. E-2 P DECANOL-1,24.7,3. X10-2 P,HE,SPECFC CONDCTNCE GRAPH,ROSS BRAM,57031,T,L,0.03,P,,,,
263,304.4,SODIUM OLEATE /CIS-9-OCTADECENOATE/,2. EOM ETHANOL,40,1.7 X10-3 M,DD,AVER SP EQUIV COND,TAMA SHIR,58007,P,L,0.0017,M,,,,
263,304.4,SODIUM OLEATE /CIS-9-OCTADECENOATE/,7. E-2 P LAURYL ALCOHOL,24.7,4. X10-2 P,HE,SPECFC CONDCTNCE GRAPH,ROSS BRAM,57031,T,L,0.04,P,,,,
263,304.4,SODIUM OLEATE /CIS-9-OCTADECENOATE/,4. EOI NA OH,25,1.5 X10-3 W,DG,VISUAL SPCTR CHNGE RHD6,FINE MCBA,48011,T,L,0.0015,W,,,,
263,304.4,SODIUM OLEATE /CIS-9-OCTADECENOATE/,6. EOI NA OH,25,1.5 X10-3 M,CC,EQUIV CONDCTNCE GRAPH,FLOC GRAH,53004,T,L,0.0015,M,,,,
263,304.4,SODIUM OLEATE /CIS-9-OCTADECENOATE/,1.67 E1I NA OH,25,1.2 X10-3 M,CD,EQUIV CONDCTNCE GRAPH,FLOC GRAH,53004,T,L,0.0012,M,,,,
263,304.4,SODIUM OLEATE /CIS-9-OCTADECENOATE/,3.4 EOI OLEIC ACID,25,2.0 X10-3 M,DD,EQUIV CONDCTNCE GRAPH,FLOC GRAH,53004,K,L,0.002,M,,,,
263,304.4,SODIUM OLEATE /CIS-9-OCTADECENOATE/,1.1 E 1 PH OF SOLUTION,5,8. X10-4 M,BD,SPECFC CONDCTNCE GRAPH,MARK TSIK,64051,T,L,0.0008,M,,,,
263,304.4,SODIUM OLEATE /CIS-9-OCTADECENOATE/,1.1 E 1 PH OF SOLUTION,25,1.0 X10-3 M,BD,SPECFC CONDCTNCE GRAPH,MARK TSIK,64051,T,L,0.001,M,,,,
263,304.4,SODIUM OLEATE /CIS-9-OCTADECENOATE/,1.1 E 1 PH OF SOLUTION,40,1.6 X10-3 M,BD,SPECFC CONDCTNCE GRAPH,MARK TSIK,64051,T,L,0.0016,M,,,,
263,304.4,SODIUM OLEATE /CIS-9-OCTADECENOATE/,1.1 E 1 PH OF SOLUTION,60,2.3 X10-3 M,BD,SPECFC CONDCTNCE GRAPH,MARK TSIK,64051,T,L,0.0023,M,,,,
263,304.4,SODIUM OLEATE /CIS-9-OCTADECENOATE/,1.1 E 1 PH OF SOLUTION,90,3.3 X10-3 M,BD,SPECFC CONDCTNCE GRAPH,MARK TSIK,64051,T,L,0.0033,M,,,,
263,304.4,SODIUM OLEATE /CIS-9-OCTADECENOATE/,1.0 E-1 P TRIBUTYL PHOSPHATE,24.7,4. X10-2 P,HE,SPECFC CONDCTNCE GRAPH,ROSS BRAM,57031,T,L,0.04,P,,,,
263,304.4,SODIUM OLEATE /CIS-9-OCTADECENOATE/,2.0 E-1 P TRIBUTYL PHOSPHATE,24.7,5. X10-2 P,HD,SPECFC CONDCTNCE GRAPH,ROSS BRAM,57031,T,L,0.05,P,,,,
264,304.4,SODIUM ELAIDATE /TRANS-9-OCTADECENOATE/,,40,1.4 X10-3 M,DD,AVER SP EQUIV COND,TAMA SHIR,58007,P,L,0.0014,M,,,,
264,304.4,SODIUM ELAIDATE /TRANS-9-OCTADECENOATE/,,40,2.5 X10-3 M,DD,SPECFC CONDCTNCE GRAPH,TAMA SHIR,58007,P,L,0.0025,M,,,,
264,304.4,SODIUM ELAIDATE /TRANS-9-OCTADECENOATE/,,60,2.6 X10-3 M,DD,SPECFC CONDCTNCE GRAPH,TAMA SHIR,58007,P,L,0.0026,M,,,,
264,304.4,SODIUM ELAIDATE /TRANS-9-OCTADECENOATE/,,60,,,QUESTIONABLE CRITERION,TAMA NAKA,53001,,R,,,,,,
264,304.4,SODIUM ELAIDATE /TRANS-9-OCTADECENOATE/,,UNK,1. X10-3 M,DG,FOTOMTR SPCTR CHNGE PNCN,TAMA SHIR,58007,T,L,0.001,M,,,,
264,304.4,SODIUM ELAIDATE /TRANS-9-OCTADECENOATE/,,UNK,2.5 X10-3 M,DD,EQUIV CONDCTNCE GRAPH,TAMA SHIR,58007,T,L,0.0025,M,,,,
265,320,HEXADECYL TRIMETHYL AMMONIUM CHLORIDE,,30,1.3 X10-3 M,BD,EQUIV CONDCTNCE GRAPH,RALS EGGE,47003,T,L,0.0013,M,,,,
265,320,HEXADECYL TRIMETHYL AMMONIUM CHLORIDE,,UNK,1.5 X10-3 M,CC,UNSPECIFIED CONDUCTANCE,CELL EGGE,52001,T,L,0.0015,M,,,,
266,350,HEXADECYL DIMETHYL 2-HYDROXYETHYL AMMONIUM CHLORIDE,,30,1.2 X10-3 M,CC,EQUIV CONDCTNCE GRAPH,RALS EGGE,47003,T,L,0.0012,M,,,,
267,380.1,HEXADECYL DI-/2-HYDROXYETHYL/METHYL AMMONIUM CHLORIDE,,30,1.0 X10-3 M,CC,EQUIV CONDCTNCE GRAPH,RALS EGGE,47003,T,L,0.001,M,,,,
268,410.1,HEXADECYL TRI-/2-HYDROXYETHYL/ AMMONIUM CHLORIDE,,30,1.0 X10-3 M,CC,EQUIV CONDCTNCE GRAPH,RALS EGGE,47003,T,L,0.001,M,,,,
269,380.1,"HEXADECYLDIMETHYL2,3-DIHYDROXYPROPYLAMMONIUM CHLORIDE",,30,1.6 X10-3 M,CC,EQUIV CONDCTNCE GRAPH,RALS EGGE,47003,T,L,0.0016,M,,,,
270,348.1,OCTADECYL TRIMETHYLAMMONIUM CHLORIDE,,25,3.4 X10-4 M,BD,EQUIV CONDCTNCE GRAPH,GRIE KRAU,48010,T,L,0.00034,M,,,,
270,348.1,OCTADECYL TRIMETHYLAMMONIUM CHLORIDE,,30,4. X10-4 M,CE,EQUIV CONDCTNCE GRAPH,RALS EGGE,47003,T,L,0.0004,M,,,,
270,348.1,OCTADECYL TRIMETHYLAMMONIUM CHLORIDE,,30,3. X10-4 M,CD,EQUIV CONDCTNCE GRAPH,RALS EGGE,47003,K,L,0.0003,M,,,,
270,348.1,OCTADECYL TRIMETHYLAMMONIUM CHLORIDE,,UNK,3.46 X10-4 M,CC,UNSPECIFIED CONDUCTANCE,CELL EGGE,52001,T,L,0.000346,M,,,,
270,348.1,OCTADECYL TRIMETHYLAMMONIUM CHLORIDE,4.74 E 0 H METHANOL,25,4.00 X10-4 M,BB,EQUIV CONDCTNCE GRAPH,GRIE KRAU,48010,P,3,0.0004,M,,,,
271,306.3,SODIUM TRI-IS0-PROPYL BENZENE SULFONATE,,31,6.5 X10-2 M,FC,KRArFT POINT SOLUBILITY,SHUC LING,49004,K,L,0.065,M,,,,
271,306.3,SODIUM TRI-IS0-PROPYL BENZENE SULFONATE,,50,6.1 X10-2 M,FG,UNSPEC SPCTR CHNG PNCN,SHUC LING,49004,T,L,0.061,M,,,,
272,284.3,TRI-ISOPROPYL BENZENE SULFONIC ACID,,50,5.5 X10-2 M,FB,EQUIV CONDCTNCE GRAPH,SHUC LING,49004,T,3,0.055,M,,,,
273,222.3,SODIUM DODECANOATE,,,59016,,VALUES FRM REF IN CMC,BOTR CRES,60024,,R,,,,,,
273,222.3,SODIUM DODECANOATE,,,42004,,VALUES FRM REF IN CMC,EKWA,40003,,R,,,,,,
273,222.3,SODIUM DODECANOATE,,,,,QUESTIONABLE CRITERION,EKWA LIND,41004,,R,,,,,,
273,222.3,SODIUM DODECANOATE,,17,2.7 X10-2 M,DC,EQUIV CONDCTNCE GRAPH,EKWA,27001,L,L,0.027,M,,,,
273,222.3,SODIUM DODECANOATE,,20,3.1 X10-2 M,XG,VISCOSITY MINIMUM,SATA TYUZ,53006,T,L,0.031,M,,,,
273,222.3,SODIUM DODECANOATE,,20,,,QUESTIONABLE CRITERION,HESS PHIL,39009,,R,,,,,,
273,222.3,SODIUM DODECANOATE,,20,2.84 X10-2 M,DB,EQUIV CONDCTNCE GRAPH,EKWA,42004,P,L,0.0284,M,,,,
273,222.3,SODIUM DODECANOATE,,25,2.60 X10-2 M,HC,FOTOMTR SOLUBLZTN PDMAB,GINN KINN,59009,T,L,0.026,M,,,,
273,222.3,SODIUM DODECANOATE,,25,2.64 X10-2 M,HC,FOTOMTR SOLUBLZTN OROT,GINN KINN,59009,T,L,0.0264,M,,,,
273,222.3,SODIUM DODECANOATE,,25,2.6 X10-2 M,XG,VISUAL SPCTR CHNGE,KLEV,53010,T,L,0.026,M,,,,
273,222.3,SODIUM DODECANOATE,,25,2.77 X10-2 M,DB,EQUIV CONDCTNCE GRAPH,EKWA,42004,P,L,0.0277,M,,,,
273,222.3,SODIUM DODECANOATE,,25,2.37 X10-2 M,DG,VISUAL SPCTR CHNGE PNCN,MERR GETT,48024,T,L,0.0237,M,,,,
273,222.3,SODIUM DODECANOATE,,25,2.44 X10-2 M,DB,SPECFC CONDCTNCE GRAPH,CAMP LAKS,65024,T,3,0.0244,M,,,,
273,222.3,SODIUM DODECANOATE,,25,2.30 X10-2 M,DG,SURFACE TENSION MINIMUM,CAMP LAKS,65024,T,L,0.023,M,,,,
273,222.3,SODIUM DODECANOATE,,30,2.72 X10-2 M,DB,EQUIV CONDCTNCE GRAPH,EKWA,42004,P,L,0.0272,M,,,,
273,222.3,SODIUM DODECANOATE,,30,2.55 X10-2 M,DB,FOTOMTR SOLUBLZTN PDMAB,KOLT STRI,48016,T,L,0.0255,M,,,,
273,222.3,SODIUM DODECANOATE,,30,2.53 X10-2 M,DB,FOTOMTR SOLUBLZTN OROT,KOLT STRI,48016,T,L,0.0253,M,,,,
273,222.3,SODIUM DODECANOATE,,35,2.66 X10-2 M,DB,EQUIV CONDCTNCE GRAPH,EKWA,42004,P,L,0.0266,M,,,,
273,222.3,SODIUM DODECANOATE,,35,2.50 X10-2 M,DB,SPECFC CONDCTNCE GRAPH,CAMP LAKS,65024,T,L,0.025,M,,,,
273,222.3,SODIUM DODECANOATE,,40,2.64 X10-2 M,DB,EQUIV CONDCTNCE GRAPH,EKWA,42004,P,L,0.0264,M,,,,
273,222.3,SODIUM DODECANOATE,,40,2.5 X10-2 M,DC,FOTOMTR SOLUBLZTN PDMAB,KOLT JOHN,46006,T,L,0.025,M,,,,
273,222.3,SODIUM DODECANOATE,,45,2.69 X10-2 M,DB,EQUIV CONDCTNCE GRAPH,EKWA,42004,P,L,0.0269,M,,,,
273,222.3,SODIUM DODECANOATE,,50,2.72 X10-2 M,DB,EQUIV CONDCTNCE GRAPH,EKWA,42004,P,L,0.0272,M,,,,
273,222.3,SODIUM DODECANOATE,,50,2.55 X10-2 M,DB,FOTOMTR SOLUBLZTN PDMAB,KOLT STRI,48016,T,L,0.0255,M,,,,
273,222.3,SODIUM DODECANOATE,,50,2.3 X10-2 M,DC,FOTOMTR SOLUBLZTN PDMAB,KOLT JOHN,46006,T,L,0.023,M,,,,
273,222.3,SODIUM DODECANOATE,,50,2.80 X10-2 M,DG,SURFACE TENSION MINIMUM,CAMP LAKS,65024,T,L,0.028,M,,,,
273,222.3,SODIUM DODECANOATE,,50,1.91 X10-2 M,DG,VISUAL SPCTR CHNGE PNCN,RAIS,52016,T,L,0.0191,M,,,,
273,222.3,SODIUM DODECANOATE,,50,48016,,VALUES FRM REF IN CMC,KOLT STRI,49005,,R,,,,,,
273,222.3,SODIUM DODECANOATE,,50,2.15 X10-2 M,HB,SPECFC CONDCTNCE GRAPH,MARO ELDE,54006,T,L,0.0215,M,,,,
273,222.3,SODIUM DODECANOATE,,60,2.6 X10-2 M,DC,PH OR HYDROLYSIS,STAU,39006,G,L,0.026,M,,,,
273,222.3,SODIUM DODECANOATE,,60,2.6 X10-2 M,DG,SOLUBLZTN TOLUENE,DEMC DUMA,60032,T,L,0.026,M,,,,
273,222.3,SODIUM DODECANOATE,,60,5.6 X10-1 D 2.51 X10-2 M,DG,SOLUBLZTN TOLUENE,DEMC,60034,T M,L,0.56,D,0.0251,M,,
273,222.3,SODIUM DODECANOATE,,60,2.4 X10-2 M,DC,FOTOMTR SOLUBLZTN OROT,MERR GETT,48024,T,L,0.024,M,,,,
273,222.3,SODIUM DODECANOATE,,RM,2.7 X10-2 M,DC,ULTRAFILTRATION,EKWA,27001,L,L,0.027,M,,,,
273,222.3,SODIUM DODECANOATE,,PM,: 0 X10 % is,DE,Ill OF WYDROLYSIS,EKWA,27001,1,L,,,,,,
273,222.3,SODIUM DODECANOATE,,UNK,: X10 2 M,DE,ELECTROMOTIVE FORCE,CARR JOHN,47013,T,L,,,,,,
273,222.3,SODIUM DODECANOATE,,UNK,2 X10 2 M,DC,FOTOMTIC SOLUBLETH POMAE,CARR JOHN,47013,T,L,200,M,,,,
273,222.3,SODIUM DODECANOATE,,UNK,: X10-2 M,DE,INSPECIFIED CONDUCTANCE,BOTH CRES,69016,T,L,,,,,,
273,222.3,SODIUM DODECANOATE,,UNK,R.O X10-2 M,DD,ELECTROMOTIVE FORCE,BOTH CRICK,59016,T,L,,,,,,
273,222.3,SODIUM DODECANOATE,,UNK,to 110-1 D : 65 X10 2 M,DC,VISUAL SPOTR CHINGE PMCH,DEMC,60034,T M,L,,,,,6500,M
273,222.3,SODIUM DODECANOATE,,DNK,6 X10-1 D in 65 X10-2 M,CC,VISUAL MPCTR CHINGE PMCN,DEMO,61030,T M,1,0.6,D,0.65,M,,
273,222.3,SODIUM DODECANOATE,,UHK,"to X101 D so, 65 X10-2 M",%,VISUAL SPOTR CHICK PMCH,DEMC,61031,T M,1,,,0.65,M,,
273,222.3,SODIUM DODECANOATE,to 11:4 M CALCON (IIA HZMTP*),26,n is X10 % M,HC,"VISUAL, SPCTR CHICK PNCN",MELOR GETT,48024,T,1,,,,,,
273,222.3,SODIUM DODECANOATE,"I 11 M CALCON (HA IIXMIT)""",st,2 vees X10 % M,HC,VISUAL SPOTR CHICK PNCH,MERR GETT,48024,T,L,,,,,,
273,222.3,SODIUM DODECANOATE,: in ‚ëÜ 04 M CALCON (IIA,sits,2.18 X10 % M,HC,VISUAL SPOTR CHICK PHCN,MERR GETT,48024,T,1,,,,,,
273,222.3,SODIUM DODECANOATE,1 36 ‚ëÜ: M CALCON (HA HXMTI*),"oit,",2.17 X10% M,HC,VISUAL SPOTR CHICK PNCH,MERR GETT,48024,T,1,,,,,,
273,222.3,SODIUM DODECANOATE,5 6 1: 0 M CARROZYMITHYLCEILULO,24,1.98 X102 M,HC,VISUAL EPCTR CHINGE PHCN,MERR CETT,48024,T,1,,,,,,
273,222.3,SODIUM DODECANOATE,"I 56 ‚ëÜ: M CARBOXYMETHYLCELL,ULO",23,BE X10 % M,HC,VISUAL SPCTR CHICE PMCH,MERR GETTI,48024,T,1,,,,,,
273,222.3,SODIUM DODECANOATE,H 0 NA H CON,UNK,,,GRAPH DATA NOT RETRIEVED,DEMO ZAKII,62038,,R,,,,,,
273,222.3,SODIUM DODECANOATE,so 18 ‚ëÜ 24 M NA CL.,"it,",I X10 % M,DG,VISUAL SPCTR CHACK PHCN,MERR GETT,48024,T,1,,,,,,
273,222.3,SODIUM DODECANOATE,: 0 1: 2 M IIA C1.,215,I 49 X10-2 M,DG,VISUAL SPOTR CHICE POCK,MERR GETT,48024,T,1,0.49,M,,,,
273,222.3,SODIUM DODECANOATE,1 ‚ëÜ:04 M NA CL,"it,",1 41 X10 % M,DG,VISUAL SPOTR CHNCE PNCN,MERR GETT,48024,T,1,,,,,,
273,222.3,SODIUM DODECANOATE,6 1:2 M HA CL.,at,I in X102 M,DG,VISUAL CHNCE PNCH,MERR CETT,48024,T,1,,,,,,
273,222.3,SODIUM DODECANOATE,I E-1 II 11A CL.,no,I X10 : M,DD,FOTOMTR SOLOBLETH POMAR,KOLT STRI,45005,T,1,,,,,,
273,222.3,SODIUM DODECANOATE,5 11 II NA CL.,50,1 X10 : M,DE,FOTOMTR KOLUBLZTN FOMAL,KOLT STRI,45005,T,is,,,,,,
273,222.3,SODIUM DODECANOATE,I E 0 II NA CL.,60,on X10 : M,DE,FOTOMTR SOLUBUZTN POMAI:,KOLT STRI,49005,T,L,,,,,,
273,222.3,SODIUM DODECANOATE,E 0 NA CL,UNK,,,GRAPH DATA NOT RETRIEVED,DEMO,61030,,R,,,,,,
273,222.3,SODIUM DODECANOATE,7.57 K: M MA2 COS,an,1.91 X102 M,CG,VISUAL SPOTR CHICK PNCH,MERR GETTI,48024,T,1,,,,,,
273,222.3,SODIUM DODECANOATE,03 1: M NA CO3,25,1.72 X10-2 M,CC,VISUAL RPCTR CLINCE PNCN,MERR CETTI,48024,T,1,0.0172,M,,,,
273,222.3,SODIUM DODECANOATE,1.14 M 11A2 COM,20,1/55 X102 M,CG,VISUAL SPCTR CHICE PNCN,MERR GETT,48024,T,1,,,,,,
273,222.3,SODIUM DODECANOATE,2.64 1: M NA2 COS,25,1.32 X10 2 M,GC,VISUAL SPCTR CHICK PHCN,MERR GETT,48024,T,L,132,M,,,,
273,222.3,SODIUM DODECANOATE,: 63 12 % M NA COS,25,114 X10 2 M,CC,VISUAL SPCTR CHICE PNCN,MERR GETT,48024,T,L,11400,M,,,,
273,222.3,SODIUM DODECANOATE,1.25 12 2 M NA COM,an,1.06 X102 M,CG,VISUAL BPCTR CHACK PHCN,MERR GETT,48024,T,1,,,,,,
273,222.3,SODIUM DODECANOATE,66 12 M NA COS,"at,",9.32 X10 : M,GG,VISUAL SPOTR CHNCK PNCN,MERR GETT,48024,T,L,,,,,,
273,222.3,SODIUM DODECANOATE,to 46 12 M HA2 CO3,20,9 10 X10 3 M,CC,VISUAL SPCTR CHICK PNCN,MERR GETT,48024,T,L,,,10000,M,,
273,222.3,SODIUM DODECANOATE,6 100 12 2 M 11A2 COS,25,11 18 X103 M,cc,VISUAL BPCTR CHNCE PNCN,MERR CETT,48024,T,L,,,,,,
273,222.3,SODIUM DODECANOATE,E 0 MA% GOS,UNK,,,GRAPH DATA HOT RETRIEVED,DEMO %AKII,62038,,R,,,,,,
273,222.3,SODIUM DODECANOATE,I‚ëÜ 0 MA HOS,UNK,,,CRAPH DATA NOT RETRIEVED,DEMC,C1030,,H,,,,,,
273,222.3,SODIUM DODECANOATE,1.00 ‚ëÜ : M NA OH,25,.12 X10 2 M,cc,VISUAL RPCTR CHICE PNCW,MERR GETT,48024,T,L,1200,M,,,,
273,222.3,SODIUM DODECANOATE,1.07 12 2 M MA OH,25,1.79 X10-2 M,cc,VISUAL SPCTR CHNCK PHCN,MERR GETT,48024,T,L,0.0179,M,,,,
273,222.3,SODIUM DODECANOATE,5.17 12 2 M NA Off,26,1.69 X10 2 M,CC,VISUAL RPCTR CHNCK PNCW,MERR GETT,48024,T,1,169,M,,,,
273,222.3,SODIUM DODECANOATE,5.09 ‚ëÜ2 M NA OH,at,1.26 X10 2 M,CC,VISUAL APCTR CHINGE PNCN,MERR GETT,48024,T,L,126,M,,,,
273,222.3,SODIUM DODECANOATE,6.45 ‚ëÜ: M NA OH,it,1.08 X10-2 M,CG,VISUAL SPCTR CHACE PMCN,MERR GETI,48024,T,L,0.0108,M,,,,
273,222.3,SODIUM DODECANOATE,7.114 ‚ëÜ2 M NA OH,26,9.75 X10-3 M,CC,VISUAL APCTR CHICK PNCN,MERR GETT,48024,T,L,0.00975,M,,,,
273,222.3,SODIUM DODECANOATE,1 0 I NA OH,26,2.1 X10 % W,CG,VISUAL APCTR CHUCK RHDC,FINE MCBA,48011,T,1,,,,,,
273,222.3,SODIUM DODECANOATE,‚ëÜ 0 NA OH,50,2.7 X10-2 W,cc,VAPR PRESURE LOWERING,HUFF MCBA,51004,T,1,0.027,W,,,,
273,222.3,SODIUM DODECANOATE,I II I 11 HA OH,70,21 X10 2 M,cc,SURFACE TENSION LOC PLOT,POWN ADDI,38006,T,1,2100,M,,,,
273,222.3,SODIUM DODECANOATE,I ‚ëÜ1 = MA OH,70,2.0 X10 2 M,GC,INTERFACTAL TENSION 1.0CM,POWN ADDI,38006,T,L,200,M,,,,
273,222.3,SODIUM DODECANOATE,E 0 NA OH,UHK,,,CRAPH DATA HOT RETRIEVED,DEMC ZAKII,62038,,R,,,,,,
273,222.3,SODIUM DODECANOATE,1.81 ‚ëÜ M HA4 1207 PYRO,25,2.17 X10-2 M,CG,VISDAL HPCTR CRINCE PRON,"MERR GETI""",48024,T,1,0.0217,M,,,,
273,222.3,SODIUM DODECANOATE,: 15 ‚ëÜ : M HA4 P207 PYRO,with,1.88 X10% M,CG,VISIAL SPCTR CHNCE PMCN,MERR GETT,48024,T,1,,,,,,
273,222.3,SODIUM DODECANOATE,1 ‚ëÜ : M HAA P207 lYRO,215,1.73 X10% M,CG,VISUAL SPCTR CHICK PHCN,MERR GETT,48024,T,L,,,,,,
273,222.3,SODIUM DODECANOATE,to 1 ‚ëÜ : M HAA P207 PYRO,st,1.02 X10-> M,CG,VISUAL APCTR CRINGE PNCN,MERR GETT,48024,T,1,,,,,,
273,222.3,SODIUM DODECANOATE,: 04 ‚ëÜ: M 11A4 P207 PYRO,w,",22 X10-2 M",CG,VISUAL SPCTR CHNCK PNCN,MERR GETT,48024,T,1,0.22,M,,,,
273,222.3,SODIUM DODECANOATE,2.69 ‚ëÜ: M 11A4 P207 PYRO,25,1.04 X10-2 M,CG,VISUAL APCTR CHICA PNCN,MERR GETT,48024,T,1,0.0104,M,,,,
273,222.3,SODIUM DODECANOATE,: 15 ‚ëÜ2 M HAA P207 PYRO,26,9.42 X10-3 M,CG,VISUAL SPCTR CHICE PNCN,MERR GETT,48024,T,1,0.00942,M,,,,
273,222.3,SODIUM DODECANOATE,is al. ‚ëÜ : M NA P04,in,02 X10 % M,CG,VISUAL SPCTR CHICK PNCN,MERR GETT,48024,T,1,,,,,,
273,222.3,SODIUM DODECANOATE,I 54 12 : M HA P04,26,I 54 X10 2 M,CG,VISUAL APCTR CHNCE PNCN,MERR GETT,48024,T,1,5400,M,,,,
273,222.3,SODIUM DODECANOATE,30 ‚ëÜ: M HA P04,26,I 19 X10-2 M,CG,VISUAL SPOTR CUNCE PNCN,MERR,48024,T,1,0.19,M,,,,
273,222.3,SODIUM DODECANOATE,a 11 1: : M IIA P04,,I no. X10-2 M,CG,VISUAL SPOTR CHICE PNCN,MERR GETT,48024,T,L,,,,,,
273,222.3,SODIUM DODECANOATE,10 12 M NA P04,215,I 0 X10 2 M,CC,VISUAL SPOTR CHICK PNCN,MERR GETT,48024,T,L,0,M,,,,
273,222.3,SODIUM DODECANOATE,1‚ëÜ 0 NA PO4,DHK,,,GRAPH DATA NOT RETRIEVED,DEMO ZAKH,62038,,R,,,,,,
273,222.3,SODIUM DODECANOATE,1‚ëÜ 0 NA 304,UNK,,,CRAPH DATA NOT RETRIEVED,DEMO,61030,,R,,,,,,
273,222.3,SODIUM DODECANOATE,0 : M HA% 1447,25,I 99 X102 M,GC,VISUAL BPCTR CHNICE PNCN,MERR CETT,48024,T,1,,,,,,
273,222.3,SODIUM DODECANOATE,I 67 1:00 M HA% 1407,26,I 67 X10-2 M,CG,VISUAL BPGTR CHNCE PNCN,MERR GETT,48024,T,1,0.67,M,,,,
273,222.3,SODIUM DODECANOATE,: 711 1‚ëÜ : M NA 8407,26,I III X10 2 M,CG,VISUAL SPOTR CHICK INCH,MERR GETT,48024,T,1,,,,,,
273,222.3,SODIUM DODECANOATE,n 12 2 M NA 1:407,26,I 41 X102 M,GG,VISUAL SPCTR CHACE PNGN,MERR GETTI,48024,T,1,,,,,,
273,222.3,SODIUM DODECANOATE,4:40 1: M NA2 1407,26,I 10 X10-2 M,CC,VISUAL HPCTR CHNCE PNCN,MERR GETT,480.4,T,1,0.1,M,,,,
273,222.3,SODIUM DODECANOATE,# 0 HA2 1407,ONK,,,GRAPH DATA HOT RETRIEVED,DEMC %AKH,62038,,K,,,,,,
273,222.3,SODIUM DODECANOATE,6 51 : M NA2 8103 META,at,: 05 X10 2 M,CC,VISUAL BPOTR CHNCE PNCH,MERR GETTI,48024,T,1,500,M,,,,
273,222.3,SODIUM DODECANOATE,7.63 ‚ëÜ3 M NA H103 META,25,.90 X10 2 M,CG,VISUAL SPOTR CHACK INCN,MERR GETT,48024,T,1,9000,M,,,,
273,222.3,SODIUM DODECANOATE,92 1: M NA2 1103 MKITA,are,I 110 X10-2 M,GC,VISUAL SPOTR CHINGE PNCH,MERR GETTI,48024,T,1,1.1,M,,,,
273,222.3,SODIUM DODECANOATE,1.04 1: M NA STOS META,an,1.64 X10% M,CO,VISUAL SPCTR CHACK PNCN,MERR GETT,48024,T,1,,,,,,
273,222.3,SODIUM DODECANOATE,1 21 12 M NA% 8103 META,an,its. X10 2 M,CC,VISUAL SPCTR CHNCE PNCN,MERR GETT,48024,T,1,,,,,,
273,222.3,SODIUM DODECANOATE,e ht Im M NA2 81103 META,25,21 X10-2 M,CC,VISUAL SPOTR CHNCH PHCN,MERR GETT,48024,T,1,0.21,M,,,,
273,222.3,SODIUM DODECANOATE,4 04 ‚ëÜ: M NA2 8103 META,at,01 X10% M,CG,VISUAL BPCTR CHNCE PNCN,MERR GETT,48024,T,1,,,,,,
273,222.3,SODIUM DODECANOATE,n in 1: M NA% N103 META,26,86 X10-3 M,GG,VISUAL SPCTR CHNCE PNCN,MERR GETTI,480%,T,1,0.086,M,,,,
273,222.3,SODIUM DODECANOATE,8.9 E-3 M SI02/NA20 = 1.60 25,1.72,X10-2 M,HG,VISUAL SPCTR CHNGE PNCN,MERR GETT,48024,T,L,,,,,,
273,222.3,SODIUM DODECANOATE,1.52 E-2 M SI02/NA20 = 1.60 25,1.47,X10-2 M,HG,VISUAL SPCTR CHNGE PNCN,MERR GETT,48024,T,L,,,,,,
273,222.3,SODIUM DODECANOATE,1.57 E-2 M SI02/NA20 = 1.60 25,1.51,X10-2 M,HG,VISUAL SPCTR CHNGE PNCN,MERR GETT,48024,T,L,,,,,,
273,222.3,SODIUM DODECANOATE,2.05 E-2 M SI02/NA20 = 1.60 25,1.32,X10-2 M,HG,VISUAL SPCTR CHNGE PNCN,MERR GETT,48024,T,L,,,,,,
273,222.3,SODIUM DODECANOATE,2.47 E-2 M SI02/NA20 = 1.60 25,1.19,X10-2 M,HG,VISUAL SPCTR CHNGE PNCN,MERR GETT,48024,T,L,,,,,,
273,222.3,SODIUM DODECANOATE,3.34 E-2 M SI02/NA20 R 1.60 25,1.08,X10-2 M,HG,VISUAL SPCTR CHNGE PNCN,MERR GETT,48024,T,L,,,,,,
273,222.3,SODIUM DODECANOATE,1.25 E-2 M SI02/NA20 1.60 60,1.8,X10-2 M,HD,FOTOMTR SOLUBLZTN OROT,MERR GETT,48024,T,L,,,,,,
273,222.3,SODIUM DODECANOATE,2.5 E-2 M SI02/NA20 = 1.60 60,1.4,X10-2 M,HD,FOTOMTR SOLUBLZTN OROT,MERR GETT,48024,T,L,,,,,,
273,222.3,SODIUM DODECANOATE,9.8 E-3 M SI02/NA20 = 2.46 25,1.96,X10-2 M,HG,VISUAL SPCTR CHNGE PNCN,MERR GETT,48024,T,L,,,,,,
273,222.3,SODIUM DODECANOATE,2.09 E-2 M SI02/NA20 = 2.46 25,1.56,X10-2 M,HG,VISUAL SPCTR CHNGE PNCN,MERR GETT,48024,T,L,,,,,,
273,222.3,SODIUM DODECANOATE,2.84 E-2 M SI02/NA20 = 2.46 25,1.42,X10-2 M,HG,VISUAL SPCTR CHNGE PNCN,MERR GETT,48024,T,L,,,,,,
273,222.3,SODIUM DODECANOATE,3.46 E-2 M SI02/NA20 = 2.46 25,1.3,X10-2 M,HG,VISUAL SPCTR CHNGE PNCN,MERR GETT,48024,T,L,,,,,,
273,222.3,SODIUM DODECANOATE,4.35 E-2 M SI02/NA20 = 2.46 25,1.09,X10-2 M,HG,VISUAL SPCTR CHNGE PNCN,MERR GETT,48024,T,L,,,,,,
273,222.3,SODIUM DODECANOATE,5.82 E-2 M SI02/NA20 = 2.46 25,9.75,X10-3 M,HG,VISUAL SPCTR CHNCE PNCN,MERR GETT,48024,T,L,,,,,,
273,222.3,SODIUM DODECANOATE,2.5 E-2 M SI02/NA20 = 2.46 60,1.4,X10-2 M,HD,FOTOMTR SOLUBLZTN OROT,MERR GETT,48024,K,L,,,,,,
273,222.3,SODIUM DODECANOATE,4.3 E-3 M SI02/NA20 = 3.93 25,2.18,X10-2 M,HG,VISUAL SPCTR CHNGE PNCN,MERR GETT,48024,T,L,,,,,,
273,222.3,SODIUM DODECANOATE,8.3 E-3 M SI02/NA20 = 3.93 25,2.08,X10-2 M,HG,VISUAL SPCTR CHNGE PNCN,MERR GETT,48024,T,L,,,,,,
273,222.3,SODIUM DODECANOATE,1.20 E-2 M SI02/NA20 = 3.93 25,2,X10-2 M,HG,VISUAL SPCTR CHNGE PNCN,MERR GETT,48024,T,L,,,,,,
273,222.3,SODIUM DODECANOATE,2.5 E-2 M SI02/NA20 = 3.93 60,1.4,X10-2 M,HD,FOTOMTR SOLUBLZTN OROT,MERR GETT,48024,K,L,,,,,,
273,222.3,SODIUM DODECANOATE,1.1 PH OF SOLUTION 24,2.3,X10-2 M,BG,FOTOMTR SPCTR CHNGE PNCN,HARV,56018,T,L,,,,,,
273,222.3,SODIUM DODECANOATE,1.1 E 1 PH OF SOLUTION 24,2.3,X10-2 M,BC,SURFACE TENSION LOG PLOT,HARV,56018,T,3,,,,,,
273,222.3,SODIUM DODECANOATE,1.1 E 1 PH OF SOLUTION 30,2.25,X10-2 M,BC,SPECFC CONDCTNCE GRAPH,MARK TSIK,64051,T,3,,,,,,
273,222.3,SODIUM DODECANOATE,1.1 E 1 PH OF SOLUTION 40,2.25,X10-2 M,BC,SPECFC CONDCTNCE GRAPH,MARK TSIK,64051,T,L,,,,,,
273,222.3,SODIUM DODECANOATE,1.1 E 1 PH OF SOLUTION 50,2.25,X10-2 M,BC,SPECFC CONDCTNCE GRAPH,MARK TSIK,64051,T,L,,,,,,
273,222.3,SODIUM DODECANOATE,1.1 E 1 PH OF SOLUTION 60,2.25,X10-2 M,BC,SPECFC CONDCTNCE GRAPH,MARK TSIK,64051,T,L,,,,,,
273,222.3,SODIUM DODECANOATE,1.1 E 1 PH OF SOLUTION 90,2.25,X10-2 M,BC,SPECFC CONDCTNCE GRAPH,MARK TSIK,64051,T,L,,,,,,
273,222.3,SODIUM DODECANOATE,3.2 E-4 M 1.2 DECANE DIOL 24 1.1 E 1 PH OF SOLUTION,2.11,X10-2 M,BG,FOTOMTR SPCTR CHNGE PNCN,HARV,56018,G,L,,,,,,
273,222.3,SODIUM DODECANOATE,"7.0 E-4 M 1,2 DECANE DIOL 24 1.1 E 1 PH OF SOLUTION",1.86,X10-2 M,BG,FOTOMTR SPCTR CHNGE PNCN,HARV,56018,C,L,,,,,,
273,222.3,SODIUM DODECANOATE,"8.9 E-4 M 1,2 DECANE DIOL 24 1.1 E 1 PH OF SOLUTION",1.71,X10-2 M,BG,FOTOMTR SPCTR CHNGE PNCN,HARV,56018,G,L,,,,,,
273,222.3,SODIUM DODECANOATE,1.20 E-3 M 1.2 DECANE DIOL 24 1.1 E 1 PH OF SOLUTION,1.8,X10-2 M,BG,FOTOMTR SPCTR CHNGE PNCN,HARV,56018,G,L,,,,,,
273,222.3,SODIUM DODECANOATE,"1.51 E-3 M 1,2 DECANE DIOL 24 1.1 E 1 PH OF SOLUTION",1.85,X10-2 M,BG,FOTOMTR SPCTR CHNGE PNCN,HARV,56018,G,L,,,,,,
273,222.3,SODIUM DODECANOATE,"1.84 E-3 M 1,2 DECANE DIOL 24 1.1 E 1 PH OF SOLUTION",1.92,X10-2 M,BG,FOTOMTR SPCTR CHNGE PNCN,HARV,56018,G,L,,,,,,
273,222.3,SODIUM DODECANOATE,"3.2 E-4 M 1,10 DECANE DIOL 24 1.1 E 1 PH OF SOLUTION",2.22,X10-2 M,BG,FOTOMTR SPCTR CHNGE PNCN,HARV,56018,G,L,,,,,,
273,222.3,SODIUM DODECANOATE,"1.02 E-3 M 1,10 DECANE DIOL 24 1.1 E 1 PH OF SOLUTION",2.08,X10-2 M,BG,FOTOMTR SPCTR CHNGE PNCN,HARV,56018,G,L,,,,,,
273,222.3,SODIUM DODECANOATE,2.02 E-3 M 1.10 DECANE DIOL 24 1.1 E 1 PH OF SOLUTION,1.85,X10-2 M,BG,FOTOMTR SPCTR CHNGE PNCN,HARV,56018,G,L,,,,,,
273,222.3,SODIUM DODECANOATE,"4.10 E-3 M 1,10 DECANE DIOL 24 1.1 E 1 PH OF SOLUTION",1.39,X10-2 M,BG,FOTOMTR SPCTR CHNGE PNCN,HARV,56018,G,L,,,,,,
273,222.3,SODIUM DODECANOATE,4.6 E-5 M DECANOL-1 24 1.1 E 1 PH OF SOLUTION,2.2,X10-2 M,BG,FOTOMTR SPCTR CHNGE PNCN,HARV,56018,G,L,,,,,,
273,222.3,SODIUM DODECANOATE,8.5 E-5 M DECANOL-1 24 1.1 E 1 PH OF SOLUTION,2.17,X10-2 M,BG,FOTOMTR SPCTR CHNGE PNCN,HARV,56018,G,L,,,,,,
273,222.3,SODIUM DODECANOATE,1.05 E-4 M DECANOL-1 24 1.1 E 1 PH OF SOLUTION,2.15,X10-2 M,BG,FOTOMTR SPCTR CHNGE PNCN,HARV,56018,G,L,,,,,,
273,222.3,SODIUM DODECANOATE,1.46 E-4 M DECANOL-1 24 1.1 E 1 PH OF SOLUTION,2.15,X10-2 M,BG,FOTOMTR SPCTR CHNGE PNCN,HARV,56018,G,L,,,,,,
273,222.3,SODIUM DODECANOATE,1.61 E-4 M DECANOL-1 24 1.1 E 1 PH OF SOLUTION,2.15,X10-2 M,BG,FOTOMTR SPCTR CHNGE PNCN,HARV,56018,G,L,,,,,,
273,222.3,SODIUM DODECANOATE,1.99 E-4 M DECANOL-1 24 1.1 E 1 PH OF SOLUTION,2.12,X10-2 M,BG,FOTOMTR SPCTR CHNGE PNCN,HARV,56018,G,L,,,,,,
273,222.3,SODIUM DODECANOATE,7.7 E-3 M HEXANOL-1 24 1.1 E 1 PH OF SOLUTION,2,X10-2 M,BG,FOTOMTR SPCTR CHNGE PNCN,HARV,56018,G,L,,,,,,
273,222.3,SODIUM DODECANOATE,1.12 E-2 M HEXANOL-1 24 1.1 E 1 PH OF SOLUTION,1.88,X10-2 M,BG,FOTOMTR SPCTR CHNGE PNCN,HARV,56018,C,L,,,,,,
273,222.3,SODIUM DODECANOATE,1.58 E-2 M HEXANOL-1 24 1.1 E 1 PH OF SOLUTION,1.78,X10-2 M,BG,FOTOMTR SPCTR CHNGE PNCN,HARV,56018,G,L,,,,,,
273,222.3,SODIUM DODECANOATE,2.20 E-2 M HEXANOL-1 24 1.1 E 1 PH OF SOLUTION,1.55,X10-2 M,BG,FOTOMTR SPCTR CHNGE PNCN,HARV,56018,G,L,,,,,,
273,222.3,SODIUM DODECANOATE,2.92 E-2 M HEXANOL-1 24 1.1 E 1 PH OF SOLUTION,1.24,X10-2 M,BG,FOTOMTR SPCTR CHNGE PNCN,HARV,56018,G,1,,,,,,
273,222.3,SODIUM DODECANOATE,3.10 E-2 M HEXANOL-1 24 1.1 E 1 PH OF SOLUTION,1.3,X10-2 M,BG,FOTOMTR SPCTR CHNGE PNCN,HARV,56018,G,L,,,,,,
273,222.3,SODIUM DODECANOATE,4.02 E-2 M HEXANOL-1 24 1.1 E 1 PH OF SOLUTION,1.02,X10-2 M,BG,FOTOMTR SPCTR CHNGE PNCN,HARV,56018,G,L,,,,,,
273,222.3,SODIUM DODECANOATE,4.11 E-2 M HEXANOL-1 24 1.1 E 1 PH OF SOLUTION,9.5,X10-3 M,BG,FOTOMTR SPCTR CHNGE PNCN,HARV,56018,G,L,,,,,,
273,222.3,SODIUM DODECANOATE,4.97 E-2 M HEXANOL-1 24 1.1 E 1 PH OF SOLUTION,8.8,X10-3 M,BG,FOTOMTR SPCTR CHNGE PNCN,HARV,56018,G,L,,,,,,
273,222.3,SODIUM DODECANOATE,5.70 E-2 M HEXANOL-1 1.1 E 1 PH OF SOLUTION,24,7.1 X10-3 M,BG,FOTOMTR SPCTR CHNGE PNCN,HARV,56018,G,L,0.0071,M,,,,
273,222.3,SODIUM DODECANOATE,5.85 E-2 M HEXANOL-1 1.1 E 1 PH OF SOLUTION,24,7.5 X10-3 M,BG,FOTOMTR SPCTR CHNGE PNCN,HARV,56018,G,L,0.0075,M,,,,
273,222.3,SODIUM DODECANOATE,1.13 E-3 M HEPTANOL-1 1.1 E 1 PH OF SOLUTION,24,2.13 X10-2 M,BG,FOTOMTR SPCTR CHNGE PNCN,HARV,56018,G,L,0.0213,M,,,,
273,222.3,SODIUM DODECANOATE,2.02 E-3 M HEPTANOL-1 1.1 E 1 PH OF SOLUTION,24,2.06 X10-2 M,BG,FOTOMTR SPCTR CHNGE PNCN,HARV,56018,G,L,0.0206,M,,,,
273,222.3,SODIUM DODECANOATE,3.01 E-3 M HEPTANOL-1 1.1 E 1 PH OF SOLUTION,24,2.00 X10-2 M,BG,FOTOMTR SPCTR CHNGE PNCN,HARV,56018,G,L,0.02,M,,,,
273,222.3,SODIUM DODECANOATE,6.14 E-3 M HEPTANOL-1 1.1 E 1 PH OF SOLUTION,24,1.68 X10-2 M,BG,FOTOMTR SPCTR CHNGE PNCN,HARV,56018,G,L,0.0168,M,,,,
273,222.3,SODIUM DODECANOATE,7.98 E-3 M HEPTANOL-1 1.1 E 1 PH OF SOLUTION,24,1.50 X10-2 M,BG,FOTOMTR SPCTR CHNGE PNCN,HARV,56018,G,L,0.015,M,,,,
273,222.3,SODIUM DODECANOATE,9.98 E-3 M HEPTANOL-1 1.1 E 1 PH OF SOLUTION,24,1.40 X10-2 M,BG,FOTOMTR SPCTR CHNGE PNCN,HARV,56018,G,L,0.014,M,,,,
273,222.3,SODIUM DODECANOATE,1.13 E-2 M HEPTANOL-1 1.1 E 1 PH OF SOLUTION,24,1.45 X10-2 M,BG,FOTOMTR SPCTR CHNGE PNCN,HARV,56018,G,L,0.0145,M,,,,
273,222.3,SODIUM DODECANOATE,1.24 E-2 M HEPTANOL-1 1.1 E 1 PH OF SOLUTION,24,1.55 X10-2 M,BG,FOTOMTR SPCTR CHNGE PNCN,HARV,56018,G,L,0.0155,M,,,,
273,222.3,SODIUM DODECANOATE,6.4 E-4 M OCTANOL-1 1.1 E 1 PH OF SOLUTION,24,2.10 X10-2 M,BG,FOTOMTR SPCTR CHNGE PNCN,HARV,56018,G,L,0.021,M,,,,
273,222.3,SODIUM DODECANOATE,1.27 E-3 M OCTANOL-1 1.1 E 1 PH OF SOLUTION,24,1.90 X10-2 M,BG,FOTOMTR SPCTR CHNGE PNCN,HARV,56018,G,L,0.019,M,,,,
273,222.3,SODIUM DODECANOATE,1.60 E-3 M OCTANOL-1 1.1 E 1 PH OF SOLUTION,24,1.93 X10-2 M,BG,FOTOMTR SPCTR CHNGE PNCN,HARV,56018,G,L,0.0193,M,,,,
273,222.3,SODIUM DODECANOATE,1.92 E-3 M OCTANOL-1 1.1 E 1 PH OF SOLUTION,24,1.90 X10-2 M,BG,FOTOMTR SPCTR CHNGE PNCN,HARV,56018,G,L,0.019,M,,,,
273,222.3,SODIUM DODECANOATE,2.30 E-3 M OCTANOL-1 1.1 E 1 PH OF SOLUTION,24,1.95 X10-2 M,BG,FOTOMTR SPCTR CHNGE PNCN,HARV,56018,G,L,0.0195,M,,,,
273,222.3,SODIUM DODECANOATE,2.69 E-3 M OCTANOL-1 1.1 E 1 PH OF SOLUTION,24,1.95 X10-2 M,BG,FOTOMTR SPCTR CHNGE PNCN,HARV,56018,G,L,0.0195,M,,,,
274,340,HEXADECYL PYRIDINIUM CHLORIDE,,13,8.4 X10-4 M,BC,KRAFFT POINT SOLUBILITY,ADDI FURM,56019,T,L,0.00084,M,,,,
274,340,HEXADECYL PYRIDINIUM CHLORIDE,,18.5,8.5 X10-4 M,BC,INTERFACIAL TNSN UNSPEC,ADDI FURM,56019,T,L,0.00085,M,,,,
274,340,HEXADECYL PYRIDINIUM CHLORIDE,,23,5.0 X10-4 M,HG,STREAMING CURRENT,CARD,66011,T,L,0.0005,M,,,,
274,340,HEXADECYL PYRIDINIUM CHLORIDE,,25,9. X10-4 M,BD,EQUIV CONDCTNCE GRAPH,MALS HART,34001,K,L,0.0009,M,,,,
274,340,HEXADECYL PYRIDINIUM CHLORIDE,,25,9.0 X10-4 M,BB,FOTOMTR SOLUBLZTN AZBZ,HART,38001,P,3,0.0009,M,,,,
274,340,HEXADECYL PYRIDINIUM CHLORIDE,,25,6.7 X10-4 M,BG,EQUIV COND MAX BEGINING,GRIE KRAU,49018,T,L,0.00067,M,,,,
274,340,HEXADECYL PYRIDINIUM CHLORIDE,,25,3. X10-5 W,MG,VISUAL SPCTR CHNGE,FINE MCBA,48011,T,L,0.00003,W,,,,
274,340,HEXADECYL PYRIDINIUM CHLORIDE,,80,2.2 X10-3 M,BG,EQUIV COND 1ST DEVIATION,HART,36002,T,L,0.0022,M,,,,
274,340,HEXADECYL PYRIDINIUM CHLORIDE,,80,2.36 X10-3 M,BC,SPECFC CONDCTNCE GRAPH,HART,36002,P,3,0.00236,M,,,,
274,340,HEXADECYL PYRIDINIUM CHLORIDE,3.2 E-3 N NA CL,25,4.0 X10-4 M,BD,FOTOMTR SOLUBLZTN AZBZ,HART,38001,P,L,0.0004,M,,,,
274,340,HEXADECYL PYRIDINIUM CHLORIDE,1.0 E-2 N NA CL,25,1.8 X10-4 M,BD,FOTOMTR SOLUBLZTN AZBZ,HART,38001,P,L,0.00018,M,,,,
274,340,HEXADECYL PYRIDINIUM CHLORIDE,3.2 E-2 N NA CL,25,8. X10-5 M,BE,FOTOMTR SOLUBLZTN AZBZ,HART,38001,P,L,0.00008,M,,,,
274,340,HEXADECYL PYRIDINIUM CHLORIDE,7.43 E-3 M NA CL,31,1.6 X10-4 M,BG,TURBIDITY PLT LITE SCATR,ANAC,58009,G,L,0.00016,M,,,,
274,340,HEXADECYL PYRIDINIUM CHLORIDE,1.754E-2 M NA CL,31,1.2 X10-4 M,BG,TURBIDITY PLT LITE SCATR,ANAC,58009,G,L,0.00012,M,,,,
274,340,HEXADECYL PYRIDINIUM CHLORIDE,4.05 E-2 M NA CL,31,8.3 X10-5 M,BG,TURBIDITY PLT LITE SCATR,ANAC,58009,G,L,0.000083,M,,,,
274,340,HEXADECYL PYRIDINIUM CHLORIDE,3.08 E-1 M NA CL,31,3.2 X10-5 M,BG,TURBIDITY PLT LITE SCATR,ANAC,58009,G,L,0.000032,M,,,,
274,340,HEXADECYL PYRIDINIUM CHLORIDE,4.382E-1 M NA CL,31,6.9 X10-5 M,BG,TURBIDITY PLT LITE SCATR,ANAC,58009,G,L,0.000069,M,,,,
274,340,HEXADECYL PYRIDINIUM CHLORIDE,6.17 E-1 M NA CL,31,3.3 X10-5 M,BG,TURBIDITY PLT LITE SCATR,ANAC,58009,G,L,0.000033,M,,,,
274,340,HEXADECYL PYRIDINIUM CHLORIDE,7.30 E-1 M NA CL,31,9.6 X10-6 M,BG,TURBIDITY PLT LITE SCATR,ANAC,58009,G,L,0.0000096,M,,,,
274,340,HEXADECYL PYRIDINIUM CHLORIDE,1.00 E 2 E NITROBENZENE,25,5.8 X10-4 M,BA,EQUIV CONDCTNCE GRAPH,GRIE KRAU,49018,T,3,0.00058,M,,,,
275,396.1,HEXADECYL DIMETHYLBENZYLAMMONIUM CHLORIDE,,23,4.2 X10-5 M,HG,STREAMING CURRENT,CARD,66011,T,L,0.000042,M,,,,
275,396.1,HEXADECYL DIMETHYLBENZYLAMMONIUM CHLORIDE,,25,2. X10-4 W,HG,VISUAL SPCTR CHNGE,FINE MCBA,48011,T,L,0.0002,W,,,,
275,396.1,HEXADECYL DIMETHYLBENZYLAMMONIUM CHLORIDE,,UNK,4.4 X10-5 M,PG,VISUAL SPCTR CHNGE INPX,ROSS KWAR,53007,T,L,0.000044,M,,,,
276,596.8,NONAETHYLENE GLYCOL MONODODECANOATE NATURAL DISTRIBUTION OF HEAD GROUPS,,0,6.3 X10-4 W,HD,FREEZING POINT,GONI MCBA,47007,T,L,0.00063,W,,,,
277,349.6,BENZYL TRIMETHYL AMMONIUM DODECANOATE,4. E 0 I C6H5 (CH3) 3 N OH,25,1 X10-2 M,HE,EQUIV CONDCTNCE GRAPH,BRAD MCBA,48009,T,L,0.01,M,,,,
278,283.9,DODECYL PYRIDINIUM CHLORIDE,,,,,QUESTIONABLE CRITERION,BROW ROBI,52013,,R,,,,,,
278,283.9,DODECYL PYRIDINIUM CHLORIDE,,25,1.5 X10-2 M,XG,VISUAL SPCTR CHNGE,KLEV,53010,T,L,0.015,M,,,,
278,283.9,DODECYL PYRIDINIUM CHLORIDE,,25,2.8 X10-3 M,HE,EQUIV CONDCTNCE GRAPH,BRAD MCBA,48009,T,L,0.0028,M,,,,
278,283.9,DODECYL PYRIDINIUM CHLORIDE,,25,1.47 X10-2 M,CC,TURBIDITY PLT LITE SCATR,FORD OTTE,66028,T,3,0.0147,M,,,,
278,283.9,DODECYL PYRIDINIUM CHLORIDE,,25,1.46 X10-2 M,CB,SURFACE TENSION UNSPEC,FORD OTTE,66028,T,L,0.0146,M,,,,
278,283.9,DODECYL PYRIDINIUM CHLORIDE,,25,1.4 X10-2 M,BC,SURFACE TENSION LOG PLOT,WEIN ZOGR,65026,T,L,0.014,M,,,,
278,283.9,DODECYL PYRIDINIUM CHLORIDE,,30,2.0 X10-2 W,CC,VAPR PRESURE LOWERING,HUFF MCBA,51004,T,L,0.02,W,,,,
278,283.9,DODECYL PYRIDINIUM CHLORIDE,,30,1.74 X10-2 M,CB,SPECFC CONDCTNCE GRAPH,MEGU KOND,59024,T,L,0.0174,M,,,,
278,283.9,DODECYL PYRIDINIUM CHLORIDE,,30,1.71 X10-2 M,CG,FOTOMTR SPCTR CHNGE EOSN,MEGU KOND,59024,T,L,0.0171,M,,,,
278,283.9,DODECYL PYRIDINIUM CHLORIDE,,30,1.5 X10-2 M,XC,REFRACTIVE INDEX,KLEV,53010,T,L,0.015,M,,,,
278,283.9,DODECYL PYRIDINIUM CHLORIDE,,50,2.0 X10-2 W,CC,VAPR PRESURE LOWERING,HUFF MCBA,51004,T,L,0.02,W,,,,
278,283.9,DODECYL PYRIDINIUM CHLORIDE,,50,1.51 X10-2 M,CG,VISUAL SPCTR CHNGE EOSN,LANG,51005,G,L,0.0151,M,,,,
278,283.9,DODECYL PYRIDINIUM CHLORIDE,2. E-2 M K CL,25,1.13 X10-2 M,CC,TURBIDITY PLT LITE SCATR,FORD OTTE,66028,T,L,0.0113,M,,,,
278,283.9,DODECYL PYRIDINIUM CHLORIDE,2. E-2 M K CL,25,1.22 X10-2 M,CB,SURFACE TENSION UNSPEC,FORD OTTE,66028,T,L,0.0122,M,,,,
278,283.9,DODECYL PYRIDINIUM CHLORIDE,5. E-2 M K CL,25,8.46 X10-3 M,CC,TURBIDITY PLT LITE SCATR,FORD OTTE,66028,T,L,0.00846,M,,,,
278,283.9,DODECYL PYRIDINIUM CHLORIDE,5. E-2 M K CL,25,8.60 X10-3 M,CB,SURFACE TENSION UNSPEC,FORD OTTE,66028,T,L,0.0086,M,,,,
278,283.9,DODECYL PYRIDINIUM CHLORIDE,8. E-2 M K CL,25,6.88 X10-3 M,CC,TURBIDITY PLT LITE SCATR,FORD OTTE,66028,T,L,0.00688,M,,,,
278,283.9,DODECYL PYRIDINIUM CHLORIDE,1. E-1 M K CL,25,2.3 X10-3 M,BC,SURFACE TENSION LOG PLOT,WEIN ZOGR,65026,T,L,0.0023,M,,,,
278,283.9,DODECYL PYRIDINIUM CHLORIDE,2. E-3 N K CNS,50,7.5 X10-3 M,CG,VISUAL SPCTR CHNGE EOSN,LANG,51005,G,L,0.0075,M,,,,
278,283.9,DODECYL PYRIDINIUM CHLORIDE,1. E-2 N K CNS,50,3.5 X10-3 M,CG,VISUAL SPCTR CHNGE EOSN,LANG,51005,G,L,0.0035,M,,,,
278,283.9,DODECYL PYRIDINIUM CHLORIDE,3. E-2 N K CNS,50,2.4 X10-3 M,CG,VISUAL SPCTR CHNGE EOSN,LANG,51005,G,L,0.0024,M,,,,
278,283.9,DODECYL PYRIDINIUM CHLORIDE,1. E-2 N NA BR,50,9.6. X10-3 M,CG,VISUAL SPCTR CHNGE EOSN,LANG,51005,G,L,,,,,,
278,283.9,DODECYL PYRIDINIUM CHLORIDE,3. E-2 N NA BR,50,6.5 X10-3 M,CG,VISUAL SPCTR CHNGE EOSN,LANG,51005,G,L,0.0065,M,,,,
278,283.9,DODECYL PYRIDINIUM CHLORIDE,1. E-1 N NA BR,50,2.8 X10-3 M,CG,VISUAL SPCTR CHNGE EOSN,LANG,51005,G,L,0.0028,M,,,,
278,283.9,DODECYL PYRIDINIUM CHLORIDE,5. E-1 N NA BR,50,1.5 X10-3 M,CG,VISUAL SPCTR CHNGE EOSN,LANG,51005,G,L,0.0015,M,,,,
278,283.9,DODECYL PYRIDINIUM CHLORIDE,5. E-3 M NA CL,50,1.33 X10-2 M,CG,VISUAL SPCTR CHNGE EOSN,LANG,51005,G,L,0.0133,M,,,,
278,283.9,DODECYL PYRIDINIUM CHLORIDE,1. E-2 M NA CL,50,1.16 X10-2 M,CG,VISUAL SPCTR CHNGE EOSN,LANG,51005,G,L,0.0116,M,,,,
278,283.9,DODECYL PYRIDINIUM CHLORIDE,2. E-2 M NA CL,50,9.3 X10-3 M,CG,VISUAL SPCTR CHNGE EOSN,LANG,51005,G,L,0.0093,M,,,,
278,283.9,DODECYL PYRIDINIUM CHLORIDE,5. E-2 M NA CL,50,6.5 X10-3 M,CG,VISUAL SPCTR CHNGE EOSN,LANG,51005,G,L,0.0065,M,,,,
278,283.9,DODECYL PYRIDINIUM CHLORIDE,1.0 E-1 M NA CL,50,4.9 X10-3 M,CG,VISUAL SPCTR CHNGE EOSN,LANG,51005,G,L,0.0049,M,,,,
278,283.9,DODECYL PYRIDINIUM CHLORIDE,3. E-1 M NA CL,50,2.9 X10-3 M,CG,VISUAL SPCTR CHNGE EOSN,LANG,51005,G,L,0.0029,M,,,,
278,283.9,DODECYL PYRIDINIUM CHLORIDE,1.0 E O. M NA CL,50,1.4 X10-3 M,CG,VISUAL SPCTR CHNGE EOSN,LANG,51005,G,L,0.0014,M,,,,
278,283.9,DODECYL PYRIDINIUM CHLORIDE,1. E-2 N NA I,50,6.5 X10-3 M,CG,VISUAL SPCTR CHNGE EOSN,LANG,51005,G,L,0.0065,M,,,,
278,283.9,DODECYL PYRIDINIUM CHLORIDE,2.5 E-2 N NA I,50,4.0 X10-3 M,CG,VISUAL SPCTR CHNGE EOSN,LANG,51005,G,L,0.004,M,,,,
278,283.9,DODECYL PYRIDINIUM CHLORIDE,9. E-2 N NA I,50,2.5 X10-3 M,CG,VISUAL SPCTR CHNGE EOSN,LANG,51005,G,L,0.0025,M,,,,
278,283.9,DODECYL PYRIDINIUM CHLORIDE,1. E-2 N NA N03,50,9.6 X10-3 M,CG,VISUAL SPCTR CHNGE EOSN,LANG,51005,G,L,0.0096,M,,,,
278,283.9,DODECYL PYRIDINIUM CHLORIDE,3. E-2 N NA N03,50,5.6 X10-3 M,CG,VISUAL SPCTR CHNGE EOSN,LANG,51005,G,L,0.0056,M,,,,
278,283.9,DODECYL PYRIDINIUM CHLORIDE,1. E-1 N NA N03,50,3.4 X10-3 M,CG,VISUAL SPCTR CHNGE EOSN,LANG,51005,G,L,0.0034,M,,,,
278,283.9,DODECYL PYRIDINIUM CHLORIDE,5. E-1 N NA N03,50,1.9 X10-3 M,CG,VISUAL SPCTR CHNGE EOSN,LANG,51005,G,L,0.0019,M,,,,
278,283.9,DODECYL PYRIDINIUM CHLORIDE,1. E-3 N NA4 P207 PYRO,50,1.01 X10-2 M,CG,VISUAL SPCTR CHNGE EOSN,LANG,51005,G,L,0.0101,M,,,,
278,283.9,DODECYL PYRIDINIUM CHLORIDE,2. E-3 N NA4 P207 PYRO,50,7.5 X10-3 M,CG,VISUAL SPCTR CHNGE EOSN,LANG,51005,G,L,0.0075,M,,,,
278,283.9,DODECYL PYRIDINIUM CHLORIDE,5. E-3 N NA4 P207 PYRO,50,6.0 X10-3 M,CG,VISUAL SPCTR CHNGE EOSN,LANG,51005,G,L,0.006,M,,,,
278,283.9,DODECYL PYRIDINIUM CHLORIDE,1. E-2 N NA4 P207 PYRO,50,4.7 X10-3 M,CG,VISUAL SPCTR CHNGE EOSN,LANG,51005,G,L,0.0047,M,,,,
278,283.9,DODECYL PYRIDINIUM CHLORIDE,2. E-2 N NA4 P207 PYRO,50,4.6 X10-3 M,CG,VISUAL SPCTR CHNGE EOSN,LANG,51005,G,L,0.0046,M,,,,
278,283.9,DODECYL PYRIDINIUM CHLORIDE,5. E-2 N NA4 P207 PYRO,50,4.8 X10-3 M,CG,VISUAL SPCTR CHNGE EOSN,LANG,51005,G,L,0.0048,M,,,,
278,283.9,DODECYL PYRIDINIUM CHLORIDE,1.0 E-1 N NA4 P207 PYRO,50,4.6 X10-3 M,CG,VISUAL SPCTR CHNGE EOSN,LANG,51005,G,L,0.0046,M,,,,
278,283.9,DODECYL PYRIDINIUM CHLORIDE,2. E-1 N NA4 P207 PYRO,50,4.0 X10-3 M,CG,VISUAL SPCTR CHNGE EOSN,LANG,51005,G,L,0.004,M,,,,
278,283.9,DODECYL PYRIDINIUM CHLORIDE,4. E-1 N NA4 P207 PYRO,50,3.3 X10-3 M,CG,VISUAL SPCTR CHNGE EOSN,LANG,51005,G,L,0.0033,M,,,,
278,283.9,DODECYL PYRIDINIUM CHLORIDE,1.0 E 0 . N NA4 P207 PYRO,50,2.2 X10-3 M,CG,VISUAL SPCTR CHNGE EOSN,LANG,51005,G,L,0.0022,M,,,,
278,283.9,DODECYL PYRIDINIUM CHLORIDE,2. E-3 N NA2 S04,50,1.11 X10-2 M,CG,VISUAL SPCTR CHNGE EOSN,LANG,51005,G,L,0.0111,M,,,,
278,283.9,DODECYL PYRIDINIUM CHLORIDE,5. E-3 N NA2 S04,50,8.6 X10-3 M,CG,VISUAL SPCTR CHNGE EOSN,LANG,51005,G,L,0.0086,M,,,,
278,283.9,DODECYL PYRIDINIUM CHLORIDE,1. E-2 N NA2 S04,50,7.8 X10-3 M,CG,VISUAL SPCTR CHNGE EOSN,LANG,51005,G,L,0.0078,M,,,,
278,283.9,DODECYL PYRIDINIUM CHLORIDE,2. E-2 N NA2 S04,50,7.1 X10-3 M,CG,VISUAL SPCTR CHNGE EOSN,LANG,51005,G,L,0.0071,M,,,,
278,283.9,DODECYL PYRIDINIUM CHLORIDE,3. E-2 N NA2 S04,50,6.7 X10-3 M,CG,VISUAL SPCTR CHNGE EOSN,LANG,51005,G,L,0.0067,M,,,,
278,283.9,DODECYL PYRIDINIUM CHLORIDE,5. E-2 N NA2 S04,50,5.9 X10-3 M,CG,VISUAL SPCTR CHNGE EOSN,LANG,51005,G,L,0.0059,M,,,,
278,283.9,DODECYL PYRIDINIUM CHLORIDE,1.0 E-1 N NA2 S04,50,5.4 X10-3 M,CG,VISUAL SPCTR CHNGE EOSN,LANG,51005,G,L,0.0054,M,,,,
278,283.9,DODECYL PYRIDINIUM CHLORIDE,3.0 E-1 N NA2 S04,50,3.8 X10-3 M,CG,VISUAL SPCTR CHNGE EOSN,LANG,51005,G,L,0.0038,M,,,,
278,283.9,DODECYL PYRIDINIUM CHLORIDE,1.0 N NA2 S04,50,1.8 X10-3 M,CG,VISUAL SPCTR CHNGE EOSN,LANG,51005,G,L,0.0018,M,,,,
279,340,DODECYL BENZYL DIMETHYLAMMONIUM CHLORIDE,,,,,QUESTIONABLE CRITERION,YANG FOST,53015,,R,,,,,,
279,340,DODECYL BENZYL DIMETHYLAMMONIUM CHLORIDE,,25,2.3 X10-3 M,HC,EQUIV CONDCTNCE GRAPH,BRAD MCBA,48009,T,L,0.0023,M,,,,
279,340,DODECYL BENZYL DIMETHYLAMMONIUM CHLORIDE,,25,7.8 X10-3 M,CB,SPECFC CONDCTNCE GRAPH,OSUG SATO,65036,G,3,0.0078,M,,,,
279,340,DODECYL BENZYL DIMETHYLAMMONIUM CHLORIDE,,UNK,2.8 X10-3 M,PG,VISUAL SPCTR CHNGE INPX,ROSS KWAR,53007,T,L,0.0028,M,,,,
279,340,DODECYL BENZYL DIMETHYLAMMONIUM CHLORIDE,,UNK,8.1 X10-3 M,CC,UNSPECIFIED CONDUCTANCE,CELL EGGE,52001,T,L,0.0081,M,,,,
279,340,DODECYL BENZYL DIMETHYLAMMONIUM CHLORIDE,5. E2Y PRESSURE,25,8.25 X10-3 M,CB,SPECFC CONDCTNCE GRAPH,OSUG SATO,65036,G,3,0.00825,M,,,,
279,340,DODECYL BENZYL DIMETHYLAMMONIUM CHLORIDE,1. E3Y PRESSURE,25,8.5 X10-3 M,CB,SPECFC CONDCTNCE GRAPH,OSUG SATO,65036,G,3,0.0085,M,,,,
279,340,DODECYL BENZYL DIMETHYLAMMONIUM CHLORIDE,2. E3Y PRESSURE,25,8.2 X10-3 M,CB,SPECFC CONDCTNCE GRAPH,OSUG SATO,65036,G,3,0.0082,M,,,,
279,340,DODECYL BENZYL DIMETHYLAMMONIUM CHLORIDE,3. E3Y PRESSURE,25,7.5 X10-3 M,CB,SPECFC CONDCTNCE GRAPH,OSUG SATO,65036,G,3,0.0075,M,,,,
279,340,DODECYL BENZYL DIMETHYLAMMONIUM CHLORIDE,4. E3Y PRESSURE,25,7.1 X10-3 M,CB,SPECFC CONDCTNCE GRAPH,OSUG SATO,65036,G,3,0.0071,M,,,,
279,340,DODECYL BENZYL DIMETHYLAMMONIUM CHLORIDE,5. E 3 Y PRESSURE,25,6.8 X10-3 M,CB,SPECFC CONDCTNCE GRAPH,OSUG SATO,65036,G,3,0.0068,M,,,,
280,465.8,DECYL TRIMETHYL AMMONIUM DODECYL SULFATE,,25,1.9 X10-4 M,CE,UNSPEC SOLUBLZTN SDN 4,HOYE MARM,61001,TL,L,0.00019,M,,,,
280,465.8,DECYL TRIMETHYL AMMONIUM DODECYL SULFATE,,25,2.1 X10-4 M,DC,SPECFC CONDCTNCE GRAPH,PACK DONB,63030,T,L,0.00021,M,,,,
280,465.8,DECYL TRIMETHYL AMMONIUM DODECYL SULFATE,,UNK,1.85 X10-3 D 3.971X10-5 M,BD,DEBYE PLT LIGHT SCATTER,HOYE DOER,64007,T M,L,0.00185,D,0.00003971,M,,
281,493.8,DODECYL TRIMETHYLAMMONIUM DODECYL SULFATE,,25,3. X10-5 M,CE,SURFACE TNSN LINEAR PLOT,HOYE MARM,61001,T,L,0.00003,M,,,,
282,506.8,HEXADECYL /OXYETHYLENE/ 6 ALCOHOL HOMOGENEOUS HEAD GROUP,,20,9.9 X10-5 M,BC,SURFACE TENSION LOG PLOT,CARL CHAL,64009,T,L,0.000099,M,,,,
282,506.8,HEXADECYL /OXYETHYLENE/ 6 ALCOHOL HOMOGENEOUS HEAD GROUP,,25,1.0 X10-6 M,BD,SURFACE TENSION LOG PLOT,GOOD OTTE,61004,T,P,0.000001,M,,,,
282,506.8,HEXADECYL /OXYETHYLENE/ 6 ALCOHOL HOMOGENEOUS HEAD GROUP,,25,1.66 X10-6 M,BC,SURFACE TENSION LOG PLOT,ELWO MACF,62027,T,P,0.00000166,M,,,,
282,506.8,HEXADECYL /OXYETHYLENE/ 6 ALCOHOL HOMOGENEOUS HEAD GROUP,,27,9.4 X10-5 M,BG,FOTOMTR SPCTR CHNG I2,CARL CHAL,64009,T,L,0.000094,M,,,,
282,506.8,HEXADECYL /OXYETHYLENE/ 6 ALCOHOL HOMOGENEOUS HEAD GROUP,,28,5. X10-5 D 9.8 X10-7 M,BE,SURFACE TENSION LOG PLOT,CORK GOOD,64023,T M,L,0.00005,D,0.00000098,M,,
283,399.7,HEXANOLAMINE-CH3CH/OH/CH2C/CH3/2NH2-ELAIDATE,,0,6. X10-4 W,DD,FREEZING POINT,GONI MCBA,46016,T,L,0.0006,W,,,,
284,261.4,HEXANOLAMINE-CH3CH/OH/CH2C/CH3/2NH2-OCTANOATE,,0,3.1 X10-1 M,DC,FREEZING POINT,GONI,46019,K,L,0.31,M,,,,
284,261.4,HEXANOLAMINE-CH3CH/OH/CH2C/CH3/2NH2-OCTANOATE,,20,2.6 X10-1 M,XG,VISCOSITY MINIMUM,SATA TYUZ,53006,T,L,0.26,M,,,,
285,399.7,HEXANOLAMINE-CH3CH/OH/CH2C/CH3/2NH2-OLEATE,,0,6.0 X10-4,DD,FREEZING POINT,GONI MCBA,46008,T,L,,,,,,
286,439.6,AMMONIUM DI-2-ETHYL-HEXYL SULFOSUCCINATE,,0,4. X10-3 W,CE,FREEZING POINT,MCBA BRAD,43006,T,L,0.004,W,,,,
287,365.6,OCTYL TRIMETHYLAMMONIUM OCTANE SULFONATE,,25,2.1 X10-2 M,BC,METHOD NOT CITED,CORK GOOD,66014,T,L,0.021,M,,,,
287,365.6,OCTYL TRIMETHYLAMMONIUM OCTANE SULFONATE,,25,2.016X10-2 M,CA,SPECFC CONDCTNCE GRAPH,TART LING,43004,T,3,0.02016,M,,,,
287,365.6,OCTYL TRIMETHYLAMMONIUM OCTANE SULFONATE,,RM,1.99 X10-2 M,BB,DEBYE PLT LIGHT SCATTER,ANAC,53002,T,L,0.0199,M,,,,
288,421.7,DECYL TRIMETHYLAMMONIUM DECANESULFONATE,,25,1.36 X10-3 M,BC,METHOD NOT CITED,CORK GOOD,66014,T,3,0.00136,M,,,,
288,421.7,DECYL TRIMETHYLAMMONIUM DECANESULFONATE,,40,1.40 X10-3 M,CA,SPECFC CONDCTNCE GRAPH,TART LING,43004,P,3,0.0014,M,,,,
288,421.7,DECYL TRIMETHYLAMMONIUM DECANESULFONATE,,RM,1.3 X10-3 M,BD,TURBIDITY PLT LITE SCATR,ANAC,53002,KC,L,0.0013,M,,,,
289,478.7,TETRADECYL/OXYETHYLENE/6 ALCOHOL HOMOGENEOUS HEAD GROUP,,25,5. X10-4 D 1.0 X10-5 M,BE,SURFACE TENSION LOG PLOT,CORK GOOD,64023,T M,L,0.0005,D,0.00001,M,,
290,328.3,DODECYL PYRIDINIUM BROMIDE,,5,1.15 X10-2 W,BA,SPECFC CONDCTNCE GRAPH,ADDE TAYL,64050,T,3,0.0115,W,,,,
290,328.3,DODECYL PYRIDINIUM BROMIDE,,10,1.12 X10-2 W,BA,SPECFC CONDCTNCE GRAPH,ADDE TAYL,64050,T,2,0.0112,W,,,,
290,328.3,DODECYL PYRIDINIUM BROMIDE,,15,1.10 X10-2 W,BA,SPECFC CONDCTNCE GRAPH,ADDE TAYL,64050,T,2,0.011,W,,,,
290,328.3,DODECYL PYRIDINIUM BROMIDE,,20,1.12 X10-2 W,BA,SPECFC CONDCTNCE GRAPH,ADDE TAYL,64050,T,2,0.0112,W,,,,
290,328.3,DODECYL PYRIDINIUM BROMIDE,,25,1.14 X10-2 W,BA,SPECFC CONDCTNCE GRAPH,ADDE TAYL,64050,T,1,0.0114,W,,,,
290,328.3,DODECYL PYRIDINIUM BROMIDE,,25,1.6 X10-2 M,XG,VISUAL SPCTR CHNGE,KLEV,53010,T,L,0.016,M,,,,
290,328.3,DODECYL PYRIDINIUM BROMIDE,,25,1.16 X10-2 M,CC,TURBIDITY PLT LITE SCATR,FORD OTTE,66028,T,L,0.0116,M,,,,
290,328.3,DODECYL PYRIDINIUM BROMIDE,,25,1.20 X10-2 M,CB,SURFACE TENSION UNSPEC,FORD OTTE,66028,T,L,0.012,M,,,,
290,328.3,DODECYL PYRIDINIUM BROMIDE,,25,1.13 X10-2 M,CA,SPECFC CONDCTNCE GRAPH,BENT SPAR,66038,T,1,0.0113,M,,,,
290,328.3,DODECYL PYRIDINIUM BROMIDE,,25,1.21 X10-2 M,CB,MICELLAR SPECTRAL CHANGE,MUKE RAY,66006,T,L,0.0121,M,,,,
290,328.3,DODECYL PYRIDINIUM BROMIDE,,30,1.21 X10-2 M,BB,SURFACE TENSION LOG PLOT,VENA NAUM,64001,T,L,0.0121,M,,,,
290,328.3,DODECYL PYRIDINIUM BROMIDE,,30,1.18 X10-2 W,BA,SPECFC CONDCTNCE GRAPH,ADDE TAYL,64050,T,2,0.0118,W,,,,
290,328.3,DODECYL PYRIDINIUM BROMIDE,,30,1.25 X10-2 M,CA,SPECFC CONDCTNCE GRAPH,MEGU KOND,59024,T,L,0.0125,M,,,,
290,328.3,DODECYL PYRIDINIUM BROMIDE,,30,1.25 X10-2 M,CG,FOTOMTR SPCTR CHNGE EOSN,MEGU KOND,59024,T,L,0.0125,M,,,,
290,328.3,DODECYL PYRIDINIUM BROMIDE,,35,1.22 X10-2 W,BA,SPECFC CONDCTNCE GRAPH,ADDE TAYL,64050,T,2,0.0122,W,,,,
290,328.3,DODECYL PYRIDINIUM BROMIDE,,40,1.28 X10-2 W,BA,SPECFC CONDCTNCE GRAPH,ADDE TAYL,64050,T,3,0.0128,W,,,,
290,328.3,DODECYL PYRIDINIUM BROMIDE,,45,1.35 X10-2 W,BA,SPECFC CONDCTNCE GRAPH,ADDE TAYL,64050,T,3,0.0135,W,,,,
290,328.3,DODECYL PYRIDINIUM BROMIDE,,50,1.40 X10-2 W,BA,SPECFC CONDCTNCE GRAPH,ADDE TAYL,64050,T,3,0.014,W,,,,
290,328.3,DODECYL PYRIDINIUM BROMIDE,,55,1.48 X10-2 W,BA,SPECFC CONDCTNCE GRAPH,ADDE TAYL,64050,T,3,0.0148,W,,,,
290,328.3,DODECYL PYRIDINIUM BROMIDE,,60,1.54 X10-2 W,BA,SPECFC CONDCTNCE GRAPH,ADDE TAYL,64050,T,3,0.0154,W,,,,
290,328.3,DODECYL PYRIDINIUM BROMIDE,,65,1.63 X10-2 W,BA,SPECFC CONDCTNCE GRAPH,ADDE TAYL,64050,T,3,0.0163,W,,,,
290,328.3,DODECYL PYRIDINIUM BROMIDE,,70,1.72 X10-2 W,BA,SPECFC CONDCTNCE GRAPH,ADDE TAYL,64050,T,3,0.0172,W,,,,
290,328.3,DODECYL PYRIDINIUM BROMIDE,2. E-2 M K BR,25,7.20 X10-3 M,CB,SURFACE TENSION UNSPEC,FORD OTTE,66028,T,L,0.0072,M,,,,
290,328.3,DODECYL PYRIDINIUM BROMIDE,2. E-2 M K BR,25,7.32 X10-3 M,CC,TURBIDITY PLT LITE SCATR,FORD OTTE,66028,T,3,0.00732,M,,,,
290,328.3,DODECYL PYRIDINIUM BROMIDE,4. E-2 M K BR,25,4.88 X10-3 M,CC,TURBIDITY PLT LITE SCATR,FORD OTTE,66028,T,3,0.00488,M,,,,
290,328.3,DODECYL PYRIDINIUM BROMIDE,5. E-2 M K BR,25,4.70 X10-3 M,CB,SURFACE TENSION UNSPEC,FORD OTTE,66028,T,L,0.0047,M,,,,
290,328.3,DODECYL PYRIDINIUM BROMIDE,6. E-2 M K BR,25,3.96 X10-3 M,CC,TURBIDITY PLT LITE SCATR,FORD OTTE,66028,T,3,0.00396,M,,,,
290,328.3,DODECYL PYRIDINIUM BROMIDE,8. E-2 M K BR,25,3.36 X10-3 M,CC,TURBIDITY PLT LITE SCATR,FORD OTTE,66028,T,3,0.00336,M,,,,
290,328.3,DODECYL PYRIDINIUM BROMIDE,1.0 E-1 M K BR,25,2.74 X10-3 M,CC,TURBIDITY PLT LITE SCATR,FORD OTTE,66028,T,L,0.00274,M,,,,
290,328.3,DODECYL PYRIDINIUM BROMIDE,3.0 E-2 M K BR,30,6.5 X10-3 M,CG,FOTOMTR SPCTR CHNGE EOSN,MEGU KOND,59024,T,L,0.0065,M,,,,
290,328.3,DODECYL PYRIDINIUM BROMIDE,3.0 E-2 M K I,30,3.5 X10-3 M,CG,FOTOMTR SPCTR CHNGE EOSN,MEGU KOND,59024,T,L,0.0035,M,,,,
290,328.3,DODECYL PYRIDINIUM BROMIDE,3.0 E-2 M K I03,30,1.04 X10-2 M,CG,FOTOMTR SPCTR CHNGE EOSN,MEGU KOND,59024,T,L,0.0104,M,,,,
290,328.3,DODECYL PYRIDINIUM BROMIDE,3.0 E-2 M K2 S04,30,7.9 X10-3 M,CG,FOTOMTR SPCTR CHNGE EOSN,MEGU KOND,59024,T,L,0.0079,M,,,,
290,328.3,DODECYL PYRIDINIUM BROMIDE,6. E-2 M LI BR,25,3.96 X10-3 M,CC,TURBIDITY PLT LITE SCATR,FORD OTTE,66028,T,3,0.00396,M,,,,
290,328.3,DODECYL PYRIDINIUM BROMIDE,5. E-2 M NA BR,30,3.66 X10-3 M,BB,SURFACE TENSION LOG PLOT,VENA NAUM,64001,TA,L,0.00366,M,,,,
290,328.3,DODECYL PYRIDINIUM BROMIDE,3.0 E-2 M NA CL,30,9.1 X10-3 M,CG,FOTOMTR SPCTR CHNGE EOSN,MEGU KOND,59024,T,L,0.0091,M,,,,
290,328.3,DODECYL PYRIDINIUM BROMIDE,6. E-2 M RB BR,25,3.35 X10-3 M,CC,TURBIDITY PLT LITE SCATR,FORD OTTE,66028,T,3,0.00335,M,,,,
290,328.3,DODECYL PYRIDINIUM BROMIDE,E 0 0427,,,,GRAPH DATA NOT RETRIEVED,,,,,,,,,,
291,420.6,TETRADECYL TRIPROPYLAMMONIUM BROMIDE,,30,2.05 X10-3 M,BB,SURFACE TENSION LOG PLOT,VENA NAUM,64001,T,L,0.00205,M,,,,
291,420.6,TETRADECYL TRIPROPYLAMMONIUM BROMIDE,5. E-2 M NA BR,30,2.76 X10-4 M,BB,SURFACE TENSION LOG PLOT,VENA NAUM,64001,TA,L,0.000276,M,,,,
292,448,HEXADECYL TRIPROPYLAMMONIUM BROMIDE,,30,5.7 X10-4 M,BC,SURFACE TENSION LOG PLOT,VENA NAUM,64001,T,L,0.00057,M,,,,
293,310.3,DODECYL DIMETHYL AMINE OXIDE HYDROBROMIDE,1. E-3 M H BR 2. E-1 M NA BR,27,4. X10-2 D 1.2 X10-3 M,BD,TURBIDITY PLT LITE SCATR,HERR,64006,T M,L,0.04,D,0.0012,M,,
293,310.3,DODECYL DIMETHYL AMINE OXIDE HYDROBROMIDE,1. E-3 M H BR 2. E-1 M NA BR,50,7. X10-2 D 2.2 X10-3 M,BD,TURBIDITY PLT LITE SCATR,HERR,64006,T M,L,0.07,D,0.0022,M,,
294,366.5,HEXYL/OXYETHYLENE/6 ALCOHOL HOMOGENEOUS HEAD GROUP,,20,7.4 X10-2 M,BC,SURFACE TENSION LOG PLOT,ELWO FLOR,64049,T,L,0.074,M,,,,
294,366.5,HEXYL/OXYETHYLENE/6 ALCOHOL HOMOGENEOUS HEAD GROUP,,20,7.5 X10-2 M,BE,SURFACE TENSION LOG PLOT,MULL METC,62015,T,L,0.075,M,,,,
294,366.5,HEXYL/OXYETHYLENE/6 ALCOHOL HOMOGENEOUS HEAD GROUP,,25,1.18 X10-1 M,BC,VAPR PRESURE LOWERING,CORK GOOD,64027,L,L,0.118,M,,,,
294,366.5,HEXYL/OXYETHYLENE/6 ALCOHOL HOMOGENEOUS HEAD GROUP,,30,6.5 X10-2 M,BC,SURFACE TENSION LOG PLOT,ELWO FLOR,64049,T,L,0.065,M,,,,
294,366.5,HEXYL/OXYETHYLENE/6 ALCOHOL HOMOGENEOUS HEAD GROUP,,40,5.2 X10-2 M,BC,SURFACE TENSION LOG PLOT,ELWO FLOR,64049,T,L,0.052,M,,,,
294,366.5,HEXYL/OXYETHYLENE/6 ALCOHOL HOMOGENEOUS HEAD GROUP,,45,7.8 X10-2 M,BC,VAPR PRESURE LOWERING,CORK GOOD,64027,L,L,0.078,M,,,,
295,246.2,SODIUM NONYL 1-SULFATE,,20,6.5 X10-2 M,BB,INTERFACIAL TENSION LOGM,V VO,60025,T,L,0.065,M,,,,
295,246.2,SODIUM NONYL 1-SULFATE,,21,1.66 X10 0 D 6.742X10-2 M,BD,REFRACTIVE INDEX,HUIS,64047,T M,L,1.66,D,0.06742,M,,
295,246.2,SODIUM NONYL 1-SULFATE,,21,1.59 X10 0 D 6.458X10-2 M,BB,TURBIDITY PLT LITE SCATR,HUIS,64047,T M,3,1.59,D,0.06458,M,,
295,246.2,SODIUM NONYL 1-SULFATE,,25,1.35 X10 0 D 5.483X10-2 M,DB,REFRACTIVE INDEX,PRIN HERM,56011,T M,L,1.35,D,0.05483,M,,
295,246.2,SODIUM NONYL 1-SULFATE,,25,1.45 X10 0 D 5.889X10-2 M,DB,TURBIDITY PLT LITE SCATR,PRIN HERM,56011,T M,L,1.45,D,0.05889,M,,
295,246.2,SODIUM NONYL 1-SULFATE,1. E-1 K NA CL,20,4.3 X10-2 M,BB,INTERFACIAL TENSION LOGM,V VO,60025,T,L,0.043,M,,,,
295,246.2,SODIUM NONYL 1-SULFATE,3. E-2 M NA CL,21,1.30 X10 0 D .280X10-2 M,BB,TURBIDITY PLT LITE SCATR,HUIS,64047,T M,3,1.3,D,2.8,M,,
295,246.2,SODIUM NONYL 1-SULFATE,1. E-1 M NA CL,21,1.00 X10 0 D .061X10-2 M,BB,TURBIDITY PLT LITE SCATR,HUIS,64047,T M,3,1,D,0.61,M,,
295,246.2,SODIUM NONYL 1-SULFATE,1. E-1 M NA CL,21,1.05 X10 0 D .264X10-2 M,BD,REFRACTIVE INDEX,HUIS,64047,T M,L,1.05,D,2.64,M,,
295,246.2,SODIUM NONYL 1-SULFATE,3. E-1 M NA CL,21,6.3 X10-1 D 2.55 X10-2 M,BB,TURBIDITY PLT LITE SCATR,HUIS,64047,T M,3,0.63,D,0.0255,M,,
295,246.2,SODIUM NONYL 1-SULFATE,7.5 E-2 M NA CL,25,1.2 X10 0 D 4.87 X10-2 M,DC,TURBIDITY PLT LITE SCATR,PRIN HERM,56011,T M,L,1.2,D,0.0487,M,,
296,168.2,POTASSIUM HEPTANOATE,,25,7.5 X10-1 M,BG,UNSPEC SPCTR CHNG PNCN,KLEV,58011,T,L,0.75,M,,,,
296,168.2,POTASSIUM HEPTANOATE,2. E I K OH,25,8.0 X10-1 M,BG,VISUAL SPCTR CHNGE PNCN,SHIN,54005,G,L,0.8,M,,,,
296,168.2,POTASSIUM HEPTANOATE,1. E-5 N PINACYANOL CL (DYE),25,4.5 X10-1 M,DG,FOTOMTR SPCTR CHNGE PNCN,HERZ,52015,T,L,0.45,M,,,,
296,168.2,POTASSIUM HEPTANOATE,2.5 E-5 N PINACYANOL CL (DYE),25,6.70 X10-1 M,DG,VISUAL SPCTR CHNGE PNCN,HERZ,52015,T,L,0.67,M,,,,
296,168.2,POTASSIUM HEPTANOATE,2.5 E-5 N PINACYANOL CL (DYE),25,6.70 X10-1 M,DG,VISUAL SPCTR CHNGE PNCN,HERZ,52017,T,L,0.67,M,,,,
296,168.2,POTASSIUM HEPTANOATE,5. E-5 N PINACYANOL CL (DYE),25,7.80 X10-1 M,DG,VISUAL SPCTR CHNGE PNCN,HERZ,52015,T,L,0.78,M,,,,
296,168.2,POTASSIUM HEPTANOATE,5. E-5 N PINACYANOL CL (DYE),25,5.5 X10-1 M,DG,FOTOMTR SPCTR CHNGE PNCN,HERZ,52015,T,L,0.55,M,,,,
296,168.2,POTASSIUM HEPTANOATE,5. E-5 N PINACYANOL CL (DYE),25,7.80 X10-1 M,DG,VISUAL SPCTR CHNGE PNCN,HERZ,52017,T,L,0.78,M,,,,
296,168.2,POTASSIUM HEPTANOATE,1. E-4 N PINACYANOL CL (DYE),25,7.80 X10-1 M,DG,VISUAL SPCTR CHNGE PNCN,HERZ,52015,T,L,0.78,M,,,,
296,168.2,POTASSIUM HEPTANOATE,0188,25,,,SEE CMPD NMBR IN ADDITV,SHIN,54003,,X,,,,,,
296,168.2,POTASSIUM HEPTANOATE,0188,25,,,SEE CMPD NMBR IN ADDITV,SHIN,54005,,X,,,,,,
296,168.2,POTASSIUM HEPTANOATE,2.5 E-5 N PINACYANOL CL (DYE) 6.6 E-2 M K CL,25,6.62 X10-1 M,DG,VISUAL SPCTR CHNGE PNCN,HERZ,52017,T,L,0.662,M,,,,
296,168.2,POTASSIUM HEPTANOATE,2.5 E-5 N PINACYANOL CL (DYE) 1.54 E-1 M K CL,25,6.17 X10-1 M,DG,VISUAL SPCTR CHNGE PNCN,HERZ,52017,T,L,0.617,M,,,,
296,168.2,POTASSIUM HEPTANOATE,2.5 E-5 N PINACYANOL FL (DYE) 2.89 E-1 M K CL,25,5.77 X10-1 M,DG,VISUAL SPCTR CHNGE PNCN,HERZ,52017,T,L,0.577,M,,,,
296,168.2,POTASSIUM HEPTANOATE,2.5 E-5 N PINACYANOL CL (DYE) 4.07 E-1 M K CL,25,5.43 X10-1 M,DG,VISUAL SPCTR CHNGE PNCN,HERZ,52017,T,L,0.543,M,,,,
296,168.2,POTASSIUM HEPTANOATE,2.5 E-5 N PINACYANOL CL (DYE) 5.22 E-1 M K CL,25,5.22 X10-1 M,DG,VISUAL SPCTR CHNGE PNCN,HERZ,52017,T,L,0.522,M,,,,
296,168.2,POTASSIUM HEPTANOATE,2.5 E-5 N PINACYANOL CL (DYE) 7.28 E-1 M K CL,25,4.85 X10-1 M,DG,VISUAL SPCTR CHNGE PNCN,HERZ,52017,T,L,0.485,M,,,,
296,168.2,POTASSIUM HEPTANOATE,2.5 E-5 N PINACYANOL CL (DYE) 1.08 E 0 M K CL,25,4.30 X10-1 M,DG,VISUAL SPCTR CHNGE PNCN,HERZ,52017,T,L,0.43,M,,,,
296,168.2,POTASSIUM HEPTANOATE,2.5 E-5 N PINACYANOL CL (DYE) 1.50 E 0 M K CL,25,3.74 X10-1 M,DG,VISUAL SPCTR CHNGE PNCN,HERZ,52017,T,L,0.374,M,,,,
296,168.2,POTASSIUM HEPTANOATE,2.5 E-5 N PINACYANOL CL (DYE) 1.79 E 0 M K CL,25,3.35 X10-1 M,DG,VISUAL SPCTR CHNGE PNCN,HERZ,52017,T,L,0.335,M,,,,
296,168.2,POTASSIUM HEPTANOATE,2.5 E-5 N PINACYANOL CL (DYE) 2.00 E 0 M K CL,25,3.07 X10-1 M,DG,VISUAL SPCTR CHNGE PNCN,HERZ,52017,T,L,0.307,M,,,,
296,168.2,POTASSIUM HEPTANOATE,2.5 E-5 N PINACYANOL CL (DYE) 2.28 E 0 M K CL,25,2.85 X10-1 M,DG,VISUAL SPCTR CHNGE PNCN,HERZ,52017,T,L,0.285,M,,,,
296,168.2,POTASSIUM HEPTANOATE,2.5 E-5 N PINACYANOL CL (DYE) 2.45 E 0 M K CL,25,2.63 X10-1 M,DG,VISUAL SPCTR CHNGE PNCN,HERZ,52017,T,L,0.263,M,,,,
296,168.2,POTASSIUM HEPTANOATE,2.5 E-5 N PINACYANOL CL (DYE) 2.64 E 0 M K CL,25,2.47 X10-1 M,DG,VISUAL SPCTR CHNGE PNCN,HERZ,52017,T,L,0.247,M,,,,
296,168.2,POTASSIUM HEPTANOATE,2.5 E-5 N PINACYANOL CL (DYE) 2.76 E 0 M K CL,25,2.30 X10-1 M,DG,VISUAL SPCTR CHNGE PNCN,HERZ,52017,T,L,0.23,M,,,,
296,168.2,POTASSIUM HEPTANOATE,2.5 E-5 N PINACYANOL CL (DYE) 2.91 E 0 M K CL,25,2.18 X10-1 M,DG,VISUAL SPCTR CHNGE PNCN,HERZ,52017,T,L,0.218,M,,,,
296,168.2,POTASSIUM HEPTANOATE,5. E-5 N PINACYANOL CL (DYE) 1.46 E-1 M K CL,25,7.28 X10-1 M,DG,VISUAL SPCTR CHNGE PNCN,HERZ,52017,T,L,0.728,M,,,,
296,168.2,POTASSIUM HEPTANOATE,5. E-5 N PINACYANOL CL (DYE) 3.46 E-1 M K CL,25,6.91 X10-1 M,DG,VISUAL SPCTR CHNGE PNCN,HERZ,52017,T,L,0.691,M,,,,
296,168.2,POTASSIUM HEPTANOATE,5. E-5 N PINACYANOL CL (DYE) 6.33 E-1 M K CL,25,6.33 X10-1 M,DG,VISUAL SPCTR CHNGE PNCN,HERZ,52017,T,L,0.633,M,,,,
296,168.2,POTASSIUM HEPTANOATE,5. E-5 N PINACYANOL CL (DYE) 1.08 E 0 M K CL,25,5.42 X10-1 M,DG,VISUAL SPCTR CHNGE PNCN,HERZ,52017,T,L,0.542,M,,,,
296,168.2,POTASSIUM HEPTANOATE,5. E-5 N PINACYANOL CL (DYE) 1.72 E 0 M K CL,25,4.30 X10-1 M,DG,VISUAL SPCTR CHNGE PNCN,HERZ,52017,T,L,0.43,M,,,,
296,168.2,POTASSIUM HEPTANOATE,5. E-5 N PINACYANOL CL (DYE) 2.38 E 0 M K CL,25,3.40 X10-1 M,DG,VISUAL SPCTR CHNGE PNCN,HERZ,52017,T,L,0.34,M,,,,
296,168.2,POTASSIUM HEPTANOATE,5. E-5 N PINACYANOL CL (DYE) 2.80 E 0 M K CL,25,2.80 X10-1 M,DG,VISUAL SPCTR CHNGE PNCN,HERZ,52017,T,L,0.28,M,,,,
296,168.2,POTASSIUM HEPTANOATE,1.07 E1C 0044 2. EOI K OH,25,7.0 X10-1 M,BG,VISUAL SPCTR CHNGE PNCN,SHIN,54005,G,L,0.7,M,,,,
296,168.2,POTASSIUM HEPTANOATE,1.57 E1C 0044 2. EOI K OH,25,6.6 X10-1 M,BG,VISUAL SPCTR CHNGE PNCN,SHIN,54005,G,L,0.66,M,,,,
296,168.2,POTASSIUM HEPTANOATE,2.50 E1C 0044 2. EOI K OH,25,6.1 X10-1 M,BG,VISUAL SPCTR CHNGE PNCN,SHIN,54005,G,L,0.61,M,,,,
296,168.2,POTASSIUM HEPTANOATE,3.36 0044 2. EOI K OH,25,5.6 X10-1 M,BG,VISUAL SPCTR CHNGE PNCN,SHIN,54005,G,L,0.56,M,,,,
296,168.2,POTASSIUM HEPTANOATE,4.36 E1C 0044 2. EOI K OH,25,5.2 X10-1 M,BG,VISUAL SPCTR CHNGE PNCN,SHIN,54005,G,L,0.52,M,,,,
296,168.2,POTASSIUM HEPTANOATE,5.53 E1 C 0044 2. E O I K OH,25,4.9 X10-1 M,BG,VISUAL SPCTR CHNGE PNCN,SHIN,54005,G,L,0.49,M,,,,
296,168.2,POTASSIUM HEPTANOATE,6.66 E1C 0044 2. E 0 I K OH,25,4.5 X10-1 M,BG,VISUAL SPCTR CHNGE PNCN,SHIN,54005,G,L,0.45,M,,,,
296,168.2,POTASSIUM HEPTANOATE,8.18 E1C 0044 2. E O I K OH,25,4.1 X10-1 M,BG,VISUAL SPCTR CHNGE PNCN,SHIN,54005,G,L,0.41,M,,,,
296,168.2,POTASSIUM HEPTANOATE,2.1 E O C 0090 2. E O I K OH,25,5.9 X10-1 M,BG,VISUAL SPCTR CHNGE PNCN,SHIN,54005,G,L,0.59,M,,,,
296,168.2,POTASSIUM HEPTANOATE,6.0 E O C 0090 2. E O . I K OH,25,4.4 X10-1 M,BG,VISUAL SPCTR CHNGE PNCN,SHIN,54005,G,L,0.44,M,,,,
296,168.2,POTASSIUM HEPTANOATE,1.40 E1C 0090 2. E 0 : I K OH,25,3.1 X10-1 M,BG,VISUAL SPCTR CHNGE PNCN,SHIN,54005,G,L,0.31,M,,,,
296,168.2,POTASSIUM HEPTANOATE,2.88 E1C 0090 2. EOI K OH,25,2.0 X10-1 M,BG,VISUAL SPCTR CHNGE PNCN,SHIN,54005,G,L,0.2,M,,,,
296,168.2,POTASSIUM HEPTANOATE,5.41 E1C 0090 2. EOI K OH,25,1.5 X10-1 M,BG,VISUAL SPCTR CHNGE PNCN,SHIN,54005,G,L,0.15,M,,,,
296,168.2,POTASSIUM HEPTANOATE,1.2 E O C 0091 2. EOI K OH,25,3.8 X10-1 M,BG,VISUAL SPCTR CHNGE PNCN,SHIN,54005,G,L,0.38,M,,,,
296,168.2,POTASSIUM HEPTANOATE,7.3 E O C 0091 2. EOI K OH,25,1.4 X10-1 M,BG,VISUAL SPCTR CHNGE PNCN,SHIN,54005,G,L,0.14,M,,,,
296,168.2,POTASSIUM HEPTANOATE,1.94 E1C 0091 2. EOI K OH,25,8.0 X10-2 M,BG,VISUAL SPCTR CHNGE PNCN,SHIN,54005,G,L,0.08,M,,,,
296,168.2,POTASSIUM HEPTANOATE,3.97 E1C 0091 2. EOI K OH,25,5.6 X10-2 M,BG,VISUAL SPCTR CHNGE PNCN,SHIN,54005,G,L,0.056,M,,,,
296,168.2,POTASSIUM HEPTANOATE,7.02 E1C 0091 2. EO I K OH,25,3.7 X10-2 M,BG,VISUAL SPCTR CHNGE PNCN,SHIN,54005,G,L,0.037,M,,,,
296,168.2,POTASSIUM HEPTANOATE,E 0 0092 2. EOI K OH,25,,,GRAPH DATA NOT RETRIEVED,SHIN,54005,,R,,,,,,
296,168.2,POTASSIUM HEPTANOATE,1.5 EOC 0092 2. E O . K OH,25,8.0 X10-2 M,BG,VISUAL SPCTR CHNGE PNCN,SHIN,54005,G,L,0.08,M,,,,
296,168.2,POTASSIUM HEPTANOATE,5.4 E O C 0092 2. EOI K OH,25,5.1 X10-2 M,BG,VISUAL SPCTR CHNGE PNCN,SHIN,54005,G,L,0.051,M,,,,
296,168.2,POTASSIUM HEPTANOATE,1.42 0092 2. EOI K OH,25,2.8 X10-2 M,BG,VISUAL SPCTR CHNGE PNCN,SHIN,54005,G,L,0.028,M,,,,
296,168.2,POTASSIUM HEPTANOATE,3.34 E 0092 2. EOI K OH,25,1.6 X10-2 M,BG,VISUAL SPCTR CHNGE PNCN,SHIN,54005,G,L,0.016,M,,,,
296,168.2,POTASSIUM HEPTANOATE,8. E-1 C 0297 2. EOI K OH,25,5.3 X10-1 M,BG,VISUAL SPCTR CHNGE PNCN,SHIN,54005,G,L,0.53,M,,,,
296,168.2,POTASSIUM HEPTANOATE,3.1 E O C 0297 2. EOI K OH,25,3.6 X10-1 M,BG,VISUAL SPCTR CHNGE PNCN,SHIN,54005,G,L,0.36,M,,,,
296,168.2,POTASSIUM HEPTANOATE,8.1 E O C 0297 2. EOI K OH,25,2.2 X10-1 M,BG,VISUAL SPCTR CHNGE PNCN,SHIN,54005,G,L,0.22,M,,,,
296,168.2,POTASSIUM HEPTANOATE,1.75 E1C 0297 2. EOI K OH,25,1.4 X10-1 M,BG,VISUAL SPCTR CHNGE PNCN,SHIN,54005,G,L,0.14,M,,,,
296,168.2,POTASSIUM HEPTANOATE,4.05 0297 2. I K OH,25,9.2 X10-2 M,BG,VISUAL SPCTR CHNGE PNCN,SHIN,54005,G,L,0.092,M,,,,
296,168.2,POTASSIUM HEPTANOATE,0188,25,,,SEE CMPD NMBR IN ADDITV,SHIN,54003,,X,,,,,,
297,224.4,POTASSIUM UNDECANOATE,,25,4.92 X10-2 M,DG,VISUAL SPCTR CHNGE PNCN,HERZ,52015,T,L,0.0492,M,,,,
297,224.4,POTASSIUM UNDECANOATE,,25,5.0 X10-2 M,BG,UNSPEC SPCTR CHNG PNCN,KLEV,58011,T,L,0.05,M,,,,
297,224.4,POTASSIUM UNDECANOATE,,25,4.92 X10-2 M,DG,VISUAL SPCTR CHNGE PNCN,HERZ,52017,T,L,0.0492,M,,,,
297,224.4,POTASSIUM UNDECANOATE,4.8 E-3 M K CL,25,4.78 X10-2 M,DG,VISUAL SPCTR CHNGE PNCN,HERZ,52017,T,L,0.0478,M,,,,
297,224.4,POTASSIUM UNDECANOATE,1.44 E-2 M K CL,25,4.56 X10-2 M,DG,VISUAL SPCTR CHNGE PNCN,HERZ,52017,T,L,0.0456,M,,,,
297,224.4,POTASSIUM UNDECANOATE,1.87 E-2 M K CL,25,4.37 X10-2 M,DG,VISUAL SPCTR CHNGE PNCN,HERZ,52017,T,L,0.0437,M,,,,
297,224.4,POTASSIUM UNDECANOATE,2.73 E-2 M K CL,25,4.09 X10-2 M,DG,VISUAL SPCTR CHNGE PNCN,HERZ,52017,T,L,0.0409,M,,,,
297,224.4,POTASSIUM UNDECANOATE,3.86 E-2 M K CL,25,3.86 X10-2 M,DG,VISUAL SPCTR CHNGE PNCN,HERZ,52017,T,L,0.0386,M,,,,
297,224.4,POTASSIUM UNDECANOATE,5.34 E-2 M K CL,25,3.56 X10-2 M,DG,VISUAL SPCTR CHNGE PNCN,HERZ,52017,T,L,0.0356,M,,,,
297,224.4,POTASSIUM UNDECANOATE,7.64 E-2 M K CL,25,3.27 X10-2 M,DG,VISUAL SPCTR CHNGE PNCN,HERZ,52017,T,L,0.0327,M,,,,
297,224.4,POTASSIUM UNDECANOATE,1.03 E-1 M K CL,25,2.94 X10-2 M,DG,VISUAL SPCTR CHNGE PNCN,HERZ,52017,T,L,0.0294,M,,,,
297,224.4,POTASSIUM UNDECANOATE,1.33 E-1 M K CL,25,2.66 X10-2 M,DG,VISUAL SPCTR CHNGE PNCN,HERZ,52017,T,L,0.0266,M,,,,
297,224.4,POTASSIUM UNDECANOATE,1.69 E-1 M K CL,25,2.42 X10-2 M,DG,VISUAL SPCTR CHNGE PNCN,HERZ,52017,T,L,0.0242,M,,,,
297,224.4,POTASSIUM UNDECANOATE,2.16 E-1 M K CL,25,2.16 X10-2 M,DG,VISUAL SPCTR CHNGE PNCN,HERZ,52017,T,L,0.0216,M,,,,
297,224.4,POTASSIUM UNDECANOATE,2.87 E-1 M K CL,25,1.91 X10-2 M,DG,VISUAL SPCTR CHNGE PNCN,HERZ,52017,T,L,0.0191,M,,,,
297,224.4,POTASSIUM UNDECANOATE,4.03 E-1 M K CL,25,1.61 X10-2 M,DG,VISUAL SPCTR CHNGE PNCN,HERZ,52017,T,L,0.0161,M,,,,
297,224.4,POTASSIUM UNDECANOATE,5.06 E-1 M K CL,25,1.45 X10-2 M,DG,VISUAL SPCTR CHNGE PNCN,HERZ,52017,T,L,0.0145,M,,,,
297,224.4,POTASSIUM UNDECANOATE,6.42 E-1 M K CL,25,1.28 X10-2 M,DG,VISUAL SPCTR CHNGE PNCN,HERZ,52017,T,L,0.0128,M,,,,
297,224.4,POTASSIUM UNDECANOATE,8.30 E-1 M K CL,25,1.11 X10-2 M,DG,VISUAL SPCTR CHNGE PNCN,HERZ,52017,T,L,0.0111,M,,,,
297,224.4,POTASSIUM UNDECANOATE,1.01 E O M K CL,25,1.01 X10-2 M,DG,VISUAL SPCTR CHNGE PNCN,HERZ,52017,T,L,0.0101,M,,,,
297,224.4,POTASSIUM UNDECANOATE,1.18 E 0 M K CL,25,9.4 X10-3 M,DG,VISUAL SPCTR CHNGE PNCN,HERZ,52017,T,L,0.0094,M,,,,
297,224.4,POTASSIUM UNDECANOATE,1.35 EOM K CL,25,9.0 X10-3 M,DG,VISUAL SPCTR CHNGE PNCN,HERZ,52017,T,L,0.009,M,,,,
297,224.4,POTASSIUM UNDECANOATE,1.52 EOM K CL,25,8.7 X10-3 M,DG,VISUAL SPCTR CHNGE PNCN,HERZ,52017,T,L,0.0087,M,,,,
297,224.4,POTASSIUM UNDECANOATE,1.70 EOM K CL,25,8.5 X10-3 M,DG,VISUAL SPCTR CHNGE PNCN,HERZ,52017,T,L,0.0085,M,,,,
297,224.4,POTASSIUM UNDECANOATE,2.01 EOM K CL,25,8.1 X10-3 M,DG,VISUAL SPCTR CHNGE PNCN,HERZ,52017,T,L,0.0081,M,,,,
297,224.4,POTASSIUM UNDECANOATE,2.22 E 0 M K CL,25,7.4 X10-3 M,DG,VISUAL SPCTR CHNGE PNCN,HERZ,52017,T,L,0.0074,M,,,,
297,224.4,POTASSIUM UNDECANOATE,2. E 0 I K OH,25,4.9 X10-2 M,BG,VISUAL SPCTR CHNGE PNCN,SHIN,54005,G,L,0.049,M,,,,
297,224.4,POTASSIUM UNDECANOATE,0044,25,,,SEE CMPD NMBR IN ADDITV,SHIN,54005,,X,,,,,,
297,224.4,POTASSIUM UNDECANOATE,0090,25,,,SEE CMPD NMBR IN ADDITV,SHIN,54005,,X,,,,,,
297,224.4,POTASSIUM UNDECANOATE,0188,25,,,SEE CMPD NMBR IN ADDITV,SHIN,54005,,X,,,,,,
297,224.4,POTASSIUM UNDECANOATE,4.9 E O C 0091 2. E O I K OH,25,4.5 X10-2 M,BG,VISUAL SPCTR CHNGE PNCN,SHIN,54003,G,L,0.045,M,,,,
297,224.4,POTASSIUM UNDECANOATE,1.93 E1C 0091 2. EOI K OH,25,4.0 X10-2 M,BG,VISUAL SPCTR CHNGE PNCN,SHIN,54003,G,L,0.04,M,,,,
297,224.4,POTASSIUM UNDECANOATE,2.76 E 0091 2. EOI K OH,25,3.8 X10-2 M,BG,VISUAL SPCTR CHNGE PNCN,SHIN,54003,G,L,0.038,M,,,,
297,224.4,POTASSIUM UNDECANOATE,3.38 E 0091 2. EOI K OH,25,3.6 X10-2 M,BG,VISUAL SPCTR CHNGE PNCN,SHIN,54003,GL,L,0.036,M,,,,
297,224.4,POTASSIUM UNDECANOATE,4.63 0091 2. E O I K OH,25,3.4 X10-2 M,BG,VISUAL SPCTR CHNGE PNCN,SHIN,54003,G,L,0.034,M,,,,
297,224.4,POTASSIUM UNDECANOATE,5.76 E 1 C 0091 2. I K OH,25,3.2 X10-2 M,BG,VISUAL SPCTR CHNGE PNCN,SHIN,54003,G,L,0.032,M,,,,
297,224.4,POTASSIUM UNDECANOATE,6.99 E 1 C 0091 2. 0 I K OH,25,3.0 X10-2 M,BG,VISUAL SPCTR CHNGE PNCN,SHIN,54003,G,L,0.03,M,,,,
297,224.4,POTASSIUM UNDECANOATE,8.38 E 1 0 0091 2. EOI K OH,25,2.9 X10-2 M,BG,VISUAL SPCTR CHNGE PNCN,SHIN,54003,G,L,0.029,M,,,,
297,224.4,POTASSIUM UNDECANOATE,0296 2. E I K OH,25,,,SEE CMPD NMBR IN ADDITV,SHIN,54005,,X,,,,,,
297,224.4,POTASSIUM UNDECANOATE,0090,25,,,SEE CMPD NMBR IN ADDITV,SHIN,54003,,X,,,,,,
298,250.3,SODIUM TETRADECANOATE,,21,6. X10-3 M,DD,EQUIV CONDCTNCE GRAPH,EKWA,27001,L,L,0.006,M,,,,
298,250.3,SODIUM TETRADECANOATE,,21,6. X10-3 M,DE,PH OR HYDROLYSIS,EKWA,27001,L,L,0.006,M,,,,
298,250.3,SODIUM TETRADECANOATE,,25,6.9 X10-3 M,DB,SPECFC CONDCTNCE GRAPH,CAMP LAKS,65024,T,3,0.0069,M,,,,
298,250.3,SODIUM TETRADECANOATE,,25,6.9 X10-3 M,DG,SURFACE TENSION MINIMUM,CAMP LAKS,65024,T,L,0.0069,M,,,,
298,250.3,SODIUM TETRADECANOATE,,35,7. X10-3 M,DD,EQUIV CONDCTNCE GRAPH,EKWA,32001,K,L,0.007,M,,,,
298,250.3,SODIUM TETRADECANOATE,,35,6.95 X10-3 M,DB,SPECFC CONDCTNCE GRAPH,CAMP LAKS,65024,T,3,0.00695,M,,,,
298,250.3,SODIUM TETRADECANOATE,,48,7. X10-3 M,DD,EQUIV CONDCTNCE GRAPH,EKWA,32001,K,L,0.007,M,,,,
298,250.3,SODIUM TETRADECANOATE,,50,7.5 X10-3 M,HB,SPECFC CONDCTNCE GRAPH,MARO ELDE,54006,T,L,0.0075,M,,,,
298,250.3,SODIUM TETRADECANOATE,,50,7.1 X10-3 M,DG,SURFACE TENSION MINIMUM,CAMP LAKS,65024,T,L,0.0071,M,,,,
298,250.3,SODIUM TETRADECANOATE,,58,7. X10-3 M,DD,EQUIV CONDCTNCE GRAPH,EKWA,32001,K,L,0.007,M,,,,
298,250.3,SODIUM TETRADECANOATE,,60,1.00 X10-2 M,DC,PH OR HYDROLYSIS,STAU,39006,G,L,0.01,M,,,,
298,250.3,SODIUM TETRADECANOATE,,65,7. X10-3 M,DD,EQUIV CONDCTNCE GRAPH,EKWA,32001,K,L,0.007,M,,,,
298,250.3,SODIUM TETRADECANOATE,,80,9. X10-3 M,DD,EQUIV CONDCTNCE GRAPH,EKWA,32001,K,L,0.009,M,,,,
298,250.3,SODIUM TETRADECANOATE,,UNK,2.1 X10-1 D 8.38 X10-3 M,XG,VISUAL SPCTR CHNGE PNCN,DEMC,61031,T M,L,0.21,D,0.00838,M,,
298,250.3,SODIUM TETRADECANOATE,1. E-1 H NA OH,70,2.9 X10-3 M,CC,SURFACE TENSION LOG PLOT,POWN ADDI,38006,T,L,0.0029,M,,,,
298,250.3,SODIUM TETRADECANOATE,1. E-1 H NA OH,70,2.9 X10-3 M,CC,INTERFACIAL TENSION LOGM,POWN ADDI,38006,T,L,0.0029,M,,,,
298,250.3,SODIUM TETRADECANOATE,1.1 E1 PH OF SOLUTION,40,4.4 X10-3 M,BD,SPECFC CONDCTNCE GRAPH,MARK TSIK,64051,T,L,0.0044,M,,,,
298,250.3,SODIUM TETRADECANOATE,1.1 E 1 PH OF SOLUTION,50,4.4 X10-3 M,BD,SPECFC CONDCTNCE GRAPH,MARK TSIK,64051,T,L,0.0044,M,,,,
298,250.3,SODIUM TETRADECANOATE,1.1 E 1 PH OF SOLUTION,60,4.4 X10-3 M,BD,SPECFC CONDCTNCE GRAPH,MARK TSIK,64051,T,L,0.0044,M,,,,
298,250.3,SODIUM TETRADECANOATE,1.1 E 1 PH OF SOLUTION,90,4.4 X10-3 M,BD,SPECFC CONDCTNCE GRAPH,MARK TSIK,64051,T,L,0.0044,M,,,,
299,194.2,SODIUM DECANOATE,,20,1.0 X10-1 M,XG,VISCOSITY MINIMUM,SATA TYUZ,53006,T,L,0.1,M,,,,
299,194.2,SODIUM DECANOATE,,20,1.24 X10-1 M,DE,VISCOSITY,HESS PHIL,39009,T,L,0.124,M,,,,
299,194.2,SODIUM DECANOATE,,20,9.5 X10-2 M,DE,PH OR HYDROLYSIS,EKWA,41003,T,L,0.095,M,,,,
299,194.2,SODIUM DECANOATE,,20,9.7 X10-2 M,DC,EQUIV CONDCTNCE GRAPH,EKWA,41003,T,L,0.097,M,,,,
299,194.2,SODIUM DECANOATE,,25,9.40 X10-2 M,DB,SPECFC CONDCTNCE GRAPH,CAMP LAKS,65024,T,3,0.094,M,,,,
299,194.2,SODIUM DECANOATE,,25,9.55 X10-2 M,DB,SURFACE TENSION LOG PLOT,CAMP LAKS,65024,T,L,0.0955,M,,,,
299,194.2,SODIUM DECANOATE,,30,1.06 X10-1 M,DB,FOTOMTR SOLUBLZTN PDMAB,KOLT STRI,48016,T,L,0.106,M,,,,
299,194.2,SODIUM DECANOATE,,30,1.1 X10-1 M,DD,FOTOMTR SOLUBLZTN PDMAB,KOLT JOHN,46006,T,L,0.11,M,,,,
299,194.2,SODIUM DECANOATE,,35,9.80 X10-2 M,DB,SPECFC CONDCTNCE GRAPH,CAMP LAKS,65024,T,3,0.098,M,,,,
299,194.2,SODIUM DECANOATE,,50,1.05 X10-1 M,DB,FOTOMTR SOLUBLZTN PDMAB,KOLT STRI,48016,T,L,0.105,M,,,,
299,194.2,SODIUM DECANOATE,,50,1.05 X10-1 M,DB,FOTOMTR SOLUBLZTN PDMAB,KOLT JOHN,46006,T,L,0.105,M,,,,
299,194.2,SODIUM DECANOATE,,50,1.060X10-1 M,DB,SURFACE TENSION LOG PLOT,CAMP LAKS,65024,T,L,0.106,M,,,,
299,194.2,SODIUM DECANOATE,,UNK,1.0 X10-1 M,DE,ELECTROMOTIVE FORCE,CARR JOHN,47013,T,L,0.1,M,,,,
299,194.2,SODIUM DECANOATE,,UNK,1.05 X10-1 M,DB,FOTOMTR SOLUBLZTN PDMAB,CARR JOHN,47013,T,L,0.105,M,,,,
299,194.2,SODIUM DECANOATE,,UNK,2.00 X10 0 D 1.029X10-1 M,XG,VISUAL SPCTR CHNGE PNCN,DEMC,61031,T M,L,2,D,0.1029,M,,
299,194.2,SODIUM DECANOATE,1.1 E 1 PH OF SOLUTION,5,1.03 X10-1 M,BC,SPECFC CONDCTNCE GRAPH,MARK TSIK,64051,T,L,0.103,M,,,,
299,194.2,SODIUM DECANOATE,1.1 E 1 PH OF SOLUTION,20,1.03 X10-1 M,BC,SPECFC CONDCTNCE GRAPH,MARK TSIK,64051,T,L,0.103,M,,,,
299,194.2,SODIUM DECANOATE,1.1 E 1 PH OF SOLUTION,60,1.03 X10-1 M,BC,SPECFC CONDCTNCE GRAPH,MARK TSIK,64051,T,L,0.103,M,,,,
299,194.2,SODIUM DECANOATE,1.1 E 1 PH OF SOLUTION,90,1.03 X10-1 M,BC,SPECFC CONDCTNCE GRAPH,MARK TSIK,64051,T,L,0.103,M,,,,
300,278.4,SODIUM HEXADECANOATE,,,42004,,VALUES FRM REF IN CMC,EKWA,40003,,R,,,,,,
300,278.4,SODIUM HEXADECANOATE,,50,2.1 X10-3 M,HC,SPECFC CONDCTNCE GRAPH,MARO ELDE,54006,T,L,0.0021,M,,,,
300,278.4,SODIUM HEXADECANOATE,,52,3.2 X10-3 M,DD,EQUIV CONDCTNCE GRAPH,EKWA,42004,K,L,0.0032,M,,,,
300,278.4,SODIUM HEXADECANOATE,,58,3.3 X10-3 M,DD,EQUIV CONDCTNCE GRAPH,EKWA,42004,K,L,0.0033,M,,,,
300,278.4,SODIUM HEXADECANOATE,,60,3.0 X10-3 M,DC,PH OR HYDROLYSIS,STAU,39006,G,L,0.003,M,,,,
300,278.4,SODIUM HEXADECANOATE,,60,2.5 X10-3 M,DC,PH OR HYDROLYSIS,STAU,39006,K,L,0.0025,M,,,,
300,278.4,SODIUM HEXADECANOATE,,60,4. X10-4 M,DE,FOTOMTR SOLUBLZTN OROT,,48024,T,L,0.0004,M,,,,
300,278.4,SODIUM HEXADECANOATE,,67,3.3 X10-3 M,DD,EQUIV CONDCTNCE GRAPH,EKWA,42004,K,L,0.0033,M,,,,
300,278.4,SODIUM HEXADECANOATE,,UNK,9. X10-2 D 3.2 X10-3 M,XG,VISUAL SPCTR CHNGE PNCN,DEMC,61031,T M,L,0.09,D,0.0032,M,,
300,278.4,SODIUM HEXADECANOATE,1. E-1 H NA OH,70,3.9 X10-4 M,CC,SURFACE TENSION LOG PLOT,POWN ADDI,38006,K,L,0.00039,M,,,,
300,278.4,SODIUM HEXADECANOATE,1. E-1 H NA OH,70,6.5 X10-4 M,CC,INTERFACIAL TENSION LOGM,POWN ADDI,38006,K,L,0.00065,M,,,,
301,348.4,SODIUM 3-N-DODECYL BENZENE SULFONATE,,25,1.46 X10-3 M,FA,SPECFC CONDCTNCE GRAPH,LUDL,56005,T,3,0.00146,M,,,,
301,348.4,SODIUM 3-N-DODECYL BENZENE SULFONATE,,30,1.46 X10-3 M,FA,SPECFC CONDCTNCE GRAPH,LUDL,56005,T,L,0.00146,M,,,,
302,348.4,SODIUM 4-N-DODECYL BENZENE SULFONATE,,25,1.59 X10-3 M,FA,SPECFC CONDCTNCE GRAPH,LUDL,56005,T,3,0.00159,M,,,,
302,348.4,SODIUM 4-N-DODECYL BENZENE SULFONATE,,30,1.59 X10-3 M,FA,SPECFC CONDCTNCE GRAPH,LUDL,56005,T,L,0.00159,M,,,,
303,245.4,DI-ISOPROPYLAMMONIUM CAPRYLATE,,0,4.3 X10-1 M,DC,FREEZING POINT,GONI,46019,K,L,0.43,M,,,,
304,352.6,CATOL 607 (N-/LAURYL-COLAMINO-FORMYL-METHYL/ -PYRIDINIUM CHLORIDE),,0,4.8 X10-3 W,DC,FREEZING POINT,MCBA BRAD,43006,P,L,0.0048,W,,,,
305,320.6,POTASSIUM OLEATE/ CIS-9-OCTADECENOATE/,,25,8. X10-4 M,XE,REFRACTIVE INDEX,KLEV,53010,T,L,0.0008,M,,,,
305,320.6,POTASSIUM OLEATE/ CIS-9-OCTADECENOATE/,,25,9.5 X10-4 M,XG,VISUAL SPCTR CHNGE,KLEV,53010,T,L,0.00095,M,,,,
305,320.6,POTASSIUM OLEATE/ CIS-9-OCTADECENOATE/,,25.8,1.0 X10-3 M,DG,FOTOMTR SPCTR CHNGE PNCN,CORR KLEV,46010,T,L,0.001,M,,,,
305,320.6,POTASSIUM OLEATE/ CIS-9-OCTADECENOATE/,,30,6. X10-4 M,DE,FOTOMTR SOLUBLZTN PDMAB,KOLT STRI,48016,T,L,0.0006,M,,,,
305,320.6,POTASSIUM OLEATE/ CIS-9-OCTADECENOATE/,,30,48016,,VALUES FRM REF IN CMC,KOLT STRI,49005,,R,,,,,,
305,320.6,POTASSIUM OLEATE/ CIS-9-OCTADECENOATE/,,50,1.2 X10-3 M,XE,REFRACTIVE INDEX,KLEV,53010,T,L,0.0012,M,,,,
305,320.6,POTASSIUM OLEATE/ CIS-9-OCTADECENOATE/,,50,1.3 X10-3 M,XG,VISUAL SPCTR CHNGE,KLEV,53010,T,L,0.0013,M,,,,
305,320.6,POTASSIUM OLEATE/ CIS-9-OCTADECENOATE/,,50,1.1 X10-3 M,DD,FOTOMTR SOLUBLZTN PDMAB,KOLT STRI,48016,T,L,0.0011,M,,,,
306,496.9,DECYL TRIMETHYLAMMONIUM SULFATE,,UNK,5.03 X10-2,BC,METHOD NOT CITED,WASI HUBB,64043,T,L,,,,,,
307,553,DODECYL TRIMETHYLAMMONIUM SULFATE,,25,1.64 X10-2 N,BA,EQUIV CONDCTNCE GRAPH,VOEK TART,55006,T,L,0.0164,N,,,,
307,553,DODECYL TRIMETHYLAMMONIUM SULFATE,,UNK,9.3 X10-3,BC,METHOD NOT CITED,WASI HUBB,64043,T,L,,,,,,
307,553,DODECYL TRIMETHYLAMMONIUM SULFATE,E 0 NA2 S04,UNK,,,QUESTIONABLE CRITERION,WASI HUBB,64043,,R,,,,,,
308,609.1,TETRADECYL TRIMETHYLAMMONIUM SULFATE,,UNK,1.5 X10-3 M,BD,METHOD NOT CITED,WASI HUBB,64043,T,L,0.0015,M,,,,
308,609.1,TETRADECYL TRIMETHYLAMMONIUM SULFATE,6.7 E-3 M LA2 (S04)3,UNK,8.7 X10-4 M,BC,METHOD NOT CITED,WASI HUBB,64043,T,L,0.00087,M,,,,
308,609.1,TETRADECYL TRIMETHYLAMMONIUM SULFATE,2. E-2 M MG S04,UNK,8.9 X10-4 M,BC,METHOD NOT CITED,WASI HUBB,64043,T,L,0.00089,M,,,,
308,609.1,TETRADECYL TRIMETHYLAMMONIUM SULFATE,E 0 NA2 S04 1,UNK,,,QUESTIONABLE CRITERION,WASI HUBB,64043,,R,,,,,,
309,665.2,HEXADECYL TRIMETHYLAMMONIUM SULFATE,E 0 NA2 S04,UNK,,,QUESTIONABLE CRITERION,WASI HUBB,64043,,R,,,,,,
310,627,DODECYL/OXYETHYLENE/10 ALCOHOL NATURAL DISTRIBUTION OF HEAD GROUPS,,25,1.25 X10-2 P,HD,SURFACE TENSION LOG PLOT,KOMO BEIS,66022,T,L,0.0125,P,,,,
310,627,DODECYL/OXYETHYLENE/10 ALCOHOL NATURAL DISTRIBUTION OF HEAD GROUPS,,25,7. X10-3 D,HD,FOTOMTR SOLUBLZTN OROT,GINN KINN,61015,T,L,0.007,D,,,,
310,627,DODECYL/OXYETHYLENE/10 ALCOHOL NATURAL DISTRIBUTION OF HEAD GROUPS,,75,4. X10-3 D,HE,METHOD NOT CITED,GINN HARR,61014,T,L,0.004,D,,,,
311,274.3,SODIUM UNDECYL 1-SULFATE,,21,4.4 X10-1 D 1.60 X10-2 M,BB,TURBIDITY PLT LITE SCATR,HUIS,64047,T M,3,0.44,D,0.016,M,,
311,274.3,SODIUM UNDECYL 1-SULFATE,,21,3.9 X10-1 D 1.42 X10-2 M,BB,SURFACE TENSION LOG PLOT,HUIS,64047,T M,L,0.39,D,0.0142,M,,
311,274.3,SODIUM UNDECYL 1-SULFATE,1. E-2 M NA CL,21,3.3 X10-1 D 1.20 X10-2 M,BB,SURFACE TENSION LOG PLOT,HUIS,64047,T M,L,0.33,D,0.012,M,,
311,274.3,SODIUM UNDECYL 1-SULFATE,3. E-2 M NA CL,21,2.55 X10-1 D 9.296X10-3 M,BB,SURFACE TENSION LOG PLOT,HUIS,64047,T M,L,0.255,D,0.009296,M,,
311,274.3,SODIUM UNDECYL 1-SULFATE,3. E-2 M NA CL,21,2.65 X10-1 D 9.660X10-3 M,BB,TURBIDITY PLT LITE SCATR,HUIS,64047,T M,3,0.265,D,0.00966,M,,
311,274.3,SODIUM UNDECYL 1-SULFATE,1. E-1 M NA CL,21,1.55 X10-1 D 5.650X10-3 M,BB,SURFACE TENSION LOG PLOT,HUIS,64047,T M,L,0.155,D,0.00565,M,,
311,274.3,SODIUM UNDECYL 1-SULFATE,1. E-1 M NA CL,21,1.49 X10-1 D 5.432X10-3 M,BB,TURBIDITY PLT LITE SCATR,HUIS,64047,T M,3,0.149,D,0.005432,M,,
311,274.3,SODIUM UNDECYL 1-SULFATE,3. E-1 M NA CL,21,9.5 X10-2 D 3.46 X10-3 M,BC,SURFACE TENSION LOG PLOT,HUIS,64047,T M,L,0.095,D,0.00346,M,,
311,274.3,SODIUM UNDECYL 1-SULFATE,3. E-1 M NA CL,21,8.5 X10-2 D 3.09 X10-3 M,BC,TURBIDITY PLT LITE SCATR,HUIS,64047,T M,3,0.085,D,0.00309,M,,
312,420.7,"TRIDECYL/OXYETHYLENE/5 ALCOHOL BRANCHED CHAIN, REDUCED 0E DISTRIBUTION",,25,1.00 X10-4 M,EC,SURFACE TENSION LOG PLOT,SCHI,62019,T,L,0.0001,M,,,,
312,420.7,"TRIDECYL/OXYETHYLENE/5 ALCOHOL BRANCHED CHAIN, REDUCED 0E DISTRIBUTION",,55,6.0 X10-5 M,EC,SURFACE TENSION LOG PLOT,SCHI,62019,T,L,0.00006,M,,,,
313,619,"TRIDECYL/OXYETHYLENE/9.5 ALCOHOL BRANCHED CHAIN, REDUCED 0E DISTRIBUTION",,25,1.20 X10-4 M,EC,SURFACE TENSION LOG PLOT,SCHI,62019,T,L,0.00012,M,,,,
313,619,"TRIDECYL/OXYETHYLENE/9.5 ALCOHOL BRANCHED CHAIN, REDUCED 0E DISTRIBUTION",,55,8.0 X10-5 M,EC,SURFACE TENSION LOG PLOT,SCHI,62019,T,L,0.00008,M,,,,
314,817.2,"TRIDECYL/OXYETHYLENE/14 ALCOHOL BRANCHED CHAIN, REDUCED 0E DISTRIBUTION",,25,1.35 X10-4 M,EC,SURFACE TENSION LOG PLOT,SCHI,62019,T,L,0.000135,M,,,,
314,817.2,"TRIDECYL/OXYETHYLENE/14 ALCOHOL BRANCHED CHAIN, REDUCED 0E DISTRIBUTION",,55,8.0 X10-5 M,EC,SURFACE TENSION LOG PLOT,SCHI,62019,T,L,0.00008,M,,,,
315,1081.6,TRIDECYL/OXYETHYLENE/20 ALCOHOL BRANCHED CHAIN REDUCED 0E DISTRIBUTION,,25,1.50 X10-4 M,EC,SURFACE TENSION LOG PLOT,SCHI,62019,T,L,0.00015,M,,,,
315,1081.6,TRIDECYL/OXYETHYLENE/20 ALCOHOL BRANCHED CHAIN REDUCED 0E DISTRIBUTION,,55,9.0 X10-5 M,EC,SURFACE TENSION LOG PLOT,SCHI,62019,T,L,0.00009,M,,,,
316,1522.2,"TRIDECYL/OXYETHYLENE/30 ALCOHOL BRANCHED CHAIN, REDUCED 0E DISTRIBUTION",,25,2.00 X10-4 M,EC,SURFACE TENSION LOG PLOT,SCHI,62019,T,L,0.0002,M,,,,
316,1522.2,"TRIDECYL/OXYETHYLENE/30 ALCOHOL BRANCHED CHAIN, REDUCED 0E DISTRIBUTION",,55,1.00 X10-4 M,EC,SURFACE TENSION LOG PLOT,SCHI,62019,T,L,0.0001,M,,,,
317,647,T-OCTYL BENZENE/OXYETHYLENE/10 ALCOHOL REDUCED POLYDISPERSITY OF HEAD GROUPS,,25,1.00 X10-4 M,EC,SURFACE TENSION LOG PLOT,SCHI,62019,T,L,0.0001,M,,,,
317,647,T-OCTYL BENZENE/OXYETHYLENE/10 ALCOHOL REDUCED POLYDISPERSITY OF HEAD GROUPS,,55,6.0 X10-5 M,EC,SURFACE TENSION LOG PLOT,SCHI,62019,T,L,0.00006,M,,,,
318,1087.6,T-OCTYL BENZENE/OXYETHYLENE/20 ALCOHOL REDUCED POLYDISPERSITY OF HEAD GROUPS,,25,1.30 X10-4 M,EC,SURFACE TENSION LOG PLOT,SCHI,62019,T,L,0.00013,M,,,,
318,1087.6,T-OCTYL BENZENE/OXYETHYLENE/20 ALCOHOL REDUCED POLYDISPERSITY OF HEAD GROUPS,,55,7.0 X10-5 M,EC,SURFACE TENSION LOG PLOT,SCHI,62019,T,L,0.00007,M,,,,
319,1528.2,T-OCTYL BENZENE/OXYETHYLENE/30 ALCOHOL REDUCED POLYDISPERSITY OF HEAD GROUPS,,25,1.60 X10-4 M,EC,SURFACE TENSION LOG PLOT,SCHI,62019,T,L,0.00016,M,,,,
319,1528.2,T-OCTYL BENZENE/OXYETHYLENE/30 ALCOHOL REDUCED POLYDISPERSITY OF HEAD GROUPS,,55,9.0 X10-5 M,EC,SURFACE TENSION LOG PLOT,SCHI,62019,T,L,0.00009,M,,,,
320,661,"NONYL BENZENE/OXYETHYLENE/10 ALCOHOL BRANCHED CHAIN, REDUCED 0E DISTRIBUTION",,,62019,,VALUES FRM REF IN CMC,SCHI GILB,65011,,R,,,,,,
320,661,"NONYL BENZENE/OXYETHYLENE/10 ALCOHOL BRANCHED CHAIN, REDUCED 0E DISTRIBUTION",,,62019,,VALUES FRM REF IN CMC,SCHI ATLA,62020,,R,,,,,,
320,661,"NONYL BENZENE/OXYETHYLENE/10 ALCOHOL BRANCHED CHAIN, REDUCED 0E DISTRIBUTION",,25,7.5 X10-5 M,EC,SURFACE TENSION LOG PLOT,SCHI,62019,T,L,0.000075,M,,,,
320,661,"NONYL BENZENE/OXYETHYLENE/10 ALCOHOL BRANCHED CHAIN, REDUCED 0E DISTRIBUTION",,55,4.0 X10-5 M,EC,SURFACE TENSION LOG PLOT,SCHI,62019,T,L,0.00004,M,,,,
320,661,"NONYL BENZENE/OXYETHYLENE/10 ALCOHOL BRANCHED CHAIN, REDUCED 0E DISTRIBUTION",1.5 EOM DIOXANE,25,1.00 X10-4 M,EC,SURFACE TENSION LOG PLOT,SCHI GILB,65011,T,L,0.0001,M,,,,
320,661,"NONYL BENZENE/OXYETHYLENE/10 ALCOHOL BRANCHED CHAIN, REDUCED 0E DISTRIBUTION",3.0 EOM DIOXANE,25,1.80 X10-4 M,EC,SURFACE TENSION LOG PLOT,SCHI GILB,65011,T,L,0.00018,M,,,,
320,661,"NONYL BENZENE/OXYETHYLENE/10 ALCOHOL BRANCHED CHAIN, REDUCED 0E DISTRIBUTION",3. EOM UREA,25,1.00 X10-4 M,EC,SURFACE TENSION LOG PLOT,SCHI GILB,65011,T,L,0.0001,M,,,,
320,661,"NONYL BENZENE/OXYETHYLENE/10 ALCOHOL BRANCHED CHAIN, REDUCED 0E DISTRIBUTION",6. E 0 M UREA,25,2.40 X10-4 M,EC,SURFACE TENSION LOG PLOT,SCHI GILB,65011,T,L,0.00024,M,,,,
320,661,"NONYL BENZENE/OXYETHYLENE/10 ALCOHOL BRANCHED CHAIN, REDUCED 0E DISTRIBUTION",3. 0 M GUANIDINIUM CL 4.6 E 0 PH OF SOLUTION,25,1.40 X10-4 M,EC,SURFACE TENSION LOG PLOT,SCHI GILB,65011,T,L,0.00014,M,,,,
320,661,"NONYL BENZENE/OXYETHYLENE/10 ALCOHOL BRANCHED CHAIN, REDUCED 0E DISTRIBUTION",5. M GUANIDINIUM CL 4.6 E O PH OF SOLUTION,25,2.50 X10-4 M,EC,SURFACE TENSION LOG PLOT,SCHI GILB,65011,T,L,0.00025,M,,,,
320,661,"NONYL BENZENE/OXYETHYLENE/10 ALCOHOL BRANCHED CHAIN, REDUCED 0E DISTRIBUTION",E 0 H CL 4.6 E 0 PH OF SOLUTION,25,7.5 X10-5 M,EC,SURFACE TENSION LOG PLOT,SCHI GILB,65011,T,L,0.000075,M,,,,
321,881.3,"NONYL BENZENE/OXYETHYLENE/15 ALCOHOL BRANCHED CHAIN, REDUCED 0E DISTRIBUTION",,25,1.10 X10-4 M,EC,SURFACE TENSION LOG PLOT,SCHI,62019,T,L,0.00011,M,,,,
321,881.3,"NONYL BENZENE/OXYETHYLENE/15 ALCOHOL BRANCHED CHAIN, REDUCED 0E DISTRIBUTION",,55,4.5 X10-5 M,EC,SURFACE TENSION LOG PLOT,SCHI,62019,T,L,0.000045,M,,,,
321,881.3,"NONYL BENZENE/OXYETHYLENE/15 ALCOHOL BRANCHED CHAIN, REDUCED 0E DISTRIBUTION",8.6 E-1 N BA CL2,25,5.0 X10-5 M,EC,SURFACE TENSION LOG PLOT,SCHI,62019,T,L,0.00005,M,,,,
321,881.3,"NONYL BENZENE/OXYETHYLENE/15 ALCOHOL BRANCHED CHAIN, REDUCED 0E DISTRIBUTION",8.6 E-1 N CA CL2,25,5.7 X10-5 M,EC,SURFACE TENSION LOG PLOT,SCHI,62019,T,L,0.000057,M,,,,
321,881.3,"NONYL BENZENE/OXYETHYLENE/15 ALCOHOL BRANCHED CHAIN, REDUCED 0E DISTRIBUTION",8.6 E-1 N CA N03,25,7.6 X10-5 M,EC,SURFACE TENSION LOG PLOT,SCHI,62019,T,L,0.000076,M,,,,
321,881.3,"NONYL BENZENE/OXYETHYLENE/15 ALCOHOL BRANCHED CHAIN, REDUCED 0E DISTRIBUTION",8.6 E-1 M H CL,25,1.50 X10-4 M,EC,SURFACE TENSION LOG PLOT,SCHI,62019,T,L,0.00015,M,,,,
321,881.3,"NONYL BENZENE/OXYETHYLENE/15 ALCOHOL BRANCHED CHAIN, REDUCED 0E DISTRIBUTION",8.6 E-1 M K CL,25,5.0 X10-5 M,EC,SURFACE TENSION LOG PLOT,SCHI,62019,T,L,0.00005,M,,,,
321,881.3,"NONYL BENZENE/OXYETHYLENE/15 ALCOHOL BRANCHED CHAIN, REDUCED 0E DISTRIBUTION",8.6 E-1 M K N03,25,5.5 X10-5 M,EC,SURFACE TENSION LOG PLOT,SCHI,62019,T,L,0.000055,M,,,,
321,881.3,"NONYL BENZENE/OXYETHYLENE/15 ALCOHOL BRANCHED CHAIN, REDUCED 0E DISTRIBUTION",8.6 E-1 M LI CL,25,6.5 X10-5 M,EC,SURFACE TENSION LOG PLOT,SCHI,62019,T,L,0.000065,M,,,,
321,881.3,"NONYL BENZENE/OXYETHYLENE/15 ALCOHOL BRANCHED CHAIN, REDUCED 0E DISTRIBUTION",8.6 E-1 M LI N03,25,8.7 X10-5 M,EC,SURFACE TENSION LOG PLOT,SCHI,62019,T,L,0.000087,M,,,,
321,881.3,"NONYL BENZENE/OXYETHYLENE/15 ALCOHOL BRANCHED CHAIN, REDUCED 0E DISTRIBUTION",8.6 E-1 N MG CL2,25,5.3 X10-5 M,EC,SURFACE TENSION LOG PLOT,SCHI,62019,T,L,0.000053,M,,,,
321,881.3,"NONYL BENZENE/OXYETHYLENE/15 ALCOHOL BRANCHED CHAIN, REDUCED 0E DISTRIBUTION",8.6 E-1 N MG (N03) 2,25,7.6 X10-5 M,EC,SURFACE TENSION LOG PLOT,SCHI,62019,T,L,0.000076,M,,,,
321,881.3,"NONYL BENZENE/OXYETHYLENE/15 ALCOHOL BRANCHED CHAIN, REDUCED 0E DISTRIBUTION",8.6 E-1 M NA BR,25,8.0 X10-5 M,EC,SURFACE TENSION LOG PLOT,SCHI,62019,T,L,0.00008,M,,,,
321,881.3,"NONYL BENZENE/OXYETHYLENE/15 ALCOHOL BRANCHED CHAIN, REDUCED 0E DISTRIBUTION",8.6 E-1 M NA BR03,25,5.2 X10-5 M,EC,SURFACE TENSION LOG PLOT,SCHI,62019,T,L,0.000052,M,,,,
321,881.3,"NONYL BENZENE/OXYETHYLENE/15 ALCOHOL BRANCHED CHAIN, REDUCED 0E DISTRIBUTION",8.6 E-1 N NA CITRATE,25,2.5 X10-5 M,ED,SURFACE TENSION LOG PLOT,SCHI,62019,T,L,0.000025,M,,,,
321,881.3,"NONYL BENZENE/OXYETHYLENE/15 ALCOHOL BRANCHED CHAIN, REDUCED 0E DISTRIBUTION",4.3 E-1 M NA CL,25,6.5 X10-5 M,EC,SURFACE TENSION LOG PLOT,SCHI,62019,L,L,0.000065,M,,,,
321,881.3,"NONYL BENZENE/OXYETHYLENE/15 ALCOHOL BRANCHED CHAIN, REDUCED 0E DISTRIBUTION",8.6 E-1 M NA CL,25,5.5 X10-5 M,EC,SURFACE TENSION LOG PLOT,SCHI,62019,T,L,0.000055,M,,,,
321,881.3,"NONYL BENZENE/OXYETHYLENE/15 ALCOHOL BRANCHED CHAIN, REDUCED 0E DISTRIBUTION",1.29 E 0 M NA CL,25,4.5 X10-5 M,EC,SURFACE TENSION LOG PLOT,SCHI,62019,L,L,0.000045,M,,,,
321,881.3,"NONYL BENZENE/OXYETHYLENE/15 ALCOHOL BRANCHED CHAIN, REDUCED 0E DISTRIBUTION",8.6 E-1 M NA F,25,3.2 X10-5 M,EC,SURFACE TENSION LOG PLOT,SCHI,62019,T,L,0.000032,M,,,,
321,881.3,"NONYL BENZENE/OXYETHYLENE/15 ALCOHOL BRANCHED CHAIN, REDUCED 0E DISTRIBUTION",8.6 E-1 M NA I,25,8.3 X10-5 M,EC,SURFACE TENSION LOG PLOT,SCHI,62019,T,L,0.000083,M,,,,
321,881.3,"NONYL BENZENE/OXYETHYLENE/15 ALCOHOL BRANCHED CHAIN, REDUCED 0E DISTRIBUTION",8.6 E-1 M NA N03,25,8.0 X10-5 M,EC,SURFACE TENSION LOG PLOT,SCHI,62019,T,L,0.00008,M,,,,
321,881.3,"NONYL BENZENE/OXYETHYLENE/15 ALCOHOL BRANCHED CHAIN, REDUCED 0E DISTRIBUTION",8.6 E-1 M NA OH,25,8.0 X10-5 M,EC,SURFACE TENSION LOG PLOT,SCHI,62019,T,L,0.00008,M,,,,
321,881.3,"NONYL BENZENE/OXYETHYLENE/15 ALCOHOL BRANCHED CHAIN, REDUCED 0E DISTRIBUTION",8.6 E-1 N NA2 S04,25,2.3 X10-5 M,ED,SURFACE TENSION LOG PLOT,SCHI,62019,T,L,0.000023,M,,,,
321,881.3,"NONYL BENZENE/OXYETHYLENE/15 ALCOHOL BRANCHED CHAIN, REDUCED 0E DISTRIBUTION",8.6 E-1 M NA CNS,25,8.5 X10-5 M,EC,SURFACE TENSION LOG PLOT,SCHI,62019,T,L,0.000085,M,,,,
321,881.3,"NONYL BENZENE/OXYETHYLENE/15 ALCOHOL BRANCHED CHAIN, REDUCED 0E DISTRIBUTION",8.6 E-1 N SR CL2,25,5.0 X10-5 M,EC,SURFACE TENSION LOG PLOT,SCHI,62019,T,L,0.00005,M,,,,
321,881.3,"NONYL BENZENE/OXYETHYLENE/15 ALCOHOL BRANCHED CHAIN, REDUCED 0E DISTRIBUTION",8.6 E-1 M (CH3)4 N CL,25,4.5 X10-5 M,EC,SURFACE TENSION LOG PLOT,SCHI,62019,T,L,0.000045,M,,,,
321,881.3,"NONYL BENZENE/OXYETHYLENE/15 ALCOHOL BRANCHED CHAIN, REDUCED 0E DISTRIBUTION",5. E-1 M UREA,25,9.0 X10-5 M,EC,SURFACE TENSION LOG PLOT,SCHI ATLA,62020,T,L,0.00009,M,,,,
321,881.3,"NONYL BENZENE/OXYETHYLENE/15 ALCOHOL BRANCHED CHAIN, REDUCED 0E DISTRIBUTION",8.6 E-1 N NA2 S04 4.3 E-1 M NA CNS,25,4.2 X10-5 M,EC,SURFACE TENSION LOG PLOT,SCHI,62019,T,L,0.000042,M,,,,
321,881.3,"NONYL BENZENE/OXYETHYLENE/15 ALCOHOL BRANCHED CHAIN, REDUCED 0E DISTRIBUTION",7.5 E1I 0001,45,1.4 X10-4 M,ED,SURFACE TENSION LOG PLOT,SCHI MANN,66001,L,L,0.00014,M,,,,
321,881.3,"NONYL BENZENE/OXYETHYLENE/15 ALCOHOL BRANCHED CHAIN, REDUCED 0E DISTRIBUTION",9.0 E1I 0001,45,3.0 X10-4 M,EC,SURFACE TENSION LOG PLOT,SCHI MANN,66001,L,L,0.0003,M,,,,
321,881.3,"NONYL BENZENE/OXYETHYLENE/15 ALCOHOL BRANCHED CHAIN, REDUCED 0E DISTRIBUTION",0097,25,,,SEE CMPD NMBR IN ADDITV,SCHI,66025,,X,,,,,,
326,803.2,DODECYL/OXYETHYLENE/14 ALCOHOL REDUCED POLYDISPERSITY OF HEAD GROUPS,,,62019,,VALUES FRM REF IN CMC,SCHI ATLA,62020,,R,,,,,,
326,803.2,DODECYL/OXYETHYLENE/14 ALCOHOL REDUCED POLYDISPERSITY OF HEAD GROUPS,,25,5.5 X10-5 M,EC,SURFACE TENSION LOG PLOT,SCHI,62019,T,L,0.000055,M,,,,
326,803.2,DODECYL/OXYETHYLENE/14 ALCOHOL REDUCED POLYDISPERSITY OF HEAD GROUPS,,55,2.5 X10-5 M,EC,SURFACE TENSION LOG PLOT,SCHI,62019,T,L,0.000025,M,,,,
327,1199.8,DODECYL/OXYETHYLENE/23 ALCOHOL REDUCED POLYDISPERSITY OF HEAD GROUPS,,05.0,1.0 X10-4 M,ED,SURFACE TENSION LOG PLOT,SCHI MANN,66001,L,L,0.0001,M,,,,
327,1199.8,DODECYL/OXYETHYLENE/23 ALCOHOL REDUCED POLYDISPERSITY OF HEAD GROUPS,,25,6.0 X10-5 M,EC,SURFACE TENSION LOG PLOT,SCHI,66025,L,L,0.00006,M,,,,
327,1199.8,DODECYL/OXYETHYLENE/23 ALCOHOL REDUCED POLYDISPERSITY OF HEAD GROUPS,,25,6.0 X10-5 M,EC,SURFACE TENSION LOG PLOT,SCHI,62019,T,L,0.00006,M,,,,
327,1199.8,DODECYL/OXYETHYLENE/23 ALCOHOL REDUCED POLYDISPERSITY OF HEAD GROUPS,,25,6.0 X10-5 M,EC,SURFACE TENSION LOG PLOT,SCHI MANN,66001,L,L,0.00006,M,,,,
327,1199.8,DODECYL/OXYETHYLENE/23 ALCOHOL REDUCED POLYDISPERSITY OF HEAD GROUPS,,45,3.6 X10-5 M,EC,SURFACE TENSION LOG PLOT,SCHI MANN,66001,L,L,0.000036,M,,,,
327,1199.8,DODECYL/OXYETHYLENE/23 ALCOHOL REDUCED POLYDISPERSITY OF HEAD GROUPS,,55,3.0 X10-5 M,EC,SURFACE TENSION LOG PLOT,SCHI,62019,T,L,0.00003,M,,,,
327,1199.8,DODECYL/OXYETHYLENE/23 ALCOHOL REDUCED POLYDISPERSITY OF HEAD GROUPS,9.0 E O C 0001,05.0,8.0 X10-4 M,EC,SURFACE TENSION LOG PLOT,SCHI MANN,66001,L,L,0.0008,M,,,,
327,1199.8,DODECYL/OXYETHYLENE/23 ALCOHOL REDUCED POLYDISPERSITY OF HEAD GROUPS,2.5 E1I 0001,05.0,1.0 X10-4 M,ED,SURFACE TENSION LOG PLOT,SCHI MANN,66001,L,L,0.0001,M,,,,
327,1199.8,DODECYL/OXYETHYLENE/23 ALCOHOL REDUCED POLYDISPERSITY OF HEAD GROUPS,5.0 E1I 0001,05.0,1.2 X10-4 M,ED,SURFACE TENSION LOG PLOT,SCHI MANN,66001,L,L,0.00012,M,,,,
327,1199.8,DODECYL/OXYETHYLENE/23 ALCOHOL REDUCED POLYDISPERSITY OF HEAD GROUPS,7.5 E1I 0001,05.0,3.2 X10-4 M,EC,SURFACE TENSION LOG PLOT,SCHI MANN,66001,L,L,0.00032,M,,,,
327,1199.8,DODECYL/OXYETHYLENE/23 ALCOHOL REDUCED POLYDISPERSITY OF HEAD GROUPS,7.5 E O C 0001,25,1.6 X10-4 M,ED,SURFACE TENSION LOG PLOT,SCHI MANN,66001,L,L,0.00016,M,,,,
327,1199.8,DODECYL/OXYETHYLENE/23 ALCOHOL REDUCED POLYDISPERSITY OF HEAD GROUPS,9.0 E O C 0001,25,4.8 X10-4 M,EC,SURFACE TENSION LOG PLOT,SCHI MANN,66001,L,L,0.00048,M,,,,
327,1199.8,DODECYL/OXYETHYLENE/23 ALCOHOL REDUCED POLYDISPERSITY OF HEAD GROUPS,2.5 E1I 0001,25,6.0 X10-5 M,EC,SURFACE TENSION LOG PLOT,SCHI MANN,66001,L,L,0.00006,M,,,,
327,1199.8,DODECYL/OXYETHYLENE/23 ALCOHOL REDUCED POLYDISPERSITY OF HEAD GROUPS,5.0 E1I 0001,25,7.6 X10-5 M,EC,SURFACE TENSION LOG PLOT,SCHI MANN,66001,L,L,0.000076,M,,,,
327,1199.8,DODECYL/OXYETHYLENE/23 ALCOHOL REDUCED POLYDISPERSITY OF HEAD GROUPS,7.5 E O C 0001,45,7.1 X10-5 M,EC,SURFACE TENSION LOG PLOT,SCHI MANN,66001,L,L,0.000071,M,,,,
327,1199.8,DODECYL/OXYETHYLENE/23 ALCOHOL REDUCED POLYDISPERSITY OF HEAD GROUPS,9.0 E O C 0001,45,2.2 X10-4 M,ED,SURFACE TENSION LOG PLOT,SCHI MANN,66001,L,L,0.00022,M,,,,
327,1199.8,DODECYL/OXYETHYLENE/23 ALCOHOL REDUCED POLYDISPERSITY OF HEAD GROUPS,2.5 E1I 0001,45,3.6 X10-5 M,EC,SURFACE TENSION LOG PLOT,SCHI MANN,66001,L,L,0.000036,M,,,,
327,1199.8,DODECYL/OXYETHYLENE/23 ALCOHOL REDUCED POLYDISPERSITY OF HEAD GROUPS,5.0 1 0001,45,5.0 X10-5 M,EC,SURFACE TENSION LOG PLOT,SCHI MANN,66001,L,L,0.00005,M,,,,
327,1199.8,DODECYL/OXYETHYLENE/23 ALCOHOL REDUCED POLYDISPERSITY OF HEAD GROUPS,0097,25,,,SEE CMPD NMBR IN ADDITV,SCHI,66025,,X,,,,,,
328,887.4,OCTADECYL/OXYETHYLENE/14 ALCOHOL REDUCED POLYDISPERSITY OF HEAD GROUPS,,,62019,,VALUES FRM REF IN CMC,SCHI ATLA,62020,,R,,,,,,
328,887.4,OCTADECYL/OXYETHYLENE/14 ALCOHOL REDUCED POLYDISPERSITY OF HEAD GROUPS,,25,6.0 X10-5 M,EC,SURFACE TENSION LOG PLOT,SCHI,62019,T,L,0.00006,M,,,,
328,887.4,OCTADECYL/OXYETHYLENE/14 ALCOHOL REDUCED POLYDISPERSITY OF HEAD GROUPS,,55,2.0 X10-5 M,ED,SURFACE TENSION LOG PLOT,SCHI,62019,T,L,0.00002,M,,,,
329,4676.6,OCTADECYL/OXYETHYLENE/100 ALCOHOL REDUCED POLYDISPERSITY OF HEAD GROUPS,,25,2.0 X10-5 M,ED,SURFACE TENSION LOG PLOT,SCHI,62019,T,L,0.00002,M,,,,
329,4676.6,OCTADECYL/OXYETHYLENE/100 ALCOHOL REDUCED POLYDISPERSITY OF HEAD GROUPS,8.6 E-1 NA CL,25,2.0 X10-5 M,ED,SURFACE TENSION LOG PLOT,SCHI ATLA,62020,T,L,0.00002,M,,,,
329,4676.6,OCTADECYL/OXYETHYLENE/100 ALCOHOL REDUCED POLYDISPERSITY OF HEAD GROUPS,1.29 E 0 M NA CL,25,2.0 X10-5 M,ED,SURFACE TENSION LOG PLOT,SCHI ATLA,62020,T,L,0.00002,M,,,,
330,550.9,HEXADECYL/OXYETHYLENE/7 ALCOHOL HOMOGENEOUS HEAD GROUP,,25,1.74 X10-6 M,BC,SURFACE TENSION LOG PLOT,ELWO MACF,62027,T,3,0.00000174,M,,,,
331,639,HEXADECYL/OXYETHYLENE/9 ALCOHOL HOMOGENEOUS HEAD GROUP,,18,8.0 X10-6 M,CG,FLOCCULATION RATE,MATH OTTE,66037,T,L,0.000008,M,,,,
331,639,HEXADECYL/OXYETHYLENE/9 ALCOHOL HOMOGENEOUS HEAD GROUP,,20,3.6 X10-5 M,BE,SURFACE TENSION LOG PLOT,CARL CHAL,64009,T,L,0.000036,M,,,,
331,639,HEXADECYL/OXYETHYLENE/9 ALCOHOL HOMOGENEOUS HEAD GROUP,,20,3.5 X10-5 M,BG,FOTOMTR SPCTR CHNG I2,CARL CHAL,64009,T,L,0.000035,M,,,,
331,639,HEXADECYL/OXYETHYLENE/9 ALCOHOL HOMOGENEOUS HEAD GROUP,,25,2.09 X10-6 M,BC,SURFACE TENSION LOG PLOT,ELWO MACF,62027,T,3,0.00000209,M,,,,
332,771.2,HEXADECYL/OXYETHYLENE/12 ALCOHOL HOMOGENEOUS HEAD GROUP,,25,2.34 X10-6 M,BC,SURFACE TENSION LOG PLOT,ELWO MACF,62027,T,3,0.00000234,M,,,,
333,903.4,HEXADECYL/OXYETHYLENE/15 ALCOHOL HOMOGENEOUS HEAD GROUP,,25,3.09 X10-6 M,BC,SURFACE TENSION LOG PLOT,ELWO MACF,62027,T,3,0.00000309,M,,,,
334,1167.8,HEXADECYL/OXYETHYLENE/21 ALCOHOL HOMOGENEOUS HEAD GROUP,,25,3.89 X10-6 M,BC,SURFACE TENSION LOG PLOT,ELWO MACF,62027,T,3,0.00000389,M,,,,
335,580.9,"OCTYL BENZENE/OXYETHYLENE/8.5 ALCOHOL BRANCHED CHAIN, NATURAL 0E DISTRIBUTION",,25,2.05 X10-4 M,HD,SURFACE TENSION LOG PLOT,HSIA DUNN,56014,T,L,0.000205,M,,,,
336,639,"NONYL BENZENE/OXYETHYLENE/9.5 ALCOHOL BRANCHED CHAIN, NATURAL 0E DISTRIBUTION",,25,9.3 X10-3 P,HD,SURFACE TENSION LOG PLOT,KOMO BEIS,66022,T,L,0.0093,P,,,,
336,639,"NONYL BENZENE/OXYETHYLENE/9.5 ALCOHOL BRANCHED CHAIN, NATURAL 0E DISTRIBUTION",,25,8.5 X10-5 M,HD,SURFACE TENSION LOG PLOT,HSIA DUNN,56014,T,L,0.000085,M,,,,
337,683,"NONYL BENZENE/OXYETHYLENE/10.5 ALCOHOL BRANCHED CHAIN, NATURAL 0E DISTRIBUTION",,25,8.3 X10-5 M,HD,SURFACE TENSION LOG PLOT,HSIA DUNN,56014,T,L,0.000083,M,,,,
337,683,"NONYL BENZENE/OXYETHYLENE/10.5 ALCOHOL BRANCHED CHAIN, NATURAL 0E DISTRIBUTION",8.6 E-1 M NA CL,25,4.6 X10-5 M,HD,SURFACE TENSION LOG PLOT,HSIA DUNN,56014,T,L,0.000046,M,,,,
337,683,"NONYL BENZENE/OXYETHYLENE/10.5 ALCOHOL BRANCHED CHAIN, NATURAL 0E DISTRIBUTION",5.0 E-1 C 0168,25,9.5 X10-5 M,HD,SURFACE TENSION LOG PLOT,HSIA DUNN,56014,T,L,0.000095,M,,,,
337,683,"NONYL BENZENE/OXYETHYLENE/10.5 ALCOHOL BRANCHED CHAIN, NATURAL 0E DISTRIBUTION",5.0 E-1 C 0169,25,1.30 X10-4 M,HD,SURFACE TENSION LOG PLOT,HSIA DUNN,56014,T,L,0.00013,M,,,,
338,4626.4,"NONYL BENZENE/OXYETHYLENE/100 ALCOHOL BRANCHED CHAIN, NATURAL 0E DISTRIBUTION",,25,1.00 X10-3 M,HD,SURFACE TENSION LOG PLOT,HSIA DUNN,56014,T,L,0.001,M,,,,
339,354.7,MAGNESIUM HEXANE SULFONATE,,25,6.3 X10-1 N,CG,VISUAL SPCTR CHNGE PNCN,LELO TART,51003,L,L,0.63,N,,,,
340,410.8,MAGNESIUM OCTANE SULFONATE,,23,1.10 X10-1 N,CB,UNSPECIFIED CONDUCTANCE,TART LELO,55021,T,3,0.11,N,,,,
340,410.8,MAGNESIUM OCTANE SULFONATE,,25,1.1 X10-1 N,CD,SPECFC CONDCTNCE GRAPH,LELO TART,51003,L,L,0.11,N,,,,
340,410.8,MAGNESIUM OCTANE SULFONATE,,60,1.1 X10-1 N,CD,SPECFC CONDCTNCE GRAPH,LELO TART,51003,L,L,0.11,N,,,,
341,466.9,MAGNESIUM DECANE SULFONATE,,60,2.0 X10-2 N,CC,SPECFC CONDCTNCE GRAPH,LELO TART,51003,L,3,0.02,N,,,,
341,466.9,MAGNESIUM DECANE SULFONATE,,60,2.0 X10-2 N,CC,UNSPECIFIED CONDUCTANCE,TART LELO,55021,T,L,0.02,N,,,,
341,466.9,MAGNESIUM DECANE SULFONATE,,80,2.5 X10-2 N,CC,SPECFC CONDCTNCE GRAPH,LELO TART,51003,L,L,0.025,N,,,,
342,523.1,MAGNESIUM DODECANE SULFONATE,,60,3.6 X10-3 N,CB,SPECFC CONDCTNCE GRAPH,LELO TART,51003,L,3,0.0036,N,,,,
342,523.1,MAGNESIUM DODECANE SULFONATE,,60,3.3 X10-3 N,CC,UNSPECIFIED CONDUCTANCE,TART LELO,55021,T,L,0.0033,N,,,,
342,523.1,MAGNESIUM DODECANE SULFONATE,,80,4.9 X10-3 N,CB,SPECFC CONDCTNCE GRAPH,LELO TART,51003,L,L,0.0049,N,,,,
343,174.2,SODIUM PENTANE SULFONATE,,25,9.9 X10-1 M,CD,METHOD NOT CITED,LELO TART,51003,L,L,0.99,M,,,,
344,188.2,SODIUM HEXANE SULFONATE,,25,4.6 X10-1 M,CG,VISUAL SPCTR CHNGE PNCN,LELO TART,51003,L,L,0.46,M,,,,
345,418.3,DIDODECYL DIMETHYLAMMONIUM CHLORIDE,3. E-3 N NA CL,,1. X10-4 N,CE,UNSPECIFIED CONDUCTANCE,TART LELO,55021,T,L,0.0001,N,,,,
346,437.8,DECYL TRIMETHYLAMMONIUM DECYL SULFATE,,,63014,,VALUES FRM REF IN CMC,CORK GOOD,65005,,R,,,,,,
346,437.8,DECYL TRIMETHYLAMMONIUM DECYL SULFATE,,25,4.6 X10-4 M,BB,SURFACE TENSION LOG PLOT,CORK GOOD,63014,L,3,0.00046,M,,,,
346,437.8,DECYL TRIMETHYLAMMONIUM DECYL SULFATE,,25,4.5 X10-4 M,BC,METHOD NOT CITED,CORK GOOD,66014,T,L,0.00045,M,,,,
346,437.8,DECYL TRIMETHYLAMMONIUM DECYL SULFATE,1.00 E 2 I NA BR,25,4.6 X10-4 M,BB,SURFACE TENSION LOG PLOT,CORK GOOD,63014,L,3,0.00046,M,,,,
347,381.6,OCTYL TRIMETHYLAMMOMIUM OCTYL SULFATE,,25,7.5 X10-3 M,BC,METHOD NOT CITED,CORK GOOD,66014,T,L,0.0075,M,,,,
347,381.6,OCTYL TRIMETHYLAMMOMIUM OCTYL SULFATE,1.00 E 2 I NA BR,25,7.5 X10-3 M,BB,SURFACE TENSION LOG PLOT,CORK GOOD,65005,T,3,0.0075,M,,,,
348,443.2,NN-DIMETHYL 1-1-DIHYDROPENTADECAFLUORO OCTYL AMINE N-OXIDE /C7F15CH2N/CH3/20/,,25,4.7 X10-4 M,BB,SURFACE TENSION LOG PLOT,CORK GOOD,65005,T,3,0.00047,M,,,,
349,356.5,SODIUM OCTADECANE 1-SULFONATE,,57,7.5 X10-4 W,DB,KRAFFT POINT SOLUBILITY,TART WRIG,39002,T,L,0.00075,W,,,,
350,196.4,POTASSIUM NONANOATE,,25,2.1 X10-1 M,DG,FOTOMTR SPCTR CHNGE PNCN,HERZ,52015,T,L,0.21,M,,,,
350,196.4,POTASSIUM NONANOATE,,25,2.01 X10-1 M,DG,VISUAL SPCTR CHNGE PNCN,HERZ,52015,T,L,0.201,M,,,,
350,196.4,POTASSIUM NONANOATE,,25,2.00 X10-1 M,DG,VISUAL SPCTR CHNGE PNCN,HERZ,52017,T,L,0.2,M,,,,
350,196.4,POTASSIUM NONANOATE,,25,2.0 X10-1 M,BG,UNSPEC SPCTR CHNG PNCN,KLEV,58011,T,L,0.2,M,,,,
350,196.4,POTASSIUM NONANOATE,3.7 E-2 K CL,25,1.87 X10-1 M,DG,VISUAL SPCTR CHNGE PNCN,HERZ,52017,T,L,0.187,M,,,,
350,196.4,POTASSIUM NONANOATE,8.7 E-2 M K CL,25,1.75 X10-1 M,DG,VISUAL SPCTR CHNGE PNCN,HERZ,52017,T,L,0.175,M,,,,
350,196.4,POTASSIUM NONANOATE,1.59 E-1 M K CL,25,1.59 X10-1 M,DG,VISUAL SPCTR CHNGE PNCN,HERZ,52017,T,L,0.159,M,,,,
350,196.4,POTASSIUM NONANOATE,2.78 E-1 M K CL,25,1.39 X10-1 M,DG,VISUAL SPCTR CHNGE PNCN,HERZ,52017,T,L,0.139,M,,,,
350,196.4,POTASSIUM NONANOATE,4.61 E-1 M K CL,25,1.15 X10-1 M,DG,VISUAL SPCTR CHNGE PNCN,HERZ,52017,T,L,0.115,M,,,,
350,196.4,POTASSIUM NONANOATE,6.77 E-1 M K CL,25,9.7 X10-2 M,DG,VISUAL SPCTR CHNGE PNCN,HERZ,52017,T,L,0.097,M,,,,
350,196.4,POTASSIUM NONANOATE,8.55 E-1 M K CL,25,8.6 X10-2 M,DG,VISUAL SPCTR CHNGE PNCN,HERZ,52017,T,L,0.086,M,,,,
350,196.4,POTASSIUM NONANOATE,1.29 E 0 M K CL,25,6.4 X10-2 M,DG,VISUAL SPCTR CHNGE PNCN,HERZ,52017,T,L,0.064,M,,,,
350,196.4,POTASSIUM NONANOATE,1.63 E 0 M K CL,25,5.4 X10-2 M,DG,VISUAL SPCTR CHNGE PNCN,HERZ,52017,T,L,0.054,M,,,,
350,196.4,POTASSIUM NONANOATE,1.92 E 0 M K CL,25,4.8 X10-2 M,DG,VISUAL SPCTR CHNGE PNCN,HERZ,52017,TA,L,0.048,M,,,,
350,196.4,POTASSIUM NONANOATE,2.11 E 0 M K CL,25,4.2 X10-2 M,DG,VISUAL SPCTR CHNGE PNCN,HERZ,52017,T,L,0.042,M,,,,
350,196.4,POTASSIUM NONANOATE,2.39 E 0 M K CL,25,4.0 X10-2 M,DG,VISUAL SPCTR CHNGE PNCN,HERZ,52017,T,L,0.04,M,,,,
350,196.4,POTASSIUM NONANOATE,2.64 E 0 M K CL,25,3.8 X10-2 M,DG,VISUAL SPCTR CHNGE PNCN,HERZ,52017,T,L,0.038,M,,,,
351,252.5,POTASSIUM TRIDECANOATE,,25,1.26 X10-2 M,DG,VISUAL SPCTR CHNGE PNCN,HERZ,52015,T,L,0.0126,M,,,,
351,252.5,POTASSIUM TRIDECANOATE,,25,1.2 X10-2 M,BG,UNSPEC SPCTR CHNG PNCN,KLEV,58011,T,L,0.012,M,,,,
351,252.5,POTASSIUM TRIDECANOATE,,25,1.26 X10-2 M,DG,VISUAL SPCTR CHNGE PNCN,HERZ,52017,T,L,0.0126,M,,,,
351,252.5,POTASSIUM TRIDECANOATE,1.34 E-3 M K CL,25,1.21 X10-2 M,DG,VISUAL SPCTR CHNGE PNCN,HERZ,52017,T,L,0.0121,M,,,,
351,252.5,POTASSIUM TRIDECANOATE,2.91 E-3 M K CL,25,1.16 X10-2 M,DG,VISUAL SPCTR CHNGE PNCN,HERZ,52017,T,L,0.0116,M,,,,
351,252.5,POTASSIUM TRIDECANOATE,4.78 E-3 M K CL,25,1.12 X10-2 M,DG,VISUAL SPCTR CHNGE PNCN,HERZ,52017,T,L,0.0112,M,,,,
351,252.5,POTASSIUM TRIDECANOATE,7.06 E-3 M K CL,25,1.06 X10-2 M,DG,VISUAL SPCTR CHNGE PNCN,HERZ,52017,T,L,0.0106,M,,,,
351,252.5,POTASSIUM TRIDECANOATE,9.29 E-3 M K CL,25,9.29 X10-3 M,DG,VISUAL SPCTR CHNGE PNCN,HERZ,52017,T,L,0.00929,M,,,,
351,252.5,POTASSIUM TRIDECANOATE,1.34 E-2 M K CL,25,8.92 X10-3 M,DG,VISUAL SPCTR CHNGE PNCN,HERZ,52017,T,L,0.00892,M,,,,
351,252.5,POTASSIUM TRIDECANOATE,1.56 E-2 M K CL,25,8.42 X10-3 M,DG,VISUAL SPCTR CHNGE PNCN,HERZ,52017,T,L,0.00842,M,,,,
351,252.5,POTASSIUM TRIDECANOATE,1.87 E-2 M K CL,25,8.00 X10-3 M,DG,VISUAL SPCTR CHNGE PNCN,HERZ,52017,T,L,0.008,M,,,,
351,252.5,POTASSIUM TRIDECANOATE,2.51 E-2 M K CL,25,7.17 X10-3 M,DG,VISUAL SPCTR CHNGE PNCN,HERZ,52017,T,L,0.00717,M,,,,
351,252.5,POTASSIUM TRIDECANOATE,2.76 E-2 M K CL,25,6.90 X10-3 M,DG,VISUAL SPCTR CHNGE PNCN,HERZ,52017,T,L,0.0069,M,,,,
351,252.5,POTASSIUM TRIDECANOATE,3.27 E-2 M K CL,25,6.54 X10-3 M,DG,VISUAL SPCTR CHNGE PNCN,HERZ,52017,T,L,0.00654,M,,,,
351,252.5,POTASSIUM TRIDECANOATE,4.11 E-2 M K CL,25,5.87 X10-3 M,DG,VISUAL SPCTR CHNGE PNCN,HERZ,52017,T,L,0.00587,M,,,,
351,252.5,POTASSIUM TRIDECANOATE,5.29 E-2 M K CL,25,5.29 X10-3 M,DG,VISUAL SPCTR CHNGE PNCN,HERZ,52017,T,L,0.00529,M,,,,
351,252.5,POTASSIUM TRIDECANOATE,6.16 E-2 M K CL,25,4.92 X10-3 M,DG,VISUAL SPCTR CHNGE PNCN,HERZ,52017,T,L,0.00492,M,,,,
351,252.5,POTASSIUM TRIDECANOATE,9.13 E-2 M K CL,25,4.06 X10-3 M,DG,VISUAL SPCTR CHNGE PNCN,HERZ,52017,T,L,0.00406,M,,,,
351,252.5,POTASSIUM TRIDECANOATE,1.16 E-1 M K CL,25,3.57 X10-3 M,DG,VISUAL SPCTR CHNGE PNCN,HERZ,52017,T,L,0.00357,M,,,,
351,252.5,POTASSIUM TRIDECANOATE,1.44 E-1 M K CL,25,3.19 X10-3 M,DG,VISUAL SPCTR CHNGE PNCN,HERZ,52017,T,L,0.00319,M,,,,
351,252.5,POTASSIUM TRIDECANOATE,1.69 E-1 M K CL,25,2.94 X10-3 M,DG,VISUAL SPCTR CHNGE PNCN,HERZ,52017,T,L,0.00294,M,,,,
351,252.5,POTASSIUM TRIDECANOATE,1.94 E-1 M K CL,25,2.77 X10-3 M,DG,VISUAL SPCTR CHNGE PNCN,HERZ,52017,T,L,0.00277,M,,,,
351,252.5,POTASSIUM TRIDECANOATE,2.16 E-1 M K CL,25,2.62 X10-3 M,DG,VISUAL SPCTR CHNGE PNCN,HERZ,52017,T,L,0.00262,M,,,,
351,252.5,POTASSIUM TRIDECANOATE,2.41 E-1 M K CL,25,2.53 X10-3 M,DG,VISUAL SPCTR CHNGE PNCN,HERZ,52017,T,L,0.00253,M,,,,
351,252.5,POTASSIUM TRIDECANOATE,2.68 E-1 M K CL,25,2.38 X10-3 M,DG,VISUAL SPCTR CHNGE PNCN,HERZ,52017,T,L,0.00238,M,,,,
351,252.5,POTASSIUM TRIDECANOATE,3.12 E-1 M K CL,25,2.27 X10-3 M,DG,VISUAL SPCTR CHNGE PNCN,HERZ,52017,T,L,0.00227,M,,,,
352,388.4,SODIUM DI-1-METHYLISOAMYL SULFOSUCCINATE,,25,3. X10-2 N,HE,UNSPECIFIED CONDUCTANCE,HAFF PICC,42003,T,L,0.03,N,,,,
353,393.7,OCTYL TRIMETHYLAMMONIUM DECANE SULFONATE,,RM,5.75 X10-3 M,BB,DEBYE PLT LIGHT SCATTER,ANAC,53002,T,3,0.00575,M,,,,
353,393.7,OCTYL TRIMETHYLAMMONIUM DECANE SULFONATE,1.78 E-1 M K CL,RM,5.67 X10-3 M,BB,DEBYE PLT LIGHT SCATTER,ANAC,53002,T,3,0.00567,M,,,,
353,393.7,OCTYL TRIMETHYLAMMONIUM DECANE SULFONATE,2.65 E-1 M K CL,RM,5.67 X10-3 M,BB,DEBYE PLT LIGHT SCATTER,ANAC,53002,T,3,0.00567,M,,,,
354,255.9,HEXYL BENZYL DIMETHYLAMMONIUM CHLORIDE,,UNK,4.34 X10-2 M,PG,VISUAL SPCTR CHNGE INPX,ROSS KWAR,53007,T,L,0.0434,M,,,,
355,363.1,AMMONIUM DODECAFLUOROHEPTANOATE H/CF2/6CO0NH4,,UNK,2.5 X10-1 M,CG,METHOD NOT CITED,ARRI PATT,53003,T,L,0.25,M,,,,
356,312,DECYL BENZYL DIMETHYLAMMONIUM CHLORIDE,,UNK,6.1 X10-3 M,PG,VISUAL SPCTR CHNGE INPX,ROSS KWAR,53007,T,L,0.0061,M,,,,
357,368.1,TETRADECYL BENZYL DIMETHYLAMMONIUM CHLORIDE,,UNK,3.7 X10-4 M,PG,VISUAL SPCTR CHNGE INPX,ROSS KWAR,53007,T,L,0.00037,M,,,,
358,424.2,OCTADECYL BENZYL DIMETHYLAMMONIUM CHLORIDE,,23,8.5 X10-6 M,HG,STREAMING CURRENT,CARD,66011,T,L,0.0000085,M,,,,
358,424.2,OCTADECYL BENZYL DIMETHYLAMMONIUM CHLORIDE,,UNK,7.1 X10-6 M,PG,VISUAL SPCTR CHNGE INPX,ROSS KWAR,53007,T,L,0.0000071,M,,,,
359,328.9,OCTYL 4-NITROBENZYL DIMETHYLAMMONIUM CHLORIDE,,UNK,5.7 X10-2 M,PG,VISUAL SPCTR CHNGE INPX,ROSS KWAR,53007,T,L,0.057,M,,,,
360,357,DECYL 4-NITROBENZYL DIMETHYLAMMONIUM CHLORIDE,,UNK,2.3 X10-2 M,PG,VISUAL SPCTR CHNGE INPX,ROSS KWAR,53007,T,L,0.023,M,,,,
361,385,DODECYL 4-NITROBENZYL DIMETHYL AMMONIUM CHLORIDE,,UNK,3.6 X10-3 M,PG,VISUAL SPCTR CHNGE INPX,ROSS KWAR,53007,T,L,0.0036,M,,,,
362,413.1,TETRADECYL 4-NITROBENZYL DIMETHYLAMMONIUM CHLORIDE,,UNK,5.1 X10-4 M,PG,VISUAL SPCTR CHNGE INPX,ROSS KWAR,53007,T,L,0.00051,M,,,,
363,441.2,HEXADECYL 4-NITROBENZYL DIMETHYLAMMONIUM CHLORIDE,,UNK,1.3 X10-4 M,PG,VISUAL SPCTK CHNGE INPX,ROSS KWAR,53007,T,L,0.00013,M,,,,
364,469.2,OCTADECYL 4-NITROBENZYL DIMETHYLAMMONIUM CHLORIDE,,UNK,2.9 X10-5 M,PG,VISUAL SPCTR CHNGE INPX,ROSS KWAR,53007,T,L,0.000029,M,,,,
365,374.5,DODECYL 2-CHLOROBENZYL DIMETHYLAMMONIUM CHLORIDE,,UNK,2.8 X10-4 M,PG,VISUAL SPCTR CHNGE INPX,ROSS KWAR,53007,T,L,0.00028,M,,,,
366,408.9,DODECYL 2-4-DICHLOROBENZYL DIMETHYLAMMONIUMCHLORIDE,,UNK,3.7 X10-4 M,PG,VISUAL SPCTR CHNGE INPX,ROSS KWAR,53007,T,L,0.00037,M,,,,
367,374.5,DODECYL 4-CHLOROBENZYL DIMETHYLAMMONIUM CHLORIDE,,UNK,4.2 X10-4 M,PG,VISUAL SPCTR CHNGE INPX,ROSS KWAR,53007,T,L,0.00042,M,,,,
368,401,DODECYL 2-HYDROXY-5-NITROBENZYL DIMETHYLAMMONIUM CHLORIDE,,UNK,6.9 X10-4 M,PG,VISUAL SPCTR CHNGE INPX,ROSS KWAR,53007,T,L,0.00069,M,,,,
369,408.9,DODECYL 3-4-DICHLOROBENZYL DIMETHYLAMMONIUMCHLORIDE,,UNK,1.1 X10-3 M,PG,VISUAL SPCTR CHNGE INPX,ROSS KWAR,53007,T,L,0.0011,M,,,,
370,384.1,DODECYL 3-4-METHYLENEDIOXYBENZYL DIMETHYLAMMONIUM CHLORIDE,,UNK,3.8 X10-3,PG,VISUAL SPCTR CHNGE INPX,ROSS KWAR,53007,T,L,,,,,,
371,400.1,DODECYL 3-4-DIMETHOXYBENZYL IMETHYLAMMONIUMCHLORIDE,,UNK,3.9 X10-3 M,PG,VISUAL SPCTR CHNGE INPX,ROSS KWAR,53007,T,L,0.0039,M,,,,
372,463.1,AMMONIUM HEXADECAFLUORONONANOATE H/CF2/8 COO NH4,,UNK,3.8 X10-2 M,CG,METHOD NOT CITED,ARRI PATT,53003,T,L,0.038,M,,,,
372,463.1,AMMONIUM HEXADECAFLUORONONANOATE H/CF2/8 COO NH4,0092,,,,SEE CMPD NMBR IN ADDITV,ARRI PATT,53003,,X,,,,,,
373,563.2,AMMONIUM EICOSAFLUOROUNDECANOATE H/CF2/10 C00 NH4,,UNK,9. X10-3 M,CG,METHOD NOT CITED,ARRI PATT,53003,T,L,0.009,M,,,,
374,346.1,DODECAFLUOROHEPTANOIC ACID H/CF2/6C00H,,25,1.5 X10-1 M,HG,UNSPEC SPCTR CHNG PNCN,KLEV,58011,T,L,0.15,M,,,,
374,346.1,DODECAFLUOROHEPTANOIC ACID H/CF2/6C00H,,UNK,1.5 X10-1 M,CG,METHOD NOT CITED,ARRI PATT,53003,T,L,0.15,M,,,,
375,446.1,HEXADECAFLUORONONANOIC ACID H/CF2/8COOH,,25,3. X10-2 M,HG,UNSPEC SPCTR CHNG PNCN,KLEV,58011,T,L,0.03,M,,,,
375,446.1,HEXADECAFLUORONONANOIC ACID H/CF2/8COOH,,UNK,3. X10-2 M,CG,METHOD NOT CITED,ARRI PATT,53003,T,L,0.03,M,,,,
376,375.4,DODECYL PYRIDINIUM TODIDE,,,60015,,VALUES FRM REF IN CMC,FORD OTTE,66028,,R,,,,,,
376,375.4,DODECYL PYRIDINIUM TODIDE,,18,4.1 X10-3 M,BC,KRAFFT POINT SOLUBILITY,ADDI FURM,56019,T,L,0.0041,M,,,,
376,375.4,DODECYL PYRIDINIUM TODIDE,,18.5,4.3 X10-3 M,BC,INTERFACIAL TNSN UNSPEC,ADDI FURM,56019,T,L,0.0043,M,,,,
376,375.4,DODECYL PYRIDINIUM TODIDE,,20.3,5.10 X10-3 M,CB,MICELLAR SPECTRAL CHANGE,MUKE RAY,66006,T,L,0.0051,M,,,,
376,375.4,DODECYL PYRIDINIUM TODIDE,,24.9,5.26 X10-3 M,CB,MICELLAR SPECTRAL CHANGE,MUKE RAY,66006,T,3,0.00526,M,,,,
376,375.4,DODECYL PYRIDINIUM TODIDE,,25,5.60 X10-3 M,DC,TURBIDITY PLT LITE SCATR,PARR,60015,T,3,0.0056,M,,,,
376,375.4,DODECYL PYRIDINIUM TODIDE,,25,5.70 X10-3 M,CB,SURFACE TENSION UNSPEC,FORD OTTE,66028,T,3,0.0057,M,,,,
376,375.4,DODECYL PYRIDINIUM TODIDE,,25,5.26 X10-3 M,DB,MICELLAR SPECTRAL CHANGE,MUKE RAY,63032,T,L,0.00526,M,,,,
376,375.4,DODECYL PYRIDINIUM TODIDE,,30,5.0 X10-3 M,CG,FOTOMTR SPCTR CHNGE EOSN,MEGU KOND,59024,T,L,0.005,M,,,,
376,375.4,DODECYL PYRIDINIUM TODIDE,,30,4.5 X10-3 M,CA,SPECFC CONDCTNCE GRAPH,MEGU KOND,59024,T,L,0.0045,M,,,,
376,375.4,DODECYL PYRIDINIUM TODIDE,,30.1,5.60 X10-3 M,CB,MICELLAR SPECTRAL CHANGE,MUKE RAY,66006,T,L,0.0056,M,,,,
376,375.4,DODECYL PYRIDINIUM TODIDE,,34.9,5.85 X10-3 M,CB,MICELLAR SPECTRAL CHANGE,MUKE RAY,66006,T,L,0.00585,M,,,,
376,375.4,DODECYL PYRIDINIUM TODIDE,,40,6.30 X10-3 M,CB,MICELLAR SPECTRAL CHANGE,MUKE RAY,66006,T,L,0.0063,M,,,,
376,375.4,DODECYL PYRIDINIUM TODIDE,,44.9,6.70 X10-3 M,CB,MICELLAR SPECTRAL CHANGE,MUKE RAY,66006,T,L,0.0067,M,,,,
376,375.4,DODECYL PYRIDINIUM TODIDE,,45,6.70 X10-3 M,DB,MICELLAR SPECTRAL CHANGE,MUKE RAY,63032,T,L,0.0067,M,,,,
376,375.4,DODECYL PYRIDINIUM TODIDE,,RM,5.0 X10-3 M,CC,MICELLAR SPECTRAL CHANGE,HARK DRIZ,51010,T,L,0.005,M,,,,
376,375.4,DODECYL PYRIDINIUM TODIDE,,RM,5.3 X10-3 M,CG,VISUAL SPCTR CHNGE SKYB,HARK DRIZ,51010,T,L,0.0053,M,,,,
376,375.4,DODECYL PYRIDINIUM TODIDE,,RM,5.6 X10-3 M,CC,FOTOMTR SOLUBLZTN OROT,HARK DRIZ,51010,T,L,0.0056,M,,,,
376,375.4,DODECYL PYRIDINIUM TODIDE,2.5 E-3 M K I,25,4.53 X10-3 M,DC,TURBIDITY PLT LITE SCATR,PARR,60015,T,L,0.00453,M,,,,
376,375.4,DODECYL PYRIDINIUM TODIDE,5.0 E-3 M K I,25,3.87 X10-3 M,DC,TURBIDITY PLT LITE SCATR,PARR,60015,T,L,0.00387,M,,,,
376,375.4,DODECYL PYRIDINIUM TODIDE,1.00 E-2 M K I,25,2.94 X10-3 M,DC,TURBIDITY PLT LITE SCATR,PARR,60015,T,L,0.00294,M,,,,
376,375.4,DODECYL PYRIDINIUM TODIDE,2. E-2 M K I,25,1.80 X10-3 M,CB,SURFACE TENSION UNSPEC,FORD OTTE,66028,T,L,0.0018,M,,,,
376,375.4,DODECYL PYRIDINIUM TODIDE,2.02 E-2 M KI,30,1.94 X10-3 M,CB,MICELLAR SPECTRAL CHANGE,MUKE RAY,66006,T,L,0.00194,M,,,,
376,375.4,DODECYL PYRIDINIUM TODIDE,5.01 E-2 M K I,30,1.12 X10-3 M,CB,MICELLAR SPECTRAL CHANGE,MUKE RAY,66006,T,L,0.00112,M,,,,
376,375.4,DODECYL PYRIDINIUM TODIDE,1.002E-1 M K I,30,6.5 X10-4 M,CB,MICELLAR SPECTRAL CHANGE,MUKE RAY,66006,T,L,0.00065,M,,,,
376,375.4,DODECYL PYRIDINIUM TODIDE,1. E-4 M NA2 S203 TH10SULF,25,5.15 X10-3 M,DB,MICELLAR SPECTRAL CHANGE,MUKE RAY,63032,T,L,0.00515,M,,,,
376,375.4,DODECYL PYRIDINIUM TODIDE,1. E-3 M NA2 S203 TH10SULF,25,4.75 X10-3 M,DB,MICELLAR SPECTRAL CHANGE,MUKE RAY,63032,T,L,0.00475,M,,,,
376,375.4,DODECYL PYRIDINIUM TODIDE,1. E-3 M NA2 S203 TH10SULF,45,5.63 X10-3 M,DB,MICELLAR SPECTRAL CHANGE,MUKE RAY,63032,T,L,0.00563,M,,,,
376,375.4,DODECYL PYRIDINIUM TODIDE,3.4 EOM UREA,25,9.34 X10-3 M,DB,MICELLAR SPECTRAL CHANGE,MUKE RAY,63032,T,L,0.00934,M,,,,
376,375.4,DODECYL PYRIDINIUM TODIDE,5.9 EOM UREA,25,1.36 X10-2 M,DB,MICELLAR SPECTRAL CHANGE,MUKE RAY,63032,T,L,0.0136,M,,,,
376,375.4,DODECYL PYRIDINIUM TODIDE,3.4 EOM UREA,45,1.18 X10-2 M,DB,MICELLAR SPECTRAL CHANGE,MUKE RAY,63032,T,L,0.0118,M,,,,
376,375.4,DODECYL PYRIDINIUM TODIDE,5.9 EOM UREA,45,1.71 X10-2 M,DB,MICELLAR SPECTRAL CHANGE,MUKE RAY,63032,T,L,0.0171,M,,,,
376,375.4,DODECYL PYRIDINIUM TODIDE,8.0 EOM UREA,45,2.13 X10-2 M,DB,MICELLAR SPECTRAL CHANGE,MUKE RAY,63032,T,L,0.0213,M,,,,
376,375.4,DODECYL PYRIDINIUM TODIDE,1. E-4 M NA2 S203 TH10SULF 3.4 E 0 M UREA,25,9.30 X10-3 M,DB,MICELLAR SPECTRAL CHANGE,MUKE RAY,63032,T,L,0.0093,M,,,,
376,375.4,DODECYL PYRIDINIUM TODIDE,1. E-4 M NA2 S203 TH10SULF 5.9 E 0 M UREA,25,1.39 X10-2,DB,MICELLAR SPECTRAL CHANGE,MUKE RAY,63032,T,L,,,,,,
376,375.4,DODECYL PYRIDINIUM TODIDE,1. E-3 M NA2 S203 TH10SULF 9.6 E-1 M UREA,25,5.75 X10-3,DB,MICELLAR SPECTRAL CHANGE,MUKE RAY,63032,T,L,,,,,,
376,375.4,DODECYL PYRIDINIUM TODIDE,1. E-3 M NA2 S203 TH10SULF 3.4 E 0 M UREA,25,9.10 X10-3 M,DB,MICELLAR SPECTRAL CHANGE,MUKE RAY,63032,T,L,0.0091,M,,,,
376,375.4,DODECYL PYRIDINIUM TODIDE,1. E-3 M NA2 S203 TH10SULF 5.9 E 0 M UREA,25,1.33 X10-2 M,DB,MICELLAR SPECTRAL CHANGE,MUKE RAY,63032,T,L,0.0133,M,,,,
376,375.4,DODECYL PYRIDINIUM TODIDE,1. E-3 M NA2 S203 TH10SULF 9.6 E-1 M UREA,45,7.10 X10-3 M,DB,MICELLAR SPECTRAL CHANGE,MUKE RAY,63032,T,L,0.0071,M,,,,
376,375.4,DODECYL PYRIDINIUM TODIDE,1. E-3 M NA2 S203 TH10SULF 3.4 EOM UREA,45,1.10 X10-2 M,DB,MICELLAR SPECTRAL CHANGE,MUKE RAY,63032,T,L,0.011,M,,,,
376,375.4,DODECYL PYRIDINIUM TODIDE,1. E-3 M NA2 S203 TH1 OSULF 5.9 E 0 M UREA,45,1.57 X10-2 M,DB,MICELLAR SPECTRAL CHANGE,MUKE RAY,63032,T,L,0.0157,M,,,,
377,406.7,DODECYL/OXYETHYLENE/ 5 ALCOHOL HOMOGENEOUS HEAD GROUP,,20,4.0 X10-5 M,BD,SURFACE TENSION LOG PLOT,CARL CHAL,64009,T,L,0.00004,M,,,,
377,406.7,DODECYL/OXYETHYLENE/ 5 ALCOHOL HOMOGENEOUS HEAD GROUP,,20,3.5 X10-5 M,BG,FOTOMTR SPCTR CHNG I2,CARL CHAL,64009,T,L,0.000035,M,,,,
377,406.7,DODECYL/OXYETHYLENE/ 5 ALCOHOL HOMOGENEOUS HEAD GROUP,,20,5.00 X10-5 M,BD,REFRACTIVE INDEX,DONB JAN,63021,T,L,0.00005,M,,,,
377,406.7,DODECYL/OXYETHYLENE/ 5 ALCOHOL HOMOGENEOUS HEAD GROUP,,23,5.7 X10-5 M,PB,SURFACE TENSION LOG PLOT,LANG,60012,T,L,0.000057,M,,,,
378,378.6,DECYL/OXYETHYLENE/5 ALCOHOL HOMOGENEOUS HEAD GROUP,,20,8.6 X10-4 M,BC,SURFACE TENSION LOG PLOT,CARL CHAL,64009,T,L,0.00086,M,,,,
378,378.6,DECYL/OXYETHYLENE/5 ALCOHOL HOMOGENEOUS HEAD GROUP,,20,1.0 X10-3 M,BG,FOTOMTR SPCTR CHNG I2,CARL CHAL,64009,T,L,0.001,M,,,,
378,378.6,DECYL/OXYETHYLENE/5 ALCOHOL HOMOGENEOUS HEAD GROUP,,20,7.8 X10-4 M,BC,REFRACTIVE INDEX,DONB JAN,63021,T,L,0.00078,M,,,,
379,334.6,DECYL/OXYETHYLENE/4 ALCOHOL HOMOGENEOUS HEAD GROUP,,16,4.2 X10-4 M,BG,FOTOMTR SPCTR CHNG I2,CARL CHAL,64009,T,L,0.00042,M,,,,
379,334.6,DECYL/OXYETHYLENE/4 ALCOHOL HOMOGENEOUS HEAD GROUP,,20,6.4 X10-4 M,BC,SURFACE TENSION LOG PLOT,CARL CHAL,64009,T,L,0.00064,M,,,,
380,278.4,HEXYL/OXYETHYLENE/4 ALCOHOL HOMOGENEOUS HEAD GROUP,,20,9. X10-2 M,BD,SURFACE TENSION LOG PLOT,CARL CHAL,64009,T,L,0.09,M,,,,
380,278.4,HEXYL/OXYETHYLENE/4 ALCOHOL HOMOGENEOUS HEAD GROUP,,20,9. X10-2 M,BD,FOTOMTR SPCTR CHNG I2,CARL CHAL,64009,T,L,0.09,M,,,,
380,278.4,HEXYL/OXYETHYLENE/4 ALCOHOL HOMOGENEOUS HEAD GROUP,,20,9.0 X10-2 M,BB,REFRACTIVE INDEX,DONB JAN,63021,T,3,0.09,M,,,,
380,278.4,HEXYL/OXYETHYLENE/4 ALCOHOL HOMOGENEOUS HEAD GROUP,,20,7.5 X10-2 M,BE,SURFACE TENSION LOG PLOT,MULL METC,62015,T,L,0.075,M,,,,
381,322.5,HEXYL/OXYETHYLENE/5 ALCOHOL HOMOGENEOUS HEAD GROUP,,20,9.25 X10-2 M,BB,REFRACTIVE INDEX,DONB JAN,63021,T,3,0.0925,M,,,,
381,322.5,HEXYL/OXYETHYLENE/5 ALCOHOL HOMOGENEOUS HEAD GROUP,,20,7.5 X10-2 M,BE,SURFACE TENSION LOG PLOT,MULL METC,62015,T,L,0.075,M,,,,
382,353.6,ETHYL TRIMETHYLAMMONIUM DODECYL SULFATE,,25,4.30 xio-3 M,DA,SPECFC CONDCTNCE GRAPH,PACK DONB,63030,T,L,,,,,,
383,381.6,BUTYL TRIMETHYLAMMONIUM DODECYL SULFATE,,25,2.38 X10-3 M,DA,SPECFC CONDCTNCE GRAPH,PACK DONB,63030,T,L,0.00238,M,,,,
384,409.7,HEXYL TRIMETHYLAMMONIUM DODECYL SULFATE,,25,1.25 X10-3 M,DB,SPECFC CONDCTNCE GRAPH,PACK DONB,63030,T,L,0.00125,M,,,,
385,437.8,OCTYL TRIMETHYLAMMONIUM DODECYL SULFATE,,25,4.3 X10-4 M,BC,METHOD NOT CITED,CORK GOOD,66014,T,3,0.00043,M,,,,
385,437.8,OCTYL TRIMETHYLAMMONIUM DODECYL SULFATE,,25,4.0 X10-4 M,DB,SPECFC CONDCTNCE GRAPH,PACK DONB,63030,T,L,0.0004,M,,,,
386,283.4,AMMONIUM DODECYL SULFATE,,25,6.16 X10-3 M,DA,SPECFC CONDCTNCE GRAPH,PACK DONB,63030,T,L,0.00616,M,,,,
386,283.4,AMMONIUM DODECYL SULFATE,,30,7.2 X10-3 M,CB,EQUIV CONDCTNCE GRAPH,MEGU KOND,59026,T,L,0.0072,M,,,,
386,283.4,AMMONIUM DODECYL SULFATE,,30,6.6 X10-3 M,CG,FOTOMTR SPCTR CHNGE RHD6,MEGU KOND,59026,T,L,0.0066,M,,,,
387,297.5,METHYLAMMONIUM DODECYL SULFATE,,25,5.70 X10-3 M,DA,SPECFC CONDCTNCE GRAPH,PACK DONB,63030,T,L,0.0057,M,,,,
388,311.5,ETHYLAMMONIUM DODECYL SULFATE,,25,5.00 X10-3 M,DA,SPECFC CONDCTNCE GRAPH,PACK DONB,63030,T,L,0.005,M,,,,
389,339.5,BUTYLAMMONIUM DODECYL SULFATE,,25,2.92 X10-3 M,DA,SPECFC CONDCTNCE GRAPH,PACK DONB,63030,T,L,0.00292,M,,,,
390,367.6,HEXYLAMMONIUM DODECYL SULFATE,,25,1.12 X10-3 M,DB,SPECFC CONDCTNCE GRAPH,PACK DONB,63030,T,L,0.00112,M,,,,
391,395.7,OCTYLAMMONIUM DODECYL SULFATE,,25,2.8 X10-4 M,DC,SPECFC CONDCTNCE GRAPH,PACK DONB,63030,T,L,0.00028,M,,,,
392,165.7,OCTYLAMMONIUM CHLORIDE,,25,1.75 X10-1 M,XC,REFRACTIVE INDEX,KLEV,53010,T,L,0.175,M,,,,
393,338.5,BUTYL/OXYETHYLENE/6 ALCOHOL HOMOGENEOUS HEAD GROUP,,20,7.96 X10-1 M,BC,SURFACE TENSION LOG PLOT,ELWO FLOR,64049,T,3,0.796,M,,,,
393,338.5,BUTYL/OXYETHYLENE/6 ALCOHOL HOMOGENEOUS HEAD GROUP,,30,7.60 X10-1 M,BC,SURFACE TENSION LOG PLOT,ELWO FLOR,64049,T,3,0.76,M,,,,
393,338.5,BUTYL/OXYETHYLENE/6 ALCOHOL HOMOGENEOUS HEAD GROUP,,40,7.10 X10-1 M,BC,SURFACE TENSION LOG PLOT,ELWO FLOR,64049,T,L,0.71,M,,,,
394,338.5,I-METHYL PROPYL/OXYETHYLENE/6 ALCOHOL HOMOGENEOUS HEAD GROUP,,20,9.1 X10-1 M,BC,SURFACE TENSION LOG PLOT,ELWO FLOR,64049,T,3,0.91,M,,,,
394,338.5,I-METHYL PROPYL/OXYETHYLENE/6 ALCOHOL HOMOGENEOUS HEAD GROUP,,30,8.8 X10-1 M,BC,SURFACE TENSION LOG PLOT,ELWO FLOR,64049,T,3,0.88,M,,,,
394,338.5,I-METHYL PROPYL/OXYETHYLENE/6 ALCOHOL HOMOGENEOUS HEAD GROUP,,40,8.5 X10-1 M,BC,SURFACE TENSION LOG PLOT,ELWO FLOR,64049,T,L,0.85,M,,,,
395,366.6,ETHYL BUTYL/OXYETHYLENE/6 ALCOHOL HOMOGENEOUS HEAD GROUP,,20,1.00 X10-1 M,BC,SURFACE TENSION LOG PLOT,ELWO FLOR,64049,T,3,0.1,M,,,,
395,366.6,ETHYL BUTYL/OXYETHYLENE/6 ALCOHOL HOMOGENEOUS HEAD GROUP,,30,9.3 X10-2 M,BC,SURFACE TENSION LOG PLOT,ELWO FLOR,64049,T,3,0.093,M,,,,
395,366.6,ETHYL BUTYL/OXYETHYLENE/6 ALCOHOL HOMOGENEOUS HEAD GROUP,,40,8.7 X10-2 M,BC,SURFACE TENSION LOG PLOT,ELWO FLOR,64049,T,L,0.087,M,,,,
396,394.6,PROPYL PENTYL/OXYETHYLENE/6 ALCOHOL HOMOGENEOUS HEAD GROUP,,20,2.30 X10-2 M,BC,SURFACE TENSION LOG PLOT,ELWO FLOR,64049,T,3,0.023,M,,,,
396,394.6,PROPYL PENTYL/OXYETHYLENE/6 ALCOHOL HOMOGENEOUS HEAD GROUP,,30,2.0 X10-2 M,BC,SURFACE TENSION LOG PLOT,ELWO FLOR,64049,T,3,0.02,M,,,,
397,422.7,BUTYL HEXYL/OXYETHYLENE/6 ALCOHOL HOMOGENEOUS HEAD GROUP,,15,3.36 X10-3 M,BC,SURFACE TENSION LOG PLOT,ELWO FLOR,64049,T,L,0.00336,M,,,,
397,422.7,BUTYL HEXYL/OXYETHYLENE/6 ALCOHOL HOMOGENEOUS HEAD GROUP,,20,3.10 X10-3 M,BC,SURFACE TENSION LOG PLOT,ELWO FLOR,64049,T,3,0.0031,M,,,,
397,422.7,BUTYL HEXYL/OXYETHYLENE/6 ALCOHOL HOMOGENEOUS HEAD GROUP,,25,2.84 X10-3 M,BC,SURFACE TENSION LOG PLOT,ELWO FLOR,64049,T,3,0.00284,M,,,,
398,554.9,BUTYL HEXYL/OXYETHYLENE/9 ALCOHOL HOMOGENEOUS HEAD GROUP,,20,3.20 X10-3 M,BC,SURFACE TENSION LOG PLOT,ELWO FLOR,64049,T,3,0.0032,M,,,,
398,554.9,BUTYL HEXYL/OXYETHYLENE/9 ALCOHOL HOMOGENEOUS HEAD GROUP,,30,2.79 X10-3 M,BC,SURFACE TENSION LOG PLOT,ELWO FLOR,64049,T,3,0.00279,M,,,,
398,554.9,BUTYL HEXYL/OXYETHYLENE/9 ALCOHOL HOMOGENEOUS HEAD GROUP,,40,2.43 X10-3 M,BC,SURFACE TENSION LOG PLOT,ELWO FLOR,64049,T,L,0.00243,M,,,,
399,278,DODECYL DIMETHYL ETHYLAMMONIUM CHLORIDE,,25,1.9 X10-2 M,BC,SURFACE TENSION LOG PLOT,WEIN ZOGR,65026,T,L,0.019,M,,,,
399,278,DODECYL DIMETHYL ETHYLAMMONIUM CHLORIDE,,UNK,2.13 X10-2 M,CC,UNSPECIFIED CONDUCTANCE,CELL EGGE,52001,T,L,0.0213,M,,,,
399,278,DODECYL DIMETHYL ETHYLAMMONIUM CHLORIDE,1. E-1 K CL,25,7.0 X10-3 M,BC,SURFACE TENSION LOG PLOT,WEIN ZOGR,65026,T,L,0.007,M,,,,
400,292,DODECYL METHYL DIETHYLAMMONIUM CHLORIDE,,UNK,1.99 X10-2 M,CC,UNSPECIFIED CONDUCTANCE,CELL EGGE,52001,T,L,0.0199,M,,,,
401,306,DODECYL TRIETHYLAMMONIUM CHLORIDE,,UNK,1.93 X10-2 M,CC,UNSPECIFIED CONDUCTANCE,CELL EGGE,52001,T,L,0.0193,M,,,,
402,278,TRIDECYL TRIMETHYLAMMONIUM CHLORIDE,,UNK,1.12 X10-2 M,CC,UNSPECIFIED CONDUCTANCE,CELL EGGE,52001,T,L,0.0112,M,,,,
403,326,DODECYL DIMETHYLPHENYLAMMONIUM CHLORIDE,,UNK,1.65 X10-3 M,CC,UNSPECIFIED CONDUCTANCE,CELL EGGE,52001,T,L,0.00165,M,,,,
404,354.1,DODECYL DIMETHYL 2-PHENYLETHYLAMMONIUM CHLORIDE C6H5CH2CH2/N/CH3/2/C12H25,,UNK,4.1 X10-3 M,CC,UNSPECIFIED CONDUCTANCE,CELL EGGE,52001,T,L,0.0041,M,,,,
405,354.1,DODECYL (ETHYLETHYLBENZYLAMMONIUM CHLORIDE,,UNK,7.7 X10-3 M,CC,UNSPECIFIED CONDUCTANCE,CELL EGGE,52001,T,L,0.0077,M,,,,
406,408,DODECYL DIMETHYL META-TRIFLUOROMETHYLBENZYL AMMONIUM CF3C6H4CH2/N/CH3/2/C12H25 CHLORIDE,,UNK,3.2 X10-3 M,CC,UNSPECIFIED CONDUCTANCE,CELL EGGE,52001,T,L,0.0032,M,,,,
407,368.1,DODECYL DIMETHYL 3-PHENYLPROPYLAMMONIUM CHLORIDE C6H5CH2CH2/N/CH3/2/C12H25,,UNK,3.13 X10-3 M,CC,UNSPECIFIED CONDUCTANCE,CELL EGGE,52001,T,L,0.00313,M,,,,
408,344.6,POTASSIUM HEXADECANE 1-SULFONATE,,80,1.80 X10-3 W,CD,EQUIV CONDCTNCE GRAPH,MURR HART,35001,K,L,0.0018,W,,,,
409,415.6,TRIETHANOLAMMONIUM DODECYL SULFATE,,,59017,,VALUES FRM REF IN CMC,KASH,58021,,R,,,,,,
409,415.6,TRIETHANOLAMMONIUM DODECYL SULFATE,,33,4. X10-3 M,BE,SURFACE TNSN LINEAR PLOT,KASH EZAK,59017,T,L,0.004,M,,,,
409,415.6,TRIETHANOLAMMONIUM DODECYL SULFATE,,40,4. X10-3 M,BE,FOAMING POWER,KASH EZAK,59017,T,L,0.004,M,,,,
410,353.5,MORPHOLINIUM DODECYL SULFATE,,,59017,,VALUES FRM REF IN CMC,KASH,58021,,R,,,,,,
410,353.5,MORPHOLINIUM DODECYL SULFATE,,40,3. X10-3 M,BE,FOAMING POWER,KASH EZAK,59017,T,L,0.003,M,,,,
410,353.5,MORPHOLINIUM DODECYL SULFATE,,40,4. X10-3 M,BE,SURFACE TNSN LINEAR PLOT,KASH EZAK,59017,T,L,0.004,M,,,,
411,217.4,DECYLAMMONIUM ACETATE,,UNK,4. X10-2 M,CE,METHOD NOT CITED,SOMA HEAL,64035,T,L,0.04,M,,,,
412,245.5,DODECYLAMMONIUM ACETATE,,UNK,1.3 X10-2 M,CD,METHOD NOT CITED,SOMA HEAL,64035,T,L,0.013,M,,,,
413,273.5,TETRADECYLAMMONIUM ACETATE,,UNK,4. X10-3 M,CE,METHOD NOT CITED,SOMA HEAL,64035,T,L,0.004,M,,,,
414,301.6,HEXADECYLAMMONIUM ACETATE,,UNK,8. X10-4 M,CE,METHOD NOT CITED,SOMA HEAL,64035,T,L,0.0008,M,,,,
415,329.6,OCTADECYLAMMONIUM ACETATE,,UNK,3 X10-4 M,CE,METHOD NOT CITED,SOMA HEAL,64035,T,L,0.0003,M,,,,
416,314.1,PERFLUORO HEXANOIC ACID,,,,,QUESTIONABLE CRITERION,KLEV RAIS,54010,,R,,,,,,
416,314.1,PERFLUORO HEXANOIC ACID,,,,,QUESTIONABLE CRITERION,KLEV VERG,57017,,R,,,,,,
416,314.1,PERFLUORO HEXANOIC ACID,,,57017,,VALUES FRM REF IN CMC,KLEV VERG,56010,,R,,,,,,
416,314.1,PERFLUORO HEXANOIC ACID,,0,1.09 X10-1 M,BC,EQUIV CONDCTNCE GRAPH,KLEV VERG,57017,P,3,0.109,M,,,,
416,314.1,PERFLUORO HEXANOIC ACID,,18.5,8.2 X10-2 M,BC,SURFACE TENSION LOG PLOT,KLEV RAIS,54010,T,L,0.082,M,,,,
416,314.1,PERFLUORO HEXANOIC ACID,,18,1.06 X10-1 M,BC,EQUIV CONDCTNCE GRAPH,KLEV VERG,57017,P,3,0.106,M,,,,
416,314.1,PERFLUORO HEXANOIC ACID,,25,5.4 X10-2 M,BG,UNSPEC SPCTR CHNG PNCN,KLEV,58011,T,L,0.054,M,,,,
416,314.1,PERFLUORO HEXANOIC ACID,,UNK,5.0 X10-2 M,CG,METHOD NOT CITED,KLEV CARR,56001,T,L,0.05,M,,,,
416,314.1,PERFLUORO HEXANOIC ACID,,UNK,5.1 X10-2 M,XG,METHOD NOT CITED,KLEV RAIS,54004,T,L,0.051,M,,,,
416,314.1,PERFLUORO HEXANOIC ACID,E 0 PH OF SOLUTION,UNK,,,GRAPH DATA NOT RETRIEVED,KLEV RAIS,54004,,R,,,,,,
417,414.1,PERFLUORO OCTANOIC ACID,,,,,QUESTIONABLE CRITERION,KLEV RAIS,54010,,R,,,,,,
417,414.1,PERFLUORO OCTANOIC ACID,,,,,QUESTIONABLE CRITERION,KLEV VERG,57017,,R,,,,,,
417,414.1,PERFLUORO OCTANOIC ACID,,,57017,,VALUES FRM REF IN CMC,KLEV VERG,56010,,R,,,,,,
417,414.1,PERFLUORO OCTANOIC ACID,,18.5,9.0 X10-3 M,BC,SURFACE TENSION LOG PLOT,KLEV RAIS,54010,T,L,0.009,M,,,,
417,414.1,PERFLUORO OCTANOIC ACID,,18,9.8 X10-3 M,BB,EQUIV CONDCTNCE GRAPH,KLEV VERG,57017,P,3,0.0098,M,,,,
417,414.1,PERFLUORO OCTANOIC ACID,,25,5.6 X10-3 M,BG,UNSPEC SPCTR CHNG PNCN,KLEV,58011,T,L,0.0056,M,,,,
417,414.1,PERFLUORO OCTANOIC ACID,,30,8.7 X10-3 M,BC,SURFACE TENSION LOG PLOT,KLEV RAIS,54010,T,L,0.0087,M,,,,
417,414.1,PERFLUORO OCTANOIC ACID,,35,9.3 X10-3 M,BB,EQUIV CONDCTNCE GRAPH,KLEV VERG,57017,P,3,0.0093,M,,,,
417,414.1,PERFLUORO OCTANOIC ACID,,45,1.02 X10-2 M,BB,EQUIV CONDCTNCE GRAPH,KLEV VERG,57017,P,3,0.0102,M,,,,
417,414.1,PERFLUORO OCTANOIC ACID,,UNK,5.1 X10-3 M,CG,METHOD NOT CITED,KLEV CARR,56001,T,L,0.0051,M,,,,
417,414.1,PERFLUORO OCTANOIC ACID,2.5 E-2 M H CL,30,3.2 X10-3 M,BC,SURFACE TENSION LOG PLOT,KLEV RAIS,54010,T,L,0.0032,M,,,,
417,414.1,PERFLUORO OCTANOIC ACID,5. E-2 M H CL,30,2. X10-3 M,BE,SURFACE TENSION LOG PLOT,KLEV RAIS,54010,T,L,0.002,M,,,,
417,414.1,PERFLUORO OCTANOIC ACID,5. E-2 M K CL,30,5. X10-3 M,BE,SURFACE TENSION LOG PLOT,KLEV RAIS,54010,T,L,0.005,M,,,,
417,414.1,PERFLUORO OCTANOIC ACID,5. E-3 M K OH,30,1.12 X10-2 M,BD,SURFACE TENSION LOG PLOT,KLEV RAIS,54010,T,L,0.0112,M,,,,
417,414.1,PERFLUORO OCTANOIC ACID,1. E-2 M K OH,30,1.52 X10-2 M,BD,SURFACE TENSION LOG PLOT,KLEV RAIS,54010,T,L,0.0152,M,,,,
417,414.1,PERFLUORO OCTANOIC ACID,2.5 E-2 M K OH,30,3.02 X10-2 M,BD,SURFACE TENSION LOG PLOT,KLEV RAIS,54010,T,L,0.0302,M,,,,
417,414.1,PERFLUORO OCTANOIC ACID,5. E-2 M K OH,30,2.4 X10-2 M,BD,SURFACE TENSION LOG PLOT,KLEV RAIS,54010,T,L,0.024,M,,,,
417,414.1,PERFLUORO OCTANOIC ACID,1.0 E-1 M K OH,30,1.9 X10-2 M,BD,SURFACE TENSION LOG PLOT,KLEV RAIS,54010,T,L,0.019,M,,,,
417,414.1,PERFLUORO OCTANOIC ACID,E 0 PH OF SOLUTION,UNK,,,GRAPH DATA NOT RETRIEVED,KLEV RAIS,54004,,R,,,,,,
417,414.1,PERFLUORO OCTANOIC ACID,2.5 E1C 0001,30,1.10 X10-2 M,CD,SURFACE TENSION LOG PLOT,KLEV RAIS,54010,T,L,0.011,M,,,,
417,414.1,PERFLUORO OCTANOIC ACID,5.0 E1C 0001,30,4.5 X10-3 M,CD,SURFACE TENSION LOG PLOT,KLEV RAIS,54010,T,L,0.0045,M,,,,
417,414.1,PERFLUORO OCTANOIC ACID,8.0 1 C 0001,30,5. X10-3 M,CE,SURFACE TENSION LOG PLOT,KLEV RAIS,54010,T,L,0.005,M,,,,
417,414.1,PERFLUORO OCTANOIC ACID,9.0 E 1 C 0001,30,5.5 X10-3 M,CE,SURFACE TENSION MINIMUM,KLEV RAIS,54010,T,L,0.0055,M,,,,
418,258.3,SODIUM UNDECYL SULFONATE,,20,1.9 X10-2 M,BC,INTERFACIAL TENSION LOGM,V VO,60025,T,L,0.019,M,,,,
418,258.3,SODIUM UNDECYL SULFONATE,3. E-2 K NA CL,20,1.4 X10-2 M,BC,INTERFACIAL TENSION LOGM,V VO,60025,T,L,0.014,M,,,,
419,356.5,SODIUM ALPHA-HEPTYL UNDECYL SULFONATE,,20,3.6 X10-4 M,BB,INTERFACIAL TENSION LOGM,V VO,60025,T,L,0.00036,M,,,,
419,356.5,SODIUM ALPHA-HEPTYL UNDECYL SULFONATE,1. E-3 K NA CL,20,2.9 X10-4 M,BB,INTERFACIAL TENSION LOGM,V VO,60025,T,L,0.00029,M,,,,
420,360.6,POTASSIUM 1-1-2-OCTANE TRICARBOXYLATE,,25,7.9 X10-1 M,DG,VISUAL SPCTR CHNGE PNCN,SHIN,56003,T,L,0.79,M,,,,
421,416.7,POTASSIUM 1-1-2-DODECANE TRICARBOXYLATE,,25,9.5 X10-2 M,DG,VISUAL SPCTR CHNGE PNCN,SHIN,56003,T,L,0.095,M,,,,
422,472.8,POTASSIUM 1-1-2-HEXADECANE TRICARBOXYLATE,,25,1.2 X10-2 M,DG,VISUAL SPCTR CHNGE PNCN,SHIN,56003,T,L,0.012,M,,,,
423,174.3,OCTYL/OXYETHYLENE/1 ALCOHOL--OCTYL GLYCOL ETHER HOMOGENEOUS HEAD GROUP,,25,4.9 X10-3 M,BC,SURFACE TENSION LOG PLOT,SHIN YAMA,59013,T,3,0.0049,M,,,,
424,204.3,OCTYL ALPHA-GLYCERYL ETHER,,25,5.8 X10-3 M,BC,SURFACE TENSION LOG PLOT,SHIN YAMA,59013,T,3,0.0058,M,,,,
425,388.6,POTASSIUM 1-1-2-DECANE TRICARBOXYLATE,,25,,,THEORETICALLY ESTIMATED,SHIN,56003,T,R,,,,,,
426,444.7,POTASSIUM 1-1-2-TETRADECANE TRICARBOXYLATE,,25,,,THEORETICALLY ESTIMATED,SHIN,56003,T,R,,,,,,
427,384.5,HEXADECYL PYRIDINIUM BROMIDE,,25,6.2 X10-4 M,CB,SPECFC CONDCTNCE GRAPH,BENT SPAR,66038,T,L,0.00062,M,,,,
427,384.5,HEXADECYL PYRIDINIUM BROMIDE,,25,5.81 X10-4 M,BA,EQUIV CONDCTNCE GRAPH,EVER KRAU,48028,P,2,0.000581,M,,,,
427,384.5,HEXADECYL PYRIDINIUM BROMIDE,,25,7.00 X10-4 W,BD,SPECFC CONDCTNCE GRAPH,CZER,65037,T,L,0.0007,W,,,,
427,384.5,HEXADECYL PYRIDINIUM BROMIDE,,27,4.8 X10-4 M,BC,KRAFFT POINT SOLUBILITY,ADDI FURM,56019,T,L,0.00048,M,,,,
427,384.5,HEXADECYL PYRIDINIUM BROMIDE,,30,4.7 X10-4 M,BC,INTERFACIAL TNSN UNSPEC,ADDI FURM,56019,T,L,0.00047,M,,,,
427,384.5,HEXADECYL PYRIDINIUM BROMIDE,,35,7.5 X10-4 M,BB,EQUIV CONDCTNCE GRAPH,HART COLL,36001,T,3,0.00075,M,,,,
427,384.5,HEXADECYL PYRIDINIUM BROMIDE,,35,7.7 X10-4 M,BB,SPECFC CONDCTNCE GRAPH,HART COLL,36001,P,3,0.00077,M,,,,
427,384.5,HEXADECYL PYRIDINIUM BROMIDE,,35,7.80 X10-4 W,BD,SPECFC CONDCTNCE GRAPH,CZER,65037,T,L,0.00078,W,,,,
427,384.5,HEXADECYL PYRIDINIUM BROMIDE,,45,8.90 X10-4 W,BD,SPECFC CONDCTNCE GRAPH,CZER,65037,T,L,0.00089,W,,,,
427,384.5,HEXADECYL PYRIDINIUM BROMIDE,,55,1.035x10-3 W,BD,SPECFC CONDCTNCE GRAPH,CZER,65037,T,L,0.001035,W,,,,
427,384.5,HEXADECYL PYRIDINIUM BROMIDE,3. E-3 M K BR,40,3.4 X10-4 M,BD,TURBIDITY PLT LITE SCATR,TART,59010,T,L,0.00034,M,,,,
427,384.5,HEXADECYL PYRIDINIUM BROMIDE,6.4 EOH METHANOL,25,7.51 X10-4 M,BC,EQUIV CONDCTNCE GRAPH,EVER KRAU,48028,P,3,0.000751,M,,,,
427,384.5,HEXADECYL PYRIDINIUM BROMIDE,1.470E 1 H METHANOL,25,1.18 X10-3 M,BA,EQUIV CONDCTNCE GRAPH,EVER KRAU,48028,P,2,0.00118,M,,,,
427,384.5,HEXADECYL PYRIDINIUM BROMIDE,1.991E 1 H METHANOL,25,1.69 X10-3 M,BA,EQUIV CONDCTNCE GRAPH,EVER KRAU,48028,P,2,0.00169,M,,,,
427,384.5,HEXADECYL PYRIDINIUM BROMIDE,2.602E 1 H METHANOL,25,2.81 X10-3 M,BB,EQUIV CONDCTNCE GRAPH,EVER KRAU,48028,P,3,0.00281,M,,,,
427,384.5,HEXADECYL PYRIDINIUM BROMIDE,3.520E 1 H METHANOL,25,6.01 X10-3 M,BA,EQUIV CONDCTNCE GRAPH,EVER KRAU,48028,P,2,0.00601,M,,,,
427,384.5,HEXADECYL PYRIDINIUM BROMIDE,E 0 0099,,,,GRAPH DATA NOT RETRIEVED,LANG,53005,,R,,,,,,
427,384.5,HEXADECYL PYRIDINIUM BROMIDE,E 0 0290,,,,GRAPH DATA NOT RETRIEVED,LANG,53005,,R,,,,,,
428,114,PERFLUORO ACETIC ACID,,,,,QUESTIONABLE CRITERION,KLEV RAIS,54010,,R,,,,,,
428,114,PERFLUORO ACETIC ACID,,,57017,,VALUES FRM REF IN CMC,KLEV VERG,56010,,R,,,,,,
428,114,PERFLUORO ACETIC ACID,,25,2.6 X10 0 M,BE,SURFACE TENSION LOG PLOT,KLEV RAIS,54010,T,L,2.6,M,,,,
428,114,PERFLUORO ACETIC ACID,,25,,,QUESTIONABLE CRITERION,KLEV,58011,,R,,,,,,
428,114,PERFLUORO ACETIC ACID,,35,,,QUESTIONABLE CRITERION,KLEV VERG,57017,,R,,,,,,
429,164,PERFLUORO PROPIONIO ACID,,,57017,,VALUES FRM REF IN CMC,KLEV VERG,56010,,R,,,,,,
429,164,PERFLUORO PROPIONIO ACID,,25,1.11 X10-3 M,BG,UNSPEC SPCTR CHNG PNCN,KLEV,58011,T,L,0.00111,M,,,,
429,164,PERFLUORO PROPIONIO ACID,,35,,,QUESTIONABLE CRITERION,KLEV VERG,57017,,R,,,,,,
429,164,PERFLUORO PROPIONIO ACID,,35,1.21 X10 0 M,AC,EQUIV CONDCTNCE GRAPH,KLEV VERG,57017,P,L,1.21,M,,,,
430,214,PERFLUORO BUTYRIC ACID,,,,,QUESTIONABLE CRITERION,KLEV RAIS,54010,,R,,,,,,
430,214,PERFLUORO BUTYRIC ACID,,,,,QUESTIONABLE CRITERION,KLEV VERG,57017,,R,,,,,,
430,214,PERFLUORO BUTYRIC ACID,,,57017,,VALUES FRM REF IN CMC,KLEV VERG,56010,,R,,,,,,
430,214,PERFLUORO BUTYRIC ACID,,0,5.5 X10-1 M,AC,EQUIV CONDCTNCE GRAPH,KLEV VERG,57017,P,L,0.55,M,,,,
430,214,PERFLUORO BUTYRIC ACID,,04.9-,1.49 X10 0 W,AC,FREEZING POINT,HOLL CADY,59023,C,L,1.49,W,,,,
430,214,PERFLUORO BUTYRIC ACID,,18,5.0 X10-1 M,AC,EQUIV CONDCTNCE GRAPH,KLEV VERG,57017,P,L,0.5,M,,,,
430,214,PERFLUORO BUTYRIC ACID,,25,7.1 X10-1 M,BC,SURFACE TENSION LOG PLOT,KLEV RAIS,54010,T,L,0.71,M,,,,
430,214,PERFLUORO BUTYRIC ACID,,25,5.3 X10-1 M,BG,UNSPEC SPCTR CHNG PNCN,KLEV,58011,T,L,0.53,M,,,,
430,214,PERFLUORO BUTYRIC ACID,,35,4.9 X10-1 M,AC,EQUIV CONDCTNCE GRAPH,KLEV VERG,57017,P,L,0.49,M,,,,
431,574.9,"TRIDECYL/OXO-PROCESS//OXYETHYLENE/8.5ALCOHOL BRANCHED CHAIN, NATURAL 0E DISTRIBUTION",,UNK,8.8 X10-3 D,HC,FOTOMTR SPCTR CHNG I2,BECH,59006,G,L,0.0088,D,,,,
432,641,"TRIDECYL/OxO-PROCESS//OXYETHYLENE/10 ALCOHOL BRANCHED CHAIN, NATURAL 0E DISTRIBUTION",,UNK,8.1 X10-3 D,HC,FOTOMTR SPCTR CHNG I2,BECH,59006,G,L,0.0081,D,,,,
432,641,"TRIDECYL/OxO-PROCESS//OXYETHYLENE/10 ALCOHOL BRANCHED CHAIN, NATURAL 0E DISTRIBUTION",E 0 NA CL,25,,,SUMMARIZING EQN ONLY,BECH,62002,,R,,,,,,
433,861.3,"TRIDECYL/OXO-PROCESS/ /OXYETHYLENE/15 ALCOHOL BRANCHED CHAIN, NATURAL 0E DISTRIBUTION",,UNK,1.3 X10-2 D,HD,FOTOMTR SPCTR CHNG I2,BECH,59006,G,L,0.013,D,,,,
433,861.3,"TRIDECYL/OXO-PROCESS/ /OXYETHYLENE/15 ALCOHOL BRANCHED CHAIN, NATURAL 0E DISTRIBUTION",E 0 NA CL,25,,,SUMMARIZING EON ONLY,BECH,62002,,R,,,,,,
434,1169.7,TRIDECYL/OXO-PROCESS/ /OXYETHYLENE/22 ALCOHOL BRANCHED CHAIN. NATURAL 0E DISTRIBUTION,,UNK,2.8 X10-2 D,HD,FOTOMTR SPCTR CHNG I2,BECH,59006,G,L,0.028,D,,,,
434,1169.7,TRIDECYL/OXO-PROCESS/ /OXYETHYLENE/22 ALCOHOL BRANCHED CHAIN. NATURAL 0E DISTRIBUTION,E 0 NA CL,25,,,SUMMARIZING EQN ONLY,BECH,62002,,R,,,,,,
435,711.2,OCTADECYL/OXYETHYLENE/10 ALCOHOL NATURAL DISTRIBUTION OF HEAD GROUPS,,,,,QUESTIONABLE CRITERION,BECH,62002,,R,,,,,,
435,711.2,OCTADECYL/OXYETHYLENE/10 ALCOHOL NATURAL DISTRIBUTION OF HEAD GROUPS,,,62002,,VALUES FRM REF IN CMC,BECH,59006,,R,,,,,,
436,1151.8,OCTADECYL/OXYETHYLENE/20 ALCOHOL NATURAL DISTRIBUTION OF HEAD GROUPS,,,,,QUESTIONABLE CRITERION,BECH,62002,,R,,,,,,
436,1151.8,OCTADECYL/OXYETHYLENE/20 ALCOHOL NATURAL DISTRIBUTION OF HEAD GROUPS,,,62002,,VALUES FRM REF IN CMC,BECH,59006,,R,,,,,,
437,797.3,OLEYL/CIS-9-OCTADECENOYLA /OXYETHYLENE/12 ALCOHOL NATURAL DISTRIBUTION OF HEAD GROUPS,,UNK,3.3 X10-2 D,HD,FOTOMTR SPCTR CHNG I2,BECH,59006,G,L,0.033,D,,,,
438,973.5,OLEYL/CIS-9-OCTADECENOYL /OXYETHYLENE/16 ALCOHOL NATURAL DISTRIBUTION OF HEAD GROUPS,,UNK,3.2 X10-2 D,HD,FOTOMTR SPCTR CHNG I2,BECH,59006,G,L,0.032,D,,,,
439,1149.7,OLEYL/CIS-9-0CTADECENOYL/ /OXYETHYLENE/20 ALCOHOL NATURAL DISTRIBUTION OF HEAD GROUPS,,UNK,2.9 X10-2 D,HD,FOTOMTR SPCTR CHNG I2,BECH,59006,G,L,0.029,D,,,,
440,522.8,OXYETHYLENE/4 SORBITAN MONOLAURATE ISOMERS AND DISTRIBUTED MULTIPLE 0E CHAINS,,UNK,1.3 X10-2 D,HD,FOTOMTR SPCTR CHNG I2,BECH,59006,G,L,0.013,D,,,,
441,699,OXYETHYLENE/8 SORBITAN MONOLAURATE ISOMERS AND DISTRIBUTED MULTIPLE 0E CHAINS,,UNK,1.2 X10-2 D,HD,FOTOMTR SPCTR CHNG I2,BECH,59006,G,L,0.012,D,,,,
442,787.1,OXYETHYLENE/10 SORBITAN MONOLAURATE ISOMERS AND DISTRIBUTED MULTIPLE 0E CHAINS,,UNK,1.2 X10-2 D,HD,FOTOMTR SPCTR CHNG I2,BECH,59006,G,L,0.012,D,,,,
443,1227.7,OXYETHYLENE/20 SORBITAN MONOLAURATE ISOMERS AND DISTRIBUTED MULTIPLE 0E CHAINS,,UNK,1.4 X10-2 D,HD,FOTOMTR SPCTR CHNG I2,BECH,59006,G,L,0.014,D,,,,
444,1448,OXYETHYLENE/2 SORBITAN MONOLAURATE ISOMERS AND DISTRIBUTED MULTIPLE 0E CHAINS,,UNK,1.4 X10-2 D,HD,FOTOMTR SPCTR CHNG I2,BECH,59006,G,L,0.014,D,,,,
445,292.3,SODIUM PARA-BIS-/N-BUTYL/ BENZENE SULFONATE,,60,,,QUESTIONABLE CRITERION,KOBE KLAM,60017,,R,,,,,,
446,348.5,SODIUM PARA-BIS-/N-HEXYL/ BENZENE SULFONATE,,60,,,QUESTIONABLE CRITERION,KOBE KLAM,60017,,R,,,,,,
447,404.6,SODIUM PARA-BIS-/N-OCTYL/ BENZENE SULFONATE,,60,,,QUESTIONABLE CRITERION,KOBE KLAM,60017,,R,,,,,,
448,306.5,SODIUM OCTADECANOATE /STEARATE/,,,,,QUESTIONABLE CRITERION,STAU,39006,,R,,,,,,
448,306.5,SODIUM OCTADECANOATE /STEARATE/,,50,1.8 X10-3 M,HC,SPECFC CONDCTNCE GRAPH,MARO ELDE,54006,T,L,0.0018,M,,,,
448,306.5,SODIUM OCTADECANOATE /STEARATE/,,UNK,4. X10-2 D 1.3 X10-3 M,XG,VISUAL SPCTR CHNGE PNCN,DEMC,61031,T M,L,0.04,D,0.0013,M,,
448,306.5,SODIUM OCTADECANOATE /STEARATE/,1. E-1 H NA OH,70,7.5 X10-5 M,CC,SURFACE TENSION LOG PLOT,POWN ADDI,38006,K,L,0.000075,M,,,,
449,235.9,DODECYLMETHYL AMMONIUM CHLORIDE,,30,1.46 X10-2 M,BC,EQUIV CONDCTNCE GRAPH,RALS BROO,49013,T,3,0.0146,M,,,,
450,249.9,DODECYLDIMETHYL AMMONIUM CHLORIDE,,30,1.61 X10-2 M,BC,EQUIV CONDCTNCE GRAPH,RALS BR00,49013,T,3,0.0161,M,,,,
451,448.1,PARA DI-ISOBUTYLPHENOXYETHOXYETHYL DIMETHYLBENZYL AMMONIUM CHLORIDE /HYAMINE 1622/,,,,,QUESTIONABLE CRITERION,ROSS HUDS,57010,,R,,,,,,
451,448.1,PARA DI-ISOBUTYLPHENOXYETHOXYETHYL DIMETHYLBENZYL AMMONIUM CHLORIDE /HYAMINE 1622/,,,,,GRAPH DATA NOT RETRIEVED,COHE VASS,61027,,R,,,,,,
451,448.1,PARA DI-ISOBUTYLPHENOXYETHOXYETHYL DIMETHYLBENZYL AMMONIUM CHLORIDE /HYAMINE 1622/,,24.7,1.6 X10-1 P,HC,SPECFC CONDCTNCE GRAPH,ROSS BRAM,57031,T,L,0.16,P,,,,
451,448.1,PARA DI-ISOBUTYLPHENOXYETHOXYETHYL DIMETHYLBENZYL AMMONIUM CHLORIDE /HYAMINE 1622/,E 0 DC ANTIFOAM A (PMS*),24.7,1.7 X10-1 P,HC,SPECFC CONDCTNCE GRAPH,ROSS BRAM,57031,T,L,0.17,P,,,,
451,448.1,PARA DI-ISOBUTYLPHENOXYETHOXYETHYL DIMETHYLBENZYL AMMONIUM CHLORIDE /HYAMINE 1622/,5. E-2 P DECANOL-1,24.7,9. X10-2 P,HD,SPECFC CONDCTNCE GRAPH,ROSS BRAM,57031,T,L,0.09,P,,,,
451,448.1,PARA DI-ISOBUTYLPHENOXYETHOXYETHYL DIMETHYLBENZYL AMMONIUM CHLORIDE /HYAMINE 1622/,5. E-2 P LAURYL ALCOHOL,24.7,1.1 X10-1 P,HD,SPECFC CONDCTNCE GRAPH,ROSS BRAM,57031,T,L,0.11,P,,,,
451,448.1,PARA DI-ISOBUTYLPHENOXYETHOXYETHYL DIMETHYLBENZYL AMMONIUM CHLORIDE /HYAMINE 1622/,5. E-2 P TRIBUTYL PHOSPHATE,24.7,1.5 X10-1 P,HC,SPECFC CONDCTNCE GRAPH,ROSS BRAM,57031,T,L,0.15,P,,,,
451,448.1,PARA DI-ISOBUTYLPHENOXYETHOXYETHYL DIMETHYLBENZYL AMMONIUM CHLORIDE /HYAMINE 1622/,5.0 E-1 P TRIBUTYL PHOSPHATE,24.7,1.4 X10-1 P,HC,SPECFC CONDCTNCE GRAPH,ROSS BRAM,57031,T,L,0.14,P,,,,
451,448.1,PARA DI-ISOBUTYLPHENOXYETHOXYETHYL DIMETHYLBENZYL AMMONIUM CHLORIDE /HYAMINE 1622/,5. E-2 P 2-ETHYL HEXANOL,24.7,1.3 X10-1 P,HC,SPECFC CONDCTNCE GRAPH,ROSS BRAM,57031,T,L,0.13,P,,,,
452,246.9,DICHLOROPERFLUORO BUTYRIC/KEL-F/ACID,,25,7.0 X10-1 M,HG,UNSPEC SPCTR CHNG PNCN,KLEV,58011,T,L,0.7,M,,,,
453,363.4,TRICHLOROPERFLUORO HEXANOIC/KEL-F/ACID,,25,6.2 X10-2,HG,UNSPEC SPCTR CHNG PNCN,KLEV,58011,T,L,,,,,,
454,479.9,TETRACHLOROPERFLUORO OCTANOIC/KEL-F/ACID,,25,9.1 X10-3 M,HG,UNSPEC SPCTR CHNG PNCN,KLEV,58011,T,L,0.0091,M,,,,
455,514.1,PERFLUORO DECANOIC ACID,,25,4.8 X10-4 M,BG,UNSPEC SPCTR CHNG PNCN,KLEV,58011,T,L,0.00048,M,,,,
455,514.1,PERFLUORO DECANOIC ACID,,30,8.9 X10-4 M,BC,SURFACE TENSION LOG PLOT,KLEV RAIS,54010,T,L,0.00089,M,,,,
455,514.1,PERFLUORO DECANOIC ACID,,UNK,8. X10-4 M,XG,METHOD NOT CITED,KLEV RAIS,54004,T,L,0.0008,M,,,,
456,452.2,POTASSIUM PERFLUORO OCTANOATE,,25,2.88 X10-2 W,BB,UNSPECIFIED CONDUCTANCE,SHIN KATS,64011,T,3,0.0288,W,,,,
456,452.2,POTASSIUM PERFLUORO OCTANOATE,,30,2.74 X10-2 W,BB,UNSPECIFIED CONDUCTANCE,SHIN KATS,64011,T,3,0.0274,W,,,,
456,452.2,POTASSIUM PERFLUORO OCTANOATE,,30,2.63 X10-2 M,BC,SURFACE TENSION LOG PLOT,KLEV RAIS,54010,T,L,0.0263,M,,,,
456,452.2,POTASSIUM PERFLUORO OCTANOATE,,40,2.65 X10-2 W,BB,UNSPECIFIED CONDUCTANCE,SHIN KATS,64011,T,3,0.0265,W,,,,
456,452.2,POTASSIUM PERFLUORO OCTANOATE,,55,2.76 X10-2 W,BB,UNSPECIFIED CONDUCTANCE,SHIN KATS,64011,T,3,0.0276,W,,,,
456,452.2,POTASSIUM PERFLUORO OCTANOATE,,70,3.07 X10-2 W,BB,UNSPECIFIED CONDUCTANCE,SHIN KATS,64011,T,3,0.0307,W,,,,
456,452.2,POTASSIUM PERFLUORO OCTANOATE,,85,3.54 X10-2 W,BB,UNSPECIFIED CONDUCTANCE,SHIN KATS,64011,T,3,0.0354,W,,,,
456,452.2,POTASSIUM PERFLUORO OCTANOATE,,UNK,2.7 X10-2 M,XG,METHOD NOT CITED,KLEV RAIS,54004,T,L,0.027,M,,,,
456,452.2,POTASSIUM PERFLUORO OCTANOATE,9.4 E-3 W K N03,30,2.43 X10-2 W,BB,UNSPECIFIED CONDUCTANCE,SHIN KATS,64011,L,3,0.0243,W,,,,
456,452.2,POTASSIUM PERFLUORO OCTANOATE,1.82 E-2 W K N03,30,2.22 X10-2 W,BB,UNSPECIFIED CONDUCTANCE,SHIN KATS,64011,L,3,0.0222,W,,,,
456,452.2,POTASSIUM PERFLUORO OCTANOATE,2.96 E-2 W K N03,30,2.01 X10-2 W,BB,UNSPECIFIED CONDUCTANCE,SHIN KATS,64011,L,3,0.0201,W,,,,
456,452.2,POTASSIUM PERFLUORO OCTANOATE,8.3 E-3 W K N03,40,2.40 X10-2 W,BB,UNSPECIFIED CONDUCTANCE,SHIN KATS,64011,L,3,0.024,W,,,,
456,452.2,POTASSIUM PERFLUORO OCTANOATE,2.39 E-2 W K N03,40,2.07 X10-2 W,BB,UNSPECIFIED CONDUCTANCE,SHIN KATS,64011,L,3,0.0207,W,,,,
456,452.2,POTASSIUM PERFLUORO OCTANOATE,4.08 E-2 W K N03,40,1.79 X10-2 W,BB,UNSPECIFIED CONDUCTANCE,SHIN KATS,64011,L,3,0.0179,W,,,,
456,452.2,POTASSIUM PERFLUORO OCTANOATE,7.31 E-2 W K N03,40,1.46 X10-2 W,BB,UNSPECIFIED CONDUCTANCE,SHIN KATS,64011,L,3,0.0146,W,,,,
456,452.2,POTASSIUM PERFLUORO OCTANOATE,1.13 E-2 W K N03,55,2.42 X10-2 W,BB,UNSPECIFIED CONDUCTANCE,SHIN KATS,64011,L,3,0.0242,W,,,,
456,452.2,POTASSIUM PERFLUORO OCTANOATE,2.30 E-2 W K N03,55,2.17 X10-2 W,BB,UNSPECIFIED CONDUCTANCE,SHIN KATS,64011,L,3,0.0217,W,,,,
456,452.2,POTASSIUM PERFLUORO OCTANOATE,3.54 E-2 W K N03,55,1.93 X10-2 W,BB,UNSPECIFIED CONDUCTANCE,SHIN KATS,64011,L,3,0.0193,W,,,,
456,452.2,POTASSIUM PERFLUORO OCTANOATE,4.65 E-2 W K N03,55,1.82 X10-2 W,BB,UNSPECIFIED CONDUCTANCE,SHIN KATS,64011,L,3,0.0182,W,,,,
456,452.2,POTASSIUM PERFLUORO OCTANOATE,6.01 E-2 W K N03,55,1.65 X10-2 W,BB,UNSPECIFIED CONDUCTANCE,SHIN KATS,64011,L,3,0.0165,W,,,,
456,452.2,POTASSIUM PERFLUORO OCTANOATE,7.77 E-2 W K N03,55,1.49 X10-2 W,BB,UNSPECIFIED CONDUCTANCE,SHIN KATS,64011,L,3,0.0149,W,,,,
456,452.2,POTASSIUM PERFLUORO OCTANOATE,1.28 E-2 W K N03,70,2.75 X10-2 W,BB,UNSPECIFIED CONDUCTANCE,SHIN KATS,64011,L,3,0.0275,W,,,,
456,452.2,POTASSIUM PERFLUORO OCTANOATE,3.77 E-2 W K N03,70,2.22 X10-2 W,BB,UNSPECIFIED CONDUCTANCE,SHIN KATS,64011,L,3,0.0222,W,,,,
456,452.2,POTASSIUM PERFLUORO OCTANOATE,8.22 E-2 W K N03,70,1.82 X10-2 W,BB,UNSPECIFIED CONDUCTANCE,SHIN KATS,64011,L,3,0.0182,W,,,,
456,452.2,POTASSIUM PERFLUORO OCTANOATE,4.65 E-2 W K N03,85,2.59 X10-2 W,BB,UNSPECIFIED CONDUCTANCE,SHIN KATS,64011,L,3,0.0259,W,,,,
456,452.2,POTASSIUM PERFLUORO OCTANOATE,7.71 E-2 W K N03,85,2.27 X10-2 W,BB,UNSPECIFIED CONDUCTANCE,SHIN KATS,64011,L,3,0.0227,W,,,,
457,118.2,HEXANEDIOL,,24,1.9 X10-1 M,BC,SURFACE TENSION LOG PLOT,KATO,63037,T,L,0.19,M,,,,
457,118.2,HEXANEDIOL,,UNK,2.0 X10-1 M,BC,FOTOMTR SOLUBLZTN SDN 4,KATO,63037,T,L,0.2,M,,,,
457,118.2,HEXANEDIOL,,UNK,1.9 X10-1 M,BC,REFRACTIVE INDEX,KATO,63037,T,L,0.19,M,,,,
458,347.3,DECYL PYRIDINIUM IODIDE,,RM,2.4 X10-2 M,CC,FOTOMTR SOLUBLZTN OROT,HARK KRIZ,51010,T,L,0.024,M,,,,
458,347.3,DECYL PYRIDINIUM IODIDE,,RM,2.25 X10-2 M,CB,MICELLAR SPECTRAL CHANGE,HARK KRIZ,51010,T,3,0.0225,M,,,,
458,347.3,DECYL PYRIDINIUM IODIDE,,RM,2.23 X10-2 M,CG,VISUAL SPCTR CHNGE SKYB,HARK KRIZ,51010,T,L,0.0223,M,,,,
459,0,ALKYL/15-17/ /OXYETHYLENE/ /19-23/ALCHOL /CETOMACROGOL 1000/,,20,6.3 X10-3 D,HC,SURFACE TENSION LOG PLOT,ELWO,60027,T,L,0.0063,D,,,,
459,0,ALKYL/15-17/ /OXYETHYLENE/ /19-23/ALCHOL /CETOMACROGOL 1000/,,20,7. X10-3 D,HE,FOTOMTR SOLUBLZTN DMYL,ELWO,60027,T,L,0.007,D,,,,
459,0,ALKYL/15-17/ /OXYETHYLENE/ /19-23/ALCHOL /CETOMACROGOL 1000/,,UNK,2.1 X10-3 D,HG,SURFACE TENSION UNSPEC,WAN,66018,T,L,0.0021,D,,,,
459,0,ALKYL/15-17/ /OXYETHYLENE/ /19-23/ALCHOL /CETOMACROGOL 1000/,,UNK,1.1 X10-3 D,HE,SURFACE TENSION UNSPEC,HUGO NEWT,60026,T,L,0.0011,D,,,,
459,0,ALKYL/15-17/ /OXYETHYLENE/ /19-23/ALCHOL /CETOMACROGOL 1000/,,UNK,1.2 X10-3 D,HE,FOTOMTR SPCTR CHNG I2,HUGO NEWT,60026,T,L,0.0012,D,,,,
459,0,ALKYL/15-17/ /OXYETHYLENE/ /19-23/ALCHOL /CETOMACROGOL 1000/,,UNK,7.0 X10-3 D,HD,FOTOMTR SPCTR CHNG I2,ELWO,60027,T,L,0.007,D,,,,
459,0,ALKYL/15-17/ /OXYETHYLENE/ /19-23/ALCHOL /CETOMACROGOL 1000/,2. E-1 M NA CL,UNK,6.7 X10-3 D,HD,FOTOMTR SPCTR CHNG I2,ELWO,60027,G,L,0.0067,D,,,,
459,0,ALKYL/15-17/ /OXYETHYLENE/ /19-23/ALCHOL /CETOMACROGOL 1000/,7. E-1 M NA CL,UNK,6.2 X10-3 D,HD,FOTOMTR SPCTR CHNG I2,ELWO,60027,G,L,0.0062,D,,,,
459,0,ALKYL/15-17/ /OXYETHYLENE/ /19-23/ALCHOL /CETOMACROGOL 1000/,1.0 EOM NA CL,UNK,5.8 X10-3 D,HD,FOTOMTR SPCTR CHNG I2,ELWO,60027,G,L,0.0058,D,,,,
459,0,ALKYL/15-17/ /OXYETHYLENE/ /19-23/ALCHOL /CETOMACROGOL 1000/,1.5 0 M NA CL,UNK,4.7 X10-3 D,HD,FOTOMTR SPCTR CHNG I2,ELWO,60027,G,L,0.0047,D,,,,
459,0,ALKYL/15-17/ /OXYETHYLENE/ /19-23/ALCHOL /CETOMACROGOL 1000/,2.0 0 M NA CL,UNK,3.5 X10-3 D,HD,FOTOMTR SPCTR CHNG I2,ELWO,60027,G,L,0.0035,D,,,,
459,0,ALKYL/15-17/ /OXYETHYLENE/ /19-23/ALCHOL /CETOMACROGOL 1000/,2.5 E 0 M NA CL,UNK,3. X10-3 D,HE,FOTOMTR SPCTR CHNG I2,ELWO,60027,T,L,0.003,D,,,,
460,356.5,DODECYL TROPYLIUM MONOPHOSPHATE,8.5 E 1 H H3 P04,25,1.0 X10-3 M,BD,SURFACE TENSION LOG PLOT,ABUH MYSE,65019,T,L,0.001,M,,,,
461,118.2,BUTYL/OXYETHYLENE/1 ALCOHOL--BUTYL GLYCOL ETHER HOMOGENEOUS HEAD GROUP,,25,9.8 X10-1 M,CC,REFRACTIVE INDEX,DONB JACO,66019,T,L,0.98,M,,,,
461,118.2,BUTYL/OXYETHYLENE/1 ALCOHOL--BUTYL GLYCOL ETHER HOMOGENEOUS HEAD GROUP,,UNK,8.8 X10-1 M,CC,SURFACE TENSION LOG PLOT,DONB JACO,66019,T,L,0.88,M,,,,
462,376.4,SODIUM MONOLAURIN SULFATE,,25,5.2 X10-3 M,CC,SPECFC CONDCTNCE GRAPH,BISW MUKH,60028,T,L,0.0052,M,,,,
462,376.4,SODIUM MONOLAURIN SULFATE,,UNK,2.6 X10-3 M,CG,VISUAL SPCTR CHNGE RHD6,BISW MUKH,60028,T,L,0.0026,M,,,,
462,376.4,SODIUM MONOLAURIN SULFATE,4. E-3 M NA CL,25,3.4 X10-3 M,CC,SPECFC CONDCTNCE GRAPH,BISW MUKH,60028,T,L,0.0034,M,,,,
462,376.4,SODIUM MONOLAURIN SULFATE,1. E-2 M NA CL,25,1.6 X10-3 M,CC,SPECFC CONDCTNCE GRAPH,BISW MUKH,60028,T,L,0.0016,M,,,,
462,376.4,SODIUM MONOLAURIN SULFATE,2. E-2 M NA CL,25,1.03 X10-3 M,CD,SPECFC CONDCTNCE GRAPH,BISW MUKH,60028,T,L,0.00103,M,,,,
462,376.4,SODIUM MONOLAURIN SULFATE,3. E-2 M NA CL,25,6.025X10-3 M,CE,SPECFC CONDCTNCE GRAPH,BISW MUKH,60028,T,L,0.006025,M,,,,
462,376.4,SODIUM MONOLAURIN SULFATE,4. E-3 M NA CL,UNK,1.75 X10-3 M,CG,VISUAL SPCTR CHNGE RHD6,BISW MUKH,60028,T,L,0.00175,M,,,,
462,376.4,SODIUM MONOLAURIN SULFATE,1. E-2 M NA CL,UNK,1.3 X10-3 M,CG,VISUAL SPCTR CHNGE RHD6,BISW MUKH,60028,T,L,0.0013,M,,,,
462,376.4,SODIUM MONOLAURIN SULFATE,2. E-2 M NA CL,UNK,9. X10-4 M,CG,VISUAL SPCTR CHNGE RHD6,BISW MUKH,60028,T,L,0.0009,M,,,,
462,376.4,SODIUM MONOLAURIN SULFATE,3. E-2 M NA CL,UNK,6.3 X10-4 M,CG,VISUAL SPCTR CHNGE RHD6,BISW MUKH,60028,T,L,0.00063,M,,,,
462,376.4,SODIUM MONOLAURIN SULFATE,4. E-2 M NA CL,UNK,4.5 X10-4 M,CG,VISUAL SPCTR CHNGE RHD6,BISW MUKH,60028,T,L,0.00045,M,,,,
463,705,NONYL BENZENE/OXYETHYLENE/11 ALCOHOL NATURAL DISTRIBUTION OF HEAD GROUPS,,28,2.47 X10-5 M,HD,SURFACE TENSION LOG PLOT,MANK,66021,T,L,0.0000247,M,,,,
464,881.3,NONYL BENZENE/OXYETHYLENE/15 ALCOHOL NATURAL DISTRIBUTION OF HEAD GROUPS,,21.2,3.10 X10-5 M,HD,SURFACE TENSION LOG PLOT,MANK,66021,T,L,0.000031,M,,,,
464,881.3,NONYL BENZENE/OXYETHYLENE/15 ALCOHOL NATURAL DISTRIBUTION OF HEAD GROUPS,,25,2.85 X10-5 M,HD,SURFACE TENSION LOG PLOT,MANK,66021,T,L,0.0000285,M,,,,
464,881.3,NONYL BENZENE/OXYETHYLENE/15 ALCOHOL NATURAL DISTRIBUTION OF HEAD GROUPS,,28,2.71 X10-5 M,HD,SURFACE TENSION LOG PLOT,MANK,66021,T,L,0.0000271,M,,,,
464,881.3,NONYL BENZENE/OXYETHYLENE/15 ALCOHOL NATURAL DISTRIBUTION OF HEAD GROUPS,,33.5,2.69 X10-5 M,HD,SURFACE TENSION LOG PLOT,MANK,66021,T,L,0.0000269,M,,,,
464,881.3,NONYL BENZENE/OXYETHYLENE/15 ALCOHOL NATURAL DISTRIBUTION OF HEAD GROUPS,,41.5,2.36 X10-5 M,HD,SURFACE TENSION LOG PLOT,MANK,66021,T,Li,0.0000236,M,,,,
464,881.3,NONYL BENZENE/OXYETHYLENE/15 ALCOHOL NATURAL DISTRIBUTION OF HEAD GROUPS,,45,2.27 X10-5 M,HD,SURFACE TENSION LOG PLOT,MANK,66021,T,L,0.0000227,M,,,,
465,596.9,TRIDECYL/OXYETHYLENE/9 ALCOHOL NATURAL DISTRIBUTION OF HEAD GROUPS,,28,1.49 X10-5 M,HD,SURFACE TENSION LOG PLOT,MANK,66021,T,L,0.0000149,M,,,,
466,596.9,TRIDECYL/SECONDARY/ /OXYETHYLENE/9 ALCOHOL NATURAL DISTRIBUTION OF HEAD GROUPS,,28,5.15 X10-5 M,HD,SURFACE TENSION LOG PLOT,MANK,66021,T,L,0.0000515,M,,,,
467,729.1,TRIDECYL/SECONDARY//OXYETHYLENE/12 ALCOHOL NATURAL DISTRIBUTION OF HEAD GROUPS,,28,8.67 X10-5 M,HD,SURFACE TENSION LOG PLOT,MANK,66021,T,L,0.0000867,M,,,,
468,459.6,DODECYL/OXYETHYLENE/6.2 ALCOHOL NATURAL DISTRIBUTION OF HEAD GROUPS,,30,8 X10-5 M,ED,FOTOMTR SOLUBLZTN YLOB,TOKI,64024,T,L,0.00008,M,,,,
469,521.2,DODECYL/OXYETHYLENE/7.6 ALCOHOL NATURAL DISTRIBUTION OF HEAD GROUPS,,30,9. X10-5 M,ED,FOTOMTR SOLUBLZTN YLOB,TOKI,64024,T,L,0.00009,M,,,,
469,521.2,DODECYL/OXYETHYLENE/7.6 ALCOHOL NATURAL DISTRIBUTION OF HEAD GROUPS,,30,2.6 X10-4 M,EE,SURFACE TENSION LOG PLOT,TOKI,64024,T,L,0.00026,M,,,,
470,653.4,DODECYL/OXYETHYLENE/10.6 ALCOHOL NATURAL DISTRIBUTION OF HEAD GROUPS,,30,1.2 X10-4 M,ED,FOTOMTR SOLUBLZTN SDN 4,TOKI,64024,T,L,0.00012,M,,,,
471,882.5,DODECYL/OXYETHYLENE/15.8 ALCOHOL NATURAL DISTRIBUTION OF HEAD GROUPS,,30,1.8 X10-4 M,ED,FOTOMTR SOLUBLZTN YLOB,TOKI,64024,T,L,0.00018,M,,,,
471,882.5,DODECYL/OXYETHYLENE/15.8 ALCOHOL NATURAL DISTRIBUTION OF HEAD GROUPS,,30,2.8 X10-4 M,EE,SURFACE TENSION LOG PLOT,TOKI,64024,T,L,0.00028,M,,,,
472,1085.2,DODECYL/OXYETHYLENE/20.4 ALCOHOL NATURAL DISTRIBUTION OF HEAD GROUPS,,30,2.1 X10-4 M,EC,FOTOMTR SOLUBLZTN SDN 4,TOKI,64024,T,L,0.00021,M,,,,
473,1380.4,DODECYL/OXYETHYLENE/27.1 ALCOHOL NATURAL DISTRIBUTION OF HEAD GROUPS,,30,2.5 X10-4 M,EC,FOTOMTR SOLUBLZTN SDN 4,TOKI,64024,T,L,0.00025,M,,,,
473,1380.4,DODECYL/OXYETHYLENE/27.1 ALCOHOL NATURAL DISTRIBUTION OF HEAD GROUPS,,30,3.8 X10-4 M,EE,SURFACE TENSION LOG PLOT,TOKI,64024,T,L,0.00038,M,,,,
474,1887.1,DODECYL/OXYETHYLENE/38.6 ALCOHOL NATURAL DISTRIBUTION OF HEAD GROUPS,,30,3.6 X10-4 M,EC,FOTOMTR SOLUBLZTN SDN 4,TOKI,64024,T,L,0.00036,M,,,,
474,1887.1,DODECYL/OXYETHYLENE/38.6 ALCOHOL NATURAL DISTRIBUTION OF HEAD GROUPS,,30,5.0 X10-4 M,EE,SURFACE TENSION LOG PLOT,TOKI,64024,T,L,0.0005,M,,,,
475,3151.6,DODECYL/OXYETHYLENE/67.3 ALCOHOL NATURAL DISTRIBUTION OF HEAD GROUPS,,30,5.7 X10-4 M,EC,FOTOMTR SOLUBLZTN SDN 4,TOKI,64024,T,L,0.00057,M,,,,
476,166.2,SODIUM OCTANOATE,,20,7. X10-2 M,XG,VISCOSITY MINIMUM,SATA TYUZ,53006,T,L,0.07,M,,,,
476,166.2,SODIUM OCTANOATE,,20,3.6 X10-1 M,DE,VISCOSITY,HESS PHIL,39009,T,L,0.36,M,,,,
476,166.2,SODIUM OCTANOATE,,25,3.40 X10-1 M,DB,SPECFC CONDCTNCE GRAPH,CAMP LAKS,65024,T,L,0.34,M,,,,
476,166.2,SODIUM OCTANOATE,,25,3.51 X10-1 M,DB,SURFACE TENSION LOG PLOT,CAMP LAKS,65024,T,L,0.351,M,,,,
476,166.2,SODIUM OCTANOATE,,35,3.60 X10-1 M,DB,SPECFC CONDCTNCE GRAPH,CAMP LAKS,65024,T,L,0.36,M,,,,
476,166.2,SODIUM OCTANOATE,,50,3.85 X10-1 M,DB,SURFACE TENSION LOG PLOT,CAMP LAKS,65024,T,L,0.385,M,,,,
477,392.6,OCTADECYL TRIMETHYLAMMONIUM BROMIDE,,23,3.0 X10-4 M,HG,STREAMING CURRENT,CARD,66011,T,L,0.0003,M,,,,
478,378.6,HEXADECYL DIMETHYLETHYLAMMONIUM BROMIDE,,23,4.8 X10-3 M,GH,STREAMING CURRENT,CARD,66011,T,L,0.0048,M,,,,
479,403.4,TETRADECYL PYRIDINIUM IODIDE,,28,7.9 X10-4 M,BC,KRAFFT POINT SOLUBILITY,ADDI FURM,56019,T,L,0.00079,M,,,,
479,403.4,TETRADECYL PYRIDINIUM IODIDE,,40,1.2 X10-3 M,BD,INTERFACIAL TNSN UNSPEC,ADDI FURM,56019,T,L,0.0012,M,,,,
480,431.5,HEXADECYL PYRIDINIUM IODIDE,,35,3.1 X10-4 M,BC,KRAFFT POINT SOLUBILITY,ADDI FURM,56019,T,L,0.00031,M,,,,
480,431.5,HEXADECYL PYRIDINIUM IODIDE,,50,4.4 X10-4 M,BC,INTERFACIAL TNSN UNSPEC,ADDI FURM,56019,T,L,0.00044,M,,,,
481,459.6,OCTADECYL PYRIDINIUM IODIDE,,45.5,1.3 X10-4 M,BD,KRAFFT POINT SOLUBILITY,ADDI FURM,56019,T,L,0.00013,M,,,,
482,248.4,DODECYL AMMONIUM NITRATE,,30,9.9 X10-3 M,BC,EQUIV CONDCTNCE GRAPH,RALS EGGE,49008,K,3,0.0099,M,,,,
482,248.4,DODECYL AMMONIUM NITRATE,2. E-2 N ACETIC ACID,30,9.9 X10-3 M,BC,EQUIV CONDCTNCE GRAPH,RALS EGGE,49008,K,L,0.0099,M,,,,
482,248.4,DODECYL AMMONIUM NITRATE,2. E-2 N H CL,30,7.1 X10-3 M,BC,EQUIV CONDCTNCE GRAPH,RALS EGGE,49008,K,L,0.0071,M,,,,
482,248.4,DODECYL AMMONIUM NITRATE,2. E-2 N NA ACETATE,30,6.9 X10-3 M,BC,EQUIV CONDCTNCE GRAPH,RALS EGGE,49008,K,L,0.0069,M,,,,
482,248.4,DODECYL AMMONIUM NITRATE,2. E-2 N NA CL,30,6.9 X10-3 M,BC,EQUIV CONDCTNCE GRAPH,RALS EGGE,49008,K,L,0.0069,M,,,,
483,306,DIOCTYL DIMETHYL AMMONIUM CHLORIDE,,30,2.83 X10-2 M,BB,EQUIV CONDCTNCE GRAPH,RALS EGGE,48014,K,3,0.0283,M,,,,
484,124.1,SODIUM PENTANOATE/VALERATE/,,20,2.35 X10 0 M,DD,X-RAY DIFFRACTION,HESS PHIL,39009,T,L,2.35,M,,,,
485,138.2,SODIUM HEXANOATE/CAPROATE/,,20,1.57 X10 0 M,DE,VISCOSITY,HESS PHIL,39009,T,L,1.57,M,,,,
485,138.2,SODIUM HEXANOATE/CAPROATE/,1.1 E 1 PH OF SOLUTION,5,6.60 X10-1 M,BC,SPECFC CONDCTNCE GRAPH,MARK TSIK,64051,T,L,0.66,M,,,,
485,138.2,SODIUM HEXANOATE/CAPROATE/,1.1 E 1 PH OF SOLUTION,20,7.30 X10-1 M,BC,SPECFC CONDCTNCE GRAPH,MARK TSIK,64051,T,L,0.73,M,,,,
485,138.2,SODIUM HEXANOATE/CAPROATE/,1.1 E 1 PH OF SOLUTION,60,8.90 X10-1 M,BC,SPECFC CONDCTNCE GRAPH,MARK TSIK,64051,T,L,0.89,M,,,,
485,138.2,SODIUM HEXANOATE/CAPROATE/,1.1 E 1 PH OF SOLUTION,90,1.11 X10 0 M,BC,SPECFC CONDCTNCE GRAPH,MARK TSIK,64051,T,L,1.11,M,,,,
486,152.2,SODIUM HEPTANOATE,,20,9.5 X10-1 M,DE,VISCOSITY,HESS PHIL,39009,T,L,0.95,M,,,,
487,180.2,SODIUM NONANOATE,,20,2.4 X10-1 M,XG,VISCOSITY MINIMUM,SATA TYUZ,53006,T,L,0.24,M,,,,
487,180.2,SODIUM NONANOATE,,20,2.2 X10-1 M,DE,VISCOSITY,HESS PHIL,39009,T,L,0.22,M,,,,
487,180.2,SODIUM NONANOATE,1.1 E 1 PH OF SOLUTION,20,1.59 X10-1 M,BC,SPECFC CONDCTNCE GRAPH,MARK TSIK,64051,T,L,0.159,M,,,,
487,180.2,SODIUM NONANOATE,1.1 E 1 PH OF SOLUTION,60,1.82 X10-1 M,BC,SPECFC CONDCTNCE GRAPH,MARK TSIK,64051,T,L,0.182,M,,,,
487,180.2,SODIUM NONANOATE,1.1 E 1 PH OF SOLUTION,90,2.04 X10-1 M,BC,SPECFC CONDCTNCE GRAPH,MARK TSIK,64051,T,L,0.204,M,,,,
488,494.8,DODECYL/OXYETHYLENE/7 ALCOHOL HOMOGENEOUS HEAD GROUP,,23,7.1 X10-5 M,PE,FOTOMTR SPCTR CHNG I2,LANG,60012,T,L,0.000071,M,,,,
488,494.8,DODECYL/OXYETHYLENE/7 ALCOHOL HOMOGENEOUS HEAD GROUP,,23,8.0 X10-5 M,PB,SURFACE TENSION LOG PLOT,LANG,60012,T,L,0.00008,M,,,,
489,582.9,DODECYL/OXYETHYLENE/9 ALCOHOL HOMOGENEOUS HEAD GROUP,,23,8.3 X10-5 M,PE,FOTOMTR SPCTR CHNG I2,LANG,60012,T,L,0.000083,M,,,,
489,582.9,DODECYL/OXYETHYLENE/9 ALCOHOL HOMOGENEOUS HEAD GROUP,,23,1.0 X10-4 M,PC,SURFACE TENSION LOG PLOT,LANG,60012,T,L,0.0001,M,,,,
490,715.1,DODECYL/OXYETHYLENE/12 ALCOHOL HOMOGENEOUS HEAD GROUP,,23,1.4 X10-4 M,PC,SURFACE TENSION LOG PLOT,LANG,60012,T,L,0.00014,M,,,,
490,715.1,DODECYL/OXYETHYLENE/12 ALCOHOL HOMOGENEOUS HEAD GROUP,,23,1.08 X10-4 M,PE,FOTOMTR SPCTR CHNG I2,LANG,60012,T,L,0.000108,M,,,,
491,356.5,DODECYL TROPYLIUM BISULFATE,6.0 E1H H2 S04,25,1.0 X10-3 M,BD,SURFACE TENSION LOG PLOT,ABUH MYSE,65019,T,L,0.001,M,,,,
491,356.5,DODECYL TROPYLIUM BISULFATE,7.8 E1H H2 S04,25,2.2 X10-3 M,BC,SURFACE TENSION LOG PLOT,ABUH MYSE,65019,T,3,0.0022,M,,,,
491,356.5,DODECYL TROPYLIUM BISULFATE,9.6 E1H H2 S04,25,1.25 X10-2 M,BC,SURFACE TENSION LOG PLOT,ABUH MYSE,65019,T,3,0.0125,M,,,,
491,356.5,DODECYL TROPYLIUM BISULFATE,9.6 E 1 H H2 S04 9. E-1 M NA2 S04,25,5.4 X10-3 M,BC,SURFACE TENSION LOG PLOT,ABUH MYSE,65019,T,3,0.0054,M,,,,
492,348.5,SODIUM TETRAPROPYLENE/1-3-5-7-TETRAMETHYL-OCTY) BENZENE SULFONATE,,75,3.14 X10-3 M,BG,VISUAL SPCTR CHNGE RHD6,GRIE,55028,T,L,0.00314,M,,,,
492,348.5,SODIUM TETRAPROPYLENE/1-3-5-7-TETRAMETHYL-OCTY) BENZENE SULFONATE,2. E-1 M NA CL,20,3.0 X10-4 M,CC,SURFACE TENSION LOG PLOT,HARR,59001,K,L,0.0003,M,,,,
493,306.4,SODIUM P-NONYL BENZENE SULFONATE,,20,4.6 X10-3 M,BB,SURFACE TENSION LOG PLOT,HARR,59001,L,3,0.0046,M,,,,
494,0,POTASSIUM DILINOLEATE,,25.8,2.5 X10-4 M,HG,FOTOMTR SPCTR CHNGE PNCN,CORR KLEV,46010,T,L,0.00025,M,,,,
494,0,POTASSIUM DILINOLEATE,,25.8,3.0 X10-4 M,HC,SPECFC CONDCTNCE GRAPH,CORR KLEV,46010,T,L,0.0003,M,,,,
495,524.7,SUCROSE MONOLAURATE,,20,1.85 X10-4 M,BE,INTERFACIAL TENSION LOGM,WACH HAYA,62023,T,L,0.000185,M,,,,
495,524.7,SUCROSE MONOLAURATE,,20,1.3 X10-4 M,BE,SURFACE TENSION LOG PLOT,WACH HAYA,62023,T,L,0.00013,M,,,,
495,524.7,SUCROSE MONOLAURATE,,27.1,6.4 X10-6 M,CD,SURFACE TENSION LOG PLOT,0SIP SNEL,57024,T,L,0.0000064,M,,,,
495,524.7,SUCROSE MONOLAURATE,,27.1,3.4 X10-4 M,CD,SURFACE TENSION LOG PLOT,0SIP SNEL,57024,T,L,0.00034,M,,,,
496,608.9,SUCROSE MONOSTEARATE,,50,1.1 X10-5 M,BE,SURFACE TENSION LOG PLOT,WACH HAYA,62023,TL,L,0.000011,M,,,,
497,552.7,SUCROSE MONOMYRISTATE,,20,2.58 X10-5 M,BE,INTERFACIAL TENSION LOGM,WACH HAYA,62023,T,L,0.0000258,M,,,,
498,580.8,SUCROSE MONOPALMITATE,,50,5.5 X10-5 M,BE,SURFACE TENSION LOG PLOT,WACH HAYA,62023,TL,L,0.000055,M,,,,
499,819.3,SUCROSE DI-PALMITATE,,,,,QUESTIONABLE CRITERION,WACH HAYA,62023,,R,,,,,,
500,354,DODECYL TRI/2-HYDROXYETHYL/AMMONIUM CHLORIDE,,30,1.38 X10-2 M,BB,EQUIV CONDCTNCE GRAPH,RALS EGGE,49009,K,3,0.0138,M,,,,
501,264.3,SODIUM HEXYL BENZENE SULFONATE,,75,3.71 X10-2 M,BG,VISUAL SPCTR CHNGE RHD6,GRIE,55028,T,L,0.0371,M,,,,
501,264.3,SODIUM HEXYL BENZENE SULFONATE,,UNK,1.61 X10 0 D 6.091X10-2 M,XG,VISUAL SPCTR CHNGE PNCN,DEMC,61031,T M,L,1.61,D,0.06091,M,,
502,278.3,SODIUM HEPTYL BENZENE SULFONATE,,75,2.09 X10-2 M,BG,VISUAL SPCTR CHNGE RHD6,GRIE,55028,T,L,0.0209,M,,,,
502,278.3,SODIUM HEPTYL BENZENE SULFONATE,,UNK,5.98 X10-1 D 2.148X10-2 M,XG,VISUAL SPCTR CHNGE PNCN,DEMC,61031,T M,L,0.598,D,0.02148,M,,
503,292.3,SODIUM OCTYL BENZENE SULFONATE,,75,1.06 X10-2 M,BG,VISUAL SPCTR CHNGE RHD6,GRIE,55028,TA,L,0.0106,M,,,,
503,292.3,SODIUM OCTYL BENZENE SULFONATE,,UNK,3.2 X10-1 D 1.09 X10-2 M,XG,VISUAL SPCTR CHNGE PNCN,DEMC,61031,T M,L,0.32,D,0.0109,M,,
504,306.4,SODTUM NONYL BENZENE SULFONATE,,75,6.50 X10-3 M,BG,VISUAL SPCTR CHNGE RHD6,GRIE,55028,T,L,0.0065,M,,,,
505,320.4,SODIUM DECYL BENZENE SULFONATE,,75,3.70 X10-3 M,BG,VISUAL SPCTR CHNGE RHD6,GRIE,55028,T,L,0.0037,M,,,,
505,320.4,SODIUM DECYL BENZENE SULFONATE,,UNK,1.2 X10-1 D 3.74 X10-3 M,XG,VISUAL SPCTR CHNGE PNCN,DEMC,61031,T M,L,0.12,D,0.00374,M,,
506,348.5,SODIUM DODECYL BENZENE SULFONATE,,75,1.19 X10-3 M,BG,VISUAL SPCTR CHNGE RHD6,GRIE,55028,T,L,0.00119,M,,,,
506,348.5,SODIUM DODECYL BENZENE SULFONATE,,UNK,4.1 X10-2 D 1.17 X10-3 M,XG,VISUAL SPCTR CHNGE PNCN,DEMC,61031,T M,L,0.041,D,0.00117,M,,
507,376.5,SODIUM TETRADECYL BENZENE SULFONATE,,75,6.6 X10-4 M,BG,VISUAL SPCTR.CHNGE RHD6,GRIE,55028,T,L,0.00066,M,,,,
507,376.5,SODIUM TETRADECYL BENZENE SULFONATE,,UNK,2.5 X10-2 D 6.64 X10-4 M,XG,VISUAL SPCTR CHNGE PNCN,DEMC,61031,T M,L,0.025,D,0.000664,M,,
508,404.6,SODIUM HEXADECYL BENZENE SULFONATE,,75,5.35 X10-4 M,BG,VISUAL SPCTR CHNGE RHD6,GRIE,55028,T,L,0.000535,M,,,,
508,404.6,SODIUM HEXADECYL BENZENE SULFONATE,,UNK,1.6 X10-2 D 3.95 X10-4 M,XG,VISUAL SPCTR CHNGE PNCN,DEMC,61031,T M,L,0.016,D,0.000395,M,,
509,432.6,SODTUM OCTADECYL BENZENE SULFONATE,,75,6.38 X10-4 M,BG,VISUAL SPCTR CHNGE RHD6,GRIE,55028,T,L,0.000638,M,,,,
509,432.6,SODTUM OCTADECYL BENZENE SULFONATE,,UNK,1.0 X10-2 D 2.31 X10-4 M,XG,VISUAL SPCTR CHNGE PNCN,DEMC,61031,T M,L,0.01,D,0.000231,M,,
510,292.3,SODIUM 2-ETHYL-HEXYL BENZENE SULFONATE,,75,2.54 X10-2 M,BG,VISUAL SPCTR CHNGE RHD6,GRIE,55028,T,L,0.0254,M,,,,
511,320.4,SODIUM 2-PROPYL-HEPTYL BENZENE SULFONATE,,75,8.48 X10-3 M,BG,VISUAL SPCTR CHNGE RHD6,GRIE,55028,T,L,0.00848,M,,,,
512,348.5,SODIUM 2-BUTYL-OCTYL BENZENE SULFONATE,,75,3.20 X10-3 M,BG,VISUAL SPCTR CHNGE RHD6,GRIE,55028,T,L,0.0032,M,,,,
513,376.5,SODIUM 2-AMYL-NONYL BENZENE SULFONATE,,75,3.32 X10-3 M,BG,VISUAL SPCTR CHNGE RHD6,GRIE,55028,T,L,0.00332,M,,,,
514,348.5,SODIUM 6-N-DODECYL BENZENE SULFONATE,,75,3.12 X10-3 M,BG,VISUAL SPCTR CHNGE RHD6,GRIE,55028,T,L,0.00312,M,,,,
515,306.5,IS0-OCTYL/OXYETHYLENE/4 ALCOHOL BRANCHED CHAIN NATURAL 0E DISTRIBUTION,,25,5.00 X10-1 P,HD,SURFACE TENSION LOG PLOT,KOMO BEIS,66022,T,L,0.5,P,,,,
516,320.5,"NONYL/OXYETHYLENE/4 ALCOHOL BRANCHED CHAIN, NATURAL 0E DISTRIBUTION",,25,3.45 X10-1 P,HD,SURFACE TENSION LOG PLOT,KOMO BEIS,66022,T,L,0.345,P,,,,
517,598.9,DECYL/OXO-PROCESS/ /OXYETHYLENE/10 ALCOHOL BRANCHED CHAIN NATURAL 0E DISTRIBUTION,,25,1.30 X10-1 P,HD,SURFACE TENSION LOG PLOT,KOMO BEIS,66022,T,L,0.13,P,,,,
518,450.7,"TRIMETHYLNONYL/OXYETHYLENE/6 ALCOHOL BRANCHED CHAIN, NATURAL 0E DISTRIBUTION",,25,8.4 X10-2 P,HD,SURFACE TENSION LOG PLOT,KOMO BEIS,66022,T,L,0.084,P,,,,
519,334.6,DECYL/OX0-PROCESS/ /OXYETHYLENE/4 ALCOHOL BRANCHED CHAIN NATURAL 0E DISTRIBUTION,,25,6.6 X10-2 P,HD,SURFACE TENSION LOG PLOT,KOMO BEIS,66022,T,L,0.066,P,,,,
520,524.8,UNDECYL/OXYETHYLENE/8 ALCOHOL NATURAL DISTRIBUTION OF HEAD GROUPS,,25,2.3 X10-2 P,HD,SURFACE TENSION LOG PLOT,KOMO BEIS,66022,T,L,0.023,P,,,,
521,641,"TRIDECYL/OXYETHYLENE/10 ALCOHOL BRANCHED CHAIN, NATURAL 0E DISTRIBUTION",,25,9.4 X10-3 P,HD,SURFACE TENSION LOG PLOT,KOMO BEIS,66022,T,L,0.0094,P,,,,
522,727.9,DECYL BENZENE ORTHO/OXYETHYLENE/11.2 ALCOHOL NATURAL DISTRIBUTION OF HEAD GROUPS,,25,2.15 X10-3 P,HD,SURFACE TENSION LOG PLOT,KOMO BEIS,66022,T,L,0.00215,P,,,,
523,719.1,DECYL BENZENE PARA/OXYETHYLENE/11.0 ALCOHOL NATURAL DISTRIBUTION OF HEAD GROUPS,,25,1.4 X10-3 P,HD,SURFACE TENSION LOG PLOT,KOMO BEIS,66022,T,L,0.0014,P,,,,
524,859.3,HEXADECYL/OXYETHYLENE/14 ALCOHOL BRANCHED CHAIN NATURAL 0E DISTRIBUTION,,25,1.3 X10-3 P,HD,SURFACE TENSION LOG PLOT,KOMO BEIS,66022,T,L,0.0013,P,,,,
525,316.4,SODIUM TETRADECYL 6-SULFATE,,60,9.80 X10-3 M,CB,UNSPECIFIED CONDUCTANCE,WINS,48008,L,3,0.0098,M,,,,
525,316.4,SODIUM TETRADECYL 6-SULFATE,,RM,1.23 X10-2 M,CG,VISUAL SPCTR CHNGE PNCN,WINS,48008,T,L,0.0123,M,,,,
526,316.4,SODIUM 2-DI-N-HEXYL ETHYL SULFATE,,RM,8.38 X10-3 M,CG,VISUAL SPCTR CHNGE PNCN,WINS,48008,T,L,0.00838,M,,,,
527,222.3,SODIUM UNDECANE-3-CARBOXYLATE,,RM,7.8 X10-2 M,CG,VISUAL SPCTR CHNGE PNCN,WINS,48008,T,L,0.078,M,,,,
528,358.9,DODECYL TROPYLIUM PERCHLORATE,7.0 E 1 H H CL04,25,8.6 X10-4 M,BC,SURFACE TENSION LOG PLOT,ABUH MYSE,65019,T,3,0.00086,M,,,,
529,144.2,OCTANOIC ACID,,UNK,8. X10-3 M,XG,SURFACE TENSION UNSPEC,KLEV RAIS,54004,T,L,0.008,M,,,,
529,144.2,OCTANOIC ACID,8.5 E 1 H H2 S04,27,1.4 X10-1 M,CE,SURFACE TENSION LOG PLOT,STEI SHAN,65025,T,L,0.14,M,,,,
529,144.2,OCTANOIC ACID,E 0 PH OF SOLUTION,UNK,,,GRAPH DATA NOT RETRIEVED,KLEV RAIS,54004,,R,,,,,,
530,172.3,DECANOIC ACID,8.5 E 1 H H2 S04,27,2.4 X10-2 M,CE,SURFACE TENSION LOG PLOT,STEI SHAN,65025,T,L,0.024,M,,,,
531,200.4,DODECANOIC ACID,9.5 E 1 H H2 S04,27,5.7 X10-2 M,CD,SURFACE TENSION LOG PLOT,STEI SHAN,65025,T,L,0.057,M,,,,
531,200.4,DODECANOIC ACID,9.5 E 1 H H2 S04,UNK,1.2 X10 0 D 5.98 X10-2 M,CB,TURBIDITY PLT LITE SCATR,STEI SHAN,65025,C M,L,1.2,D,0.0598,M,,
531,200.4,DODECANOIC ACID,9.5 E 1 H H2 S04 5. E 0 M K H S04,27,5.5 X10-2 M,CD,SURFACE TENSION LOG PLOT,STEI SHAN,65025,T,L,0.055,M,,,,
532,228.4,TETRADECANOIC ACID,9.5 E 1 H H2 S04,27,1.3 X10-2 M,CD,SURFACE TENSION LOG PLOT,STEI SHAN,65025,T,L,0.013,M,,,,
533,256.5,HEXADECANOIC ACID,9.5 E 1 H H2 S04,27,2.8 X10-3 M,CD,SURFACE TENSION LOG PLOT,STEI SHAN,65025,T,L,0.0028,M,,,,
534,284.5,OCTADECANOIC ACID,9.5 E1H H2 S04,27,4.5 X10-4 M,CD,SURFACE TENSION LOG PLOT,STEI SHAN,65025,T,L,0.00045,M,,,,
534,284.5,OCTADECANOIC ACID,9.55 E 1 H H2 S04,27,6.3 X10-4 M,CD,SURFACE TENSION LOG PLOT,STEI SHAN,65025,T,L,0.00063,M,,,,
534,284.5,OCTADECANOIC ACID,9.62 E 1 H H2 S04,27,1.1 X10-3 M,CD,SURFACE TENSION LOG PLOT,STEI SHAN,65025,T,L,0.0011,M,,,,
534,284.5,OCTADECANOIC ACID,9.73 E 1 H H2 S04,27,1.9 X10-3 M,CD,SURFACE TENSION LOG PLOT,STEI SHAN,65025,T,L,0.0019,M,,,,
534,284.5,OCTADECANOIC ACID,9.5 E 1 H H2 S04,UNK,9.1 X10-3 D 3.19 X10-4 M,CD,TURBIDITY PLT LITE SCATR,STEI SHAN,65025,C M,L,0.0091,D,0.000319,M,,
534,284.5,OCTADECANOIC ACID,9.5 E 1 H H2 S04 5. E 0 M K H S04,27,2.8 X10-4 M,CD,SURFACE TENSION LOG PLOT,STEI SHAN,65025,T,L,0.00028,M,,,,
535,1035.6,HEXADECYL/OXYETHYLENE/18 ALCOHOL,,25,1.3 X10-5 M,ED,SURFACE TENSION LOG PLOT,SCHI,66025,L,L,0.000013,M,,,,
535,1035.6,HEXADECYL/OXYETHYLENE/18 ALCOHOL,0099,25,,,SEE CMPD NMBR IN ADDITV,SCHI,66025,,X,,,,,,
536,208.3,NONYL SULFONIC ACID,,25,4. X10-2 W,CE,EQUIV CONDCTNCE GRAPH,MCBA DYE,39011,T,L,0.04,W,,,,
537,236.4,UNDECYL SULFONIC ACID,,25,1.5 X10-2 W,CD,EQUIV CONDCTNCE GRAPH,MCBA DYE,39011,T,L,0.015,W,,,,
538,0,PLURONIC L62,,UNK,2.40 X10 0 D,HC,FOTOMTR SPCTR CHNG I2,ROSS OLIV,59020,T,L,2.4,D,,,,
539,0,RENEX 698,,UNK,4.7 X10-3 D,HC,FOTOMTR SPCTR CHNG I2,ROSS OLIV,59020,T,L,0.0047,D,,,,
540,0,SIPONIO BC,,UNK,1.1 X10-2 D,HD,FOTOMTR SPCTR CHNG I2,ROSS OLIV,59020,T,L,0.011,D,,,,
540,0,SIPONIO BC,,UNK,1.20 X10-2 D,HC,SURFACE TENSION LOG PLOT,ROSS OLIV,59020,T,L,0.012,D,,,,
541,332.4,SODIUM DODECYL MONO-OXYETHYLENE SULFATE,,50,4.78 X10-3 M,CD,SURFACE TENSION UNSPEC,GOTT,60018,G,L,0.00478,M,,,,
542,376.5,SODIUM DODECYL DIOXYETHYLENE SULFATE,,50,3.00 X10-3 M,CD,SURFACE TENSION UNSPEC,GOTT,60018,G,L,0.003,M,,,,
543,464.6,SODIUM DODECYL TETRA-0XYETHYLENE SULFATE,,50,1.26 X10-3 M,CD,SURFACE TENSION UNSPEC,GOTT,60018,G,L,0.00126,M,,,,
544,360.5,SODIUM TETRADECYL MONO-OXYETHYLENE SULFATE,,50,1.39 X10-3 M,CD,SURFACE TENSION UNSPEC,GOTT,60018,G,L,0.00139,M,,,,
545,404.5,SODIUM TETRADECYL DI-0XYETHYLENE SULFATE,,50,1.00 X10-3 M,CD,SURFACE TENSION UNSPEC,GOTT,60018,G,L,0.001,M,,,,
546,448.6,SODIUM TETRADECYL TRI-0XYETHYLENE SULFATE,,50,6.92 X10-4 M,CD,SURFACE TENSION UNSPEC,GOTT,60018,G,L,0.000692,M,,,,
547,414.6,SODIUM OLEYL MONO-OXYETHYLENE SULFATE,,50,2.00 X10-3 M,CD,SURFACE TENSION UNSPEC,GOTT,60018,G,L,0.002,M,,,,
548,458.6,SODIUM OLEYL DI-0XYETHYLENE SULFATE,,50,1.77 X10-3 M,CD,SURFACE TENSION UNSPEC,GOTT,60018,G,L,0.00177,M,,,,
549,502.7,SODIUM OLEYL TRI-0XYETHYLENE SULFATE,,50,1.19 X10-3 M,CD,SURFACE TENSION UNSPEC,GOTT,60018,G,L,0.00119,M,,,,
550,0,LAURIC ACID DIETHANOLAMINE CONDENSATE,,UNK,4.0 X10-5 M,CE,FOTOMTR SPCTR CHNG I2,MALI CHAN,66023,T,L,0.00004,M,,,,
550,0,LAURIC ACID DIETHANOLAMINE CONDENSATE,E 0 K CL,25,3.98 X10-5 M,CG,POLAROGRAPHIC MAXIMUM,MALI CHAN,66023,T,L,0.0000398,M,,,,
550,0,LAURIC ACID DIETHANOLAMINE CONDENSATE,E 0 K I,25,2.50 X10-5 M,CG,POLAROGRAPHIC MAXIMUM,MALI CHAN,66023,T,L,0.000025,M,,,,
550,0,LAURIC ACID DIETHANOLAMINE CONDENSATE,E 0 K N03,25,1.00 X10-5 M,CG,POLAROGRAPHIC MAXIMUM,MALI CHAN,66023,T,L,0.00001,M,,,,
551,440.6,PHENYL SULFOSTEARIC ACID,,UNK,8.0 X10-5 M,CE,FOTOMTR SPCTR CHNG I2,MALI CHAN,66023,T,L,0.00008,M,,,,
551,440.6,PHENYL SULFOSTEARIC ACID,E 0 K CL,25,8.20 X10-5 M,CG,POLAROGRAPHIC MAXIMUM,MALI CHAN,66023,T,L,0.000082,M,,,,
551,440.6,PHENYL SULFOSTEARIC ACID,E 0 KI,25,1.21 X10-4 M,CG,POLAROGRAPHIC MAXIMUM,MALI CHAN,66023,T,L,0.000121,M,,,,
551,440.6,PHENYL SULFOSTEARIC ACID,E 0 K NO3,25,9.80 X10-5 M,CG,POLAROGRAPHIC MAXIMUM,MALI CHAN,66023,T,L,0.000098,M,,,,
552,454.7,TOLYL SULFOSTEARIC ACID,,UNK,1.00 X10-4 M,CE,FOTOMTR SPCTR CHNG I2,MALI CHAN,66023,T,L,0.0001,M,,,,
552,454.7,TOLYL SULFOSTEARIC ACID,E 0 K CL,25,4.898X10-4 M,CG,POLAROGRAPHIC MAXIMUM,MALI CHAN,66023,T,L,0.0004898,M,,,,
552,454.7,TOLYL SULFOSTEARIC ACID,E 0 K I,25,7.94 X10-5 M,CG,POLAROGRAPHIC MAXIMUM,MALI CHAN,66023,T,L,0.0000794,M,,,,
552,454.7,TOLYL SULFOSTEARIC ACID,E 0 K N03,25,2.19 X10-5,CG,POLAROGRAPHIC MAXIMUM,MALI CHAN,66023,T,L,,,,,,
553,468.7,XYLYL SULFOSTEARIC ACID,,UNK,1.20 X10-4 M,CE,FOTOMTR SPCTR CHNG I2,MALI CHAN,66023,T,L,0.00012,M,,,,
553,468.7,XYLYL SULFOSTEARIC ACID,E 0 K CL,25,3.631X10-4 M,CG,POLAROGRAPHIC MAXIMUM,MALI CHAN,66023,T,L,0.0003631,M,,,,
553,468.7,XYLYL SULFOSTEARIC ACID,E 0 K I,25,5.37 X10-5 M,CG,POLAROGRAPHIC MAXIMUM,MALI CHAN,66023,T,L,0.0000537,M,,,,
553,468.7,XYLYL SULFOSTEARIC ACID,E 0 K N03,25,1.29 X10-5 M,CG,POLAROGRAPHIC MAXIMUM,MALI CHAN,66023,T,L,0.0000129,M,,,,
554,348.5,SANTOMERSE 3 /SODIUM DODECYL BENZENE SULFONATE/,,,,,QUESTIONABLE CRITERION,BROW ROBI,52013,,R,,,,,,
554,348.5,SANTOMERSE 3 /SODIUM DODECYL BENZENE SULFONATE/,,30,5. X10-3 W,HE,VAPR PRESURE LOWERING,HUFF MCBA,51004,T,L,0.005,W,,,,
554,348.5,SANTOMERSE 3 /SODIUM DODECYL BENZENE SULFONATE/,,50,6.5 X10-3 W,HD,VAPR PRESURE LOWERING,HUFF MCBA,51004,T,L,0.0065,W,,,,
555,0,TERGITOL TMN,,,,,QUESTIONABLE CRITERION,BROW ROBI,52013,,R,,,,,,
556,328.3,ARESKAP 100 /MONOBUTYL PHENYLPHENOL SODIUM MONOSULFONATE/,,30,1.4 X10-2 W,HD,VAPR PRESURE LOWERING,HUFF MCBA,51004,T,L,0.014,W,,,,
557,312.3,ARESKET 300 /MONOBUTYL BIPHENYL SODIUM MONOSULFONATE/,,30,2.2 X10-2 W,HD,VAPR PRESURE LOWERING,HUFF MCBA,51004,T,L,0.022,W,,,,
558,486.4,ARESKLENE 400 /DIBUTYL PHENYLPHENOL DISODIUMDISULFONATE,,30,1.7 X10-2 W,HD,VAPR PRESURE LOWERING,HUFF MCBA,51004,T,L,0.017,W,,,,
559,0,"CATOL 605 /(N-(2-KET0-2-(2,-LAUROYL OXYETHYLAMINO) ETHYL) TRIMETHYLAMMONIUM CHLORIDE/",,30,5.5 X10-3 W,HD,VAPR PRESURE LOWERING,HUFF MCBA,51004,T,L,0.0055,W,,,,
560,0,"EMULSOL 607L N-(2-KET0-2-(2,-LAUROYLOXETHYL AMINO) ETHYL) PYRIDINIUM CHLORIDE",,0,5. X10-3 W,HE,VAPR PRESURE LOWERING,HUFF MCBA,51004,T,L,0.005,W,,,,
560,0,"EMULSOL 607L N-(2-KET0-2-(2,-LAUROYLOXETHYL AMINO) ETHYL) PYRIDINIUM CHLORIDE",,30,6. X10-3 W,HE,VAPR PRESURE LOWERING,HUFF MCBA,51004,T,L,0.006,W,,,,
560,0,"EMULSOL 607L N-(2-KET0-2-(2,-LAUROYLOXETHYL AMINO) ETHYL) PYRIDINIUM CHLORIDE",,50,8. X10-3 W,HE,VAPR PRESURE LOWERING,HUFF MCBA,51004,T,L,0.008,W,,,,
561,320.4,SANTOMERSE D /SODIUM DECYLBENZENE SULFONATE/,,30,2.1 X10-2 W,HD,VAPR PRESURE LOWERING,HUFF MCBA,51004,T,L,0.021,W,,,,
561,320.4,SANTOMERSE D /SODIUM DECYLBENZENE SULFONATE/,,50,1.1 X10-2 W,HD,VAPR PRESURE LOWERING,HUFF MCBA,51004,T,L,0.011,W,,,,
562,286.3,SODIUM DODECENYL SULFATE,,50,1.6 X10-2 W,CD,VAPR PRESURE LOWERING,HUFF MCBA,51004,T,L,0.016,W,,,,
563,0,ZEPHIRAN /COCONUT DIMETHYLBENZYL AMMONIUM CHLORIDE/,,30,3. X10-3 W,HE,VAPR PRESURE LOWERING,HUFF MCBA,51004,T,L,0.003,W,,,,
563,0,ZEPHIRAN /COCONUT DIMETHYLBENZYL AMMONIUM CHLORIDE/,,50,5. X10-3 W,HE,VAPR PRESURE LOWERING,HUFF MCBA,51004,T,L,0.005,W,,,,
564,0,NA 0SR,,50,2.3 X10-3 M,HC,SPECFC CONDCTNCE GRAPH,MARO ELDE,54006,T,L,0.0023,M,,,,
565,0,DAXAD 11,,50,8.0 X10-2 D,HC,SPECFC CONDCTNCE GRAPH,MARO ELDE,54006,T,L,0.08,D,,,,
566,0,AQUAREX D,,50,3.0 X10-1 D,HC,SPECFC CONDCTNCE GRAPH,MARO ELDE,54006,T,L,0.3,D,,,,
567,0,SA-178,,50,1.9 X10-1 D,HC,SPECFC CONDCTNCE GRAPH,MARO ELDE,54006,T,L,0.19,D,,,,
568,555.1,MAGNESIUM DODECYL SULFATE,,25,8.8 X10-4 M,BB,SURFACE TENSION LOG PLOT,MIYA,60029,T,L,0.00088,M,,,,
568,555.1,MAGNESIUM DODECYL SULFATE,,30,1.25 X10-3 M,BB,UNSPECIFIED CONDUCTANCE,SATA IWAM,63034,T,3,0.00125,M,,,,
568,555.1,MAGNESIUM DODECYL SULFATE,,40,1.1 X10-3 M,BC,SURFACE TENSION LOG PLOT,MIYA,60029,T,L,0.0011,M,,,,
568,555.1,MAGNESIUM DODECYL SULFATE,,40,1.0 X10-3 M,BG,VISUAL SPCTR CHNGE PNCN,MIYA,60029,T,L,0.001,M,,,,
568,555.1,MAGNESIUM DODECYL SULFATE,,40,1.1 X10-3 M,BG,VISUAL SPCTR CHNGE RHD6,MIYA,60029,T,L,0.0011,M,,,,
568,555.1,MAGNESIUM DODECYL SULFATE,,54,1.1 X10-3 M,BC,SURFACE TENSION LOG PLOT,MIYA,60029,T,L,0.0011,M,,,,
568,555.1,MAGNESIUM DODECYL SULFATE,1. E-1 M MG S04,30,3. X10-4 M,BE,SURFACE TENSION LOG PLOT,SATA IWAM,63034,T,L,0.0003,M,,,,
569,618.4,STRONTIUM DODECYL SULFATE,,67,1.1 X10-3 M,BC,SURFACE TENSION LOG PLOT,MIYA,60029,T,L,0.0011,M,,,,
570,737.9,LEAD DODECYL SULFATE,,54,1.0 X10-3 M,BC,SURFACE TENSION LOG PLOT,MIYA,60029,T,L,0.001,M,,,,
570,737.9,LEAD DODECYL SULFATE,,67,9.8 X10-4 M,BB,SURFACE TENSION LOG PLOT,MIYA,60029,T,L,0.00098,M,,,,
571,585.7,MANGANESE DODECYL SULFATE,,25,1.1 X10-3 M,BC,SURFACE TENSION LOG PLOT,MIYA,60029,T,L,0.0011,M,,,,
571,585.7,MANGANESE DODECYL SULFATE,,40,1.1 X10-3 M,BC,SURFACE TENSION LOG PLOT,MIYA,60029,T,L,0.0011,M,,,,
571,585.7,MANGANESE DODECYL SULFATE,,40,1.1 X10-3 M,BG,VISUAL SPCTR CHNGE RHD6,MIYA,60029,T,L,0.0011,M,,,,
571,585.7,MANGANESE DODECYL SULFATE,,40,1.2 X10-3 M,BG,VISUAL SPCTR CHNGE PNCN,", MIYA",60029,T,L,0.0012,M,,,,
571,585.7,MANGANESE DODECYL SULFATE,,54,1.1 X10-3 M,BC,SURFACE TENSION LOG PLOT,MIYA,60029,T,L,0.0011,M,,,,
572,589.7,COBALTOUS DODECYL SULFATE,,30,1.23 X10-3 M,BB,UNSPECIFIED CONDUCTANCE,SATA IWAM,63034,T,3,0.00123,M,,,,
572,589.7,COBALTOUS DODECYL SULFATE,,40,1.3 X10-3 M,BG,VISUAL SPCTR CHNGE RHD6,MIYA,60029,T,L,0.0013,M,,,,
572,589.7,COBALTOUS DODECYL SULFATE,,40,1.0 X10-3 M,BG,VISUAL SPCTR CHNGE PNCN,MIYA,60029,T,L,0.001,M,,,,
572,589.7,COBALTOUS DODECYL SULFATE,1. E-1 M CO S04,30,3. X10-4 M,BE,SURFACE TENSION LOG PLOT,SATA IWAM,63034,T,L,0.0003,M,,,,
573,594.3,CUPRIC DODECYL SULFATE,,30,1.20 X10-3 M,BB,UNSPECIFIED CONDUCTANCE,SATA IWAM,63034,T,3,0.0012,M,,,,
573,594.3,CUPRIC DODECYL SULFATE,,40,1.3 X10-3 M,BG,VISUAL SPCTR CHNGE RHD6,MIYA,60029,T,L,0.0013,M,,,,
573,594.3,CUPRIC DODECYL SULFATE,,40,1.2 X10-3 M,BG,VISUAL SPCTR CHNGE PNCN,MIYA,60029,T,L,0.0012,M,,,,
573,594.3,CUPRIC DODECYL SULFATE,E 0 CU S04,,,,GRAPH DATA NOT RETRIEVED,SATA IWAM,63034,,R,,,,,,
573,594.3,CUPRIC DODECYL SULFATE,1. E-1 M CU S04,30,3. X10-4 M,BE,SURFACE TENSION LOG PLOT,SATA IWAM,63034,T,L,0.0003,M,,,,
573,594.3,CUPRIC DODECYL SULFATE,E 0 NA2 S04,,,,GRAPH DATA NOT RETRIEVED,SATA IWAM,63034,,R,,,,,,
574,596.1,ZINC DODECYL SULFATE,,40,1.1 X10-3 M,BG,VISUAL SPCTR CHNGE RHD6,MIYA,60029,T,L,0.0011,M,,,,
574,596.1,ZINC DODECYL SULFATE,,40,1.1 X10-3 M,BG,VISUAL SPCTR CHNGE PNCN,MIYA,60029,T,L,0.0011,M,,,,
575,589.5,NICKEL DODECYL SULFATE,,30,1.24 X10-3 M,BB,UNSPECIFIED CONDUCTANCE,SATA IWAM,63034,T,3,0.00124,M,,,,
575,589.5,NICKEL DODECYL SULFATE,,30,1.1 X10-3 M,BE,METHOD NOT CITED,SATA IWAM,63034,T,L,0.0011,M,,,,
575,589.5,NICKEL DODECYL SULFATE,1. E-1 M NI S04,30,3. X10-4 M,BE,SURFACE TENSION LOG PLOT,SATA IWAM,63034,T,L,0.0003,M,,,,
576,650.4,CUPRIC TETRADECYL SULFATE,,47,2.5 X10-4 M,BD,SURFACE TENSION LOG PLOT,SATA IWAM,63034,T,L,0.00025,M,,,,
577,706.5,CUPRIC HEXADECYL SULFATE,,47,5.8 X10-5 M,BC,SURFACE TENSION LOG PLOT,SATA IWAM,63034,T,L,0.000058,M,,,,
578,710.6,METHYL /OXYETHYLENE/ 11.9 DECANDATE REDUCED POLYDISPERSITY OF HEAD GROUPS,,27,1.8 X10-3 M,ED,FOTOMTR SOLUBLZTN SDN 4,NAKA KURI,57020,T,L,0.0018,M,,,,
578,710.6,METHYL /OXYETHYLENE/ 11.9 DECANDATE REDUCED POLYDISPERSITY OF HEAD GROUPS,,27,1.40 X10-3 M,EG,FOTOMTR SPCTR CHNGE PNCN,NAKA KURI,57020,T,L,0.0014,M,,,,
578,710.6,METHYL /OXYETHYLENE/ 11.9 DECANDATE REDUCED POLYDISPERSITY OF HEAD GROUPS,,27,1.45 X10-3 M,EG,FOTOMTR SPCTR CHNG ERTS,NAKA KURI,57020,T,L,0.00145,M,,,,
578,710.6,METHYL /OXYETHYLENE/ 11.9 DECANDATE REDUCED POLYDISPERSITY OF HEAD GROUPS,,27,1.4 X10-3 M,EG,FOTOMTR SPCTR CHNGE PNCN,NAKA,58017,T,L,0.0014,M,,,,
578,710.6,METHYL /OXYETHYLENE/ 11.9 DECANDATE REDUCED POLYDISPERSITY OF HEAD GROUPS,1. E1C 0579,27,1.1 X10-3 M,EG,FOTOMTR SPCTR CHNGE PNCN,NAKA,58017,T,L,0.0011,M,,,,
578,710.6,METHYL /OXYETHYLENE/ 11.9 DECANDATE REDUCED POLYDISPERSITY OF HEAD GROUPS,"2,2 E1C 0579",27,8.5 X10-4 M,EG,FOTOMTR SPCTR CHNGE PNCN,NAKA,58017,T,L,0.00085,M,,,,
578,710.6,METHYL /OXYETHYLENE/ 11.9 DECANDATE REDUCED POLYDISPERSITY OF HEAD GROUPS,3. E1C 0579,27,7.0 X10-4 M,EG,FOTOMTR SPCTR CHNGE PNCN,NAKA,58017,T,L,0.0007,M,,,,
578,710.6,METHYL /OXYETHYLENE/ 11.9 DECANDATE REDUCED POLYDISPERSITY OF HEAD GROUPS,4. E1C 0579,27,5.4 X10-4 M,EG,FOTOMTR SPCTR CHNGE PNCN,NAKA,58017,T,L,0.00054,M,,,,
578,710.6,METHYL /OXYETHYLENE/ 11.9 DECANDATE REDUCED POLYDISPERSITY OF HEAD GROUPS,6. E1C 0579,27,4.4 X10-4 M,EG,FOTOMTR SPCTR CHNGE PNCN,NAKA,58017,T,L,0.00044,M,,,,
578,710.6,METHYL /OXYETHYLENE/ 11.9 DECANDATE REDUCED POLYDISPERSITY OF HEAD GROUPS,7. E 1 C 0579,27,3.8 X10-4 M,EG,FOTOMTR SPCTR CHNGE PNCN,NAKA,58017,T,L,0.00038,M,,,,
579,765.1,METHYL /OXYETHYLENE/ 12.5 DODECANOATE REDUCED POLYDISPERSITY OF HEAD GROUPS,,27,3.5 X10-4 M,EG,FOTOMTR SPCTR CHNGE PNCN,NAKA KURI,57020,T,L,0.00035,M,,,,
579,765.1,METHYL /OXYETHYLENE/ 12.5 DODECANOATE REDUCED POLYDISPERSITY OF HEAD GROUPS,,27,3.4 X10-4 M,EG,FOTOMTR SPCTR CHNG ERTS,NAKA KURI,57020,T,L,0.00034,M,,,,
579,765.1,METHYL /OXYETHYLENE/ 12.5 DODECANOATE REDUCED POLYDISPERSITY OF HEAD GROUPS,,27,2.8 X10-4-1,ED,FOTOMTR SOLUBLZTN SDN 4,NAKA KURI,57020,T,L,,,,,,
579,765.1,METHYL /OXYETHYLENE/ 12.5 DODECANOATE REDUCED POLYDISPERSITY OF HEAD GROUPS,,27,3.4 X10-4 M,EG,FOTOMTR SPCTR CHNGE PNCN,NAKA,58017,T,L,0.00034,M,,,,
579,765.1,METHYL /OXYETHYLENE/ 12.5 DODECANOATE REDUCED POLYDISPERSITY OF HEAD GROUPS,0578,,,,SEE CMPD NMBR IN ADDITV,NAKA,58017,,X,,,,,,
580,494.7,METHYL /OXYETHYLENE/ 7.0 DECANOATE REDUCED POLYDISPERSITY OF HEAD GROUPS,,27,1.0 X10-3 M,ED,FOTOMTR SOLUBLZTN SDN 4,NAKA KURI,57020,T,L,0.001,M,,,,
580,494.7,METHYL /OXYETHYLENE/ 7.0 DECANOATE REDUCED POLYDISPERSITY OF HEAD GROUPS,,27,8.0 X10-4 M,EG,FOTOMTR SPCTR CHNGE PNCN,NAKA KURI,57020,T,L,0.0008,M,,,,
580,494.7,METHYL /OXYETHYLENE/ 7.0 DECANOATE REDUCED POLYDISPERSITY OF HEAD GROUPS,,27,9.5 X10-4 M,EG,FOTOMTR SPCTR CHNG ERTS,NAKA KURI,57020,T,L,0.00095,M,,,,
581,640.1,METHYL /OXYETHYLENE/ 10.3 DECANOATE REDUCED POLYDISPERSITY OF HEAD GROUPS,,27,1.4 X10-3 M,ED,FOTOMTR SOLUBLZTN SDN 4,NAKA KURI,57020,T,L,0.0014,M,,,,
581,640.1,METHYL /OXYETHYLENE/ 10.3 DECANOATE REDUCED POLYDISPERSITY OF HEAD GROUPS,,27,1.05 X10-3 M,EG,FOTOMTR SPCTR CHNGE PNCN,NAKA KURI,57020,T,L,0.00105,M,,,,
581,640.1,METHYL /OXYETHYLENE/ 10.3 DECANOATE REDUCED POLYDISPERSITY OF HEAD GROUPS,,27,1.15 X10-3 M,EG,FOTOMTR SPCTR CHNG ERTS,NAKA KURI,57020,T,L,0.00115,M,,,,
582,891.3,METHYL /OXYETHYLENE/ 16.0 DECANOATE NATURAL DISTRIBUTION OF HEAD GROUPS,,27,1.6 X10-3 M,GG,FOTOMTR SPCTR CHNGE PNCN,NAKA KURI,57020,T,L,0.0016,M,,,,
583,478.7,METHYL /OXYETHYLENE/ 6.0 DODECANOATE REDUCED POLYDISPERSITY OF HEAD GROUPS,,27,1.6 X10-4 M,ED,FOTOMTR SOLUBLZTN SDN 4,NAKA KURI,57020,T,L,0.00016,M,,,,
583,478.7,METHYL /OXYETHYLENE/ 6.0 DODECANOATE REDUCED POLYDISPERSITY OF HEAD GROUPS,,27,1.5 X10-4 M,EG,FOTOMTR SPCTR CHNGE PNCN,NAKA KURI,57020,T,L,0.00015,M,,,,
583,478.7,METHYL /OXYETHYLENE/ 6.0 DODECANOATE REDUCED POLYDISPERSITY OF HEAD GROUPS,,27,2.0 X10-4 M,EG,FOTOMTR SPCTR CHNG ERTS,NAKA KURI,57020,T,L,0.0002,M,,,,
584,584.5,METHYL /OXYETHYLENE/ 8.4 DODECANOATE REDUCED POLYDISPERSITY OF HEAD GROUPS,,27,2.0 X10-4 M,ED,FOTOMTR SOLUBLZTN SDN 4,NAKA KURI,57020,T,L,0.0002,M,,,,
584,584.5,METHYL /OXYETHYLENE/ 8.4 DODECANOATE REDUCED POLYDISPERSITY OF HEAD GROUPS,,27,2.7 X10-4 M,EG,FOTOMTR SPCTR CHNGE PNCN,NAKA KURI,57020,T,L,0.00027,M,,,,
584,584.5,METHYL /OXYETHYLENE/ 8.4 DODECANOATE REDUCED POLYDISPERSITY OF HEAD GROUPS,,27,2.7 X10-4 M,EG,FOTOMTR SPCTR CHNG ERTS,NAKA KURI,57020,T,L,0.00027,M,,,,
585,707.9,METHYL /OXYETHYLENE/ 11.2 DODECANOATE REDUCED POLYDISPERSITY OF HEAD GROUPS,,27,2.5 X10-4 M,ED,FOTOMTR SOLUBLZTN SDN 4,NAKA KURI,57020,T,L,0.00025,M,,,,
585,707.9,METHYL /OXYETHYLENE/ 11.2 DODECANOATE REDUCED POLYDISPERSITY OF HEAD GROUPS,,27,3.2 X10-4 M,EG,FOTOMTR SPCTR CHNGE PNCN,NAKA KURI,57020,T,L,0.00032,M,,,,
585,707.9,METHYL /OXYETHYLENE/ 11.2 DODECANOATE REDUCED POLYDISPERSITY OF HEAD GROUPS,,27,3.1 X10-4 M,EG,FOTOMTR SPCTR CHNG ERTS,NAKA KURI,57020,T,L,0.00031,M,,,,
586,493.1,METHYL /OXYETHYLENE/ 7.6 OCTANOATE REDUCED POLYDISPERSITY OF HEAD GROUPS,,10,2.00 X10-2 M,ED,FOTOMTR SOLUBLZTN SDN 4,NAKA INOU,58028,T,L,0.02,M,,,,
586,493.1,METHYL /OXYETHYLENE/ 7.6 OCTANOATE REDUCED POLYDISPERSITY OF HEAD GROUPS,,11,1.25 X10-2 M,EG,FOTOMTR SPCTR CHNGE PNCN,NAKA INOU,58028,T,L,0.0125,M,,,,
586,493.1,METHYL /OXYETHYLENE/ 7.6 OCTANOATE REDUCED POLYDISPERSITY OF HEAD GROUPS,,25,9.8 X10-3 M,EG,FOTOMTR SPCTR CHNGE PNCN,NAKA INOU,58028,T,L,0.0098,M,,,,
586,493.1,METHYL /OXYETHYLENE/ 7.6 OCTANOATE REDUCED POLYDISPERSITY OF HEAD GROUPS,,25,1.48 X10-2 M,ED,FOTOMTR SOLUBLZTN SDN 4,NAKA INOU,58028,T,L,0.0148,M,,,,
586,493.1,METHYL /OXYETHYLENE/ 7.6 OCTANOATE REDUCED POLYDISPERSITY OF HEAD GROUPS,,40,8.2 X10-3 M,EG,FOTOMTR SPCTR CHNGE PNCN,NAKA INOU,58028,T,L,0.0082,M,,,,
586,493.1,METHYL /OXYETHYLENE/ 7.6 OCTANOATE REDUCED POLYDISPERSITY OF HEAD GROUPS,,40,1.28 X10-2 M,ED,FOTOMTR SOLUBLZTN SDN 4,NAKA INOU,58028,T,L,0.0128,M,,,,
586,493.1,METHYL /OXYETHYLENE/ 7.6 OCTANOATE REDUCED POLYDISPERSITY OF HEAD GROUPS,,43,7.8 X10-3 M,EG,FOTOMTR SPCTR CHNGE PNCN,NAKA INOU,58028,T,L,0.0078,M,,,,
586,493.1,METHYL /OXYETHYLENE/ 7.6 OCTANOATE REDUCED POLYDISPERSITY OF HEAD GROUPS,,43,1.20 X10-2 M,ED,FOTOMTR SOLUBLZTN SDN 4,NAKA INOU,58028,T,L,0.012,M,,,,
587,307.5,DECYL IDIMETHYLAMMONIOPROPANE SULFONATE,,30,1.20 X10 0 D 3.902X10-2 M,BB,TURBIDITY PLT LITE SCATR,HERR,66013,T M,3,1.2,D,0.03902,M,,
587,307.5,DECYL IDIMETHYLAMMONIOPROPANE SULFONATE,,30,1.1 X10 0 P 3.57 X10-2 S,BD,DENSITY,BENJ,66040,T M,L,1.1,P,0.0357,S,,
588,335.6,DODECYL DIMETHYLAMMONIOPROPANE SULFONATE,,30,1.2 X10-1 D 3.57 X10-3 M,BC,TURBIDITY PLT LITE SCATR,HERR,66013,T M,3,0.12,D,0.00357,M,,
588,335.6,DODECYL DIMETHYLAMMONIOPROPANE SULFONATE,,30,1.2 X10-1 P 3.57 X10-3 S,BD,DENSITY,BENJ,66040,T M,L,0.12,P,0.00357,S,,
588,335.6,DODECYL DIMETHYLAMMONIOPROPANE SULFONATE,2. E-1 M NA CL,30,1.0 X10-1 D 2.97 X10-3 M,BC,METHOD NOT CITED,HERR,66013,G M,3,0.1,D,0.00297,M,,
588,335.6,DODECYL DIMETHYLAMMONIOPROPANE SULFONATE,1. 0 M NA CL,30,5.8 X10-2 D 1.72 X10-3 M,BC,METHOD NOT CITED,HERR,66013,G M,3,0.058,D,0.00172,M,,
589,391.7,HEXADECYLDIMETHYLAMMONIOPROPANE SULFONATE,,30,2.4 X10-3 D 6.12 X10-5 M,BD,TURBIDITY PLT LITE SCATR,HERR,66013,T M,L,0.0024,D,0.0000612,M,,
589,391.7,HEXADECYLDIMETHYLAMMONIOPROPANE SULFONATE,,30,1.2 X10-3 D 3.06 X10-5 M,BD,SURFACE TENSION LOG PLOT,HERR,66013,T M,L,0.0012,D,0.0000306,M,,
590,299.6,DODECYL DIMETHYLAMMONIOPROPANE CARBOXYLATE,,30,1.6 X10-1 D 5.34 X10-3 M,BC,TURBIDITY PLT LITE SCATR,HERR,66013,T M,3,0.16,D,0.00534,M,,
591,352.5,DODECYL DIMETHYLPHOSPHONIOPROPANE SULFONATE,,30,8.5 X10-2 D 2.41 X10-3 M,BC,TURBIDITY PLT LITE SCATR,HERR,66013,T M,3,0.085,D,0.00241,M,,
592,299.6,DODECYL N-DIETHYL N-BETAINE,,30,8.4 X10-2 D 2.80 X10-3 M,XC,METHOD NOT CITED,HERR,66013,T M,L,0.084,D,0.0028,M,,
593,351.6,DIMETHYL DODECYLAMMONIOPROPANE HYDROXY SULFONATE,,30,7.0 X10-2 D 1.99 X10-3 M,BC,METHOD NOT CITED,HERR,66013,T M,3,0.07,D,0.00199,M,,
594,391.7,DODECYL DIPROPYL AMMONIOPROPANE SULFONATE,,30,7.0 X10-2 D 1.78 X10-3 M,BC,METHOD NOT CITED,HERR,66013,T M,3,0.07,D,0.00178,M,,
595,351.6,DODECYL DIMETHYL AMMONIOPROPANE SULFATE,2. E-1 M NA P-TOLUENE-S03,30,2.0 X10-2 D 5.68 X10-4 M,BC,METHOD NOT CITED,HERR,66013,T M,L,0.02,D,0.000568,M,,
596,353.6,TETRAHYDROANACARDOL AMMONIUM MONOSULFONATE,,50,8. X10-3 D 2.2 X10-4 M,XG,VELOCITY OF SOUND,KUPP SURY,65028,T M,L,0.008,D,0.00022,M,,
597,346.5,SODIUM DODECYL MONO-0XYPROPYL SULFATE,,UNK,2.69 X10-3 M,CG,VISUAL SPCTR CHNGE PNCN,WEIL STIR,66003,T,L,0.00269,M,,,,
598,374.5,SODIUM TETRADECYL MONO-OXYPROPYL SULFATE,,UNK,5.8 X10-4 M,CG,VISUAL SPCTR CHNGE PNCN,WEIL STIR,66003,T,L,0.00058,M,,,,
599,432.6,SODIUM TETRADECYL DI-0XYPROPYL SULFATE,,UNK,3.6 X10-4 M,CG,VISUAL SPCTR CHNGE PNCN,WEIL STIR,66003,T,L,0.00036,M,,,,
600,402.6,SODIUM HEXADECYL MONO-0XYPROPYL SULFATE,,UNK,1.6 X10-4 M,CG,VISUAL SPCTR CHNGE PNCN,WEIL STIR,66003,T,L,0.00016,M,,,,
601,430.6,SODIUM OCTADECYL MONO-0XYPROPYL SULFATE,,UNK,7. X10-5 M,CG,VISUAL SPCTR CHNGE PNCN,WEIL STIR,66003,T,L,0.00007,M,,,,
602,280.4,ALPHA SULFO LAURIC ACID,,UNK,1.30 X10-2 M,CG,VISUAL SPCTR CHNGE PNCN,MAUR STIR,64002,L,L,0.013,M,,,,
603,344.4,SODIUM PROPYL ALPHA SULFO LAURATE,,UNK,5.3 X10-3 M,CG,VISUAL SPCTR CHNGE PNCN,MAUR STIR,64002,T,L,0.0053,M,,,,
604,344.4,SODIUM METHYL ALPHA SULFO MYRISTATE,,UNK,2.8 X10-3 M,CG,VISUAL SPCTR CHNGE PNCN,MAUR STIR,64002,T,L,0.0028,M,,,,
605,330.4,SODIUM AMYL ALPHAPHOSPHONO PELARGONATE,,UNK,1.82 X10-2 M,CG,VISUAL SPCTR CHNGE PNCN,MAUR STIR,64002,T,L,0.0182,M,,,,
606,344.4,SODIUM AMYL ALPHAPHOSPHONO CAPRATE,,UNK,9.0 X10-3 M,CG,VISUAL SPCTR CHNGE PNCN,MAUR STIR,64002,T,L,0.009,M,,,,
607,344.4,SODIUM ISOPROPYL ALPHAPHOSPHONO LAURATE,,UNK,6.68 X10-3 M,CG,VISUAL SPCTR CHNGE PNCN,MAUR STIR,64002,T,L,0.00668,M,,,,
608,344.4,SODIUM METHYL ALPHAPHOSPHONO MYRISTATE,,UNK,7.26 X10-3 M,CG,VISUAL SPCTR CHNGE PNCN,MAUR STIR,64002,T,L,0.00726,M,,,,
609,400.5,SODIUM ISOPROPYL ALPHAPHOSPHONO PALMITATE,,UNK,3.2 X10-4 M,CG,VISUAL SPCTR CHNGE PNCN,MAUR STIR,64002,T,L,0.00032,M,,,,
610,400.5,SODIUM METHYL ALPHAPHOSPHONO STEARATE,,UNK,2.9 X10-4 M,CG,VISUAL SPCTR CHNGE PNCN,MAUR STIR,64002,T,L,0.00029,M,,,,
611,238.2,ALPHAPHOSPHONO PELARGONIC ACID,,UNK,3.02 X10-2 M,CB,SURFACE TENSION UNSPEC,MAUR STIR,64002,LT,L,0.0302,M,,,,
612,252.3,ALPHAPHOSPHONO DECANOIO ACID,,UNK,1.35 X10-2 M,CB,SURFACE TENSION UNSPEC,MAUR STIR,64002,LT,L,0.0135,M,,,,
613,280.3,ALPHAPHOSPHONO DODECANOIO ACID,,UNK,2.5 X10-3 M,CC,SURFACE TENSION UNSPEC,MAUR STIR,64002,LT,L,0.0025,M,,,,
614,308.4,ALPHAPHOSPHONO TETRADECANOIO ACID,,UNK,5.8 X10-4 M,CB,SURFACE TENSION UNSPEC,MAUR STIR,64002,LT,L,0.00058,M,,,,
615,336.5,ALPHAPHOSPHONO HEXADECANOIO ACID,,UNK,8.9 X10-5 M,CB,SURFACE TENSION UNSPEC,MAUR STIR,64002,LT,L,0.000089,M,,,,
616,274.3,MONOSODIUM ALPHAPHOSPHONO DECANOATE,,UNK,4.89 X10-2 M,CG,VISUAL SPCTR CHNGE PNCN,MAUR STIR,64002,L,L,0.0489,M,,,,
617,302.3,MONOSODIUM ALPHAPHOSPHONO DODECANOATE,,UNK,1.10 X10-2 M,CG,VISUAL SPCTR CHNGE PNCN,MAUR STIR,64002,L,L,0.011,M,,,,
618,330.4,MONOSODIUM ALPHAPHOSPHONO TETRADECANOATE,,UNK,2.50 X10-3 M,CG,VISUAL SPCTR CHNGE PNCN,MAUR STIR,64002,L,L,0.0025,M,,,,
619,358.4,MONOSODIUM ALPHAPHOSPHONO HEXADECANOATE,,UNK,5.2 X10-4 M,CG,VISUAL SPCTR CHNGE PNCN,MAUR STIR,64002,L,L,0.00052,M,,,,
620,324.3,DISODIUM ALPHAPHOSPHONO DODECANOATE,,UNK,3.06 X10-2 M,CG,VISUAL SPCTR CHNGE PNCN,MAUR STIR,64002,L,L,0.0306,M,,,,
621,352.4,DISODIUM ALPHAPHOSPHONO TETRADECANOATE,,UNK,1.46 X10-2 M,CG,VISUAL SPCTR CHNGE PNCN,MAUR STIR,64002,L,L,0.0146,M,,,,
622,380.4,DISODIUM ALPHAPHOSPHONO HEXADECANOATE,,UNK,6.7 X10-3 M,CG,VISUAL SPCTR CHNGE PNCN,MAUR STIR,64002,L,L,0.0067,M,,,,
623,408.5,DISODIUM ALPHAPHOSPHONO OCTADECANOATE,,UNK,2.9 X10-3 M,CG,VISUAL SPCTR CHNGE PNCN,MAUR STIR,64002,L,L,0.0029,M,,,,
624,374.3,TRISODIUM ALPHAPHOSPHONO TETRADECANOATE,,UNK,3.02 X10-2 M,CG,VISUAL SPCTR CHNGE PNCN,MAUR STIR,64002,L,L,0.0302,M,,,,
625,402.4,TRISODIUM ALPHAPHOSPHONO HEXADECANOATE,,UNK,1.62 X10-2 M,CG,VISUAL SPCTR CHNGE PNCN,MAUR STIR,64002,L,L,0.0162,M,,,,
626,430.5,TRISODIUM ALPHAPHOSPHONO OCTADECANOATE,,UNK,8.2 X10-3 M,CG,VISUAL SPCTR CHNGE PNCN,MAUR STIR,64002,L,L,0.0082,M,,,,
627,332.2,CESIUM DODECANOATE,,25,2.5 X10-2 M,XG,VISUAL SPCTR CHNGE,KLEV,53010,T,L,0.025,M,,,,
628,266.3,DODECYLAMMONIUM BROMIDE,,30,1.2 X10-2 M,XG,VISUAL SPCTR CHNGE,KLEV,53010,T,L,0.012,M,,,,
629,320.6,POTASSIUM ELAIDATE/TRANS-9-OCTADECENOATE/,,50,1.5 X10-3 M,XC,REFRACTIVE INDEX,KLEV,53010,T,L,0.0015,M,,,,
630,336.6,POTASSIUM RICINOLEATE/12 HYDROXY OLEATE/,,55,3.6 X10-3 M,XC,REFRACTIVE INDEX,KLEV,53010,T,L,0.0036,M,,,,
631,336.6,POTASSIUM RICINELAIDATE/12 HYDROXY ELAIDATE/,,55,5.5 X10-3 M,XB,REFRACTIVE INDEX,KLEV,53010,T,L,0.0055,M,,,,
632,295.6,POTASSIUM N-DODECYL BETA-ALANINATE,,35,2.6 X10-3 M,XC,REFRACTIVE INDEX,KLEV,53010,T,L,0.0026,M,,,,
632,295.6,POTASSIUM N-DODECYL BETA-ALANINATE,,50,3.0 X10-3 M,XC,REFRACTIVE INDEX,KLEV,53010,T,L,0.003,M,,,,
633,292.9,N-DODECYL BETA-ALANINE HYDROCHLORIDE,,30,1.0 X10-2 M,XC,REFRACTIVE INDEX,KLEV,53010,T,L,0.01,M,,,,
634,304.5,POTASSIUM DODECYL SULFATE,,40,7.8 X10-3 M,CB,SPECFC CONDCTNCE GRAPH,MEGU KOND,56020,T,3,0.0078,M,,,,
634,304.5,POTASSIUM DODECYL SULFATE,,50,5.2 X10-3 M,DG,VISUAL SPCTR CHNGE PNCN,RAIS,52016,T,L,0.0052,M,,,,
634,304.5,POTASSIUM DODECYL SULFATE,6.75 E-2 M NA CL,40,1.5 X10-3 M,CG,FOTOMTR SPCTR CHNGE RHD6,MEGU KOND,56020,T,L,0.0015,M,,,,
635,256.3,LITHIUM DODECYL SULFONATE,,50,1.00 X10-2 M,DG,VISUAL SPCTR CHNGE PNCN,RAIS,52016,T,L,0.01,M,,,,
636,304.4,SODIUM DODECYL THIOSULFATE,,50,3.0 X10-3 M,DG,VISUAL SPCTR CHNGE PNCN,RAIS,52016,T,L,0.003,M,,,,
637,300.4,LITHIUM TETRADECYL SULFATE,,50,1.64 X10-3 M,DG,VISUAL SPCTR CHNGE PNCN,RAIS,52016,T,L,0.00164,M,,,,
638,328.4,LITHIUM HEXADECYL SULFATE,,50,2.9 X10-4 M,DG,VISUAL SPCTR CHNGE PNCN,RAIS,52016,T,L,0.00029,M,,,,
639,290.3,SODIUM UNDECYL THIOSULFATE,,50,7.0 X10-3 M,DG,VISUAL SPCTR CHNGE PNCN,RAIS,52016,T,L,0.007,M,,,,
640,325.5,HEXYL TRIMETHYLAMMONIUM HEXANE SULFATE,,25,1.1 X10-1 M,BC,METHOD NOT CITED,CORK GOOD,66014,T,3,0.11,M,,,,
641,353.6,HEXYL TRIMETHYLAMMONIUM OCTANE SULFATE,1.00 E 2 I NA BR,25,2.7 X10-2 M,BC,METHOD NOT CITED,CORK GOOD,66014,T,3,0.027,M,,,,
642,409.7,OCTYL TRIMETHYLAMMONIUM DECANE SULFATE,,25,1.9 X10-3 M,BC,METHOD NOT CITED,CORK GOOD,66014,T,3,0.0019,M,,,,
643,437.8,DODECYL TRIMETHYLAMMONIUM OCTANE SULFATE,1.00 E 2 I NA BR,25,4.5 X10-4 M,BC,METHOD NOT CITED,CORK GOOD,66014,T,3,0.00045,M,,,,
644,309.5,HEXYL TRIMETHYLAMMONIUM HEXANE SULFONATE,,25,2.2 X10-1 M,BC,METHOD NOT CITED,CORK GOOD,66014,T,L,0.22,M,,,,
645,268.3,PARA/BETA-D-GLUCOSYL/ETHYLBENZENE,,25,5.0 X10-1 M,CE,SURFACE TENSION LOG PLOT,HUTC SHEA,64037,T,L,0.5,M,,,,
646,282.4,PARA/BETA-D-GLUCOSYL/PROPYL BENZENE,,25,1.3 X10-1 M,CC,SURFACE TENSION LOG PLOT,HUTC SHEA,64037,T,L,0.13,M,,,,
647,296.4,PARA/BETA-D-GLUCOSYL/BUTYLBENZENE,,25,5. X10-2 M,CD,SURFACE TENSION LOG PLOT,HUTC SHEA,64037,T,L,0.05,M,,,,
648,276.4,ALPHA-D-GLUCOSYL OCTANE,,25,7.9 X10-3 M,CC,SURFACE TENSION LOG PLOT,HUTC SHEA,64037,T,L,0.0079,M,,,,
648,276.4,ALPHA-D-GLUCOSYL OCTANE,,50,7.1 X10-3 M,CC,SURFACE TENSION LOG PLOT,HUTC SHEA,64037,T,L,0.0071,M,,,,
650,266.4,PARA/BETA-D-XYLosYL/BuTYL BENZENE,,25,6. X10-4 M,CD,SURFACE TENSION LOG PLOT,HUTC SHEA,64037,T,L,0.0006,M,,,,
651,0,EMASOL 1120 /ALKYL POLYOXYETHYLENE SORBITAN ESTER/,,25,1.1 X10-2 M,CC,SURFACE TENSION LOG PLOT,HUTC SHEA,64037,T,L,0.011,M,,,,
651,0,EMASOL 1120 /ALKYL POLYOXYETHYLENE SORBITAN ESTER/,,30,7.5 X10-1 D,HG,VISCOSITY MINIMUM,OKUY TYUZ,54008,T,L,0.75,D,,,,
652,0,EMASOL 1130 /ALKYL POLYOXYETHYLENE SORBITAN ESTER/,,30,5.0 X10-1 D,HG,VISCOSITY MINIMUM,OKUY TYUZ,54008,T,L,0.5,D,,,,
653,0,EMULGEN 120 /ALKYL POLYOXYETHYLENE ETHER/,,30,3.1 X10-1 D,HG,VISCOSITY MINIMUM,OKUY TYUZ,54008,T,L,0.31,D,,,,
654,374.7,OCTADECYL TRIMETHYLAMMONIUM NITRATE,,25,2.3 X10-4 M,BE,EQUIV CONDCTNCE GRAPH,GRIE KRAU,48010,T,L,0.00023,M,,,,
654,374.7,OCTADECYL TRIMETHYLAMMONIUM NITRATE,5.01 E 0 H METHANOL,25,1.76 X10-4 M,BA,EQUIV CONDCTNCE GRAPH,EVER KRAU,48028,P,2,0.000176,M,,,,
654,374.7,OCTADECYL TRIMETHYLAMMONIUM NITRATE,1.227E 1 H METHANOL,25,3.28 X10-4 M,BB,EQUIV CONDCTNCE GRAPH,EVER KRAU,48028,P,3,0.000328,M,,,,
654,374.7,OCTADECYL TRIMETHYLAMMONIUM NITRATE,1.508E 1 H METHANOL,25,4.37 X10-4 M,BB,EQUIV CONDCTNCE GRAPH,EVER KRAU,48028,P,3,0.000437,M,,,,
654,374.7,OCTADECYL TRIMETHYLAMMONIUM NITRATE,1.985E 1 H METHANOL,25,5.93 X10-4 M,BA,EQUIV CONDCTNCE GRAPH,EVER KRAU,48028,P,2,0.000593,M,,,,
654,374.7,OCTADECYL TRIMETHYLAMMONIUM NITRATE,2.589E 1 H METHANOL,25,1.10 X10-3 M,BA,EQUIV CONDCTNCE GRAPH,EVER KRAU,48028,P,2,0.0011,M,,,,
654,374.7,OCTADECYL TRIMETHYLAMMONIUM NITRATE,3.463E 1 H METHANOL,25,3.03 X10-3 M,BB,EQUIV CONDCTNCE GRAPH,EVER KRAU,48028,P,3,0.00303,M,,,,
655,368.1,OCTADECYL PYRIDINIUM CHLORIDE,,25,2.4 X10-4 M,BB,EQUIV CONDCTNCE GRAPH,GRIE KRAU,48010,T,L,0.00024,M,,,,
655,368.1,OCTADECYL PYRIDINIUM CHLORIDE,,25,2.40 X10-4 M,BB,EQUIV CONDCTNCE GRAPH,EVER KRAU,48028,P,3,0.00024,M,,,,
655,368.1,OCTADECYL PYRIDINIUM CHLORIDE,,25,2.54 X10-4 M,BC,EQUIV CONDCTNCE GRAPH,EVER KRAU,48028,T,L,0.000254,M,,,,
656,394.7,OCTADECYL PYRIDINIUM NITRATE,,25,1.28 X10-4 M,BB,EQUIV CONDCTNCE GRAPH,EVER KRAU,48028,T,3,0.000128,M,,,,
656,394.7,OCTADECYL PYRIDINIUM NITRATE,2.0 E 1 H METHANOL,25,5.76 X10-4 M,BB,EQUIV CONDCTNCE GRAPH,EVER KRAU,48028,P,3,0.000576,M,,,,
657,412.6,OCTADECYL PYRIDINIUM BROMIDE,2.0 E 1 H METHANOL,25,6.10 X10-4 M,BB,EQUIV CONDCTNCE GRAPH,EVER KRAU,48028,P,3,0.00061,M,,,,
658,440.6,OCTADECYL TRIMETHYLAMMONIUM BROMATE,,25,3.1 X10-4 M,BG,EQUIV COND 1ST DEVIATION,GRIE KRAU,48010,T,L,0.00031,M,,,,
658,440.6,OCTADECYL TRIMETHYLAMMONIUM BROMATE,,25,3.31 X10-4 M,BB,EQUIV CONDCTNCE GRAPH,GRIE KRAU,48010,P,3,0.000331,M,,,,
659,357.7,OCTADECYL TRIMETHYLAMMONIUM FORMATE,,25,4.4 X10-4 M,BC,EQUIV CONDCTNCE GRAPH,GRIE KRAU,48010,T,3,0.00044,M,,,,
660,479.5,HEXADECYL PYRIDINIUM IODATE,,25,1.6 X10-3 M,BG,EQUIV CONDCTNCE MAXIMUM,BROW GRIE,49014,T,L,0.0016,M,,,,
660,479.5,HEXADECYL PYRIDINIUM IODATE,,25,9.9 X10-4 M,BG,EQUIV COND MAX BEGINING,BROW GRIE,49014,T,L,0.00099,M,,,,
660,479.5,HEXADECYL PYRIDINIUM IODATE,7.9 TERTIARY BUTANOL,25,1.35 X10-4 M,BG,EQUIV COND MAX BEGINING,BROW GRIE,49014,T,L,0.000135,M,,,,
660,479.5,HEXADECYL PYRIDINIUM IODATE,7.9 E 0 H TERTIARY BUTANOL,25,9. X10-4 M,BG,EQUIV CONDCTNCE MAXIMUM,BROW GRIE,49014,T,L,0.0009,M,,,,
661,507.6,OCTADECYL PYRIDINIUM IODATE,,25,5. X10-4 M,BG,EQUIV CONDCTNCE MAXIMUM,BROW GRIE,49014,T,L,0.0005,M,,,,
661,507.6,OCTADECYL PYRIDINIUM IODATE,,25,9. X10-5 M,BG,EQUIV COND MAX BEGINING,BROW GRIE,49014,T,L,0.00009,M,,,,
661,507.6,OCTADECYL PYRIDINIUM IODATE,1.62 E 1 H METHANOL,25,8. X10-4 M,BG,EQUIV CONDCTNCE MAXIMUM,BROW GRIE,49014,T,L,0.0008,M,,,,
661,507.6,OCTADECYL PYRIDINIUM IODATE,1.62 E 1 H METHANOL,25,2.9 X10-4 M,BG,EQUIV COND MAX BEGINING,BROW GRIE,49014,T,L,0.00029,M,,,,
662,482.7,OCTADECYL TRIETHYLAMMONIUM BROMATE,,25,2.5 X10-4 M,BC,EQUIV CONDCTNCE GRAPH,MCDO KRAU,51009,T,3,0.00025,M,,,,
663,524.8,OCTADECYL TRIPROPYLAMMONIUM BROMATE,,25,1.25 X10-4 M,BG,EQUIV COND MAX BEGINING,MCDO KRAU,51009,T,L,0.000125,M,,,,
664,566.9,OCTADECYL TRIBUTYLAMMONIUM BROMATE,,25,5.3 X10-5 M,BG,EQUIV COND MAX BEGINING,MCDO KRAU,51009,TK,L,0.000053,M,,,,
665,608.9,OCTADECYL TRIAMYLAMMONIUM BROMATE,,25,1.6 X10-5,BG,EQUIV COND MAX BEGINING,MCDO KRAU,51009,TK,L,,,,,,
666,538.8,HEXADECYL TRIBUTYLAMMONIUM BROMATE,,25,3.3 X10-4 M,BG,EQUIV COND MAX BEGINING,MCDO KRAU,51009,TK,L,0.00033,M,,,,
667,713.4,OCTADECYL TRIMETHYLAMMONIUM OXALATE,,25,6.4 X10-5 M,BE,EQUIV CONDCTNCE GRAPH,YOUN GRIE,49017,T,L,0.000064,M,,,,
667,713.4,OCTADECYL TRIMETHYLAMMONIUM OXALATE,9.91 E 0 H ACETONE,25,1.44 X10-4 M,BG,EQUIV COND 1ST DEVIATION,YOUN GRIE,49017,T,L,0.000144,M,,,,
667,713.4,OCTADECYL TRIMETHYLAMMONIUM OXALATE,9.91 EOH ACETONE,25,1.61 X10-4 M,BB,EQUIV CONDCTNCE GRAPH,YOUN GRIE,49017,P,3,0.000161,M,,,,
667,713.4,OCTADECYL TRIMETHYLAMMONIUM OXALATE,1.39 E 1 H ACETONE,25,2.56 X10-4 M,BG,EQUIV COND 1ST DEVIATION,YOUN GRIE,49017,T,L,0.000256,M,,,,
667,713.4,OCTADECYL TRIMETHYLAMMONIUM OXALATE,1.39 E 1 H ACETONE,25,2.56 X10-4 M,BB,EQUIV CONDCTNCE GRAPH,YOUN GRIE,49017,P,3,0.000256,M,,,,
667,713.4,OCTADECYL TRIMETHYLAMMONIUM OXALATE,2.07 E 1 H ACETONE,25,5.29 X10-4 M,BG,EQUIV COND 1ST DEVIATION,YOUN GRIE,49017,T,L,0.000529,M,,,,
667,713.4,OCTADECYL TRIMETHYLAMMONIUM OXALATE,2.07 E1H ACETONE,25,6.50 X10-4 M,BB,EQUIV CONDCTNCE GRAPH,YOUN GRIE,49017,P,3,0.00065,M,,,,
667,713.4,OCTADECYL TRIMETHYLAMMONIUM OXALATE,2.88 E1H ACETONE,25,1.30 X10-3 M,BG,EQUIV COND 1ST DEVIATION,YOUN GRIE,49017,T,L,0.0013,M,,,,
667,713.4,OCTADECYL TRIMETHYLAMMONIUM OXALATE,2.88 1 H ACETONE,25,1.94 X10-3 M,BC,EQUIV CONDCTNCE GRAPH,YOUN GRIE,49017,P,3,0.00194,M,,,,
667,713.4,OCTADECYL TRIMETHYLAMMONIUM OXALATE,2.07 1 H METHANOL,25,2.50 X10-4 M,BB,EQUIV CONDCTNCE GRAPH,YOUN GRIE,49017,P,3,0.00025,M,,,,
667,713.4,OCTADECYL TRIMETHYLAMMONIUM OXALATE,2.07 1 H METHANOL,25,2.70 X10-4 M,BE,EQUIV CONDCTNCE GRAPH,YOUN GRIE,49017,T,L,0.00027,M,,,,
667,713.4,OCTADECYL TRIMETHYLAMMONIUM OXALATE,3.02 1 H METHANOL,25,6.8 X10-4 M,BE,EQUIV CONDCTNCE GRAPH,YOUN GRIE,49017,T,L,0.00068,M,,,,
667,713.4,OCTADECYL TRIMETHYLAMMONIUM OXALATE,3.02 E 1 H METHANOL,25,6.25 X10-4 M,BB,EQUIV CONDCTNCE GRAPH,YOUN GRIE,49017,P,3,0.000625,M,,,,
667,713.4,OCTADECYL TRIMETHYLAMMONIUM OXALATE,4.01 E 1 H METHANOL,25,1.76 X10-3 M,BE,EQUIV COND 1ST DEVIATION,YOUN GRIE,49017,T,L,0.00176,M,,,,
667,713.4,OCTADECYL TRIMETHYLAMMONIUM OXALATE,4.01 E 1 H METHANOL,25,2.20 X10-3 M,BC,EQUIV CONDCTNCE GRAPH,YOUN GRIE,49017,P,3,0.0022,M,,,,
668,292.5,DIPOTASSIUM OCTYL MALONATE,,20,3.0 X10-1 M,BC,SURFACE TENSION UNSPEC,SHIN,55007,T,3,0.3,M,,,,
668,292.5,DIPOTASSIUM OCTYL MALONATE,,25,3.5 X10-1 M,BG,VISUAL SPCTR CHNGE PNCN,SHIN,55007,T,L,0.35,M,,,,
668,292.5,DIPOTASSIUM OCTYL MALONATE,7.6 E-1 K K ION,25,3.2 X10-1 M,BG,VISUAL SPCTR CHNGE PNCN,SHIN,55007,G,L,0.32,M,,,,
668,292.5,DIPOTASSIUM OCTYL MALONATE,7.7 E-1 K K ION,25,3.0 X10-1 M,BG,VISUAL SPCTR CHNGE PNCN,SHIN,55007,G,L,0.3,M,,,,
668,292.5,DIPOTASSIUM OCTYL MALONATE,8.2 E-1 K K ION,25,2.8 X10-1 M,BG,VISUAL SPCTR CHNGE PNCN,SHIN,55007,G,L,0.28,M,,,,
668,292.5,DIPOTASSIUM OCTYL MALONATE,9.2 E-1 K K ION,25,2.6 X10-1 M,BG,VISUAL SPCTR CHNGE PNCN,SHIN,55007,G,L,0.26,M,,,,
668,292.5,DIPOTASSIUM OCTYL MALONATE,1.00 E K K ION,25,2.3 X10-1 M,BG,VISUAL SPCTR CHNGE PNCN,SHIN,55007,G,L,0.23,M,,,,
669,320.5,DIPOTASSIUM DECYL MALONATE,,25,,BG,THEORETICALLY ESTIMATED,SHIN,55007,T,R,,,,,,
670,348.6,DIPOTASSIUM DODECYL MALONATE,,20,4.8 X10-2 M,BC,SURFACE TENSION UNSPEC,SHIN,55007,T,L,0.048,M,,,,
670,348.6,DIPOTASSIUM DODECYL MALONATE,,20,4.8 X10-2 M,BG,FOTOMTR SPCTR CHNGE PNCN,SHIN,55007,T,L,0.048,M,,,,
670,348.6,DIPOTASSIUM DODECYL MALONATE,,25,4.8 X10-2 M,BG,VISUAL SPCTR CHNGE PNCN,SHIN,55007,T,L,0.048,M,,,,
670,348.6,DIPOTASSIUM DODECYL MALONATE,,25,5.0 X10-2 M,BB,FOTOMTR SOLUBLZTN 2NPA,SHIN,55007,T,3,0.05,M,,,,
670,348.6,DIPOTASSIUM DODECYL MALONATE,1.10 E-1 K K ION,25,4.2 X10-2 M,BG,VISUAL SPCTR CHNGE PNCN,SHIN,55007,G,L,0.042,M,,,,
670,348.6,DIPOTASSIUM DODECYL MALONATE,1.16 E-1 K K ION,25,3.9 X10-2 M,BG,VISUAL SPCTR CHNGE PNCN,SHIN,55007,G,L,0.039,M,,,,
670,348.6,DIPOTASSIUM DODECYL MALONATE,1.31 E-1 K K ION,25,3.4 X10-2 M,BG,VISUAL SPCTR CHNGE PNCN,SHIN,55007,G,L,0.034,M,,,,
670,348.6,DIPOTASSIUM DODECYL MALONATE,1.58 E-1 K K ION,25,2.6 X10-2 M,BG,VISUAL SPCTR CHNGE PNCN,SHIN,55007,G,L,0.026,M,,,,
670,348.6,DIPOTASSIUM DODECYL MALONATE,1.89 E-1 K K ION,25,2.1 X10-2 M,BG,VISUAL SPCTR CHNGE PNCN,SHIN,55007,G,L,0.021,M,,,,
670,348.6,DIPOTASSIUM DODECYL MALONATE,2.17 E-1 K K ION,25,1.9 X10-2 M,BG,VISUAL SPCTR CHNGE PNCN,SHIN,55007,G,L,0.019,M,,,,
670,348.6,DIPOTASSIUM DODECYL MALONATE,2.56 E-1 K K ION,25,1.6 X10-2 M,BG,VISUAL SPCTR CHNGE PNCN,SHIN,55007,G,L,0.016,M,,,,
670,348.6,DIPOTASSIUM DODECYL MALONATE,3.08 E-1 K K ION,25,1.3 X10-2 M,BG,VISUAL SPCTR CHNGE PNCN,SHIN,55007,G,L,0.013,M,,,,
670,348.6,DIPOTASSIUM DODECYL MALONATE,3.48 E-1 K K ION,25,1.1 X10-2 M,BG,VISUAL SPCTR CHNGE PNCN,SHIN,55007,G,L,0.011,M,,,,
671,376.7,DIPOTASSIUM TETRADECYL MALONATE,,20,1.9 X10-2 M,BC,SURFACE TENSION UNSPEC,SHIN,55007,T,L,0.019,M,,,,
671,376.7,DIPOTASSIUM TETRADECYL MALONATE,,25,1.7 X10-2 M,BG,VISUAL SPCTR CHNGE PNCN,SHIN,55007,T,L,0.017,M,,,,
671,376.7,DIPOTASSIUM TETRADECYL MALONATE,,25,1.8 X10-2 M,BC,FOTOMTR SOLUBLZTN 2NPA,SHIN,55007,T,3,0.018,M,,,,
671,376.7,DIPOTASSIUM TETRADECYL MALONATE,3.7 E-2 K K ION,25,1.5 X10-2 M,BG,VISUAL SPCTR CHNGE PNCN,SHIN,55007,G,L,0.015,M,,,,
671,376.7,DIPOTASSIUM TETRADECYL MALONATE,4.0 E-2 K K ION,25,1.4 X10-2 M,BG,VISUAL SPCTR CHNGE PNCN,SHIN,55007,G,L,0.014,M,,,,
671,376.7,DIPOTASSIUM TETRADECYL MALONATE,4.5 E-2 K K ION,25,1.2 X10-2 M,BG,VISUAL SPCTR CHNGE PNCN,SHIN,55007,G,L,0.012,M,,,,
671,376.7,DIPOTASSIUM TETRADECYL MALONATE,5.4 E-2 K K ION,25,9.6 X10-3 M,BG,VISUAL SPCTR CHNGE PNCN,SHIN,55007,G,L,0.0096,M,,,,
671,376.7,DIPOTASSIUM TETRADECYL MALONATE,7.0 E-2 K K ION,25,7.1 X10-3 M,BG,VISUAL SPCTR CHNGE PNCN,SHIN,55007,G,L,0.0071,M,,,,
671,376.7,DIPOTASSIUM TETRADECYL MALONATE,9.7 E-2 K K ION,25,5.4 X10-3 M,BG,VISUAL SPCTR CHNGE PNCN,SHIN,55007,G,L,0.0054,M,,,,
671,376.7,DIPOTASSIUM TETRADECYL MALONATE,1.23 E-1 K K ION,25,4.4 X10-3 M,BG,VISUAL SPCTR CHNGE PNCN,SHIN,55007,G,L,0.0044,M,,,,
672,404.7,DIPOTASSIUM HEXADECYL MALONATE,,20,9. X10-3 M,BD,SURFACE TENSION UNSPEC,SHIN,55007,T,L,0.009,M,,,,
672,404.7,DIPOTASSIUM HEXADECYL MALONATE,,25,6.3 X10-3 M,BG,VISUAL SPCTR CHNGE PNCN,SHIN,55007,T,L,0.0063,M,,,,
672,404.7,DIPOTASSIUM HEXADECYL MALONATE,F.48 E-2 K K ION,25,5.5 X10-3 M,BG,VISUAL SPCTR CHNGE PNCN,SHIN,55007,G,L,0.0055,M,,,,
672,404.7,DIPOTASSIUM HEXADECYL MALONATE,1.86 E-2 K K ION,25,4.4 X10-3 M,BG,VISUAL SPCTR CHNGE PNCN,SHIN,55007,G,L,0.0044,M,,,,
672,404.7,DIPOTASSIUM HEXADECYL MALONATE,2.23 E-2 K K ION,25,3.2 X10-3 M,BG,VISUAL SPCTR CHNGE PNCN,SHIN,55007,G,L,0.0032,M,,,,
672,404.7,DIPOTASSIUM HEXADECYL MALONATE,2.97 E-2 K K ION,25,2.2 X10-3 M,BG,VISUAL SPCTR CHNGE PNCN,SHIN,55007,G,L,0.0022,M,,,,
672,404.7,DIPOTASSIUM HEXADECYL MALONATE,4.75 E-2 K K ION,25,1.5 X10-3 M,BG,VISUAL SPCTR CHNGE PNCN,SHIN,55007,G,L,0.0015,M,,,,
673,432.8,DIPOTASSIUM OCTADECYL MALONATE,,25,2.3 X10-3 M,BG,VISUAL SPCTR CHNGE PNCN,SHIN,55007,T,L,0.0023,M,,,,
674,470.7,"DIISOBUTYL BENZENE/OXYETHYLENE/6 ALCOHOL (DB) BRANCHED CHAIN, NATURAL 0E DISTRIBUTION",,20,1.8 X10-3 M,HG,VISUAL SPCTR CHNGE PNCN,TAUB KONS,60033,T,L,0.0018,M,,,,
674,470.7,"DIISOBUTYL BENZENE/OXYETHYLENE/6 ALCOHOL (DB) BRANCHED CHAIN, NATURAL 0E DISTRIBUTION",,20,1.4 X10-3 M,HG,FOTOMTR SPCTR CHNGE PNCN,TAUB KONS,60033,T,L,0.0014,M,,,,
675,647,OCTYL BENZENE /OXYETHYLENE/10 ALCOHOL NATURAL DISTRIBUTION OF HEAD GROUPS,,20,4.9 X10-4 M,HG,VISUAL SPCTR CHNGE PNCN,TAUB KONS,60033,T,L,0.00049,M,,,,
675,647,OCTYL BENZENE /OXYETHYLENE/10 ALCOHOL NATURAL DISTRIBUTION OF HEAD GROUPS,,20,3.8 X10-4 M,HG,FOTOMTR SPCTR CHNGE PNCN,TAUB KONS,60033,T,L,0.00038,M,,,,
676,292.3,"SODIUM 1, 1. 3, 3-TETRAMETHYL BUTYL BENZENE SULFONATE",,20,8.4 X10-3 M,XG,VISUAL SPCTR CHNGE PNCN,TAUB KONS,60033,T,L,0.0084,M,,,,
676,292.3,"SODIUM 1, 1. 3, 3-TETRAMETHYL BUTYL BENZENE SULFONATE",,20,1.00 X10-2 M,XG,VISUAL SPCTR CHNGE RHD6,TAUB KONS,60033,T,L,0.01,M,,,,
676,292.3,"SODIUM 1, 1. 3, 3-TETRAMETHYL BUTYL BENZENE SULFONATE",,40,8.4 X10-3 M,XC,UNSPECIFIED CONDUCTANCE,TAUB KONS,60033,T,L,0.0084,M,,,,
677,404.6,"SODIUM 1, 3-TETRAMETHYL BUTYL/BENZENESULFONATE",,20,1.0 X10-3 M,XG,VISUAL SPCTR CHNGE PNCN,TAUB KONS,60033,T,L,0.001,M,,,,
677,404.6,"SODIUM 1, 3-TETRAMETHYL BUTYL/BENZENESULFONATE",,20,1.0 X10-3 M,XG,VISUAL SPCTR CHNGE RHD6,TAUB KONS,60033,T,L,0.001,M,,,,
677,404.6,"SODIUM 1, 3-TETRAMETHYL BUTYL/BENZENESULFONATE",,40,9. X10-4 M,XD,UNSPECIFIED CONDUCTANCE,TAUB KONS,60033,T,L,0.0009,M,,,,
678,334.4,"SODIUM 1, 1-DIMETHYLNONYL BENZENE SULFONATE",,20,3.0 X10-3 M,XG,VISUAL SPCTR CHNGE PNCN,TAUB KONS,60033,T,L,0.003,M,,,,
678,334.4,"SODIUM 1, 1-DIMETHYLNONYL BENZENE SULFONATE",,20,2.4 X10-3 M,XG,VISUAL SPCTR CHNGE RHD6,TAUB KONS,60033,T,L,0.0024,M,,,,
678,334.4,"SODIUM 1, 1-DIMETHYLNONYL BENZENE SULFONATE",,40,3.3 X10-3 M,XC,UNSPECIFIED CONDUCTANCE,TAUB KONS,60033,T,L,0.0033,M,,,,
679,334.4,SODIUM 3-BUTYL HEPTYL BENZENE SULFONATE,,20,2.7 X10-3 M,XG,VISUAL SPCTR CHNGE RHD6,TAUB KONS,60033,T,L,0.0027,M,,,,
679,334.4,SODIUM 3-BUTYL HEPTYL BENZENE SULFONATE,,20,3.3 X10-3 M,XG,VISUAL SPCTR CHNGE PNCN,TAUB KONS,60033,T,L,0.0033,M,,,,
679,334.4,SODIUM 3-BUTYL HEPTYL BENZENE SULFONATE,,40,3.3 X10-3 M,XC,UNSPECIFIED CONDUCTANCE,TAUB KONS,60033,T,L,0.0033,M,,,,
680,348.5,SODIUM 2-PROPYL-4-METHYL-CTYL BENZENE SULFONATE,,20,1.7 X10-3 M,XG,VISUAL SPCTR CHNGE PNCN,TAUB KONS,60033,T,L,0.0017,M,,,,
680,348.5,SODIUM 2-PROPYL-4-METHYL-CTYL BENZENE SULFONATE,,20,1.7 X10-3 M,XG,VISUAL SPCTR CHNGE RHD6,TAUB KONS,60033,T,L,0.0017,M,,,,
680,348.5,SODIUM 2-PROPYL-4-METHYL-CTYL BENZENE SULFONATE,,40,1.6 X10-3 M,XD,UNSPECIFIED CONDUCTANCE,TAUB KONS,60033,2,L,0.0016,M,,,,
680,348.5,SODIUM 2-PROPYL-4-METHYL-CTYL BENZENE SULFONATE,1.33 E Q NA2 S04 1.33E2Q NA2 SI03 META 1.33 E 2 NA2 C03,20,1.1 X10-3 M,XG,VISUAL SPCTR CHNGE PNCN,TAUB KONS,60033,T,L,0.0011,M,,,,
680,348.5,SODIUM 2-PROPYL-4-METHYL-CTYL BENZENE SULFONATE,1.33 E2Q NA2 S04 1.33E2Q NA2 SI03 META 1.33 E 2 Q NA2 C03,20,1.1 X10-3 M,XG,VISUAL SPCTR CHNGE RHD6,TAUB KONS,60033,T,L,0.0011,M,,,,
680,348.5,SODIUM 2-PROPYL-4-METHYL-CTYL BENZENE SULFONATE,1.33 E NA2 S04 1.33 E 2 Q NA2 SI03 META 1.33 E 2 Q NA2 C03,40,1.1 X10-3 M,XD,UNSPECIFIED CONDUCTANCE,TAUB KONS,60033,T,L,0.0011,M,,,,
681,292.3,SODIUM DIBUTYL BENZENE SULFONATE,,UNK,1.6 X10-4 M,CD,TURBIDITY PLT LITE SCATR,YURZ KUCH,52018,T,L,0.00016,M,,,,
682,342.4,SODIUM DIBUTYL NAPHTHALENE SULFONATE /NEKAL/,,UNK,2.9 X10-4 M,HC,TURBIDITY PLT LITE SCATR,YURZ KUCH,52018,T,L,0.00029,M,,,,
683,460.7,SODIUM EICOSYLBENZENE SULFONATE,,UNK,1.7 X10-5 M,HE,TURBIDITY PLT LITE SCATR,YURZ KUCH,52018,T,L,0.000017,M,,,,
684,178.3,HEXYL SULFINYLETHANOL,,25,2.5 X10-1 W,BD,VAPR PRESURE LOWERING,CORK GOOD,66015,E,L,0.25,W,,,,
685,192.3,HEXYL SULFINYLPROPANOL,,25,2.5 X10-1 W,BD,VAPR PRESURE LOWERING,CORK GOOD,66015,E,L,0.25,W,,,,
686,206.3,HEXYL SULFINYLBUTANOL,,25,2.1 X10-1 W,BD,VAPR PRESURE LOWERING,CORK GOOD,66015,E,L,0.21,W,,,,
687,220.4,HEXYL SULFINYLPENTANOL,,25,1.8 X10-1 W,BD,VAPR PRESURE LOWERING,CORK GOOD,66015,E,L,0.18,W,,,,
688,206.3,OCTYL SULFINYLETHANOL,,25,2.3 X10-2 W,BD,SURFACE TENSION LOG PLOT,CORK GOOD,66015,E,L,0.023,W,,,,
688,206.3,OCTYL SULFINYLETHANOL,,40,2.1 X10-2 W,BD,SURFACE TENSION LOG PLOT,CORK GOOD,66015,E,L,0.021,W,,,,
689,220.4,OCTYL SULFINYLPROPANOL,,25,2.0 X10-2 W,BD,SURFACE TENSION LOG PLOT,CORK GOOD,66015,E,L,0.02,W,,,,
689,220.4,OCTYL SULFINYLPROPANOL,,40,1.8 X10-2 W,BD,SURFACE TENSION LOG PLOT,CORK GOOD,66015,E,L,0.018,W,,,,
690,234.4,OCTYL SULFINYLBUTANOL,,25,2.0 X10-2 W,BD,SURFACE TENSION LOG PLOT,CORK GOOD,66015,E,I,0.02,W,,,,
690,234.4,OCTYL SULFINYLBUTANOL,,40,1.8 X10-2 W,BD,SURFACE TENSION LOG PLOT,CORK GOOD,66015,E,L,0.018,W,,,,
691,176.3,OCTYL METHYL SULFOXIDE,,25,2.3 X10-2 W,BD,SURFACE TENSION LOG PLOT,CORK GOOD,66015,E,L,0.023,W,,,,
692,234.4,DECYL SULFINYLETHANOL,,25,1.6 X10-3 W,BD,SURFACE TENSION LOG PLOT,CORK GOOD,66015,E,L,0.0016,W,,,,
693,354.1,N-CETYL 2-METHYL PYRIDINIUM CHLORIDE,,,,,QUESTIONABLE CRITERION,ANGE NICO,61029,,R,,,,,,
694,354.1,N-CETYL 3-METHYL PYRIDINIUM CHLORIDE,,,,,QUESTIONABLE CRITERION,ANGE NICO,61029,,R,,,,,,
695,354.1,N-CETYL 4-METHYL PYRIDINIUM CHLORIDE,,20,"7. X10-2 D 1,9 X10-3 M",GE,KRAFFT POINT SOLUBILITY,ANGE NICO,61029,T M,L,0.07,D,0.0019,M,,
696,445.5,N-CETIL 2-METHYL PYRIDINIUM IODIDE,,65,4. X10-3 D 8.9 X10-5 M,GE,KRAFFT POINT SOLUBILITY,ANGE NICO,61029,T M,L,0.004,D,0.000089,M,,
697,445.5,N-CETYL-3-METHYL PYRIDINIUM IODIDE,,34,2. X10-3 D 4.4 X10-5 M,GE,KRAFFT POINT SOLUBILITY,ANGE NICO,61029,T M,L,0.002,D,0.000044,M,,
698,445.5,N-CETYL-4-METHYL PYRIDINIUM IODIDE,,30,8. X10-2 D 1.7 X10-3 M,GE,KRAFFT POINT SOLUBILITY,ANGE NICO,61029,T M,L,0.08,D,0.0017,M,,
699,110.1,SODIUM BUTYRATE,,UNK,3.5 X10 0 M,XG,METHOD NOT CITED,KLEV RAIS,54004,T,L,3.5,M,,,,
700,116.2,HEXANOIC ACID,,UNK,1. X10-1 M,XG,METHOD NOT CITED,KLEV RAIS,54004,T,L,0.1,M,,,,
701,352.2,POTASSIUM PERFLUROHEXANOATE,,UNK,5. X10-1 M,XG,METHOD NOT CITED,KLEV RAIS,54004,T,L,0.5,M,,,,
702,552.2,POTASSIUM PERFLUORODECANOATE,,UNK,9. X10-4 M,XG,METHOD NOT CITED,KLEV RAIS,54004,T,L,0.0009,M,,,,
703,194.3,HEXYL RESORCINOL,,UNK,4. X10-3 M,XG,METHOD NOT CITED,KLEV RAIS,54004,T,L,0.004,M,,,,
703,194.3,HEXYL RESORCINOL,E 0 PH OF SOLUTION,UNK,,,GRAPH DATA NOT RETRIEVED,KLEV RAIS,54004,,R,,,,,,
704,232.4,POTASSIUM 4-HEXYL RESORCINOLATE,,UNK,3.8 X10-2 M,XG,METHOD NOT CITED,KLEV RAIS,54004,T,L,0.038,M,,,,
705,266.4,DODECYL SULFURIC ACID,,UNK,6.2 X10-3 M,XG,METHOD NOT CITED,KLEV RAIS,54004,T,L,0.0062,M,,,,
706,185.1,PERFLUORO PROPYLAMINE,,UNK,1.32 X10-1 M,XG,METHOD NOT CITED,KLEV RAIS,54004,T,L,0.132,M,,,,
707,221.5,PERFLUORO PROPYLAMINE HYDROCHLORIDE,,UNK,1.1 X10 0 M,XG,METHOD NOT CITED,KLEV RAIS,54004,T,L,1.1,M,,,,
708,101.2,HEXYLAMINE,,UNK,0.4 X10-2 M,XG,METHOD NOT CITED,KLEV RAIS,54004,T,L,0.004,M,,,,
709,137.7,HEXYLAMINE HYDROCHLORIDE,,UNK,9. X10-1 M,XG,METHOD NOT CITED,KLEV RAIS,54004,T,L,0.9,M,,,,
710,190.3,OCTYL DIMETHYL PHOSPHINE OXIDE,,30,7.7 X10-1 D 4.04 X10-2 M,BB,TURBIDITY PLT LITE SCATR,HERR BRUS,66039,T M,3,0.77,D,0.0404,M,,
710,190.3,OCTYL DIMETHYL PHOSPHINE OXIDE,,30,7.9 X10-1 D 4.15 X10-2 M,BB,SURFACE TENSION LOG PLOT,HERR BRUS,66039,T M,L,0.79,D,0.0415,M,,
710,190.3,OCTYL DIMETHYL PHOSPHINE OXIDE,,30,8. X10-1 P 4.2 X10-2 S,BD,DENSITY,BENJ,66040,T M,L,0.8,P,0.042,S,,
711,218.4,DECYL DIMETHYL PHOSPHINE OXIDE,,30,1.0 X10-1 D 4.57 X10-3 M,BD,TURBIDITY PLT LITE SCATR,HERR BRUS,66039,T M,L,0.1,D,0.00457,M,,
711,218.4,DECYL DIMETHYL PHOSPHINE OXIDE,,30,8.2 X10-2 D 3.75 X10-3 M,BB,SURFACE TENSION LOG PLOT,HERR BRUS,66039,T M,L,0.082,D,0.00375,M,,
711,218.4,DECYL DIMETHYL PHOSPHINE OXIDE,,30,7. X10-2 P 3.2 X10-3 S,BD,DENSITY,BENJ,66040,T M,L,0.07,P,0.0032,S,,
712,246.4,DODECYL DIMETHYL PHOSPHINE OXIDE,,1,2.0 X10-2 D 8.11 X10-4 M,BC,TURBIDITY PLT LITE SCATR,HERR BRUS,66039,T M,3,0.02,D,0.000811,M,,
712,246.4,DODECYL DIMETHYL PHOSPHINE OXIDE,,30,1.4 X10-2 D 5.68 X10-4 M,BD,TURBIDITY PLT LITE SCATR,HERR BRUS,66039,T M,3,0.014,D,0.000568,M,,
712,246.4,DODECYL DIMETHYL PHOSPHINE OXIDE,,30,8. X10-3 D 3.2 X10-4 M,BD,SURFACE TENSION LOG PLOT,HERR BRUS,66039,T M,L,0.008,D,0.00032,M,,
713,215.4,UNDECYL DIMETHYL AMINE OXIDE,,30,1.3 X10-1 P 6.03 X10-3 S,BD,DENSITY,BENJ,66040,T M,L,0.13,P,0.00603,S,,
714,145.3,HEXYL DIMETHYL AMINE OXIDE,,UNK,3.0 X10 1 P 2.06 X10 0 S,BE,METHOD NOT CITED,BENJ,66040,T M,L,30,P,2.06,S,,
715,159.3,HEPTYL DIMETHYL AMINE OXIDE,,UNK,1.0 X10 1 P 6.27 X10-1 S,BE,METHOD NOT CITED,BENJ,66040,T M,L,10,P,0.627,S,,
716,891.3,DODECYL /OXYETHYLENE/16 ALCOHOL REDUCED POLYDISPERSITY OF HEAD GROUPS,,25,2.205X10-2 D 2.473X10-4 M,EE,FOTOMTR SOLUBLZTN OROT,SCHO,66036,T M,L,0.02205,D,0.0002473,M,,
717,378.4,DODECYLQUINOLINIUM BROMIDE,,25,4.80 X10-3 M,BB,SURFACE TENSION LOG PLOT,FEW GILB,58031,T,3,0.0048,M,,,,
718,395.7,TETRAETHYLAMMONIUM DODECYL SULFATE,,30,4.5 X10-3 M,CB,EQUIV CONDCTNCE GRAPH,MEGU KOND,59026,T,L,0.0045,M,,,,
718,395.7,TETRAETHYLAMMONIUM DODECYL SULFATE,,30,4.1 X10-3 M,CG,FOTOMTR SPCTR CHNGE RHD6,MEGU KOND,59026,T,L,0.0041,M,,,,
719,507.9,TETRABUTYLAMMONIUM DODECYL SULFATE,,30,1.3 X10-3 M,CC,EQUIV CONDCTNCE GRAPH,MEGU KOND,59026,T,L,0.0013,M,,,,
719,507.9,TETRABUTYLAMMONIUM DODECYL SULFATE,,30,1.0 X10-3 M,CG,FOTOMTR SPECTR CHNGE RHD6,MEGU KOND,59026,T,L,0.001,M,,,,
720,733.2,DITRIMETHYLAMMONIUM-HEXANE/DODECYL SULFATE/2,,30,9.6 X10-4 M,CB,EQUIV CONDCTNCE GRAPH,MEGU KOND,59026,T,3,0.00096,M,,,,
721,1542.1,NONYL BENZENE /OXYETHYLENE/30 ALCOHOL BRANCHED CHAIN REDUCED 0E DISTRIBUTION,,25,4.22 X10-2 D 2.736X10-4 M,EC,ULTRAFILTRATION,SCHO,64004,T M,L,0.0422,D,0.0002736,M,,
112,339.5,TETRAMETHYL AMMONIUM DODECYL 1 SULFATE,,10,4.8 X10-3 M,BB,SURFACE TENSION LOG PLOT,SCHI,64020,T,L,0.0048,M,,,,
112,339.5,TETRAMETHYL AMMONIUM DODECYL 1 SULFATE,,25,5.50 X10-3 M,DA,SPECFC CONDCTNCE GRAPH,PACK DONB,63030,T,L,0.0055,M,,,,
112,339.5,TETRAMETHYL AMMONIUM DODECYL 1 SULFATE,,25,4.8 X10-3 M,BB,SURFACE TENSION LOG PLOT,SCHI,64020,T,L,0.0048,M,,,,
112,339.5,TETRAMETHYL AMMONIUM DODECYL 1 SULFATE,,25,5.41 X10-3 M,BA,EQUIV CONDCTNCE GRAPH,MYSE PRIN,59002,TL,2,0.00541,M,,,,
112,339.5,TETRAMETHYL AMMONIUM DODECYL 1 SULFATE,,25,5.52 X10-3 M,BA,SPECFC CONDCTNCE GRAPH,MYSE PRIN,59002,TL,2,0.00552,M,,,,
112,339.5,TETRAMETHYL AMMONIUM DODECYL 1 SULFATE,,30,5.7 X10-3 M,CB,EQUIV CONDCTNCE GRAPH,MEGU KOND,59026,T,L,0.0057,M,,,,
112,339.5,TETRAMETHYL AMMONIUM DODECYL 1 SULFATE,,30,4.5 X10-3 M,CG,FOTOMTR SPCTR CHNGE RHD6,MEGU KOND,59026,T,L,0.0045,M,,,,
112,339.5,TETRAMETHYL AMMONIUM DODECYL 1 SULFATE,,45,6.3 X10-3 M,BB,SURFACE TENSION LOG PLOT,SCHI,64020,T,L,0.0063,M,,,,
112,339.5,TETRAMETHYL AMMONIUM DODECYL 1 SULFATE,3. EOM UREA,10,6.6 X10-3 M,BB,SURFACE TENSION LOG PLOT,SCHI,64020,T,L,0.0066,M,,,,
112,339.5,TETRAMETHYL AMMONIUM DODECYL 1 SULFATE,6. EOM UREA,10,1.0 X10-2 M,BB,SURFACE TENSION LOG PLOT,SCHI,64020,T,L,0.01,M,,,,
112,339.5,TETRAMETHYL AMMONIUM DODECYL 1 SULFATE,1. EOM UREA,25,5.0 X10-3 M,BB,SURFACE TENSION LOG PLOT,SCHI,64020,T,L,0.005,M,,,,
112,339.5,TETRAMETHYL AMMONIUM DODECYL 1 SULFATE,2. EOM UREA,25,5.8 X10-3 M,BB,SURFACE TENSION LOG PLOT,SCHI,64020,T,L,0.0058,M,,,,
112,339.5,TETRAMETHYL AMMONIUM DODECYL 1 SULFATE,3. EOM UREA,25,6.9 X10-3 M,BB,SURFACE TENSION LOG PLOT,SCHI,64020,T,L,0.0069,M,,,,
112,339.5,TETRAMETHYL AMMONIUM DODECYL 1 SULFATE,4.5 EOM. UREA,25,7.9 X10-3 M,BB,SURFACE TENSION LOG PLOT,SCHI,64020,T,L,0.0079,M,,,,
112,339.5,TETRAMETHYL AMMONIUM DODECYL 1 SULFATE,6. EOM UREA,25,1.0 X10-2 M,BB,SURFACE TENSION LOG PLOT,SCHI,64020,T,L,0.01,M,,,,
112,339.5,TETRAMETHYL AMMONIUM DODECYL 1 SULFATE,3. EOM UREA,45,7.9 X10-3 M,BB,SURFACE TENSION LOG PLOT,SCHI,64020,T,L,0.0079,M,,,,
112,339.5,TETRAMETHYL AMMONIUM DODECYL 1 SULFATE,6. EOM UREA,45,1.08 X10-2 M,BB,SURFACE TENSION LOG PLOT,SCHI,64020,T,L,0.0108,M,,,,
113,420.5,SODIUM DODECYL TRI-0XYETHYLENE SULFATE,,01.0,1.25 X10-4 M,CC,SURFACE TENSION LOG PLOT,SCHI,63026,L,L,0.000125,M,,,,
113,420.5,SODIUM DODECYL TRI-0XYETHYLENE SULFATE,,10,1.1 X10-4 M,CC,SURFACE TENSION LOG PLOT,SCHI,64020,T,L,0.00011,M,,,,
113,420.5,SODIUM DODECYL TRI-0XYETHYLENE SULFATE,,25,1.0 X10-4 M,CC,SURFACE TENSION LOG PLOT,SCHI,64020,T,L,0.0001,M,,,,
113,420.5,SODIUM DODECYL TRI-0XYETHYLENE SULFATE,,45,1.2 X10-4 M,CC,SURFACE TENSION LOG PLOT,SCHI,64020,T,L,0.00012,M,,,,
113,420.5,SODIUM DODECYL TRI-0XYETHYLENE SULFATE,,50,1.97 X10-3 M,CD,SURFACE TENSION UNSPEC,GOTT,60018,G,P,0.00197,M,,,,
113,420.5,SODIUM DODECYL TRI-0XYETHYLENE SULFATE,,55,1.4 X10-4 M,CD,SURFACE TENSION LOG PLOT,SCHI,63026,L,L,0.00014,M,,,,
113,420.5,SODIUM DODECYL TRI-0XYETHYLENE SULFATE,3. EOM UREA,10,1.55 X10-4 M,CC,SURFACE TENSION LOG PLOT,SCHI,64020,T,L,0.000155,M,,,,
113,420.5,SODIUM DODECYL TRI-0XYETHYLENE SULFATE,6. EOM UREA,10,2.85 X10-4 M,CC,SURFACE TENSION LOG PLOT,SCHI,64020,T,L,0.000285,M,,,,
113,420.5,SODIUM DODECYL TRI-0XYETHYLENE SULFATE,3. EOM UREA,25,1.5 X10-4 M,CC,SURFACE TENSION LOG PLOT,SCHI,64020,T,L,0.00015,M,,,,
113,420.5,SODIUM DODECYL TRI-0XYETHYLENE SULFATE,6. EOM UREA,25,2.5 X10-4 M,CC,SURFACE TENSION LOG PLOT,SCHI,64020,T,L,0.00025,M,,,,
113,420.5,SODIUM DODECYL TRI-0XYETHYLENE SULFATE,3. EOM UREA,45,1.93 X10-4 M,CC,SURFACE TENSION LOG PLOT,SCHI,64020,T,L,0.000193,M,,,,
113,420.5,SODIUM DODECYL TRI-0XYETHYLENE SULFATE,6. EOM UREA,45,2.70 X10-4 M,CC,SURFACE TENSION LOG PLOT,SCHI,64020,T,L,0.00027,M,,,,
114,1059.4,SODIUM DODECYL /OXYETHYLENE/17.5 SULFATE,,01.0,7.0 X10-5 M,EC,SURFACE TENSION LOG PLOT,SCHI,63026,L,L,0.00007,M,,,,
114,1059.4,SODIUM DODECYL /OXYETHYLENE/17.5 SULFATE,,10,6.5 X10-5 M,EC,SURFACE TENSION LOG PLOT,SCHI,64020,T,L,0.000065,M,,,,
114,1059.4,SODIUM DODECYL /OXYETHYLENE/17.5 SULFATE,,25,6.0 X10-5 M,EC,SURFACE TENSION LOG PLOT,SCHI,64020,T,L,0.00006,M,,,,
114,1059.4,SODIUM DODECYL /OXYETHYLENE/17.5 SULFATE,,45,4.5 X10-5 M,EC,SURFACE TENSION LOG PLOT,SCHI,64020,T,L,0.000045,M,,,,
114,1059.4,SODIUM DODECYL /OXYETHYLENE/17.5 SULFATE,,55,4.0 X10-5 M,EC,SURFACE TENSION LOG PLOT,SCHI,63026,L,L,0.00004,M,,,,
114,1059.4,SODIUM DODECYL /OXYETHYLENE/17.5 SULFATE,3. EOM UREA,10,1.3 X10-4 M,EC,SURFACE TENSION LOG PLOT,SCHI,64020,T,L,0.00013,M,,,,
114,1059.4,SODIUM DODECYL /OXYETHYLENE/17.5 SULFATE,6. EOM UREA,10,2.48 X10-4 M,EC,SURFACE TENSION LOG PLOT,SCHI,64020,T,L,0.000248,M,,,,
114,1059.4,SODIUM DODECYL /OXYETHYLENE/17.5 SULFATE,3. EOM UREA,25,1.2 X10-4 M,EC,SURFACE TENSION LOG PLOT,SCHI,64020,T,L,0.00012,M,,,,
114,1059.4,SODIUM DODECYL /OXYETHYLENE/17.5 SULFATE,6. EOM UREA,25,2.2 X10-4 M,EC,SURFACE TENSION LOG PLOT,SCHI,64020,T,L,0.00022,M,,,,
114,1059.4,SODIUM DODECYL /OXYETHYLENE/17.5 SULFATE,3. EOM UREA,45,7.02 X10-5 M,EC,SURFACE TENSION LOG PLOT,SCHI,64020,T,L,0.0000702,M,,,,
114,1059.4,SODIUM DODECYL /OXYETHYLENE/17.5 SULFATE,6. EOM UREA,45,1.41 X10-4 M,EC,SURFACE TENSION LOG PLOT,SCHI,64020,T,L,0.000141,M,,,,
114,1059.4,SODIUM DODECYL /OXYETHYLENE/17.5 SULFATE,0099,25,,,SEE CMPD NMBR IN ADDITV,SCHI,66025,,X,,,,,,
118,215.3,OCTYL N BETAINE,,21,2.17 X10-1 M,BC,TURBIDITY PLT LITE SCATR,TORI NAKA,63009,T,L,0.217,M,,,,
118,215.3,OCTYL N BETAINE,,23,1.7 X10-1 M,CD,SURFACE TENSION LOG PLOT,BECK WOOD,63015,T,L,0.17,M,,,,
118,215.3,OCTYL N BETAINE,,23,1.7 X10-1 M,CD,FOTOMTR SPCTR CHNGE BRPB,BECK WOOD,63015,T,L,0.17,M,,,,
118,215.3,OCTYL N BETAINE,,27,2.50 X10-1 M,BB,SURFACE TENSION LOG PLOT,TORI NAKA,63009,T,L,0.25,M,,,,
118,215.3,OCTYL N BETAINE,,27,2.50 X10-1 M,BC,DENSITY,TORI NAKA,63009,T,L,0.25,M,,,,
322,1101.6,"NONYL BENZENE/OXYETHYLENE/20 ALCOHOL BRANCHED CHAIN, REDUCED 0E DISTRIBUTION",,,62019,,VALUES FRM REF IN CMC,SCHI GILB,65011,R,,,,,,,
322,1101.6,"NONYL BENZENE/OXYETHYLENE/20 ALCOHOL BRANCHED CHAIN, REDUCED 0E DISTRIBUTION",,,62019,,VALUES FRM REF IN CMC,SCHI ATLA,62020,R,,,,,,,
322,1101.6,"NONYL BENZENE/OXYETHYLENE/20 ALCOHOL BRANCHED CHAIN, REDUCED 0E DISTRIBUTION",,25,1.40 X10-4 M,EC,SURFACE TENSION LOG PLOT,SCHI,62019,T,L,0.00014,M,,,,
322,1101.6,"NONYL BENZENE/OXYETHYLENE/20 ALCOHOL BRANCHED CHAIN, REDUCED 0E DISTRIBUTION",,55,6.0 X10-5 M,EC,SURFACE TENSION LOG PLOT,SCHI,62019,T,L,0.00006,M,,,,
322,1101.6,"NONYL BENZENE/OXYETHYLENE/20 ALCOHOL BRANCHED CHAIN, REDUCED 0E DISTRIBUTION",1.5 EOM DIOXANE,25,2.40 X10-4 M,EC,SURFACE TENSION LOG PLOT,SCHI GILB,65011,T,L,0.00024,M,,,,
322,1101.6,"NONYL BENZENE/OXYETHYLENE/20 ALCOHOL BRANCHED CHAIN, REDUCED 0E DISTRIBUTION",3.0 E 0 : M DIOXANE,25,3.90 X10-4 M,EC,SURFACE TENSION LOG PLOT,SCHI GILB,65011,T,L,0.00039,M,,,,
322,1101.6,"NONYL BENZENE/OXYETHYLENE/20 ALCOHOL BRANCHED CHAIN, REDUCED 0E DISTRIBUTION",3. EOM UREA,25,1.80 X10-4 M,EC,SURFACE TENSION LOG PLOT,SCHI GILB,65011,T,L,0.00018,M,,,,
322,1101.6,"NONYL BENZENE/OXYETHYLENE/20 ALCOHOL BRANCHED CHAIN, REDUCED 0E DISTRIBUTION",6. E M UREA,25,4.75 X10-4 M,EC,SURFACE TENSION LOG PLOT,SCHI GILB,65011,T,L,0.000475,M,,,,
322,1101.6,"NONYL BENZENE/OXYETHYLENE/20 ALCOHOL BRANCHED CHAIN, REDUCED 0E DISTRIBUTION",3. E 0 M GUANIDINIUM CL 4.6 E 0 PH OF SOLUTION,25,1.80 X10-4 M,EC,SURFACE TENSION LOG PLOT,SCHI GILB,65011,T,L,0.00018,M,,,,
322,1101.6,"NONYL BENZENE/OXYETHYLENE/20 ALCOHOL BRANCHED CHAIN, REDUCED 0E DISTRIBUTION",5. M GUANIDINIUM CL 4.6 E 0 PH OF SOLUTION,25,5.60 X10-4 M,EC,SURFACE TENSION LOG PLOT,SCHI GILB,65011,T,L,0.00056,M,,,,
322,1101.6,"NONYL BENZENE/OXYETHYLENE/20 ALCOHOL BRANCHED CHAIN, REDUCED 0E DISTRIBUTION",E 0 H CL 4.6 E 0 PH OF SOLUTION,25,1.40 X10-4 M,EC,SURFACE TENSION LOG PLOT,SCHI GILB,65011,T,L,0.00014,M,,,,
323,1542.2,"NONYL BENZENE/OXYETHYLENE/30 ALCOHOL BRANCHED CHAIN, REDUCED 0E DISTRIBUTION",,25,1.85 X10-4 M,EC,SURFACE TENSION LOG PLOT,SCHI,62019,T,L,0.000185,M,,,,
323,1542.2,"NONYL BENZENE/OXYETHYLENE/30 ALCOHOL BRANCHED CHAIN, REDUCED 0E DISTRIBUTION",,55,8.0 X10-5 M,EC,SURFACE TENSION LOG PLOT,SCHI,62019,T,L,0.00008,M,,,,
323,1542.2,"NONYL BENZENE/OXYETHYLENE/30 ALCOHOL BRANCHED CHAIN, REDUCED 0E DISTRIBUTION",1.5 EOM DIOXANE,25,2.60 X10-4 M,EC,SURFACE TENSION LOG PLOT,SCHI GILB,65011,T,L,0.00026,M,,,,
323,1542.2,"NONYL BENZENE/OXYETHYLENE/30 ALCOHOL BRANCHED CHAIN, REDUCED 0E DISTRIBUTION",3.0 EOM DIOXANE,25,5.70 X10-4 M,EC,SURFACE TENSION LOG PLOT,SCHI GILB,65011,T,L,0.00057,M,,,,
323,1542.2,"NONYL BENZENE/OXYETHYLENE/30 ALCOHOL BRANCHED CHAIN, REDUCED 0E DISTRIBUTION",3. EOM UREA,25,3.50 X10-4 M,EC,SURFACE TENSION LOG PLOT,SCHI GILB,65011,T,L,0.00035,M,,,,
323,1542.2,"NONYL BENZENE/OXYETHYLENE/30 ALCOHOL BRANCHED CHAIN, REDUCED 0E DISTRIBUTION",6. EOM UREA,25,7.40 X10-4 M,EC,SURFACE TENSION LOG PLOT,SCHI GILB,65011,T,L,0.00074,M,,,,
323,1542.2,"NONYL BENZENE/OXYETHYLENE/30 ALCOHOL BRANCHED CHAIN, REDUCED 0E DISTRIBUTION",3. M GUANIDINIUM CL 4.6 E 0 PH OF SOLUTION,25,4.25 X10-4 M,EC,SURFACE TENSION LOG PLOT,SCHI GILB,65011,T,L,0.000425,M,,,,
323,1542.2,"NONYL BENZENE/OXYETHYLENE/30 ALCOHOL BRANCHED CHAIN, REDUCED 0E DISTRIBUTION",5. M GUANIDINIUM CL 4.6 E 0 PH OF SOLUTION,25,9.60 X10-4 M,EC,SURFACE TENSION LOG PLOT,SCHI GILB,65011,T,L,0.00096,M,,,,
323,1542.2,"NONYL BENZENE/OXYETHYLENE/30 ALCOHOL BRANCHED CHAIN, REDUCED 0E DISTRIBUTION",E 0 H CL 4.6 E 0 PH OF SOLUTION,25,1.85 X10-4 M,EC,SURFACE TENSION LOG PLOT,SCHI GILB,65011,T,L,0.000185,M,,,,
324,2423.4,"NONYL BENZENE/OXYETHYLENE/50 ALCOHOL BRANCHED CHAIN, REDUCED 0E DISTRIBUTION",,,62019,,VALUES FRM REF IN CMC,SCHI ATLA,62020,R,,,,,,,
324,2423.4,"NONYL BENZENE/OXYETHYLENE/50 ALCOHOL BRANCHED CHAIN, REDUCED 0E DISTRIBUTION",,25,2.80 X10-4 M,EC,SURFACE TENSION LOG PLOT,SCHI,62019,T,L,0.00028,M,,,,
324,2423.4,"NONYL BENZENE/OXYETHYLENE/50 ALCOHOL BRANCHED CHAIN, REDUCED 0E DISTRIBUTION",,55,1.50 X10-4 M,EC,SURFACE TENSION LOG PLOT,SCHI,62019,T,L,0.00015,M,,,,
324,2423.4,"NONYL BENZENE/OXYETHYLENE/50 ALCOHOL BRANCHED CHAIN, REDUCED 0E DISTRIBUTION",8.6 E-1 M LI CL,25,2.00 X10-4 M,EC,SURFACE TENSION LOG PLOT,SCHI,62019,T,L,0.0002,M,,,,
324,2423.4,"NONYL BENZENE/OXYETHYLENE/50 ALCOHOL BRANCHED CHAIN, REDUCED 0E DISTRIBUTION",4.3 E-1 M NA CL,25,2.00 X10-4 M,EC,SURFACE TENSION LOG PLOT,SCHI,62019,T,L,0.0002,M,,,,
324,2423.4,"NONYL BENZENE/OXYETHYLENE/50 ALCOHOL BRANCHED CHAIN, REDUCED 0E DISTRIBUTION",8.6 E-1 M NA CL,25,1.50 X10-4 M,EC,SURFACE TENSION LOG PLOT,SCHI,62019,T,L,0.00015,M,,,,
324,2423.4,"NONYL BENZENE/OXYETHYLENE/50 ALCOHOL BRANCHED CHAIN, REDUCED 0E DISTRIBUTION",1.29 M NA CL,25,1.00 X10-4 M,EC,SURFACE TENSION LOG PLOT,SCHI,62019,T,L,0.0001,M,,,,
324,2423.4,"NONYL BENZENE/OXYETHYLENE/50 ALCOHOL BRANCHED CHAIN, REDUCED 0E DISTRIBUTION",8.6 E-1 N NA2 S04,25,7. X10-6 M,EE,SURFACE TENSION LOG PLOT,SCHI,62019,T,L,0.000007,M,,,,
324,2423.4,"NONYL BENZENE/OXYETHYLENE/50 ALCOHOL BRANCHED CHAIN, REDUCED 0E DISTRIBUTION",8.6 E-1 M NA CNS,25,2.25 X10-4 M,EC,SURFACE TENSION LOG PLOT,SCHI,62019,T,L,0.000225,M,,,,
324,2423.4,"NONYL BENZENE/OXYETHYLENE/50 ALCOHOL BRANCHED CHAIN, REDUCED 0E DISTRIBUTION",8.6 E-1 M (CH3) CL,25,1.00 X10-4 M,EC,SURFACE TENSION LOG PLOT,SCHI,62019,T,L,0.0001,M,,,,
325,362.6,DODECYL/OXYETHYLENE/4 ALCOHOL REDUCED POLYDISPERSITY OF HEAD GROUPS,,05.0,7.8 X10-5 M,EC,SURFACE TENSION LOG PLOT,SCHI MANN,66001,L,L,0.000078,M,,,,
325,362.6,DODECYL/OXYETHYLENE/4 ALCOHOL REDUCED POLYDISPERSITY OF HEAD GROUPS,,25,4.0 X10-5 M,EC,SURFACE TENSION LOG PLOT,SCHI,66025,L,L,0.00004,M,,,,
325,362.6,DODECYL/OXYETHYLENE/4 ALCOHOL REDUCED POLYDISPERSITY OF HEAD GROUPS,,25,4.0 X10-5 M,EC,SURFACE TENSION LOG PLOT,SCHI,62019,T,L,0.00004,M,,,,
325,362.6,DODECYL/OXYETHYLENE/4 ALCOHOL REDUCED POLYDISPERSITY OF HEAD GROUPS,,25,4.0 X10-5 M,EC,SURFACE TENSION LOG PLOT,SCHI MANN,66001,L,L,0.00004,M,,,,
325,362.6,DODECYL/OXYETHYLENE/4 ALCOHOL REDUCED POLYDISPERSITY OF HEAD GROUPS,,45,2.2 X10-5 M,ED,SURFACE TENSION LOG PLOT,SCHI MANN,66001,L,L,0.000022,M,,,,
325,362.6,DODECYL/OXYETHYLENE/4 ALCOHOL REDUCED POLYDISPERSITY OF HEAD GROUPS,,55,1.7 X10-5 M,ED,SURFACE TENSION LOG PLOT,SCHI,62019,T,L,0.000017,M,,,,
325,362.6,DODECYL/OXYETHYLENE/4 ALCOHOL REDUCED POLYDISPERSITY OF HEAD GROUPS,2.5 E1I 0001,05.0,1.1 X10-4 M,ED,SURFACE TENSION LOG PLOT,SCHI MANN,66001,L,L,0.00011,M,,,,
325,362.6,DODECYL/OXYETHYLENE/4 ALCOHOL REDUCED POLYDISPERSITY OF HEAD GROUPS,5.0 E1I 0001,05.0,1.8 X10-4 M,ED,SURFACE TENSION LOG PLOT,SCHI MANN,66001,L,L,0.00018,M,,,,
325,362.6,DODECYL/OXYETHYLENE/4 ALCOHOL REDUCED POLYDISPERSITY OF HEAD GROUPS,7.5 E1I 0001,05.0,3.5 X10-4 M,EC,SURFACE TENSION LOG PLOT,SCHI MANN,66001,L,L,0.00035,M,,,,
325,362.6,DODECYL/OXYETHYLENE/4 ALCOHOL REDUCED POLYDISPERSITY OF HEAD GROUPS,9.0 E1I 0001,05.0,5.5 X10-4 M,EC,SURFACE TENSION LOG PLOT,SCHI MANN,66001,L,L,0.00055,M,,,,
325,362.6,DODECYL/OXYETHYLENE/4 ALCOHOL REDUCED POLYDISPERSITY OF HEAD GROUPS,2.5 E1I 0001,25,8.5 X10-5 M,EC,SURFACE TENSION LOG PLOT,SCHI MANN,66001,L,L,0.000085,M,,,,
325,362.6,DODECYL/OXYETHYLENE/4 ALCOHOL REDUCED POLYDISPERSITY OF HEAD GROUPS,5.0 E1I 0001,25,1.4 X10-4 M,ED,SURFACE TENSION LOG PLOT,SCHI MANN,66001,L,L,0.00014,M,,,,
325,362.6,DODECYL/OXYETHYLENE/4 ALCOHOL REDUCED POLYDISPERSITY OF HEAD GROUPS,7.5 E1I 0001,25,2.8 X10-4 M,EC,SURFACE TENSION LOG PLOT,SCHI MANN,66001,L,L,0.00028,M,,,,
325,362.6,DODECYL/OXYETHYLENE/4 ALCOHOL REDUCED POLYDISPERSITY OF HEAD GROUPS,9.0 E1I 0001,25,5.0 X10-4 M,EC,SURFACE TENSION LOG PLOT,SCHI MANN,66001,L,L,0.0005,M,,,,
325,362.6,DODECYL/OXYETHYLENE/4 ALCOHOL REDUCED POLYDISPERSITY OF HEAD GROUPS,2.5 E1I 0001,45,5.0 X10-5 M,EC,SURFACE TENSION LOG PLOT,SCHI MANN,66001,L,L,0.00005,M,,,,
325,362.6,DODECYL/OXYETHYLENE/4 ALCOHOL REDUCED POLYDISPERSITY OF HEAD GROUPS,5.0 1 0001,45,9.0 X10-5 M,EC,SURFACE TENSION LOG PLOT,SCHI MANN,66001,L,L,0.00009,M,,,,