SMILES,type,EO,PO,CMC,AW_ST_CMC,Gamma_max,Area_min,Pi_CMC,pC20,source
CCCCCCCCCCCCOC(C)COC(C)COC(C)COP(=O)(O)[O-].[Na+],anionic,0.0,3.0,0.00035,35.74,1.97e-06,0.845,,,李猛等; 磷酸酯型extended表面活性剂的性能研究; 表1-2; M100; MC12P3P 99.5wt%; DC12P3P 0.00wt%
CCCCCCCCCCCCOC(C)COC(C)COC(C)COP(=O)(O)[O-].[Na+].CCCCCCCCCCCCOC(C)COC(C)COC(C)COP(=O)([O-])OCC(C)OCC(C)OCC(C)OCCCCCCCCCCCC.[Na+],anionic,0.0,3.0,0.00023,31.08,1.62e-06,1.03,,,李猛等; 磷酸酯型extended表面活性剂的性能研究; 表1-2; M95; MC12P3P 94.3wt%; DC12P3P 4.63wt%
CCCCCCCCCCCCOC(C)COC(C)COC(C)COP(=O)(O)[O-].[Na+].CCCCCCCCCCCCOC(C)COC(C)COC(C)COP(=O)([O-])OCC(C)OCC(C)OCC(C)OCCCCCCCCCCCC.[Na+],anionic,0.0,3.0,0.00023,30.27,1.3e-06,1.28,,,李猛等; 磷酸酯型extended表面活性剂的性能研究; 表1-2; M90; MC12P3P 89.3wt%; DC12P3P 9.72wt%
CCCCCCCCCCCCOC(C)COC(C)COC(C)COP(=O)(O)[O-].[Na+].CCCCCCCCCCCCOC(C)COC(C)COC(C)COP(=O)([O-])OCC(C)OCC(C)OCC(C)OCCCCCCCCCCCC.[Na+],anionic,0.0,3.0,0.00021,30.04,1.16e-06,1.44,,,李猛等; 磷酸酯型extended表面活性剂的性能研究; 表1-2; M85; MC12P3P 84.6wt%; DC12P3P 14.4wt%
CCCCCCCCCCCCOC(C)COC(C)COC(C)COP(=O)(O)[O-].[Na+].CCCCCCCCCCCCOC(C)COC(C)COC(C)COP(=O)([O-])OCC(C)OCC(C)OCC(C)OCCCCCCCCCCCC.[Na+],anionic,0.0,3.0,0.0002,29.34,6.02e-07,2.76,,,李猛等; 磷酸酯型extended表面活性剂的性能研究; 表1-2; M80; MC12P3P 79.1wt%; DC12P3P 20.7wt%
CCCCCCCCCCCCOCCOCCOCCOS(=O)(=O)[O-].[Na+],anionic,3.0,0.0,0.0007,40.76,2.1e-06,0.79,,,李猛等; 磷酸酯型extended表面活性剂的性能研究; 表2; SLE3S reference
CCCCCC(CCC)COCCOCCOCCOC(C)COC(C)COC(C)COS(=O)(=O)[O-].[Na+],anionic,3.0,3.0,0.00287,36.4,1.45e-06,1.03,,3.45,Yue et al.; Synthesis and properties of branched alcohol alkoxylate sulfates; RSC Advances 2025; DOI 10.1039/D5RA05419B; Supporting Information Table S2; C10E3P3S
CCCCCC(CCC)COC(C)COC(C)COC(C)COCCOCCOCCOS(=O)(=O)[O-].[Na+],anionic,3.0,3.0,0.00115,35.2,1.3e-06,1.28,,4.24,Yue et al.; Synthesis and properties of branched alcohol alkoxylate sulfates; RSC Advances 2025; DOI 10.1039/D5RA05419B; Supporting Information Table S2; C10P3E3S
CCCCCC(CCC)COCCOCCOCCOS(=O)(=O)[O-].[Na+],anionic,3.0,0.0,0.00511,33.56,1.64e-06,1.02,,3.31,Yue et al.; Synthesis and properties of branched alcohol alkoxylate sulfates; RSC Advances 2025; DOI 10.1039/D5RA05419B; Supporting Information Table S2; C10E3S
CCCCCCCC/C=C\CCCCCCCCOCCOCCOCCOC(C)COC(C)COC(C)COS(=O)(=O)[O-].[Na+],anionic,3.4,3.0,0.00072,36.16,8.2e-07,2.0326,,,"Li/Ren et al.; Adsorption and Aggregation Behaviors of Oleyl Alcohol-Based Extended Surfactant and Its Mixtures; Molecules 2024, 29, 2570; DOI 10.3390/molecules29112570; Table 2; OE3P3S 10:0"
CCCCCCCC/C=C\CCCCCCCCOCCOCCOCCOC(C)COC(C)COC(C)COS(=O)(=O)[O-].[Na+].CCCCCCCCCCCCCCCC[N+](C)(C)C.[Br-],anionic-cationic mixture,3.4,3.0,0.00018,33.06,2.67e-06,0.623,,,"Li/Ren et al.; Adsorption and Aggregation Behaviors of Oleyl Alcohol-Based Extended Surfactant and Its Mixtures; Molecules 2024, 29, 2570; DOI 10.3390/molecules29112570; Table 2; OE3P3S/CTAB 2:8 mixture"
CCCCCCCC/C=C\CCCCCCCCOCCOCCOCCOC(C)COC(C)COC(C)COS(=O)(=O)[O-].[Na+].CCCCCCCCCCCCCCCC[N+](C)(C)C.[Br-],anionic-cationic mixture,3.4,3.0,0.0005,33.02,1.81e-06,0.9176,,,"Li/Ren et al.; Adsorption and Aggregation Behaviors of Oleyl Alcohol-Based Extended Surfactant and Its Mixtures; Molecules 2024, 29, 2570; DOI 10.3390/molecules29112570; Table 2; OE3P3S/CTAB 3:7 mixture"
CCCCCCCC/C=C\CCCCCCCCOCCOCCOCCOC(C)COC(C)COC(C)COS(=O)(=O)[O-].[Na+].CCCCCCCCCCCCCCCC[N+](C)(C)C.[Br-],anionic-cationic mixture,3.4,3.0,0.00011,33.4,3.99e-06,0.4162,,,"Li/Ren et al.; Adsorption and Aggregation Behaviors of Oleyl Alcohol-Based Extended Surfactant and Its Mixtures; Molecules 2024, 29, 2570; DOI 10.3390/molecules29112570; Table 2; OE3P3S/CTAB 4:6 mixture"
CCCCCCCC/C=C\CCCCCCCCOCCOCCOCCOC(C)COC(C)COC(C)COS(=O)(=O)[O-].[Na+].CCCCCCCCCCCCCCCC[N+](C)(C)C.[Br-],anionic-cationic mixture,3.4,3.0,6.5e-05,33.03,1.67e-06,0.9962,,,"Li/Ren et al.; Adsorption and Aggregation Behaviors of Oleyl Alcohol-Based Extended Surfactant and Its Mixtures; Molecules 2024, 29, 2570; DOI 10.3390/molecules29112570; Table 2; OE3P3S/CTAB 5:5 mixture"
CCCCCCCC/C=C\CCCCCCCCOCCOCCOCCOC(C)COC(C)COC(C)COS(=O)(=O)[O-].[Na+].CCCCCCCCCCCCCCCC[N+](C)(C)C.[Br-],anionic-cationic mixture,3.4,3.0,1.6e-05,32.13,4.72e-06,0.3521,,,"Li/Ren et al.; Adsorption and Aggregation Behaviors of Oleyl Alcohol-Based Extended Surfactant and Its Mixtures; Molecules 2024, 29, 2570; DOI 10.3390/molecules29112570; Table 2; OE3P3S/CTAB 6:4 mixture"
CCCCCCCC/C=C\CCCCCCCCOCCOCCOCCOC(C)COC(C)COC(C)COS(=O)(=O)[O-].[Na+].CCCCCCCCCCCCCCCC[N+](C)(C)C.[Br-],anionic-cationic mixture,3.4,3.0,8.8e-05,32.19,1.82e-06,0.9111,,,"Li/Ren et al.; Adsorption and Aggregation Behaviors of Oleyl Alcohol-Based Extended Surfactant and Its Mixtures; Molecules 2024, 29, 2570; DOI 10.3390/molecules29112570; Table 2; OE3P3S/CTAB 7:3 mixture"
CCCCCCCC/C=C\CCCCCCCCOCCOCCOCCOC(C)COC(C)COC(C)COS(=O)(=O)[O-].[Na+].CCCCCCCCCCCCCCCC[N+](C)(C)C.[Br-],anionic-cationic mixture,3.4,3.0,1.7e-05,33.93,2.97e-06,0.5602,,,"Li/Ren et al.; Adsorption and Aggregation Behaviors of Oleyl Alcohol-Based Extended Surfactant and Its Mixtures; Molecules 2024, 29, 2570; DOI 10.3390/molecules29112570; Table 2; OE3P3S/CTAB 8:2 mixture"
CCCCCCCC/C=C\CCCCCCCCOCCOCCOCCOC(C)COC(C)COC(C)COS(=O)(=O)[O-].[Na+].CCCCCCCCCCCC[N+](C)(C)C.[Br-],anionic-cationic mixture,3.4,3.0,2.9e-05,33.13,2.1e-06,0.7895,,,"Li/Ren et al.; Adsorption and Aggregation Behaviors of Oleyl Alcohol-Based Extended Surfactant and Its Mixtures; Molecules 2024, 29, 2570; DOI 10.3390/molecules29112570; Table 2; OE3P3S/DTAB 6:4 mixture"
CCCCCCCC/C=C\CCCCCCCCOCCOCCOCCOC(C)COC(C)COC(C)COS(=O)(=O)[O-].[Na+].CCCCCCCCCCCCCC[N+](C)(C)C.[Br-],anionic-cationic mixture,3.4,3.0,2.6e-05,32.75,2.45e-06,0.6776,,,"Li/Ren et al.; Adsorption and Aggregation Behaviors of Oleyl Alcohol-Based Extended Surfactant and Its Mixtures; Molecules 2024, 29, 2570; DOI 10.3390/molecules29112570; Table 2; OE3P3S/TTAB 6:4 mixture"
CCCCCCCCCCCCOCC(C)OCC(C)OCC(C)OCC(C)OS(=O)(=O)[O-].[Na+],anionic,0.0,4.0,9.9e-05,30.1,1.47e-06,1.13,,,"Jiang et al.; Wettability of a Polymethylmethacrylate Surface by Extended Anionic Surfactants; Molecules 2021, 26, 863; DOI 10.3390/molecules26040863; Table 1; L-C12PO4S"
CCCCCCC(CCCC)COCC(C)OCC(C)OCC(C)OCC(C)OS(=O)(=O)[O-].[Na+],anionic branched,0.0,4.0,0.0003,31.4,1.25e-06,1.33,,,"Jiang et al.; Wettability of a Polymethylmethacrylate Surface by Extended Anionic Surfactants; Molecules 2021, 26, 863; DOI 10.3390/molecules26040863; Table 1; G-C12PO4S"
CCCCCCCCC(CCCCCC)COCC(C)OCC(C)OCC(C)OCC(C)OS(=O)(=O)[O-].[Na+],anionic branched,0.0,4.0,1.5e-05,30.7,1.24e-06,1.34,,,"Jiang et al.; Wettability of a Polymethylmethacrylate Surface by Extended Anionic Surfactants; Molecules 2021, 26, 863; DOI 10.3390/molecules26040863; Table 1; G-C16PO4S"
CCCCCCCCCCCCOCC(C)OCC(C)OCC(C)OCC(C)OS(=O)(=O)[O-].[Na+],anionic,0.0,4.0,0.00042,40.0,1e-06,1.66,,,"Jiang et al.; Molecules 2021, 26, 863; Table 1 citing Liu et al.; Surface tension, interfacial tension and emulsification of sodium dodecyl sulfate extended surfactant; Colloids Surf. A 2016, 494, 201-208; C12P4S"
CCCCCCCCCCCCOCC(C)OCC(C)OCC(C)OCC(C)OCC(C)OCC(C)OCC(C)OCC(C)OS(=O)(=O)[O-].[Na+],anionic,0.0,8.0,7.8e-05,35.5,1.08e-06,1.54,,,"Jiang et al.; Molecules 2021, 26, 863; Table 1 citing Liu et al.; Surface tension, interfacial tension and emulsification of sodium dodecyl sulfate extended surfactant; Colloids Surf. A 2016, 494, 201-208; C12P8S"
CCCCCCCCCCCCOCC(C)OCC(C)OCC(C)OCC(C)OCC(C)OCC(C)OCC(C)OCC(C)OCC(C)OCC(C)OCC(C)OCC(C)OS(=O)(=O)[O-].[Na+],anionic,0.0,12.0,4.3e-05,33.7,1.01e-06,1.64,,,"Jiang et al.; Molecules 2021, 26, 863; Table 1 citing Liu et al.; Surface tension, interfacial tension and emulsification of sodium dodecyl sulfate extended surfactant; Colloids Surf. A 2016, 494, 201-208; C12P12S"
CCCCCCCCCc1ccc(OCC(C)OCC(C)OCC(C)OS(=O)(=O)[O-])cc1.[Na+],anionic aromatic,0.0,3.0,5.9e-05,34.4,1.66e-06,1.0,,,"Jiang et al.; Molecules 2021, 26, 863; Table 1 citing He et al.; Extended surfactants: A well-designed spacer to improve interfacial performance through a gradual polarity transition; Colloids Surf. A 2014, 450, 83-92; PP3S"
CCCCCCCCCc1ccc(OCC(C)OCC(C)OCC(C)OCC(C)OCC(C)OCC(C)OS(=O)(=O)[O-])cc1.[Na+],anionic aromatic,0.0,6.0,3e-05,34.1,1.29e-06,1.29,,,"Jiang et al.; Molecules 2021, 26, 863; Table 1 citing He et al.; Extended surfactants: A well-designed spacer to improve interfacial performance through a gradual polarity transition; Colloids Surf. A 2014, 450, 83-92; PP6S"
CCCCCCCCCc1ccc(OCC(C)OCC(C)OCC(C)OCC(C)OCC(C)OCC(C)OCC(C)OCC(C)OCC(C)OS(=O)(=O)[O-])cc1.[Na+],anionic aromatic,0.0,9.0,1.6e-05,33.7,1.17e-06,1.41,,,"Jiang et al.; Molecules 2021, 26, 863; Table 1 citing He et al.; Extended surfactants: A well-designed spacer to improve interfacial performance through a gradual polarity transition; Colloids Surf. A 2014, 450, 83-92; PP9S"
CCCCCCCCCc1ccc(OCC(C)OCC(C)OCC(C)OCC(C)OCC(C)OCC(C)OCC(C)OCC(C)OCC(C)OCC(C)OCC(C)OCC(C)OS(=O)(=O)[O-])cc1.[Na+],anionic aromatic,0.0,12.0,1.2e-05,36.9,9.7e-07,1.71,,,"Jiang et al.; Molecules 2021, 26, 863; Table 1 citing He et al.; Extended surfactants: A well-designed spacer to improve interfacial performance through a gradual polarity transition; Colloids Surf. A 2014, 450, 83-92; PP12S"
CCCCCCCCOCCO,nonionic,1.0,0.0,0.0048999999996782,,,,,,P2SURF; Single_Surfactant_CMC/total_smile_and_property.csv; experimental CMC dataset; logCMC(uM)=3.69019608 converted to mol/L; https://github.com/sandialabs/P2SURF
CCCCCCCCOCCOCCOCCO,nonionic,3.0,0.0,0.0074999999932355,,,,,,P2SURF; Single_Surfactant_CMC/total_smile_and_property.csv; experimental CMC dataset; logCMC(uM)=3.87506126 converted to mol/L; https://github.com/sandialabs/P2SURF
CCCCCCCCOCCOCCOCCOCCOCCO,nonionic,5.0,0.0,0.0091999999926798,,,,,,P2SURF; Single_Surfactant_CMC/total_smile_and_property.csv; experimental CMC dataset; logCMC(uM)=3.96378783 converted to mol/L; https://github.com/sandialabs/P2SURF
CCCCCCCCOCCOCCOCCOCCOCCOCCO,nonionic,6.0,0.0,0.009900000009174,,,,,,P2SURF; Single_Surfactant_CMC/total_smile_and_property.csv; experimental CMC dataset; logCMC(uM)=3.9956352 converted to mol/L; https://github.com/sandialabs/P2SURF
CCCCCCCCCCOCCOCCOCCOCCO,nonionic,4.0,0.0,0.0006800000004599,,,,,,P2SURF; Single_Surfactant_CMC/total_smile_and_property.csv; experimental CMC dataset; logCMC(uM)=2.83250891 converted to mol/L; https://github.com/sandialabs/P2SURF
CCCCCCCCCCOCCOCCOCCOCCOCCO,nonionic,5.0,0.0,0.0007599999995086,,,,,,P2SURF; Single_Surfactant_CMC/total_smile_and_property.csv; experimental CMC dataset; logCMC(uM)=2.88081359 converted to mol/L; https://github.com/sandialabs/P2SURF
CCCCCCCCCCOCCOCCOCCOCCOCCOCCO,nonionic,6.0,0.0,0.0008999999990895,,,,,,P2SURF; Single_Surfactant_CMC/total_smile_and_property.csv; experimental CMC dataset; logCMC(uM)=2.95424251 converted to mol/L; https://github.com/sandialabs/P2SURF
CCCCCCCCCCOCCOCCOCCOCCOCCOCCOCCOCCO,nonionic,8.0,0.0,0.001,,,,,,P2SURF; Single_Surfactant_CMC/total_smile_and_property.csv; experimental CMC dataset; logCMC(uM)=3 converted to mol/L; https://github.com/sandialabs/P2SURF
CCCCCCCCCCCOCCOCCOCCOCCOCCOCCOCCOCCO,nonionic,8.0,0.0,0.0003000000001936,,,,,,P2SURF; Single_Surfactant_CMC/total_smile_and_property.csv; experimental CMC dataset; logCMC(uM)=2.47712126 converted to mol/L; https://github.com/sandialabs/P2SURF
CCCCCCCCCCCCOCCOCCO,nonionic,2.0,0.0,3.300000000927876e-05,,,,,,P2SURF; Single_Surfactant_CMC/total_smile_and_property.csv; experimental CMC dataset; logCMC(uM)=1.51851394 converted to mol/L; https://github.com/sandialabs/P2SURF
CCCCCCCCCCCCOCCOCCOCCO,nonionic,3.0,0.0,5.200000004372708e-05,,,,,,P2SURF; Single_Surfactant_CMC/total_smile_and_property.csv; experimental CMC dataset; logCMC(uM)=1.71600334 converted to mol/L; https://github.com/sandialabs/P2SURF
CCCCCCCCCCCCOCCOCCOCCOCCO,nonionic,4.0,0.0,6.400000000237447e-05,,,,,,P2SURF; Single_Surfactant_CMC/total_smile_and_property.csv; experimental CMC dataset; logCMC(uM)=1.80617997 converted to mol/L; https://github.com/sandialabs/P2SURF
CCCCCCCCCCCCOCCOCCOCCOCCOCCO,nonionic,5.0,0.0,6.400000000237447e-05,,,,,,P2SURF; Single_Surfactant_CMC/total_smile_and_property.csv; experimental CMC dataset; logCMC(uM)=1.80617997 converted to mol/L; https://github.com/sandialabs/P2SURF
CCCCCCCCCCCCOCCOCCOCCOCCOCCOCCOCCO,nonionic,7.0,0.0,8.199999992754979e-05,,,,,,P2SURF; Single_Surfactant_CMC/total_smile_and_property.csv; experimental CMC dataset; logCMC(uM)=1.91381385 converted to mol/L; https://github.com/sandialabs/P2SURF
CCCCCCCCCCCCOCCOCCOCCOCCOCCOCCOCCOCCO,nonionic,8.0,0.0,0.0001090000000149,,,,,,P2SURF; Single_Surfactant_CMC/total_smile_and_property.csv; experimental CMC dataset; logCMC(uM)=2.0374265 converted to mol/L; https://github.com/sandialabs/P2SURF
CCCCCCCCCCCCCOCCOCCOCCOCCOCCO,nonionic,5.0,0.0,4.899999999678287e-05,,,,,,P2SURF; Single_Surfactant_CMC/total_smile_and_property.csv; experimental CMC dataset; logCMC(uM)=1.69019608 converted to mol/L; https://github.com/sandialabs/P2SURF
CCCCCCCCCCCCCOCCOCCOCCOCCOCCOCCOCCOCCO,nonionic,8.0,0.0,2.699999999011581e-05,,,,,,P2SURF; Single_Surfactant_CMC/total_smile_and_property.csv; experimental CMC dataset; logCMC(uM)=1.43136376 converted to mol/L; https://github.com/sandialabs/P2SURF
CCCCCCCCCCCCCCOCCOCCOCCOCCOCCOCCO,nonionic,6.0,0.0,1e-05,,,,,,P2SURF; Single_Surfactant_CMC/total_smile_and_property.csv; experimental CMC dataset; logCMC(uM)=1 converted to mol/L; https://github.com/sandialabs/P2SURF
CCCCCCCCCCCCCCOCCOCCOCCOCCOCCOCCOCCOCCO,nonionic,8.0,0.0,8.999999990895758e-06,,,,,,P2SURF; Single_Surfactant_CMC/total_smile_and_property.csv; experimental CMC dataset; logCMC(uM)=0.954242509 converted to mol/L; https://github.com/sandialabs/P2SURF
CCCCCCCCCCCCCCCOCCOCCOCCOCCOCCOCCOCCOCCO,nonionic,8.0,0.0,3.4999999971771144e-06,,,,,,P2SURF; Single_Surfactant_CMC/total_smile_and_property.csv; experimental CMC dataset; logCMC(uM)=0.544068044 converted to mol/L; https://github.com/sandialabs/P2SURF
CCCCCCCCCCCCCCCCOCCOCCOCCOCCOCCOCCO,nonionic,6.0,0.0,1.6599999998468975e-06,,,,,,P2SURF; Single_Surfactant_CMC/total_smile_and_property.csv; experimental CMC dataset; logCMC(uM)=0.220108088 converted to mol/L; https://github.com/sandialabs/P2SURF
CCCCCCCCCCCCCCCCOCCOCCOCCOCCOCCOCCOCCO,nonionic,7.0,0.0,1.699999998519286e-06,,,,,,P2SURF; Single_Surfactant_CMC/total_smile_and_property.csv; experimental CMC dataset; logCMC(uM)=0.230448921 converted to mol/L; https://github.com/sandialabs/P2SURF
CCCCCCCCCCCCCCCCOCCOCCOCCOCCOCCOCCOCCOCCOCCO,nonionic,9.0,0.0,2.1000000012866145e-06,,,,,,P2SURF; Single_Surfactant_CMC/total_smile_and_property.csv; experimental CMC dataset; logCMC(uM)=0.322219295 converted to mol/L; https://github.com/sandialabs/P2SURF
CCCCCCCCCCCCCCCCOCCOCCOCCOCCOCCOCCOCCOCCOCCOCCOCCOCCO,nonionic,12.0,0.0,2.2999999999068293e-06,,,,,,P2SURF; Single_Surfactant_CMC/total_smile_and_property.csv; experimental CMC dataset; logCMC(uM)=0.361727836 converted to mol/L; https://github.com/sandialabs/P2SURF
CCCCCCCCCCCCCCCCOCCOCCOCCOCCOCCOCCOCCOCCOCCOCCOCCOCCOCCOCCOCCO,nonionic,15.0,0.0,3.1000000011829645e-06,,,,,,P2SURF; Single_Surfactant_CMC/total_smile_and_property.csv; experimental CMC dataset; logCMC(uM)=0.491361694 converted to mol/L; https://github.com/sandialabs/P2SURF
CCCCCCCCCCCCCCCCOCCOCCOCCOCCOCCOCCOCCOCCOCCOCCOCCOCCOCCOCCOCCOCCOCCOCCOCCOCCOCCO,nonionic,21.0,0.0,3.899999999762034e-06,,,,,,P2SURF; Single_Surfactant_CMC/total_smile_and_property.csv; experimental CMC dataset; logCMC(uM)=0.591064607 converted to mol/L; https://github.com/sandialabs/P2SURF
OCCOCCOCCSCCC(F)(F)C(F)(F)C(F)(F)C(F)(F)C(F)(F)C(F)(F)F,nonionic,3.0,0.0,0.0025000000018879,,,,,,P2SURF; Single_Surfactant_CMC/total_smile_and_property.csv; experimental CMC dataset; logCMC(uM)=3.39794001 converted to mol/L; https://github.com/sandialabs/P2SURF
OCCOCCOCCOCCSCCC(F)(F)C(F)(F)C(F)(F)C(F)(F)C(F)(F)C(F)(F)F,nonionic,4.0,0.0,0.0027999999977936,,,,,,P2SURF; Single_Surfactant_CMC/total_smile_and_property.csv; experimental CMC dataset; logCMC(uM)=3.44715803 converted to mol/L; https://github.com/sandialabs/P2SURF
OCCOCCOCCOCCOCCOCCSCCC(F)(F)C(F)(F)C(F)(F)C(F)(F)C(F)(F)C(F)(F)F,nonionic,6.0,0.0,0.0036999999994292,,,,,,P2SURF; Single_Surfactant_CMC/total_smile_and_property.csv; experimental CMC dataset; logCMC(uM)=3.56820172 converted to mol/L; https://github.com/sandialabs/P2SURF
OCCOCCOCCOCCOCCOCCOCCOCCSCCC(F)(F)C(F)(F)C(F)(F)C(F)(F)C(F)(F)C(F)(F)F,nonionic,8.0,0.0,0.0047999999958488,,,,,,P2SURF; Single_Surfactant_CMC/total_smile_and_property.csv; experimental CMC dataset; logCMC(uM)=3.68124124 converted to mol/L; https://github.com/sandialabs/P2SURF
CC(C)(C)CC(C)(C)c1ccc(OCCOCCOCCOCCOCCOCCOCCOCCOCCOCCO)cc1,nonionic,10.0,0.0,0.0003300000000927,,,,,,P2SURF; Single_Surfactant_CMC/total_smile_and_property.csv; experimental CMC dataset; logCMC(uM)=2.51851394 converted to mol/L; https://github.com/sandialabs/P2SURF
CC(C)(C)CC(C)(C)c1ccc(OCCOCCO)cc1,nonionic,2.0,0.0,0.0001299999999081,,,,,,P2SURF; Single_Surfactant_CMC/total_smile_and_property.csv; experimental CMC dataset; logCMC(uM)=2.11394335 converted to mol/L; https://github.com/sandialabs/P2SURF
CC(C)(C)CC(C)(C)c1ccc(OCCOCCOCCO)cc1,nonionic,3.0,0.0,9.699999994053392e-05,,,,,,P2SURF; Single_Surfactant_CMC/total_smile_and_property.csv; experimental CMC dataset; logCMC(uM)=1.98677173 converted to mol/L; https://github.com/sandialabs/P2SURF
CC(C)(C)CC(C)(C)c1ccc(OCCOCCOCCOCCO)cc1,nonionic,4.0,0.0,0.0001299999999081,,,,,,P2SURF; Single_Surfactant_CMC/total_smile_and_property.csv; experimental CMC dataset; logCMC(uM)=2.11394335 converted to mol/L; https://github.com/sandialabs/P2SURF
CC(C)(C)CC(C)(C)c1ccc(OCCOCCOCCOCCOCCO)cc1,nonionic,5.0,0.0,0.0001499999999807,,,,,,P2SURF; Single_Surfactant_CMC/total_smile_and_property.csv; experimental CMC dataset; logCMC(uM)=2.17609126 converted to mol/L; https://github.com/sandialabs/P2SURF
CC(C)(C)CC(C)(C)c1ccc(OCCOCCOCCOCCOCCOCCO)cc1,nonionic,6.0,0.0,0.0002100000001286,,,,,,P2SURF; Single_Surfactant_CMC/total_smile_and_property.csv; experimental CMC dataset; logCMC(uM)=2.3222193 converted to mol/L; https://github.com/sandialabs/P2SURF
CC(C)(C)CC(C)(C)c1ccc(OCCOCCOCCOCCOCCOCCOCCO)cc1,nonionic,7.0,0.0,0.0002500000001887,,,,,,P2SURF; Single_Surfactant_CMC/total_smile_and_property.csv; experimental CMC dataset; logCMC(uM)=2.39794001 converted to mol/L; https://github.com/sandialabs/P2SURF
CC(C)(C)CC(C)(C)c1ccc(OCCOCCOCCOCCOCCOCCOCCOCCO)cc1,nonionic,8.0,0.0,0.0002799999997793,,,,,,P2SURF; Single_Surfactant_CMC/total_smile_and_property.csv; experimental CMC dataset; logCMC(uM)=2.44715803 converted to mol/L; https://github.com/sandialabs/P2SURF
CC(C)(C)CC(C)(C)c1ccc(OCCOCCOCCOCCOCCOCCOCCOCCOCCO)cc1,nonionic,9.0,0.0,0.0003000000001936,,,,,,P2SURF; Single_Surfactant_CMC/total_smile_and_property.csv; experimental CMC dataset; logCMC(uM)=2.47712126 converted to mol/L; https://github.com/sandialabs/P2SURF
CCCCCCOCCOCCOCCO,nonionic,3.0,0.0,0.1,,,,,,P2SURF; Single_Surfactant_CMC/total_smile_and_property.csv; experimental CMC dataset; logCMC(uM)=5 converted to mol/L; https://github.com/sandialabs/P2SURF
CCCCCCCCCCOCCOCCOCCO,nonionic,3.0,0.0,0.0005999999994699,,,,,,P2SURF; Single_Surfactant_CMC/total_smile_and_property.csv; experimental CMC dataset; logCMC(uM)=2.77815125 converted to mol/L; https://github.com/sandialabs/P2SURF
CCCCCCCCCCCCOCCOCCOCCOCCOCCOCCO,nonionic,6.0,0.0,8.700000007640026e-05,,,,,,P2SURF; Single_Surfactant_CMC/total_smile_and_property.csv; experimental CMC dataset; logCMC(uM)=1.93951925 converted to mol/L; https://github.com/sandialabs/P2SURF
CCCCCCCCOCCOCCOCCOCCOCCOCCOCCOCCO,nonionic,8.0,0.0,0.0129999999908152,,,,,,P2SURF; Single_Surfactant_CMC/total_smile_and_property.csv; experimental CMC dataset; logCMC(uM)=4.11394335 converted to mol/L; https://github.com/sandialabs/P2SURF
CCCCCCCCCCOCCOCCOCCOCCOCCOCCOCCOCCOCCO,nonionic,9.0,0.0,0.0012999999990815,,,,,,P2SURF; Single_Surfactant_CMC/total_smile_and_property.csv; experimental CMC dataset; logCMC(uM)=3.11394335 converted to mol/L; https://github.com/sandialabs/P2SURF
CCCCCCCCCCOCCS(=O)(=O)[O-],anionic,1.0,0.0,0.0158999999882679,,,,,,P2SURF; Single_Surfactant_CMC/total_smile_and_property.csv; experimental CMC dataset; logCMC(uM)=4.20139712 converted to mol/L; https://github.com/sandialabs/P2SURF
CCCCCCCCCCCCOCCOS(=O)(=O)[O-],anionic,1.0,0.0,0.003899999999762,,,,,,P2SURF; Single_Surfactant_CMC/total_smile_and_property.csv; experimental CMC dataset; logCMC(uM)=3.59106461 converted to mol/L; https://github.com/sandialabs/P2SURF
CCCCCCCCCCCCOCCOCCOS(=O)(=O)[O-],anionic,2.0,0.0,0.0029000000006747,,,,,,P2SURF; Single_Surfactant_CMC/total_smile_and_property.csv; experimental CMC dataset; logCMC(uM)=3.462398 converted to mol/L; https://github.com/sandialabs/P2SURF
CCCCCCCCCCCCCCCCOCCOCCOCCOCCOCCOS(=O)(=O)[O-],anionic,5.0,0.0,2.500000001887904e-05,,,,,,P2SURF; Single_Surfactant_CMC/total_smile_and_property.csv; experimental CMC dataset; logCMC(uM)=1.39794001 converted to mol/L; https://github.com/sandialabs/P2SURF
CCCCCCCCC(CCCCCC)COCCOCCOCCOCCOCCOS(=O)(=O)[O-],anionic,5.0,0.0,8.599999995176808e-05,,,,,,P2SURF; Single_Surfactant_CMC/total_smile_and_property.csv; experimental CMC dataset; logCMC(uM)=1.93449845 converted to mol/L; https://github.com/sandialabs/P2SURF
CCCCOC(=O)CC(C(=O)OCCCC)S(=O)(=O)[O-],anionic,1.0,0.0,0.2000000001547421,,,,,,P2SURF; Single_Surfactant_CMC/total_smile_and_property.csv; experimental CMC dataset; logCMC(uM)=5.30103 converted to mol/L; https://github.com/sandialabs/P2SURF
CCCCCOC(=O)CC(C(=O)OCCCCC)S(=O)(=O)[O-],anionic,1.0,0.0,0.0530000000487184,,,,,,P2SURF; Single_Surfactant_CMC/total_smile_and_property.csv; experimental CMC dataset; logCMC(uM)=4.72427587 converted to mol/L; https://github.com/sandialabs/P2SURF
CCCCCCCCOC(=O)CC(C(=O)OCCCCCCCC)S(=O)(=O)[O-],anionic,1.0,0.0,0.0009099999993271,,,,,,P2SURF; Single_Surfactant_CMC/total_smile_and_property.csv; experimental CMC dataset; logCMC(uM)=2.95904139 converted to mol/L; https://github.com/sandialabs/P2SURF
CCCCCCCCCCCCC(C(=O)OCCCC)S(=O)(=O)[O-],anionic,1.0,0.0,0.0013499999984612,,,,,,P2SURF; Single_Surfactant_CMC/total_smile_and_property.csv; experimental CMC dataset; logCMC(uM)=3.13033377 converted to mol/L; https://github.com/sandialabs/P2SURF
CCCCCCOC(=O)CC(C(=O)OCCCCCC)S(=O)(=O)[O-],anionic,1.0,0.0,0.0014000000010372,,,,,,P2SURF; Single_Surfactant_CMC/total_smile_and_property.csv; experimental CMC dataset; logCMC(uM)=3.14612804 converted to mol/L; https://github.com/sandialabs/P2SURF
CCCCC(C)CCCCOCCOCCOCCOCCOCCOCCO,nonionic,6.0,0.0,0.0029699999978306,,,,,,P2SURF; Single_Surfactant_CMC/total_smile_and_property.csv; experimental CMC dataset; logCMC(uM)=3.47275645 converted to mol/L; https://github.com/sandialabs/P2SURF
CCCCC(C)CCCCOCCOCCOCCOCCOCCOCCOCCOCCOCCO,nonionic,9.0,0.0,0.0031999999976428,,,,,,P2SURF; Single_Surfactant_CMC/total_smile_and_property.csv; experimental CMC dataset; logCMC(uM)=3.50514998 converted to mol/L; https://github.com/sandialabs/P2SURF
CCC(C)CCOCCOCCOCCOCCOCCOCCO,nonionic,6.0,0.0,0.1,,,,,,P2SURF; Single_Surfactant_CMC/total_smile_and_property.csv; experimental CMC dataset; logCMC(uM)=5 converted to mol/L; https://github.com/sandialabs/P2SURF
CCCC(C)CCCOCCOCCOCCOCCOCCOCCO,nonionic,6.0,0.0,0.0229999999990682,,,,,,P2SURF; Single_Surfactant_CMC/total_smile_and_property.csv; experimental CMC dataset; logCMC(uM)=4.36172784 converted to mol/L; https://github.com/sandialabs/P2SURF
CCCCCCOCCOCCOCCOCCOCCOCCO,nonionic,6.0,0.0,0.796000000480816,,,,,,P2SURF; Single_Surfactant_CMC/total_smile_and_property.csv; experimental CMC dataset; logCMC(uM)=5.90091307 converted to mol/L; https://github.com/sandialabs/P2SURF
CCCCCCOCCOCCOCCOCCO,nonionic,4.0,0.0,0.0899999999089575,,,,,,P2SURF; Single_Surfactant_CMC/total_smile_and_property.csv; experimental CMC dataset; logCMC(uM)=4.95424251 converted to mol/L; https://github.com/sandialabs/P2SURF
CCCCCCOCCOCCOCCOCCOCCO,nonionic,5.0,0.0,0.0925000000555831,,,,,,P2SURF; Single_Surfactant_CMC/total_smile_and_property.csv; experimental CMC dataset; logCMC(uM)=4.96614173 converted to mol/L; https://github.com/sandialabs/P2SURF
CC(C)(C)OCCOCCOCCOCCOCCOCCO,nonionic,6.0,0.0,0.9099999993271948,,,,,,P2SURF; Single_Surfactant_CMC/total_smile_and_property.csv; experimental CMC dataset; logCMC(uM)=5.95904139 converted to mol/L; https://github.com/sandialabs/P2SURF
CCCCCCCCOCCOCCOCCOCCOCCOCCOCCOCCOCCO,nonionic,9.0,0.0,0.0129999999908152,,,,,,P2SURF; Single_Surfactant_CMC/total_smile_and_property.csv; experimental CMC dataset; logCMC(uM)=4.11394335 converted to mol/L; https://github.com/sandialabs/P2SURF
CCCCCCCCCCCCCCCCOCCOCCOCCOS(=O)(=O)[O-],anionic,3.0,0.0,7.292872635418485e-05,,,,,,P2SURF; Single_Surfactant_CMC/total_smile_and_property.csv; experimental CMC dataset; logCMC(uM)=1.86289863 converted to mol/L; https://github.com/sandialabs/P2SURF
CCCCCCCCCCCCCCCCOCCOCCOS(=O)(=O)[O-],anionic,2.0,0.0,0.0001223913930721,,,,,,P2SURF; Single_Surfactant_CMC/total_smile_and_property.csv; experimental CMC dataset; logCMC(uM)=2.08775088 converted to mol/L; https://github.com/sandialabs/P2SURF
CCCCCCCCCCCCCCCCOCCOS(=O)(=O)[O-],anionic,1.0,0.0,0.0002046930565082,,,,,,P2SURF; Single_Surfactant_CMC/total_smile_and_property.csv; experimental CMC dataset; logCMC(uM)=2.31110311 converted to mol/L; https://github.com/sandialabs/P2SURF
CCCCCCCCCCCCCCCCCCOCCOCCOCCOS(=O)(=O)[O-],anionic,3.0,0.0,4.461146589242475e-05,,,,,,P2SURF; Single_Surfactant_CMC/total_smile_and_property.csv; experimental CMC dataset; logCMC(uM)=1.64944649 converted to mol/L; https://github.com/sandialabs/P2SURF
CCCCCCCCCCCCCCCCCCOCCOCCOS(=O)(=O)[O-],anionic,2.0,0.0,9.13165730883212e-05,,,,,,P2SURF; Single_Surfactant_CMC/total_smile_and_property.csv; experimental CMC dataset; logCMC(uM)=1.9605496 converted to mol/L; https://github.com/sandialabs/P2SURF
CCCCCCCCCCCCCCCCCCOCCOS(=O)(=O)[O-],anionic,1.0,0.0,0.0001889307997687,,,,,,P2SURF; Single_Surfactant_CMC/total_smile_and_property.csv; experimental CMC dataset; logCMC(uM)=2.27630276 converted to mol/L; https://github.com/sandialabs/P2SURF
CCCCCC(C)(C)c1ccc(OCCO)cc1,nonionic,1.0,0.0,0.0002237708430158,,,,,,P2SURF; Single_Surfactant_CMC/total_smile_and_property.csv; experimental CMC dataset; logCMC(uM)=2.3498035 converted to mol/L; https://github.com/sandialabs/P2SURF
CCCCCC(C)(C)c1ccc(OCCOCCO)cc1,nonionic,2.0,0.0,0.0001179100208057,,,,,,P2SURF; Single_Surfactant_CMC/total_smile_and_property.csv; experimental CMC dataset; logCMC(uM)=2.07155072 converted to mol/L; https://github.com/sandialabs/P2SURF
CCCCCC(C)(C)c1ccc(OCCOCCOCCO)cc1,nonionic,3.0,0.0,0.0001020587133739,,,,,,P2SURF; Single_Surfactant_CMC/total_smile_and_property.csv; experimental CMC dataset; logCMC(uM)=2.00885009 converted to mol/L; https://github.com/sandialabs/P2SURF
CCCCCC(C)(C)c1ccc(OCCOCCOCCOCCO)cc1,nonionic,4.0,0.0,0.0001261249502681,,,,,,P2SURF; Single_Surfactant_CMC/total_smile_and_property.csv; experimental CMC dataset; logCMC(uM)=2.10080101 converted to mol/L; https://github.com/sandialabs/P2SURF
CCCCCC(C)(C)c1ccc(OCCOCCOCCOCCOCCO)cc1,nonionic,5.0,0.0,0.0001495897199061,,,,,,P2SURF; Single_Surfactant_CMC/total_smile_and_property.csv; experimental CMC dataset; logCMC(uM)=2.17490175 converted to mol/L; https://github.com/sandialabs/P2SURF
CCCCCC(C)(C)c1ccc(OCCOCCOCCOCCOCCOCCO)cc1,nonionic,6.0,0.0,0.0002013970203875,,,,,,P2SURF; Single_Surfactant_CMC/total_smile_and_property.csv; experimental CMC dataset; logCMC(uM)=2.30405304 converted to mol/L; https://github.com/sandialabs/P2SURF
CCCCCC(C)(C)c1ccc(OCCOCCOCCOCCOCCOCCOCCO)cc1,nonionic,7.0,0.0,0.0002457275807869,,,,,,P2SURF; Single_Surfactant_CMC/total_smile_and_property.csv; experimental CMC dataset; logCMC(uM)=2.39045391 converted to mol/L; https://github.com/sandialabs/P2SURF
CCCCCC(C)(C)c1ccc(OCCOCCOCCOCCOCCOCCOCCOCCO)cc1,nonionic,8.0,0.0,0.0002863548670316,,,,,,P2SURF; Single_Surfactant_CMC/total_smile_and_property.csv; experimental CMC dataset; logCMC(uM)=2.45690457 converted to mol/L; https://github.com/sandialabs/P2SURF
CCCCCC(C)(C)c1ccc(OCCOCCOCCOCCOCCOCCOCCOCCOCCO)cc1,nonionic,9.0,0.0,0.0003379911190186,,,,,,P2SURF; Single_Surfactant_CMC/total_smile_and_property.csv; experimental CMC dataset; logCMC(uM)=2.52890529 converted to mol/L; https://github.com/sandialabs/P2SURF
CCCCCC(C)(C)c1ccc(OCCOCCOCCOCCOCCOCCOCCOCCOCCOCCO)cc1,nonionic,10.0,0.0,0.0003560865057766,,,,,,P2SURF; Single_Surfactant_CMC/total_smile_and_property.csv; experimental CMC dataset; logCMC(uM)=2.55155552 converted to mol/L; https://github.com/sandialabs/P2SURF
O=S(=O)([O-])c1ccc(OCCCCCCOc2ccc(S(=O)(=O)[O-])cc2)cc1,anionic,1.0,0.0,0.0043738754202352,,,,,,P2SURF; Single_Surfactant_CMC/total_smile_and_property.csv; experimental CMC dataset; logCMC(uM)=3.64086641 converted to mol/L; https://github.com/sandialabs/P2SURF
CCCCCCCCCC1COCCC1OS(=O)(=O)[O-],anionic,1.0,0.0,0.0295886200454689,,,,,,P2SURF; Single_Surfactant_CMC/total_smile_and_property.csv; experimental CMC dataset; logCMC(uM)=4.47112471 converted to mol/L; https://github.com/sandialabs/P2SURF
CCCCCCCCCCCC1COCCC1OS(=O)(=O)[O-],anionic,1.0,0.0,0.0058259620858144,,,,,,P2SURF; Single_Surfactant_CMC/total_smile_and_property.csv; experimental CMC dataset; logCMC(uM)=3.76536765 converted to mol/L; https://github.com/sandialabs/P2SURF
CCCCCCCCCCCCCC1COCCC1OS(=O)(=O)[O-],anionic,1.0,0.0,0.0015054341965982,,,,,,P2SURF; Single_Surfactant_CMC/total_smile_and_property.csv; experimental CMC dataset; logCMC(uM)=3.17766178 converted to mol/L; https://github.com/sandialabs/P2SURF
CCCCCCCCCCCCCCCC1COCCC1OS(=O)(=O)[O-],anionic,1.0,0.0,0.0003510794861183,,,,,,P2SURF; Single_Surfactant_CMC/total_smile_and_property.csv; experimental CMC dataset; logCMC(uM)=2.54540545 converted to mol/L; https://github.com/sandialabs/P2SURF
CCCCCCCCCCC(C)OCCOCCO,nonionic,2.0,0.0,3.386454906624882e-05,,,,,,P2SURF; Single_Surfactant_CMC/total_smile_and_property.csv; experimental CMC dataset; logCMC(uM)=1.5297453 converted to mol/L; https://github.com/sandialabs/P2SURF
CCCCCCCCCCC(C)OCCOCCOCCOCCOCCO,nonionic,5.0,0.0,6.62290018864915e-05,,,,,,P2SURF; Single_Surfactant_CMC/total_smile_and_property.csv; experimental CMC dataset; logCMC(uM)=1.82104821 converted to mol/L; https://github.com/sandialabs/P2SURF
CCCCCCCCCCC(C)OCCOCCOCCO,nonionic,3.0,0.0,5.023969683005379e-05,,,,,,P2SURF; Single_Surfactant_CMC/total_smile_and_property.csv; experimental CMC dataset; logCMC(uM)=1.70104701 converted to mol/L; https://github.com/sandialabs/P2SURF
CCCCCCCCCCC(C)OCCOCCOCCOCCOCCOCCOCCO,nonionic,7.0,0.0,8.61686627124507e-05,,,,,,P2SURF; Single_Surfactant_CMC/total_smile_and_property.csv; experimental CMC dataset; logCMC(uM)=1.93534935 converted to mol/L; https://github.com/sandialabs/P2SURF
CCCCCCCCCCC(C)OCCOCCOCCOCCO,nonionic,4.0,0.0,6.251697561754043e-05,,,,,,P2SURF; Single_Surfactant_CMC/total_smile_and_property.csv; experimental CMC dataset; logCMC(uM)=1.79599796 converted to mol/L; https://github.com/sandialabs/P2SURF
CCCCCCCCCCC(C)OCCOCCOCCOCCOCCOCCOCCOCCO,nonionic,8.0,0.0,0.0001117636259085,,,,,,P2SURF; Single_Surfactant_CMC/total_smile_and_property.csv; experimental CMC dataset; logCMC(uM)=2.04830048 converted to mol/L; https://github.com/sandialabs/P2SURF
CCCCCCCCCCOCCS(=O)(=O)[O-],anionic,1.0,0.0,0.0160554342356469,,,,,,P2SURF; Single_Surfactant_CMC/total_smile_and_property.csv; experimental CMC dataset; logCMC(uM)=4.20562206 converted to mol/L; https://github.com/sandialabs/P2SURF
CCCCCCCCCCCCOCCOS(=O)(=O)[O-],anionic,1.0,0.0,0.0039338332608376,,,,,,P2SURF; Single_Surfactant_CMC/total_smile_and_property.csv; experimental CMC dataset; logCMC(uM)=3.59481595 converted to mol/L; https://github.com/sandialabs/P2SURF
CCCCCCCCCCCCOCCOCCOS(=O)(=O)[O-],anionic,2.0,0.0,0.0028688944940261,,,,,,P2SURF; Single_Surfactant_CMC/total_smile_and_property.csv; experimental CMC dataset; logCMC(uM)=3.45771458 converted to mol/L; https://github.com/sandialabs/P2SURF
CCCCCCCCCCCC(=O)NCCOCCOCCOCCO,nonionic,3.0,0.0,0.000505949348484,,,,,,P2SURF; Single_Surfactant_CMC/total_smile_and_property.csv; experimental CMC dataset; logCMC(uM)=2.70410704 converted to mol/L; https://github.com/sandialabs/P2SURF
CCCCCCCCCCCCOCCOCCOCCOCCOCCOCCOCCOCCOCCOCCO,nonionic,10.0,0.0,0.0001403787829937,,,,,,P2SURF; Single_Surfactant_CMC/total_smile_and_property.csv; experimental CMC dataset; logCMC(uM)=2.14730147 converted to mol/L; https://github.com/sandialabs/P2SURF
CCCCCCCCOc1ccc(NC(=O)C[N+](C)(C)CC[N+](C)(C)CC(=O)Nc2ccc(OCCCCCCCC)cc2)cc1,cationic,1.0,0.0,0.0002509999997219,,,,,,P2SURF; Single_Surfactant_CMC/total_smile_and_property.csv; experimental CMC dataset; logCMC(uM)=2.39967372 converted to mol/L; https://github.com/sandialabs/P2SURF
CCCCCCCCOc1ccc(NC(=O)C[N+](C)(C)CCCC[N+](C)(C)CC(=O)Nc2ccc(OCCCCCCCC)cc2)cc1,cationic,1.0,0.0,0.0002080000000178,,,,,,P2SURF; Single_Surfactant_CMC/total_smile_and_property.csv; experimental CMC dataset; logCMC(uM)=2.31806334 converted to mol/L; https://github.com/sandialabs/P2SURF
CCCCCCCCOc1ccc(NC(=O)C[N+](C)(C)CCCCCC[N+](C)(C)CC(=O)Nc2ccc(OCCCCCCCC)cc2)cc1,cationic,1.0,0.0,0.0001090000000149,,,,,,P2SURF; Single_Surfactant_CMC/total_smile_and_property.csv; experimental CMC dataset; logCMC(uM)=2.0374265 converted to mol/L; https://github.com/sandialabs/P2SURF
CCCCCCCCCCOc1ccc(NC(=O)C[N+](C)(C)CC[N+](C)(C)CC(=O)Nc2ccc(OCCCCCCCCCC)cc2)cc1,cationic,1.0,0.0,4.069999997889342e-05,,,,,,P2SURF; Single_Surfactant_CMC/total_smile_and_property.csv; experimental CMC dataset; logCMC(uM)=1.60959441 converted to mol/L; https://github.com/sandialabs/P2SURF
CCCCCCCCCCOc1ccc(NC(=O)C[N+](C)(C)CCCC[N+](C)(C)CC(=O)Nc2ccc(OCCCCCCCCCC)cc2)cc1,cationic,1.0,0.0,2.0699999978221704e-05,,,,,,P2SURF; Single_Surfactant_CMC/total_smile_and_property.csv; experimental CMC dataset; logCMC(uM)=1.31597034 converted to mol/L; https://github.com/sandialabs/P2SURF
CCCCCCCCCCOc1ccc(NC(=O)C[N+](C)(C)CCCCCC[N+](C)(C)CC(=O)Nc2ccc(OCCCCCCCCCC)cc2)cc1,cationic,1.0,0.0,1.0900000001490248e-05,,,,,,P2SURF; Single_Surfactant_CMC/total_smile_and_property.csv; experimental CMC dataset; logCMC(uM)=1.0374265 converted to mol/L; https://github.com/sandialabs/P2SURF
CCCCCCCCCCCCOc1ccc(NC(=O)C[N+](C)(C)CC[N+](C)(C)CC(=O)Nc2ccc(OCCCCCCCCCCCC)cc2)cc1,cationic,1.0,0.0,3.710000003288501e-05,,,,,,P2SURF; Single_Surfactant_CMC/total_smile_and_property.csv; experimental CMC dataset; logCMC(uM)=1.56937391 converted to mol/L; https://github.com/sandialabs/P2SURF
CCCCCCCCCCCCOc1ccc(NC(=O)C[N+](C)(C)CCCC[N+](C)(C)CC(=O)Nc2ccc(OCCCCCCCCCCCC)cc2)cc1,cationic,1.0,0.0,1.419999998747533e-05,,,,,,P2SURF; Single_Surfactant_CMC/total_smile_and_property.csv; experimental CMC dataset; logCMC(uM)=1.15228834 converted to mol/L; https://github.com/sandialabs/P2SURF
CCCCCCCCCCCCOc1ccc(NC(=O)C[N+](C)(C)CCCCCC[N+](C)(C)CC(=O)Nc2ccc(OCCCCCCCCCCCC)cc2)cc1,cationic,1.0,0.0,1.0399999992845144e-05,,,,,,P2SURF; Single_Surfactant_CMC/total_smile_and_property.csv; experimental CMC dataset; logCMC(uM)=1.01703334 converted to mol/L; https://github.com/sandialabs/P2SURF
CCCCCCCCCCCCCCOc1ccc(NC(=O)C[N+](C)(C)CC[N+](C)(C)CC(=O)Nc2ccc(OCCCCCCCCCCCCCC)cc2)cc1,cationic,1.0,0.0,2.080000000178348e-05,,,,,,P2SURF; Single_Surfactant_CMC/total_smile_and_property.csv; experimental CMC dataset; logCMC(uM)=1.31806333 converted to mol/L; https://github.com/sandialabs/P2SURF
CCCCCCCCCCCCCCOc1ccc(NC(=O)C[N+](C)(C)CCCC[N+](C)(C)CC(=O)Nc2ccc(OCCCCCCCCCCCCCC)cc2)cc1,cationic,1.0,0.0,1.1799999991682423e-05,,,,,,P2SURF; Single_Surfactant_CMC/total_smile_and_property.csv; experimental CMC dataset; logCMC(uM)=1.07188201 converted to mol/L; https://github.com/sandialabs/P2SURF
CCCCCCCCCCCCCCOc1ccc(NC(=O)C[N+](C)(C)CCCCCC[N+](C)(C)CC(=O)Nc2ccc(OCCCCCCCCCCCCCC)cc2)cc1,cationic,1.0,0.0,2.750000001074795e-05,,,,,,P2SURF; Single_Surfactant_CMC/total_smile_and_property.csv; experimental CMC dataset; logCMC(uM)=1.43933269 converted to mol/L; https://github.com/sandialabs/P2SURF
CCCCCCCCCCCCCCCCOc1ccc(NC(=O)C[N+](C)(C)CC[N+](C)(C)CC(=O)Nc2ccc(OCCCCCCCCCCCCCCCC)cc2)cc1,cationic,1.0,0.0,1.4000000010372393e-05,,,,,,P2SURF; Single_Surfactant_CMC/total_smile_and_property.csv; experimental CMC dataset; logCMC(uM)=1.14612804 converted to mol/L; https://github.com/sandialabs/P2SURF
CCCCCCCCCCCCCCCCOc1ccc(NC(=O)C[N+](C)(C)CCCC[N+](C)(C)CC(=O)Nc2ccc(OCCCCCCCCCCCCCCCC)cc2)cc1,cationic,1.0,0.0,8.999999990895758e-06,,,,,,P2SURF; Single_Surfactant_CMC/total_smile_and_property.csv; experimental CMC dataset; logCMC(uM)=0.954242509 converted to mol/L; https://github.com/sandialabs/P2SURF
CCCCCCCCCCCCCCCCOc1ccc(NC(=O)C[N+](C)(C)CCCCCC[N+](C)(C)CC(=O)Nc2ccc(OCCCCCCCCCCCCCCCC)cc2)cc1,cationic,1.0,0.0,2.880000001596645e-05,,,,,,P2SURF; Single_Surfactant_CMC/total_smile_and_property.csv; experimental CMC dataset; logCMC(uM)=1.45939249 converted to mol/L; https://github.com/sandialabs/P2SURF
CCCCCCCCCCCC(=O)OCC(C)[N+](C)(C)CC(O)CN(CCCCC)CC(O)C[N+](C)(C)C(C)COC(=O)CCCCCCCCCCC,cationic,0.0,1.0,6.28058358813318e-05,,,,,,P2SURF; Single_Surfactant_CMC/total_smile_and_property.csv; experimental CMC dataset; logCMC(uM)=1.798 converted to mol/L; https://github.com/sandialabs/P2SURF
CCCCCCCCCCCC(=O)OCC(C)[N+](C)(C)CC(O)CN(CCCCCC)CC(O)C[N+](C)(C)C(C)COC(=O)CCCCCCCCCCC,cationic,0.0,1.0,5.915616341754743e-05,,,,,,P2SURF; Single_Surfactant_CMC/total_smile_and_property.csv; experimental CMC dataset; logCMC(uM)=1.772 converted to mol/L; https://github.com/sandialabs/P2SURF
CCCCCCCCCCCC(=O)OCC(C)[N+](C)(C)CC(O)CN(CCCCCCCC)CC(O)C[N+](C)(C)C(C)COC(=O)CCCCCCCCCCC,cationic,0.0,1.0,5.407543229455816e-05,,,,,,P2SURF; Single_Surfactant_CMC/total_smile_and_property.csv; experimental CMC dataset; logCMC(uM)=1.733 converted to mol/L; https://github.com/sandialabs/P2SURF
CCCCCCCCCCCC(=O)OCCC[N+](C)(C)CC(O)CN(CCCCC)CC(O)C[N+](C)(C)CCCOC(=O)CCCCCCCCCCC,cationic,1.0,0.0,4.87528490103386e-05,,,,,,P2SURF; Single_Surfactant_CMC/total_smile_and_property.csv; experimental CMC dataset; logCMC(uM)=1.688 converted to mol/L; https://github.com/sandialabs/P2SURF
CCCCCCCCCCCC(=O)OCCC[N+](C)(C)CC(O)CN(CCCCCC)CC(O)C[N+](C)(C)CCCOC(=O)CCCCCCCCCCC,cationic,1.0,0.0,4.466835921509635e-05,,,,,,P2SURF; Single_Surfactant_CMC/total_smile_and_property.csv; experimental CMC dataset; logCMC(uM)=1.65 converted to mol/L; https://github.com/sandialabs/P2SURF
CCCCCCCCCCCC(=O)OCCC[N+](C)(C)CC(O)CN(CCCCCCCC)CC(O)C[N+](C)(C)CCCOC(=O)CCCCCCCCCCC,cationic,1.0,0.0,4.07380277804113e-05,,,,,,P2SURF; Single_Surfactant_CMC/total_smile_and_property.csv; experimental CMC dataset; logCMC(uM)=1.61 converted to mol/L; https://github.com/sandialabs/P2SURF
CCCCCCCCCCOc1ccc[n+](CC(O)C[n+]2cccc(OCCCCCCCCCC)c2)c1,cationic,1.0,0.0,0.001,,,,,,P2SURF; Single_Surfactant_CMC/total_smile_and_property.csv; experimental CMC dataset; logCMC(uM)=3 converted to mol/L; https://github.com/sandialabs/P2SURF
CCCCCCCCCCCCOc1ccc[n+](CCCC[n+]2cccc(OCCCCCCCCCCCC)c2)c1,cationic,1.0,0.0,0.0002398832919019,,,,,,P2SURF; Single_Surfactant_CMC/total_smile_and_property.csv; experimental CMC dataset; logCMC(uM)=2.38 converted to mol/L; https://github.com/sandialabs/P2SURF
CCCCCCCCCCCCOc1ccc[n+](CCC[n+]2cccc(OCCCCCCCCCCCC)c2)c1,cationic,1.0,0.0,0.0001901078279923,,,,,,P2SURF; Single_Surfactant_CMC/total_smile_and_property.csv; experimental CMC dataset; logCMC(uM)=2.279 converted to mol/L; https://github.com/sandialabs/P2SURF
CCCCCCCC[N+](C)(C)CCOCC[N+](C)(C)CCCCCCCC,cationic,1.0,0.0,0.0210862814993328,,,,,,P2SURF; Single_Surfactant_CMC/total_smile_and_property.csv; experimental CMC dataset; logCMC(uM)=4.324 converted to mol/L; https://github.com/sandialabs/P2SURF
CCCCCCCCCC[N+](C)(C)CCOCC[N+](C)(C)CCCCCCCCCC,cationic,1.0,0.0,0.0065917389524432,,,,,,P2SURF; Single_Surfactant_CMC/total_smile_and_property.csv; experimental CMC dataset; logCMC(uM)=3.819 converted to mol/L; https://github.com/sandialabs/P2SURF
CCCCCCCCCCCC[N+](C)(C)CCOCC[N+](C)(C)CCCCCCCCCCCC,cationic,1.0,0.0,0.0010471285480508,,,,,,P2SURF; Single_Surfactant_CMC/total_smile_and_property.csv; experimental CMC dataset; logCMC(uM)=3.02 converted to mol/L; https://github.com/sandialabs/P2SURF
CCCCCCCCCCCCCC[N+](C)(C)CCOCC[N+](C)(C)CCCCCCCCCCCCCC,cationic,1.0,0.0,0.0002009092812608,,,,,,P2SURF; Single_Surfactant_CMC/total_smile_and_property.csv; experimental CMC dataset; logCMC(uM)=2.303 converted to mol/L; https://github.com/sandialabs/P2SURF
Cn1cc[n+](COCCOC[n+]2ccn(C)c2)c1,cationic,1.0,0.0,0.0070794578438413,,,,,,P2SURF; Single_Surfactant_CMC/total_smile_and_property.csv; experimental CMC dataset; logCMC(uM)=3.85 converted to mol/L; https://github.com/sandialabs/P2SURF
Cn1cc[n+](COCCCOC[n+]2ccn(C)c2)c1,cationic,1.0,0.0,0.0066069344800759,,,,,,P2SURF; Single_Surfactant_CMC/total_smile_and_property.csv; experimental CMC dataset; logCMC(uM)=3.82 converted to mol/L; https://github.com/sandialabs/P2SURF
CCn1cc[n+](COCCOC[n+]2ccn(CC)c2)c1,cationic,1.0,0.0,0.0058884365535558,,,,,,P2SURF; Single_Surfactant_CMC/total_smile_and_property.csv; experimental CMC dataset; logCMC(uM)=3.77 converted to mol/L; https://github.com/sandialabs/P2SURF
Cn1cc[n+](COCCCCCOC[n+]2ccn(C)c2)c1,cationic,1.0,0.0,0.0056234132519034,,,,,,P2SURF; Single_Surfactant_CMC/total_smile_and_property.csv; experimental CMC dataset; logCMC(uM)=3.75 converted to mol/L; https://github.com/sandialabs/P2SURF
CCn1cc[n+](COCCCOC[n+]2ccn(CC)c2)c1,cationic,1.0,0.0,0.0054954087385762,,,,,,P2SURF; Single_Surfactant_CMC/total_smile_and_property.csv; experimental CMC dataset; logCMC(uM)=3.74 converted to mol/L; https://github.com/sandialabs/P2SURF
CCn1cc[n+](COCCCCOC[n+]2ccn(CC)c2)c1,cationic,1.0,0.0,0.0050118723362727,,,,,,P2SURF; Single_Surfactant_CMC/total_smile_and_property.csv; experimental CMC dataset; logCMC(uM)=3.7 converted to mol/L; https://github.com/sandialabs/P2SURF
CCn1cc[n+](COCCCCCOC[n+]2ccn(CC)c2)c1,cationic,1.0,0.0,0.0046773514128719,,,,,,P2SURF; Single_Surfactant_CMC/total_smile_and_property.csv; experimental CMC dataset; logCMC(uM)=3.67 converted to mol/L; https://github.com/sandialabs/P2SURF
CCn1cc[n+](COCCCCCCOC[n+]2ccn(CC)c2)c1,cationic,1.0,0.0,0.0042657951880159,,,,,,P2SURF; Single_Surfactant_CMC/total_smile_and_property.csv; experimental CMC dataset; logCMC(uM)=3.63 converted to mol/L; https://github.com/sandialabs/P2SURF
CCCn1cc[n+](COCCOC[n+]2ccn(CCC)c2)c1,cationic,1.0,0.0,0.0041686938347033,,,,,,P2SURF; Single_Surfactant_CMC/total_smile_and_property.csv; experimental CMC dataset; logCMC(uM)=3.62 converted to mol/L; https://github.com/sandialabs/P2SURF
CCCn1cc[n+](COCCCCOC[n+]2ccn(CCC)c2)c1,cationic,1.0,0.0,0.0040738027780411,,,,,,P2SURF; Single_Surfactant_CMC/total_smile_and_property.csv; experimental CMC dataset; logCMC(uM)=3.61 converted to mol/L; https://github.com/sandialabs/P2SURF
CCCCn1cc[n+](COCCOC[n+]2ccn(CCCC)c2)c1,cationic,1.0,0.0,0.0038904514499428,,,,,,P2SURF; Single_Surfactant_CMC/total_smile_and_property.csv; experimental CMC dataset; logCMC(uM)=3.59 converted to mol/L; https://github.com/sandialabs/P2SURF
CCCn1cc[n+](COCCCCCOC[n+]2ccn(CCC)c2)c1,cationic,1.0,0.0,0.0038904514499428,,,,,,P2SURF; Single_Surfactant_CMC/total_smile_and_property.csv; experimental CMC dataset; logCMC(uM)=3.59 converted to mol/L; https://github.com/sandialabs/P2SURF
CCCCn1cc[n+](COCCCOC[n+]2ccn(CCCC)c2)c1,cationic,1.0,0.0,0.003630780547701,,,,,,P2SURF; Single_Surfactant_CMC/total_smile_and_property.csv; experimental CMC dataset; logCMC(uM)=3.56 converted to mol/L; https://github.com/sandialabs/P2SURF
CCCn1cc[n+](COCCCCCCOC[n+]2ccn(CCC)c2)c1,cationic,1.0,0.0,0.0035481338923357,,,,,,P2SURF; Single_Surfactant_CMC/total_smile_and_property.csv; experimental CMC dataset; logCMC(uM)=3.55 converted to mol/L; https://github.com/sandialabs/P2SURF
CCCCn1cc[n+](COCCCCCOC[n+]2ccn(CCCC)c2)c1,cationic,1.0,0.0,0.0032359365692962,,,,,,P2SURF; Single_Surfactant_CMC/total_smile_and_property.csv; experimental CMC dataset; logCMC(uM)=3.51 converted to mol/L; https://github.com/sandialabs/P2SURF
CCCCCn1cc[n+](COCCOC[n+]2ccn(CCCCC)c2)c1,cationic,1.0,0.0,0.0032359365692962,,,,,,P2SURF; Single_Surfactant_CMC/total_smile_and_property.csv; experimental CMC dataset; logCMC(uM)=3.51 converted to mol/L; https://github.com/sandialabs/P2SURF
CCCCCn1cc[n+](COCCCOC[n+]2ccn(CCCCC)c2)c1,cationic,1.0,0.0,0.003019951720402,,,,,,P2SURF; Single_Surfactant_CMC/total_smile_and_property.csv; experimental CMC dataset; logCMC(uM)=3.48 converted to mol/L; https://github.com/sandialabs/P2SURF
CCCCCn1cc[n+](COCCCCOC[n+]2ccn(CCCCC)c2)c1,cationic,1.0,0.0,0.0029512092266663,,,,,,P2SURF; Single_Surfactant_CMC/total_smile_and_property.csv; experimental CMC dataset; logCMC(uM)=3.47 converted to mol/L; https://github.com/sandialabs/P2SURF
CCCCn1cc[n+](COCCCCCCOC[n+]2ccn(CCCC)c2)c1,cationic,1.0,0.0,0.0028840315031266,,,,,,P2SURF; Single_Surfactant_CMC/total_smile_and_property.csv; experimental CMC dataset; logCMC(uM)=3.46 converted to mol/L; https://github.com/sandialabs/P2SURF
CCCCCn1cc[n+](COCCCCCCOC[n+]2ccn(CCCCC)c2)c1,cationic,1.0,0.0,0.0023988329190194,,,,,,P2SURF; Single_Surfactant_CMC/total_smile_and_property.csv; experimental CMC dataset; logCMC(uM)=3.38 converted to mol/L; https://github.com/sandialabs/P2SURF
CCCCCCn1cc[n+](COCCCCOC[n+]2ccn(CCCCCC)c2)c1,cationic,1.0,0.0,0.0022908676527677,,,,,,P2SURF; Single_Surfactant_CMC/total_smile_and_property.csv; experimental CMC dataset; logCMC(uM)=3.36 converted to mol/L; https://github.com/sandialabs/P2SURF
CCCCCCCn1cc[n+](COCCOC[n+]2ccn(CCCCCCC)c2)c1,cationic,1.0,0.0,0.0022387211385683,,,,,,P2SURF; Single_Surfactant_CMC/total_smile_and_property.csv; experimental CMC dataset; logCMC(uM)=3.35 converted to mol/L; https://github.com/sandialabs/P2SURF
CCCCCCn1cc[n+](COCCCCCOC[n+]2ccn(CCCCCC)c2)c1,cationic,1.0,0.0,0.0021379620895022,,,,,,P2SURF; Single_Surfactant_CMC/total_smile_and_property.csv; experimental CMC dataset; logCMC(uM)=3.33 converted to mol/L; https://github.com/sandialabs/P2SURF
CCCCCCCn1cc[n+](COCCCOC[n+]2ccn(CCCCCCC)c2)c1,cationic,1.0,0.0,0.002089296130854,,,,,,P2SURF; Single_Surfactant_CMC/total_smile_and_property.csv; experimental CMC dataset; logCMC(uM)=3.32 converted to mol/L; https://github.com/sandialabs/P2SURF
CCCCCCCn1cc[n+](COCCCCOC[n+]2ccn(CCCCCCC)c2)c1,cationic,1.0,0.0,0.001949844599758,,,,,,P2SURF; Single_Surfactant_CMC/total_smile_and_property.csv; experimental CMC dataset; logCMC(uM)=3.29 converted to mol/L; https://github.com/sandialabs/P2SURF
CCCCCCn1cc[n+](COCCCCCCOC[n+]2ccn(CCCCCC)c2)c1,cationic,1.0,0.0,0.001949844599758,,,,,,P2SURF; Single_Surfactant_CMC/total_smile_and_property.csv; experimental CMC dataset; logCMC(uM)=3.29 converted to mol/L; https://github.com/sandialabs/P2SURF
CCCCCCCCn1cc[n+](COCCOC[n+]2ccn(CCCCCCCC)c2)c1,cationic,1.0,0.0,0.0019054607179632,,,,,,P2SURF; Single_Surfactant_CMC/total_smile_and_property.csv; experimental CMC dataset; logCMC(uM)=3.28 converted to mol/L; https://github.com/sandialabs/P2SURF
CCCCCCCCn1cc[n+](COCCCOC[n+]2ccn(CCCCCCCC)c2)c1,cationic,1.0,0.0,0.0017782794100389,,,,,,P2SURF; Single_Surfactant_CMC/total_smile_and_property.csv; experimental CMC dataset; logCMC(uM)=3.25 converted to mol/L; https://github.com/sandialabs/P2SURF
CCCCCCCn1cc[n+](COCCCCCOC[n+]2ccn(CCCCCCC)c2)c1,cationic,1.0,0.0,0.0017782794100389,,,,,,P2SURF; Single_Surfactant_CMC/total_smile_and_property.csv; experimental CMC dataset; logCMC(uM)=3.25 converted to mol/L; https://github.com/sandialabs/P2SURF
CCCCCCCCn1cc[n+](COCCCCOC[n+]2ccn(CCCCCCCC)c2)c1,cationic,1.0,0.0,0.0016218100973589,,,,,,P2SURF; Single_Surfactant_CMC/total_smile_and_property.csv; experimental CMC dataset; logCMC(uM)=3.21 converted to mol/L; https://github.com/sandialabs/P2SURF
CCCCCCCn1cc[n+](COCCCCCCOC[n+]2ccn(CCCCCCC)c2)c1,cationic,1.0,0.0,0.0016218100973589,,,,,,P2SURF; Single_Surfactant_CMC/total_smile_and_property.csv; experimental CMC dataset; logCMC(uM)=3.21 converted to mol/L; https://github.com/sandialabs/P2SURF
CCCCCCCCCn1cc[n+](COCCOC[n+]2ccn(CCCCCCCCC)c2)c1,cationic,1.0,0.0,0.0015488166189124,,,,,,P2SURF; Single_Surfactant_CMC/total_smile_and_property.csv; experimental CMC dataset; logCMC(uM)=3.19 converted to mol/L; https://github.com/sandialabs/P2SURF
CCCCCCCCCn1cc[n+](COCCCOC[n+]2ccn(CCCCCCCCC)c2)c1,cationic,1.0,0.0,0.0014454397707459,,,,,,P2SURF; Single_Surfactant_CMC/total_smile_and_property.csv; experimental CMC dataset; logCMC(uM)=3.16 converted to mol/L; https://github.com/sandialabs/P2SURF
CCCCCCCCn1cc[n+](COCCCCCCOC[n+]2ccn(CCCCCCCC)c2)c1,cationic,1.0,0.0,0.0013489628825916,,,,,,P2SURF; Single_Surfactant_CMC/total_smile_and_property.csv; experimental CMC dataset; logCMC(uM)=3.13 converted to mol/L; https://github.com/sandialabs/P2SURF
CCCCCCCCCn1cc[n+](COCCCCOC[n+]2ccn(CCCCCCCCC)c2)c1,cationic,1.0,0.0,0.0013182567385564,,,,,,P2SURF; Single_Surfactant_CMC/total_smile_and_property.csv; experimental CMC dataset; logCMC(uM)=3.12 converted to mol/L; https://github.com/sandialabs/P2SURF
CCCCCCCCCn1cc[n+](COCCCCCOC[n+]2ccn(CCCCCCCCC)c2)c1,cationic,1.0,0.0,0.0012302687708123,,,,,,P2SURF; Single_Surfactant_CMC/total_smile_and_property.csv; experimental CMC dataset; logCMC(uM)=3.09 converted to mol/L; https://github.com/sandialabs/P2SURF
CCCCCCCCCCn1cc[n+](COCCCOC[n+]2ccn(CCCCCCCCCC)c2)c1,cationic,1.0,0.0,0.0011220184543019,,,,,,P2SURF; Single_Surfactant_CMC/total_smile_and_property.csv; experimental CMC dataset; logCMC(uM)=3.05 converted to mol/L; https://github.com/sandialabs/P2SURF
CCCCCCCCCn1cc[n+](COCCCCCCOC[n+]2ccn(CCCCCCCCC)c2)c1,cationic,1.0,0.0,0.0011220184543019,,,,,,P2SURF; Single_Surfactant_CMC/total_smile_and_property.csv; experimental CMC dataset; logCMC(uM)=3.05 converted to mol/L; https://github.com/sandialabs/P2SURF
CCCCCCCCCCn1cc[n+](COCCCCOC[n+]2ccn(CCCCCCCCCC)c2)c1,cationic,1.0,0.0,0.001,,,,,,P2SURF; Single_Surfactant_CMC/total_smile_and_property.csv; experimental CMC dataset; logCMC(uM)=3 converted to mol/L; https://github.com/sandialabs/P2SURF
CCCCCCCCCCCn1cc[n+](COCCOC[n+]2ccn(CCCCCCCCCCC)c2)c1,cationic,1.0,0.0,0.0009120108393559,,,,,,P2SURF; Single_Surfactant_CMC/total_smile_and_property.csv; experimental CMC dataset; logCMC(uM)=2.96 converted to mol/L; https://github.com/sandialabs/P2SURF
CCCCCCCCCCCn1cc[n+](COCCCOC[n+]2ccn(CCCCCCCCCCC)c2)c1,cationic,1.0,0.0,0.0008511380382023,,,,,,P2SURF; Single_Surfactant_CMC/total_smile_and_property.csv; experimental CMC dataset; logCMC(uM)=2.93 converted to mol/L; https://github.com/sandialabs/P2SURF
CCCCCCCCCCn1cc[n+](COCCCCCOC[n+]2ccn(CCCCCCCCCC)c2)c1,cationic,1.0,0.0,0.0008511380382023,,,,,,P2SURF; Single_Surfactant_CMC/total_smile_and_property.csv; experimental CMC dataset; logCMC(uM)=2.93 converted to mol/L; https://github.com/sandialabs/P2SURF
CCCCCCCCCCn1cc[n+](COCCCCCCOC[n+]2ccn(CCCCCCCCCC)c2)c1,cationic,1.0,0.0,0.0008511380382023,,,,,,P2SURF; Single_Surfactant_CMC/total_smile_and_property.csv; experimental CMC dataset; logCMC(uM)=2.93 converted to mol/L; https://github.com/sandialabs/P2SURF
CCCCCCCCCCCn1cc[n+](COCCCCOC[n+]2ccn(CCCCCCCCCCC)c2)c1,cationic,1.0,0.0,0.0007413102413009,,,,,,P2SURF; Single_Surfactant_CMC/total_smile_and_property.csv; experimental CMC dataset; logCMC(uM)=2.87 converted to mol/L; https://github.com/sandialabs/P2SURF
CCCCCCCCCCCCn1cc[n+](COCCOC[n+]2ccn(CCCCCCCCCCCC)c2)c1,cationic,1.0,0.0,0.0007079457843841,,,,,,P2SURF; Single_Surfactant_CMC/total_smile_and_property.csv; experimental CMC dataset; logCMC(uM)=2.85 converted to mol/L; https://github.com/sandialabs/P2SURF
CCCCCCCCCCCn1cc[n+](COCCCCCOC[n+]2ccn(CCCCCCCCCCC)c2)c1,cationic,1.0,0.0,0.0006918309709189,,,,,,P2SURF; Single_Surfactant_CMC/total_smile_and_property.csv; experimental CMC dataset; logCMC(uM)=2.84 converted to mol/L; https://github.com/sandialabs/P2SURF
CCCCCCCCCCCCn1cc[n+](COCCCOC[n+]2ccn(CCCCCCCCCCCC)c2)c1,cationic,1.0,0.0,0.0006606934480075,,,,,,P2SURF; Single_Surfactant_CMC/total_smile_and_property.csv; experimental CMC dataset; logCMC(uM)=2.82 converted to mol/L; https://github.com/sandialabs/P2SURF
CCCCCCCCCCCn1cc[n+](COCCCCCCOC[n+]2ccn(CCCCCCCCCCC)c2)c1,cationic,1.0,0.0,0.0006309573444801,,,,,,P2SURF; Single_Surfactant_CMC/total_smile_and_property.csv; experimental CMC dataset; logCMC(uM)=2.8 converted to mol/L; https://github.com/sandialabs/P2SURF
CCCC[N+](C)(C)CCOCC[N+](C)(C)CCCC,cationic,1.0,0.0,0.1584893192461114,,,,,,P2SURF; Single_Surfactant_CMC/total_smile_and_property.csv; experimental CMC dataset; logCMC(uM)=5.2 converted to mol/L; https://github.com/sandialabs/P2SURF
CCCCCC[N+](C)(C)CCOCC[N+](C)(C)CCCCCC,cationic,1.0,0.0,0.081096105785384,,,,,,P2SURF; Single_Surfactant_CMC/total_smile_and_property.csv; experimental CMC dataset; logCMC(uM)=4.909 converted to mol/L; https://github.com/sandialabs/P2SURF
Cn1cc[n+](COCCCCOC[n+]2ccn(C)c2)c1,cationic,1.0,0.0,0.0060255958607435,,,,,,P2SURF; Single_Surfactant_CMC/total_smile_and_property.csv; experimental CMC dataset; logCMC(uM)=3.78 converted to mol/L; https://github.com/sandialabs/P2SURF
Cn1cc[n+](COCCCCCCOC[n+]2ccn(C)c2)c1,cationic,1.0,0.0,0.0051286138399136,,,,,,P2SURF; Single_Surfactant_CMC/total_smile_and_property.csv; experimental CMC dataset; logCMC(uM)=3.71 converted to mol/L; https://github.com/sandialabs/P2SURF
CCCn1cc[n+](COCCCOC[n+]2ccn(CCC)c2)c1,cationic,1.0,0.0,0.0047863009232263,,,,,,P2SURF; Single_Surfactant_CMC/total_smile_and_property.csv; experimental CMC dataset; logCMC(uM)=3.68 converted to mol/L; https://github.com/sandialabs/P2SURF
CCCCn1cc[n+](COCCCCOC[n+]2ccn(CCCC)c2)c1,cationic,1.0,0.0,0.0035481338923357,,,,,,P2SURF; Single_Surfactant_CMC/total_smile_and_property.csv; experimental CMC dataset; logCMC(uM)=3.55 converted to mol/L; https://github.com/sandialabs/P2SURF
CCCCCn1cc[n+](COCCCCCOC[n+]2ccn(CCCCC)c2)c1,cationic,1.0,0.0,0.0026302679918953,,,,,,P2SURF; Single_Surfactant_CMC/total_smile_and_property.csv; experimental CMC dataset; logCMC(uM)=3.42 converted to mol/L; https://github.com/sandialabs/P2SURF
CCCCCCn1cc[n+](COCCOC[n+]2ccn(CCCCCC)c2)c1,cationic,1.0,0.0,0.0026302679918953,,,,,,P2SURF; Single_Surfactant_CMC/total_smile_and_property.csv; experimental CMC dataset; logCMC(uM)=3.42 converted to mol/L; https://github.com/sandialabs/P2SURF
CCCCCCn1cc[n+](COCCCOC[n+]2ccn(CCCCCC)c2)c1,cationic,1.0,0.0,0.002454708915685,,,,,,P2SURF; Single_Surfactant_CMC/total_smile_and_property.csv; experimental CMC dataset; logCMC(uM)=3.39 converted to mol/L; https://github.com/sandialabs/P2SURF
CCCCCCCCn1cc[n+](COCCCCCOC[n+]2ccn(CCCCCCCC)c2)c1,cationic,1.0,0.0,0.0014791083881682,,,,,,P2SURF; Single_Surfactant_CMC/total_smile_and_property.csv; experimental CMC dataset; logCMC(uM)=3.17 converted to mol/L; https://github.com/sandialabs/P2SURF
CCCCCCCCCCn1cc[n+](COCCOC[n+]2ccn(CCCCCCCCCC)c2)c1,cationic,1.0,0.0,0.0012022644346174,,,,,,P2SURF; Single_Surfactant_CMC/total_smile_and_property.csv; experimental CMC dataset; logCMC(uM)=3.08 converted to mol/L; https://github.com/sandialabs/P2SURF
CCCCCCCCCCCCOC(=O)C[n+]1ccc(CCCc2cc[n+](CC(=O)OCCCCCCCCCCCC)cc2)cc1,cationic,1.0,0.0,3.5974933515574234e-05,,,,,,P2SURF; Single_Surfactant_CMC/total_smile_and_property.csv; experimental CMC dataset; logCMC(uM)=1.556 converted to mol/L; https://github.com/sandialabs/P2SURF
CCCCCCCCCCCCOCC(O)Cn1cc[n+](CCC[n+]2ccn(CC(O)COCCCCCCCCCCCC)c2)c1,cationic,1.0,0.0,1.9998618696327447e-05,,,,,,P2SURF; Single_Surfactant_CMC/total_smile_and_property.csv; experimental CMC dataset; logCMC(uM)=1.301 converted to mol/L; https://github.com/sandialabs/P2SURF
CCCCCCCCCCCCCCOc1ccc[n+](CC[n+]2cccc(OCCCCCCCCCCCCCC)c2)c1,cationic,1.0,0.0,3.3962527259040815e-05,,,,,,P2SURF; Single_Surfactant_CMC/total_smile_and_property.csv; experimental CMC dataset; logCMC(uM)=1.531 converted to mol/L; https://github.com/sandialabs/P2SURF
CCCCCCCCCCCCCCCCCC[N+](C)CCOCC[N+](C)(C)CCCCCCCCCCCCCCCCCC,cationic,1.0,0.0,3.303695410368149e-05,,,,,,P2SURF; Single_Surfactant_CMC/total_smile_and_property.csv; experimental CMC dataset; logCMC(uM)=1.519 converted to mol/L; https://github.com/sandialabs/P2SURF
CCCCCCCCCCCCCCCC[N+](C)(C)CCOCC[N+](C)(C)CCCCCCCCCCCCCCCC,cationic,1.0,0.0,3.1988951096913973e-05,,,,,,P2SURF; Single_Surfactant_CMC/total_smile_and_property.csv; experimental CMC dataset; logCMC(uM)=1.505 converted to mol/L; https://github.com/sandialabs/P2SURF
CCCCCCCCCCCCCCOc1ccc[n+](CCCC[n+]2cccc(OCCCCCCCCCCCCCC)c2)c1,cationic,1.0,0.0,5.9979107625551005e-05,,,,,,P2SURF; Single_Surfactant_CMC/total_smile_and_property.csv; experimental CMC dataset; logCMC(uM)=1.778 converted to mol/L; https://github.com/sandialabs/P2SURF
CCCCCCCCCCCCCCOc1ccc[n+](CCC[n+]2cccc(OCCCCCCCCCCCCCC)c2)c1,cationic,1.0,0.0,5.199959965335162e-05,,,,,,P2SURF; Single_Surfactant_CMC/total_smile_and_property.csv; experimental CMC dataset; logCMC(uM)=1.716 converted to mol/L; https://github.com/sandialabs/P2SURF
CCCCCCCCCCCCCCOc1ccc[n+](CC(O)C[n+]2cccc(OCCCCCCCCCCCCCC)c2)c1,cationic,1.0,0.0,2.6977394324449205e-05,,,,,,P2SURF; Single_Surfactant_CMC/total_smile_and_property.csv; experimental CMC dataset; logCMC(uM)=1.431 converted to mol/L; https://github.com/sandialabs/P2SURF
CCCCCCCCCCCCCCCCC(=O)OCC[n+]1ccc(CCCc2cc[n+](CCOC(=O)CCCCCCCCCCCCCCCC)cc2)cc1,cationic,1.0,0.0,3.5974933515574234e-05,,,,,,P2SURF; Single_Surfactant_CMC/total_smile_and_property.csv; experimental CMC dataset; logCMC(uM)=1.556 converted to mol/L; https://github.com/sandialabs/P2SURF
CCCCCCCCCCCCCCCCC(=O)OCC[n+]1ccc(CCCc2cc[n+](CCOC(=O)CCCCCCCCCCCCCCCC)cc2)cc1,cationic,1.0,0.0,5.495408738576248e-05,,,,,,P2SURF; Single_Surfactant_CMC/total_smile_and_property.csv; experimental CMC dataset; logCMC(uM)=1.74 converted to mol/L; https://github.com/sandialabs/P2SURF
CCCCCCCCCCCCCCOCC(O)Cn1cc[n+](CCC[n+]2ccn(CC(O)COCCCCCCCCCCCCCC)c2)c1,cationic,1.0,0.0,7.095777679633887e-05,,,,,,P2SURF; Single_Surfactant_CMC/total_smile_and_property.csv; experimental CMC dataset; logCMC(uM)=1.851 converted to mol/L; https://github.com/sandialabs/P2SURF
CCCCCCC(CCCCCCCCCCCOS(=O)(=O)[O-])O.[Na+],anionic,1.0,0.0,0.00022,,,,,,PSDI/NIST Critical Micelle Concentrations of Aqueous Surfactant Systems; Compound No. 52; name=SODIUM HEXADECYL MONO OXYETHYLENE SULFATE; temperature=25; additives=nan; authors=WEIL BIST; reference=58003; original CMC=2.2 X10-4 M; DOI 10.6028/NBS.NSRDS.36; https://github.com/PSDI-UK/psdi-datasets
CCCCCCC(CCCCCCCCCCCOS(=O)(=O)[O-])O.[Na+],anionic,1.0,0.0,0.00021,,,,,,PSDI/NIST Critical Micelle Concentrations of Aqueous Surfactant Systems; Compound No. 52; name=SODIUM HEXADECYL MONO OXYETHYLENE SULFATE; temperature=25; additives=nan; authors=WEIL BIST; reference=58003; original CMC=2.1 X10-4 M; DOI 10.6028/NBS.NSRDS.36; https://github.com/PSDI-UK/psdi-datasets
CCCCCCC(CCCCCCCCCCCOS(=O)(=O)[O-])O.[Na+],anionic,1.0,0.0,0.000234,,,,,,PSDI/NIST Critical Micelle Concentrations of Aqueous Surfactant Systems; Compound No. 52; name=SODIUM HEXADECYL MONO OXYETHYLENE SULFATE; temperature=25; additives=nan; authors=WEIL BIST; reference=58003; original CMC=2.34 X10-4 M; DOI 10.6028/NBS.NSRDS.36; https://github.com/PSDI-UK/psdi-datasets
CCCCCCC(CCCCCCCCCCCOS(=O)(=O)[O-])O.[Na+],anionic,1.0,0.0,0.00024,,,,,,PSDI/NIST Critical Micelle Concentrations of Aqueous Surfactant Systems; Compound No. 52; name=SODIUM HEXADECYL MONO OXYETHYLENE SULFATE; temperature=50; additives=nan; authors=WEIL STIR; reference=59004; original CMC=2.4 X10-4 M; DOI 10.6028/NBS.NSRDS.36; https://github.com/PSDI-UK/psdi-datasets
CCCCCCCCCCCCCCCCOCCOCCOS(=O)(=O)[O-].[Na+],anionic,2.0,0.0,0.00014,,,,,,PSDI/NIST Critical Micelle Concentrations of Aqueous Surfactant Systems; Compound No. 53; name=SODIUM HEXADECYL DI OXYETHYLENE SULFATE; temperature=25; additives=nan; authors=WEIL BIST; reference=58003; original CMC=1.4 X10-4 M; DOI 10.6028/NBS.NSRDS.36; https://github.com/PSDI-UK/psdi-datasets
CCCCCCCCCCCCCCCCOCCOCCOS(=O)(=O)[O-].[Na+],anionic,2.0,0.0,0.00012,,,,,,PSDI/NIST Critical Micelle Concentrations of Aqueous Surfactant Systems; Compound No. 53; name=SODIUM HEXADECYL DI OXYETHYLENE SULFATE; temperature=25; additives=nan; authors=WEIL BIST; reference=58003; original CMC=1.2 X10-4 M; DOI 10.6028/NBS.NSRDS.36; https://github.com/PSDI-UK/psdi-datasets
CCCCCCCCCCCCCCCCOCCOCCOS(=O)(=O)[O-].[Na+],anionic,2.0,0.0,0.000134,,,,,,PSDI/NIST Critical Micelle Concentrations of Aqueous Surfactant Systems; Compound No. 53; name=SODIUM HEXADECYL DI OXYETHYLENE SULFATE; temperature=25; additives=nan; authors=WEIL BIST; reference=58003; original CMC=1.34 X10-4 M; DOI 10.6028/NBS.NSRDS.36; https://github.com/PSDI-UK/psdi-datasets
CCCCCCCCCCCCCCCCOCCOCCOS(=O)(=O)[O-].[Na+],anionic,2.0,0.0,0.00014,,,,,,PSDI/NIST Critical Micelle Concentrations of Aqueous Surfactant Systems; Compound No. 53; name=SODIUM HEXADECYL DI OXYETHYLENE SULFATE; temperature=50; additives=nan; authors=WEIL STIR; reference=59004; original CMC=1.4 X10-4 M; DOI 10.6028/NBS.NSRDS.36; https://github.com/PSDI-UK/psdi-datasets
CCCCCCCCCCCCCCCCOCCOCCOCCOS(=O)(=O)[O-].[Na+],anionic,3.0,0.0,0.0001,,,,,,PSDI/NIST Critical Micelle Concentrations of Aqueous Surfactant Systems; Compound No. 54; name=SODIUM HEXADECYL TRI OXYETHYLENE SULFATE; temperature=25; additives=nan; authors=WEIL BIST; reference=58003; original CMC=1.0 X10-4 M; DOI 10.6028/NBS.NSRDS.36; https://github.com/PSDI-UK/psdi-datasets
CCCCCCCCCCCCCCCCOCCOCCOCCOS(=O)(=O)[O-].[Na+],anionic,3.0,0.0,7e-05,,,,,,PSDI/NIST Critical Micelle Concentrations of Aqueous Surfactant Systems; Compound No. 54; name=SODIUM HEXADECYL TRI OXYETHYLENE SULFATE; temperature=25; additives=nan; authors=WEIL BIST; reference=58003; original CMC=7.0 X10-5 M; DOI 10.6028/NBS.NSRDS.36; https://github.com/PSDI-UK/psdi-datasets
CCCCCCCCCCCCCCCCOCCOCCOCCOS(=O)(=O)[O-].[Na+],anionic,3.0,0.0,0.000123,,,,,,PSDI/NIST Critical Micelle Concentrations of Aqueous Surfactant Systems; Compound No. 54; name=SODIUM HEXADECYL TRI OXYETHYLENE SULFATE; temperature=25; additives=nan; authors=WEIL BIST; reference=58003; original CMC=1.23 X10-4 M; DOI 10.6028/NBS.NSRDS.36; https://github.com/PSDI-UK/psdi-datasets
CCCCCCCCCCCCCCCCOCCOCCOCCOS(=O)(=O)[O-].[Na+],anionic,3.0,0.0,0.000195,,,,,,PSDI/NIST Critical Micelle Concentrations of Aqueous Surfactant Systems; Compound No. 54; name=SODIUM HEXADECYL TRI OXYETHYLENE SULFATE; temperature=50; additives=nan; authors=GOTT; reference=60018; original CMC=1.95 X10-4 M; DOI 10.6028/NBS.NSRDS.36; https://github.com/PSDI-UK/psdi-datasets
CCCCCCCCCCCCCCCCOCCOCCOCCOCCOS(=O)(=O)[O-].[Na+],anionic,4.0,0.0,8e-05,,,,,,PSDI/NIST Critical Micelle Concentrations of Aqueous Surfactant Systems; Compound No. 55; name=SODIUM HEXADECYL TETRA OXYETHYLENE SULFATE; temperature=25; additives=nan; authors=WEIL BIST; reference=58003; original CMC=8.0 X10-5 M; DOI 10.6028/NBS.NSRDS.36; https://github.com/PSDI-UK/psdi-datasets
CCCCCCCCCCCCCCCCOCCOCCOCCOCCOS(=O)(=O)[O-].[Na+],anionic,4.0,0.0,0.0001,,,,,,PSDI/NIST Critical Micelle Concentrations of Aqueous Surfactant Systems; Compound No. 55; name=SODIUM HEXADECYL TETRA OXYETHYLENE SULFATE; temperature=25; additives=nan; authors=WEIL BIST; reference=58003; original CMC=1.0 X10-4 M; DOI 10.6028/NBS.NSRDS.36; https://github.com/PSDI-UK/psdi-datasets
CCCCCCCCCCCCCCCCOCCOCCOCCOCCOS(=O)(=O)[O-].[Na+],anionic,4.0,0.0,0.000101,,,,,,PSDI/NIST Critical Micelle Concentrations of Aqueous Surfactant Systems; Compound No. 55; name=SODIUM HEXADECYL TETRA OXYETHYLENE SULFATE; temperature=50; additives=nan; authors=GOTT; reference=60018; original CMC=1.01 X10-4 M; DOI 10.6028/NBS.NSRDS.36; https://github.com/PSDI-UK/psdi-datasets
CCCCCCCCCCCCCCCCCCOCCOS(=O)(=O)[O-].[Na+],anionic,1.0,0.0,0.00011,,,,,,PSDI/NIST Critical Micelle Concentrations of Aqueous Surfactant Systems; Compound No. 56; name=SODIUM OCTADECYL MONO OXYETHYLENE SULFATE; temperature=25; additives=nan; authors=WEIL BIST; reference=58003; original CMC=1.1 X10-4 M; DOI 10.6028/NBS.NSRDS.36; https://github.com/PSDI-UK/psdi-datasets
CCCCCCCCCCCCCCCCCCOCCOS(=O)(=O)[O-].[Na+],anionic,1.0,0.0,0.00019,,,,,,PSDI/NIST Critical Micelle Concentrations of Aqueous Surfactant Systems; Compound No. 56; name=SODIUM OCTADECYL MONO OXYETHYLENE SULFATE; temperature=25; additives=nan; authors=WEIL BIST; reference=58003; original CMC=1.9 X10-4 M; DOI 10.6028/NBS.NSRDS.36; https://github.com/PSDI-UK/psdi-datasets
CCCCCCCCCCCCCCCCCCOCCOS(=O)(=O)[O-].[Na+],anionic,1.0,0.0,9e-05,,,,,,PSDI/NIST Critical Micelle Concentrations of Aqueous Surfactant Systems; Compound No. 56; name=SODIUM OCTADECYL MONO OXYETHYLENE SULFATE; temperature=50; additives=nan; authors=WEIL STIR; reference=59004; original CMC=9.0 X10-5 M; DOI 10.6028/NBS.NSRDS.36; https://github.com/PSDI-UK/psdi-datasets
CCCCCCCCCCCCCCCCCCOCCOCCOS(=O)(=O)[O-].[Na+],anionic,2.0,0.0,7e-05,,,,,,PSDI/NIST Critical Micelle Concentrations of Aqueous Surfactant Systems; Compound No. 57; name=SODIUM OCTADECYL DI OXYETHYLENE SULFATE; temperature=25; additives=nan; authors=WEIL BIST; reference=58003; original CMC=7.0 X10-5 M; DOI 10.6028/NBS.NSRDS.36; https://github.com/PSDI-UK/psdi-datasets
CCCCCCCCCCCCCCCCCCOCCOCCOS(=O)(=O)[O-].[Na+],anionic,2.0,0.0,8e-05,,,,,,PSDI/NIST Critical Micelle Concentrations of Aqueous Surfactant Systems; Compound No. 57; name=SODIUM OCTADECYL DI OXYETHYLENE SULFATE; temperature=25; additives=nan; authors=WEIL BIST; reference=58003; original CMC=8.0 X10-5 M; DOI 10.6028/NBS.NSRDS.36; https://github.com/PSDI-UK/psdi-datasets
CCCCCCCCCCCCCCCCCCOCCOCCOS(=O)(=O)[O-].[Na+],anionic,2.0,0.0,0.0001,,,,,,PSDI/NIST Critical Micelle Concentrations of Aqueous Surfactant Systems; Compound No. 57; name=SODIUM OCTADECYL DI OXYETHYLENE SULFATE; temperature=50; additives=nan; authors=GOTT; reference=60018; original CMC=1.00 X10-4 M; DOI 10.6028/NBS.NSRDS.36; https://github.com/PSDI-UK/psdi-datasets
CCCCCCCCCCCCCCCCCCOCCOCCOS(=O)(=O)[O-].[Na+],anionic,2.0,0.0,7e-05,,,,,,PSDI/NIST Critical Micelle Concentrations of Aqueous Surfactant Systems; Compound No. 57; name=SODIUM OCTADECYL DI OXYETHYLENE SULFATE; temperature=50; additives=nan; authors=WEIL STIR; reference=59004; original CMC=7.0 X10-5 M; DOI 10.6028/NBS.NSRDS.36; https://github.com/PSDI-UK/psdi-datasets
CCCCCCCCCC(CCCCCCCC)OCCOCCOCCOS(=O)(=O)[O-].[Na+],anionic,3.0,0.0,5e-05,,,,,,PSDI/NIST Critical Micelle Concentrations of Aqueous Surfactant Systems; Compound No. 58; name=SODIUM OCTADECYL TRI OXYETHYLENE SULFATE; temperature=25; additives=nan; authors=WEIL BIST; reference=58003; original CMC=5.0 X10-5 M; DOI 10.6028/NBS.NSRDS.36; https://github.com/PSDI-UK/psdi-datasets
CCCCCCCCCC(CCCCCCCC)OCCOCCOCCOS(=O)(=O)[O-].[Na+],anionic,3.0,0.0,6.98e-05,,,,,,PSDI/NIST Critical Micelle Concentrations of Aqueous Surfactant Systems; Compound No. 58; name=SODIUM OCTADECYL TRI OXYETHYLENE SULFATE; temperature=50; additives=nan; authors=GOTT; reference=60018; original CMC=6.98 X10-5 M; DOI 10.6028/NBS.NSRDS.36; https://github.com/PSDI-UK/psdi-datasets
CCCCCCCCCC(CCCCCCCC)OCCOCCOCCOS(=O)(=O)[O-].[Na+],anionic,3.0,0.0,7e-05,,,,,,PSDI/NIST Critical Micelle Concentrations of Aqueous Surfactant Systems; Compound No. 58; name=SODIUM OCTADECYL TRI OXYETHYLENE SULFATE; temperature=50; additives=nan; authors=WEIL STIR; reference=59004; original CMC=7.0 X10-5 M; DOI 10.6028/NBS.NSRDS.36; https://github.com/PSDI-UK/psdi-datasets
CCCCCCCCCCCCCCCCCCOCCOCCOCCOCCOS(=O)(=O)[O-].[Na+],anionic,4.0,0.0,4e-05,,,,,,PSDI/NIST Critical Micelle Concentrations of Aqueous Surfactant Systems; Compound No. 59; name=SODIUM OCTADECYL TETRA OXYETHYLENE SULFATE; temperature=25; additives=nan; authors=WEIL BIST; reference=58003; original CMC=4.0 X10-5 M; DOI 10.6028/NBS.NSRDS.36; https://github.com/PSDI-UK/psdi-datasets
CCCCCCCCCCCCCCCCCCOCCOCCOCCOCCOS(=O)(=O)[O-].[Na+],anionic,4.0,0.0,3.97e-05,,,,,,PSDI/NIST Critical Micelle Concentrations of Aqueous Surfactant Systems; Compound No. 59; name=SODIUM OCTADECYL TETRA OXYETHYLENE SULFATE; temperature=50; additives=nan; authors=GOTT; reference=60018; original CMC=3.97 X10-5 M; DOI 10.6028/NBS.NSRDS.36; https://github.com/PSDI-UK/psdi-datasets
CCCCCCCCCCCCCCCCCCOCCOCCOCCOCCOS(=O)(=O)[O-].[Na+],anionic,4.0,0.0,7e-05,,,,,,PSDI/NIST Critical Micelle Concentrations of Aqueous Surfactant Systems; Compound No. 59; name=SODIUM OCTADECYL TETRA OXYETHYLENE SULFATE; temperature=50; additives=nan; authors=WEIL STIR; reference=59004; original CMC=7.0 X10-5 M; DOI 10.6028/NBS.NSRDS.36; https://github.com/PSDI-UK/psdi-datasets
CCCOCC(C)OCC(C)OCC(C)O,nonionic,3.0,0.0,0.00107,,,,,,PSDI/NIST Critical Micelle Concentrations of Aqueous Surfactant Systems; Compound No. 103; name=HEXYL /OXYETHYLENE/ 3 ALCOHOL HOMOGENEOUS HEAD GROUP; temperature=15; additives=nan; authors=CORK GOOD; reference=64003; original CMC=1.07 X10-3 M; DOI 10.6028/NBS.NSRDS.36; https://github.com/PSDI-UK/psdi-datasets
CCCOCC(C)OCC(C)OCC(C)O,nonionic,3.0,0.0,0.075,,,,,,PSDI/NIST Critical Micelle Concentrations of Aqueous Surfactant Systems; Compound No. 103; name=HEXYL /OXYETHYLENE/ 3 ALCOHOL HOMOGENEOUS HEAD GROUP; temperature=20; additives=nan; authors=MULL METC; reference=62015; original CMC=7.5 X10-2 M; DOI 10.6028/NBS.NSRDS.36; https://github.com/PSDI-UK/psdi-datasets
CCCOCC(C)OCC(C)OCC(C)O,nonionic,3.0,0.0,0.1,,,,,,PSDI/NIST Critical Micelle Concentrations of Aqueous Surfactant Systems; Compound No. 103; name=HEXYL /OXYETHYLENE/ 3 ALCOHOL HOMOGENEOUS HEAD GROUP; temperature=25; additives=nan; authors=CORK GOOD; reference=64003; original CMC=1.00 X10-1 M; DOI 10.6028/NBS.NSRDS.36; https://github.com/PSDI-UK/psdi-datasets
CCCOCC(C)OCC(C)OCC(C)O,nonionic,3.0,0.0,0.078,,,,,,PSDI/NIST Critical Micelle Concentrations of Aqueous Surfactant Systems; Compound No. 103; name=HEXYL /OXYETHYLENE/ 3 ALCOHOL HOMOGENEOUS HEAD GROUP; temperature=35; additives=nan; authors=CORK GOOD; reference=64003; original CMC=7.8 X10-2 M; DOI 10.6028/NBS.NSRDS.36; https://github.com/PSDI-UK/psdi-datasets
CCCCOCCOCCOCCOCCCC,nonionic,3.0,0.0,0.0093,,,,,,PSDI/NIST Critical Micelle Concentrations of Aqueous Surfactant Systems; Compound No. 104; name=OCTYL /OXYETHYLENE/ 3 ALCOHOL HOMOGENEOUS HEAD GROUP; temperature=15; additives=nan; authors=CORK GOOD; reference=64003; original CMC=9.3 X10-3 M; DOI 10.6028/NBS.NSRDS.36; https://github.com/PSDI-UK/psdi-datasets
CCCCOCCOCCOCCOCCCC,nonionic,3.0,0.0,0.0075,,,,,,PSDI/NIST Critical Micelle Concentrations of Aqueous Surfactant Systems; Compound No. 104; name=OCTYL /OXYETHYLENE/ 3 ALCOHOL HOMOGENEOUS HEAD GROUP; temperature=25; additives=nan; authors=CORK GOOD; reference=64003; original CMC=7.5 X10-3 M; DOI 10.6028/NBS.NSRDS.36; https://github.com/PSDI-UK/psdi-datasets
CCCCCCCCOCCOCCOCCOCCOCCOCCO,nonionic,6.0,0.0,0.0119,,,,,,PSDI/NIST Critical Micelle Concentrations of Aqueous Surfactant Systems; Compound No. 105; name=OCTYL /OXYETHYLENE/ 6 ALCOHOL HOMOGENEOUS HEAD GROUP; temperature=15; additives=nan; authors=CORK GOOD; reference=64003; original CMC=1.19 X10-2 M; DOI 10.6028/NBS.NSRDS.36; https://github.com/PSDI-UK/psdi-datasets
CCCCCCCCOCCOCCOCCOCCOCCOCCO,nonionic,6.0,0.0,0.0076,,,,,,PSDI/NIST Critical Micelle Concentrations of Aqueous Surfactant Systems; Compound No. 105; name=OCTYL /OXYETHYLENE/ 6 ALCOHOL HOMOGENEOUS HEAD GROUP; temperature=18; additives=nan; authors=GOOD OTTE; reference=61004; original CMC=7.6 X10-3 M; DOI 10.6028/NBS.NSRDS.36; https://github.com/PSDI-UK/psdi-datasets
CCCCCCCCOCCOCCOCCOCCOCCOCCO,nonionic,6.0,0.0,0.01127,,,,,,PSDI/NIST Critical Micelle Concentrations of Aqueous Surfactant Systems; Compound No. 105; name=OCTYL /OXYETHYLENE/ 6 ALCOHOL HOMOGENEOUS HEAD GROUP; temperature=18; additives=nan; authors=CORK GOOD; reference=64023; original CMC=4.45 X10-1 D 1.127X10-2 M; DOI 10.6028/NBS.NSRDS.36; https://github.com/PSDI-UK/psdi-datasets
CCCCCCCCOCCOCCOCCOCCOCCOCCO,nonionic,6.0,0.0,0.00963,,,,,,PSDI/NIST Critical Micelle Concentrations of Aqueous Surfactant Systems; Compound No. 105; name=OCTYL /OXYETHYLENE/ 6 ALCOHOL HOMOGENEOUS HEAD GROUP; temperature=20; additives=nan; authors=FLOR; reference=66020; original CMC=3.8 X10-1 D 9.63 X10-3 M; DOI 10.6028/NBS.NSRDS.36; https://github.com/PSDI-UK/psdi-datasets
CCCCCCCCOCCOCCOCCOCCOCCOCCO,nonionic,6.0,0.0,0.0099,,,,,,PSDI/NIST Critical Micelle Concentrations of Aqueous Surfactant Systems; Compound No. 105; name=OCTYL /OXYETHYLENE/ 6 ALCOHOL HOMOGENEOUS HEAD GROUP; temperature=25; additives=nan; authors=CORK GOOD; reference=64003; original CMC=9.9 X10-3 M; DOI 10.6028/NBS.NSRDS.36; https://github.com/PSDI-UK/psdi-datasets
CCCCCCCCOCCOCCOCCOCCOCCOCCO,nonionic,6.0,0.0,0.0098,,,,,,PSDI/NIST Critical Micelle Concentrations of Aqueous Surfactant Systems; Compound No. 105; name=OCTYL /OXYETHYLENE/ 6 ALCOHOL HOMOGENEOUS HEAD GROUP; temperature=25; additives=nan; authors=GOOD OTTE; reference=61004; original CMC=9.8 X10-3 M; DOI 10.6028/NBS.NSRDS.36; https://github.com/PSDI-UK/psdi-datasets
CCCCCCCCOCCOCCOCCOCCOCCOCCO,nonionic,6.0,0.0,0.008869,,,,,,PSDI/NIST Critical Micelle Concentrations of Aqueous Surfactant Systems; Compound No. 105; name=OCTYL /OXYETHYLENE/ 6 ALCOHOL HOMOGENEOUS HEAD GROUP; temperature=30; additives=nan; authors=CORK GOOD; reference=64023; original CMC=3.50 X10-1 D 8.869X10-3 M; DOI 10.6028/NBS.NSRDS.36; https://github.com/PSDI-UK/psdi-datasets
CCCCCCCCOCCOCCOCCOCCOCCOCCO,nonionic,6.0,0.0,0.0077,,,,,,PSDI/NIST Critical Micelle Concentrations of Aqueous Surfactant Systems; Compound No. 105; name=OCTYL /OXYETHYLENE/ 6 ALCOHOL HOMOGENEOUS HEAD GROUP; temperature=35; additives=nan; authors=CORK GOOD; reference=64003; original CMC=7.7 X10-3 M; DOI 10.6028/NBS.NSRDS.36; https://github.com/PSDI-UK/psdi-datasets
CCCCCCCCOCCOCCOCCOCCOCCOCCO,nonionic,6.0,0.0,0.007222,,,,,,PSDI/NIST Critical Micelle Concentrations of Aqueous Surfactant Systems; Compound No. 105; name=OCTYL /OXYETHYLENE/ 6 ALCOHOL HOMOGENEOUS HEAD GROUP; temperature=40; additives=nan; authors=CORK GOOD; reference=64023; original CMC=2.85 X10-1 D 7.222X10-3 M; DOI 10.6028/NBS.NSRDS.36; https://github.com/PSDI-UK/psdi-datasets
CCCCCCCCOCCOCCOCCOCCOCCOCCO,nonionic,6.0,0.0,0.0067,,,,,,PSDI/NIST Critical Micelle Concentrations of Aqueous Surfactant Systems; Compound No. 105; name=OCTYL /OXYETHYLENE/ 6 ALCOHOL HOMOGENEOUS HEAD GROUP; temperature=45; additives=nan; authors=CORK GOOD; reference=64003; original CMC=6.7 X10-3 M; DOI 10.6028/NBS.NSRDS.36; https://github.com/PSDI-UK/psdi-datasets
CCCCCCCCC(=O)O.CCCCCCC(=O)O.CCCCC(=O)O.C(C(CO)(CO)CO)O,nonionic,9.0,0.0,0.016,,,,,,PSDI/NIST Critical Micelle Concentrations of Aqueous Surfactant Systems; Compound No. 106; name=OCTYL /OXYETHYLENE/ 9 ALCOHOL HOMOGENEOUS HEAD GROUP; temperature=15; additives=nan; authors=CORK GOOD; reference=64003; original CMC=1.6 X10-2 M; DOI 10.6028/NBS.NSRDS.36; https://github.com/PSDI-UK/psdi-datasets
CCCCCCCCC(=O)O.CCCCCCC(=O)O.CCCCC(=O)O.C(C(CO)(CO)CO)O,nonionic,9.0,0.0,0.013,,,,,,PSDI/NIST Critical Micelle Concentrations of Aqueous Surfactant Systems; Compound No. 106; name=OCTYL /OXYETHYLENE/ 9 ALCOHOL HOMOGENEOUS HEAD GROUP; temperature=25; additives=nan; authors=CORK GOOD; reference=64003; original CMC=1.3 X10-2 M; DOI 10.6028/NBS.NSRDS.36; https://github.com/PSDI-UK/psdi-datasets
CCCCCCCCC(=O)O.CCCCCCC(=O)O.CCCCC(=O)O.C(C(CO)(CO)CO)O,nonionic,9.0,0.0,0.011,,,,,,PSDI/NIST Critical Micelle Concentrations of Aqueous Surfactant Systems; Compound No. 106; name=OCTYL /OXYETHYLENE/ 9 ALCOHOL HOMOGENEOUS HEAD GROUP; temperature=35; additives=nan; authors=CORK GOOD; reference=64003; original CMC=1.1 X10-2 M; DOI 10.6028/NBS.NSRDS.36; https://github.com/PSDI-UK/psdi-datasets
CC(C)(C)OOC(C)(C)CCC(C)(C)OOC(C)(C)C,nonionic,3.0,0.0,0.00073,,,,,,PSDI/NIST Critical Micelle Concentrations of Aqueous Surfactant Systems; Compound No. 107; name=DECYL /OXYETHYLENE/ 3 ALCOHOL HOMOGENEOUS HEAD GROUP; temperature=15; additives=nan; authors=CORK GOOD; reference=64003; original CMC=7.3 X10-4 M; DOI 10.6028/NBS.NSRDS.36; https://github.com/PSDI-UK/psdi-datasets
CC(C)(C)OOC(C)(C)CCC(C)(C)OOC(C)(C)C,nonionic,3.0,0.0,0.0006,,,,,,PSDI/NIST Critical Micelle Concentrations of Aqueous Surfactant Systems; Compound No. 107; name=DECYL /OXYETHYLENE/ 3 ALCOHOL HOMOGENEOUS HEAD GROUP; temperature=25; additives=nan; authors=CORK GOOD; reference=64003; original CMC=6.0 X10-4 M; DOI 10.6028/NBS.NSRDS.36; https://github.com/PSDI-UK/psdi-datasets
CC(C)(C)OOC(C)(C)CCC(C)(C)OOC(C)(C)C,nonionic,3.0,0.0,0.00056,,,,,,PSDI/NIST Critical Micelle Concentrations of Aqueous Surfactant Systems; Compound No. 107; name=DECYL /OXYETHYLENE/ 3 ALCOHOL HOMOGENEOUS HEAD GROUP; temperature=35; additives=nan; authors=CORK GOOD; reference=64003; original CMC=5.6 X10-4 M; DOI 10.6028/NBS.NSRDS.36; https://github.com/PSDI-UK/psdi-datasets
CCCCCCCCCCOCCOCCOCCOCCOCCOCCO,nonionic,6.0,0.0,0.00114,,,,,,PSDI/NIST Critical Micelle Concentrations of Aqueous Surfactant Systems; Compound No. 108; name=DECYL /OXYETHYLENE/ 6 ALCOHOL HOMOGENEOUS HEAD GROUP; temperature=15; additives=nan; authors=CORK GOOD; reference=64003; original CMC=1.14 X10-3 M; DOI 10.6028/NBS.NSRDS.36; https://github.com/PSDI-UK/psdi-datasets
CCCCCCCCCCOCCOCCOCCOCCOCCOCCO,nonionic,6.0,0.0,0.00092,,,,,,PSDI/NIST Critical Micelle Concentrations of Aqueous Surfactant Systems; Compound No. 108; name=DECYL /OXYETHYLENE/ 6 ALCOHOL HOMOGENEOUS HEAD GROUP; temperature=20; additives=nan; authors=CARL CHAL; reference=64009; original CMC=9.2 X10-4 M; DOI 10.6028/NBS.NSRDS.36; https://github.com/PSDI-UK/psdi-datasets
CCCCCCCCCCOCCOCCOCCOCCOCCOCCO,nonionic,6.0,0.0,0.00096,,,,,,PSDI/NIST Critical Micelle Concentrations of Aqueous Surfactant Systems; Compound No. 108; name=DECYL /OXYETHYLENE/ 6 ALCOHOL HOMOGENEOUS HEAD GROUP; temperature=20; additives=nan; authors=DONB JAN; reference=63021; original CMC=9.6 X10-4 M; DOI 10.6028/NBS.NSRDS.36; https://github.com/PSDI-UK/psdi-datasets
CCCCCCCCCCOCCOCCOCCOCCOCCOCCO,nonionic,6.0,0.0,0.00095,,,,,,PSDI/NIST Critical Micelle Concentrations of Aqueous Surfactant Systems; Compound No. 108; name=DECYL /OXYETHYLENE/ 6 ALCOHOL HOMOGENEOUS HEAD GROUP; temperature=23.5; additives=nan; authors=CARL CHAL; reference=64009; original CMC=9.5 X10-4 M; DOI 10.6028/NBS.NSRDS.36; https://github.com/PSDI-UK/psdi-datasets
CCCCCCCCCCOCCOCCOCCOCCOCCOCCO,nonionic,6.0,0.0,0.0009,,,,,,PSDI/NIST Critical Micelle Concentrations of Aqueous Surfactant Systems; Compound No. 108; name=DECYL /OXYETHYLENE/ 6 ALCOHOL HOMOGENEOUS HEAD GROUP; temperature=25; additives=nan; authors=CORK GOOD; reference=64003; original CMC=9.0 X10-4 M; DOI 10.6028/NBS.NSRDS.36; https://github.com/PSDI-UK/psdi-datasets
CCCCCCCCCCOCCOCCOCCOCCOCCOCCO,nonionic,6.0,0.0,0.0008991,,,,,,PSDI/NIST Critical Micelle Concentrations of Aqueous Surfactant Systems; Compound No. 108; name=DECYL /OXYETHYLENE/ 6 ALCOHOL HOMOGENEOUS HEAD GROUP; temperature=25; additives=nan; authors=CORK GOOD; reference=64023; original CMC=3.80 X10-2 D 8.991X10-4 M; DOI 10.6028/NBS.NSRDS.36; https://github.com/PSDI-UK/psdi-datasets
CCCCCCCCCCOCCOCCOCCOCCOCCOCCO,nonionic,6.0,0.0,0.00066,,,,,,PSDI/NIST Critical Micelle Concentrations of Aqueous Surfactant Systems; Compound No. 108; name=DECYL /OXYETHYLENE/ 6 ALCOHOL HOMOGENEOUS HEAD GROUP; temperature=35; additives=nan; authors=CORK GOOD; reference=64003; original CMC=6.6 X10-4 M; DOI 10.6028/NBS.NSRDS.36; https://github.com/PSDI-UK/psdi-datasets
CCCCCCCCCCOCCOCCOCCOCCOCCOCCO,nonionic,6.0,0.0,0.0006601,,,,,,PSDI/NIST Critical Micelle Concentrations of Aqueous Surfactant Systems; Compound No. 108; name=DECYL /OXYETHYLENE/ 6 ALCOHOL HOMOGENEOUS HEAD GROUP; temperature=35; additives=nan; authors=CORK GOOD; reference=64023; original CMC=2.79 X10-2 D 6.601X10-4 M; DOI 10.6028/NBS.NSRDS.36; https://github.com/PSDI-UK/psdi-datasets
CCCCCCCCCCOCCOCCOCCOCCOCCOCCO,nonionic,6.0,0.0,0.00064,,,,,,PSDI/NIST Critical Micelle Concentrations of Aqueous Surfactant Systems; Compound No. 108; name=DECYL /OXYETHYLENE/ 6 ALCOHOL HOMOGENEOUS HEAD GROUP; temperature=45; additives=nan; authors=CORK GOOD; reference=64003; original CMC=6.4 X10-4 M; DOI 10.6028/NBS.NSRDS.36; https://github.com/PSDI-UK/psdi-datasets
CCCCCCCCCCOCCOCCOCCOCCOCCOCCO,nonionic,6.0,0.0,0.000433,,,,,,PSDI/NIST Critical Micelle Concentrations of Aqueous Surfactant Systems; Compound No. 108; name=DECYL /OXYETHYLENE/ 6 ALCOHOL HOMOGENEOUS HEAD GROUP; temperature=45; additives=nan; authors=CORK GOOD; reference=64023; original CMC=1.83 X10-2 D 4.330X10-4 M; DOI 10.6028/NBS.NSRDS.36; https://github.com/PSDI-UK/psdi-datasets
CCCCCCCCCCOCCOCCOCCOCCOCCOCCOCCOCCOCCO,nonionic,9.0,0.0,0.0014,,,,,,PSDI/NIST Critical Micelle Concentrations of Aqueous Surfactant Systems; Compound No. 109; name=DECYL /OXYETHYLENE/ 9 ALCOHOL HOMOGENEOUS HEAD GROUP; temperature=15; additives=nan; authors=CORK GOOD; reference=64003; original CMC=1.4 X10-3 M; DOI 10.6028/NBS.NSRDS.36; https://github.com/PSDI-UK/psdi-datasets
CCCCCCCCCCOCCOCCOCCOCCOCCOCCOCCOCCOCCO,nonionic,9.0,0.0,0.0013,,,,,,PSDI/NIST Critical Micelle Concentrations of Aqueous Surfactant Systems; Compound No. 109; name=DECYL /OXYETHYLENE/ 9 ALCOHOL HOMOGENEOUS HEAD GROUP; temperature=25; additives=nan; authors=CORK GOOD; reference=64003; original CMC=1.3 X10-3 M; DOI 10.6028/NBS.NSRDS.36; https://github.com/PSDI-UK/psdi-datasets
CCCCCCCCCCOCCOCCOCCOCCOCCOCCOCCOCCOCCO,nonionic,9.0,0.0,0.0011,,,,,,PSDI/NIST Critical Micelle Concentrations of Aqueous Surfactant Systems; Compound No. 109; name=DECYL /OXYETHYLENE/ 9 ALCOHOL HOMOGENEOUS HEAD GROUP; temperature=35; additives=nan; authors=CORK GOOD; reference=64003; original CMC=1.1 X10-3 M; DOI 10.6028/NBS.NSRDS.36; https://github.com/PSDI-UK/psdi-datasets
CCCCCCCCCCCCOCCOCCOCCOCCOCCOCCO,nonionic,6.0,0.0,0.000108,,,,,,PSDI/NIST Critical Micelle Concentrations of Aqueous Surfactant Systems; Compound No. 110; name=DODECYL /OXYETHYLENE/ 6 ALCOHOL HOMOGENEOUS HEAD GROUP; temperature=15; additives=nan; authors=CORK GOOD; reference=64003; original CMC=1.08 X10-4 M; DOI 10.6028/NBS.NSRDS.36; https://github.com/PSDI-UK/psdi-datasets
CCCCCCCCCCCCOCCOCCOCCOCCOCCOCCO,nonionic,6.0,0.0,0.000108,,,,,,PSDI/NIST Critical Micelle Concentrations of Aqueous Surfactant Systems; Compound No. 110; name=DODECYL /OXYETHYLENE/ 6 ALCOHOL HOMOGENEOUS HEAD GROUP; temperature=15; additives=nan; authors=GOOD OTTE; reference=61004; original CMC=1.08 X10-4 M; DOI 10.6028/NBS.NSRDS.36; https://github.com/PSDI-UK/psdi-datasets
CCCCCCCCCCCCOCCOCCOCCOCCOCCOCCO,nonionic,6.0,0.0,8.2e-05,,,,,,PSDI/NIST Critical Micelle Concentrations of Aqueous Surfactant Systems; Compound No. 110; name=DODECYL /OXYETHYLENE/ 6 ALCOHOL HOMOGENEOUS HEAD GROUP; temperature=20; additives=nan; authors=CARL CHAL; reference=64009; original CMC=8.2 X10-5 M; DOI 10.6028/NBS.NSRDS.36; https://github.com/PSDI-UK/psdi-datasets
CCCCCCCCCCCCOCCOCCOCCOCCOCCOCCO,nonionic,6.0,0.0,7.2e-05,,,,,,PSDI/NIST Critical Micelle Concentrations of Aqueous Surfactant Systems; Compound No. 110; name=DODECYL /OXYETHYLENE/ 6 ALCOHOL HOMOGENEOUS HEAD GROUP; temperature=20; additives=nan; authors=CARL CHAL; reference=64009; original CMC=7.2 X10-5 M; DOI 10.6028/NBS.NSRDS.36; https://github.com/PSDI-UK/psdi-datasets
CCCCCCCCCCCCOCCOCCOCCOCCOCCOCCO,nonionic,6.0,0.0,0.0001,,,,,,PSDI/NIST Critical Micelle Concentrations of Aqueous Surfactant Systems; Compound No. 110; name=DODECYL /OXYETHYLENE/ 6 ALCOHOL HOMOGENEOUS HEAD GROUP; temperature=20; additives=nan; authors=DONB JAN; reference=63021; original CMC=1.00 X10-4 M; DOI 10.6028/NBS.NSRDS.36; https://github.com/PSDI-UK/psdi-datasets
CCCCCCCCCCCCOCCOCCOCCOCCOCCOCCO,nonionic,6.0,0.0,8.7e-05,,,,,,PSDI/NIST Critical Micelle Concentrations of Aqueous Surfactant Systems; Compound No. 110; name=DODECYL /OXYETHYLENE/ 6 ALCOHOL HOMOGENEOUS HEAD GROUP; temperature=25; additives=nan; authors=GOOD OTTE; reference=61004; original CMC=8.7 X10-5 M; DOI 10.6028/NBS.NSRDS.36; https://github.com/PSDI-UK/psdi-datasets
CCCCCCCCCCCCOCCOCCOCCOCCOCCOCCO,nonionic,6.0,0.0,7.2e-05,,,,,,PSDI/NIST Critical Micelle Concentrations of Aqueous Surfactant Systems; Compound No. 110; name=DODECYL /OXYETHYLENE/ 6 ALCOHOL HOMOGENEOUS HEAD GROUP; temperature=35; additives=nan; authors=CORK GOOD; reference=64003; original CMC=7.2 X10-5 M; DOI 10.6028/NBS.NSRDS.36; https://github.com/PSDI-UK/psdi-datasets
CCCCCCCCCCCCOCCOCCOCCOCCOCCOCCO,nonionic,6.0,0.0,7.2e-05,,,,,,PSDI/NIST Critical Micelle Concentrations of Aqueous Surfactant Systems; Compound No. 110; name=DODECYL /OXYETHYLENE/ 6 ALCOHOL HOMOGENEOUS HEAD GROUP; temperature=35; additives=nan; authors=GOOD OTTE; reference=61004; original CMC=7.2 X10-5 M; DOI 10.6028/NBS.NSRDS.36; https://github.com/PSDI-UK/psdi-datasets
CCCCCCCCCCCCOCCOCCOCCOCCOCCOCCOCCO,nonionic,7.0,0.0,3.2e-05,,,,,,PSDI/NIST Critical Micelle Concentrations of Aqueous Surfactant Systems; Compound No. 115; name=DODECYL /OXYETHYLENE/7 ALCOHOL REDUCED POLYDISPERSION OF HEAD GROUPS; temperature=40; additives=nan; authors=SCHI; reference=63026; original CMC=3.2 X10-5 M; DOI 10.6028/NBS.NSRDS.36; https://github.com/PSDI-UK/psdi-datasets
CCCCCCCCCCCCOCCOCCOCCOCCOCCOCCOCCO,nonionic,7.0,0.0,2.8e-05,,,,,,PSDI/NIST Critical Micelle Concentrations of Aqueous Surfactant Systems; Compound No. 115; name=DODECYL /OXYETHYLENE/7 ALCOHOL REDUCED POLYDISPERSION OF HEAD GROUPS; temperature=45; additives=nan; authors=SCHI; reference=64020; original CMC=2.8 X10-5 M; DOI 10.6028/NBS.NSRDS.36; https://github.com/PSDI-UK/psdi-datasets
CCCCCCCCCCCCOCCOCCOCCOCCOCCOCCOCCO,nonionic,7.0,0.0,2.8e-05,,,,,,PSDI/NIST Critical Micelle Concentrations of Aqueous Surfactant Systems; Compound No. 115; name=DODECYL /OXYETHYLENE/7 ALCOHOL REDUCED POLYDISPERSION OF HEAD GROUPS; temperature=45; additives=nan; authors=SCHI MANN; reference=66001; original CMC=2.8 X10-5 M; DOI 10.6028/NBS.NSRDS.36; https://github.com/PSDI-UK/psdi-datasets
CCCCCCCCCCCCOCCOCCOCCOCCOCCOCCOCCO,nonionic,7.0,0.0,2e-05,,,,,,PSDI/NIST Critical Micelle Concentrations of Aqueous Surfactant Systems; Compound No. 115; name=DODECYL /OXYETHYLENE/7 ALCOHOL REDUCED POLYDISPERSION OF HEAD GROUPS; temperature=55; additives=nan; authors=SCHI; reference=62019; original CMC=2.0 X10-5 M; DOI 10.6028/NBS.NSRDS.36; https://github.com/PSDI-UK/psdi-datasets
CCCCCCCCCCCCOCCOCCOCCOCCOCCOCCOCCO,nonionic,7.0,0.0,0.00012,,,,,,PSDI/NIST Critical Micelle Concentrations of Aqueous Surfactant Systems; Compound No. 115; name=DODECYL /OXYETHYLENE/7 ALCOHOL REDUCED POLYDISPERSION OF HEAD GROUPS; temperature=10; additives=3. EOM UREA; authors=SCHI; reference=64020; original CMC=1.2 X10-4 M; DOI 10.6028/NBS.NSRDS.36; https://github.com/PSDI-UK/psdi-datasets
CCCCCCCCCCCCOCCOCCOCCOCCOCCOCCOCCO,nonionic,7.0,0.0,0.000208,,,,,,PSDI/NIST Critical Micelle Concentrations of Aqueous Surfactant Systems; Compound No. 115; name=DODECYL /OXYETHYLENE/7 ALCOHOL REDUCED POLYDISPERSION OF HEAD GROUPS; temperature=10; additives=6. EOM UREA; authors=SCHI; reference=64020; original CMC=2.08 X10-4 M; DOI 10.6028/NBS.NSRDS.36; https://github.com/PSDI-UK/psdi-datasets
CCCCCCCCCCCCOCCOCCOCCOCCOCCOCCOCCO,nonionic,7.0,0.0,6.25e-05,,,,,,PSDI/NIST Critical Micelle Concentrations of Aqueous Surfactant Systems; Compound No. 115; name=DODECYL /OXYETHYLENE/7 ALCOHOL REDUCED POLYDISPERSION OF HEAD GROUPS; temperature=25; additives=3. M UREA; authors=SCHI; reference=64020; original CMC=6.25 X10-5 M; DOI 10.6028/NBS.NSRDS.36; https://github.com/PSDI-UK/psdi-datasets
CCCCCCCCCCCCOCCOCCOCCOCCOCCOCCOCCO,nonionic,7.0,0.0,0.000125,,,,,,PSDI/NIST Critical Micelle Concentrations of Aqueous Surfactant Systems; Compound No. 115; name=DODECYL /OXYETHYLENE/7 ALCOHOL REDUCED POLYDISPERSION OF HEAD GROUPS; temperature=25; additives=6. M UREA; authors=SCHI; reference=64020; original CMC=1.25 X10-4 M; DOI 10.6028/NBS.NSRDS.36; https://github.com/PSDI-UK/psdi-datasets
CCCCCCCCCCCCOCCOCCOCCOCCOCCOCCOCCO,nonionic,7.0,0.0,3.4e-05,,,,,,PSDI/NIST Critical Micelle Concentrations of Aqueous Surfactant Systems; Compound No. 115; name=DODECYL /OXYETHYLENE/7 ALCOHOL REDUCED POLYDISPERSION OF HEAD GROUPS; temperature=45; additives=3. E O M UREA; authors=SCHI; reference=64020; original CMC=3.4 X10-5 M; DOI 10.6028/NBS.NSRDS.36; https://github.com/PSDI-UK/psdi-datasets
CCCCCCCCCCCCOCCOCCOCCOCCOCCOCCOCCO,nonionic,7.0,0.0,5.6e-05,,,,,,PSDI/NIST Critical Micelle Concentrations of Aqueous Surfactant Systems; Compound No. 115; name=DODECYL /OXYETHYLENE/7 ALCOHOL REDUCED POLYDISPERSION OF HEAD GROUPS; temperature=45; additives=6. E O I M UREA; authors=SCHI; reference=64020; original CMC=5.6 X10-5 M; DOI 10.6028/NBS.NSRDS.36; https://github.com/PSDI-UK/psdi-datasets
CCCCCCCCCCCCOCCOCCOCCOCCOCCOCCOCCO,nonionic,7.0,0.0,9e-05,,,,,,PSDI/NIST Critical Micelle Concentrations of Aqueous Surfactant Systems; Compound No. 115; name=DODECYL /OXYETHYLENE/7 ALCOHOL REDUCED POLYDISPERSION OF HEAD GROUPS; temperature=05.0; additives=2.5 E1I 0001; authors=SCHI MANN; reference=66001; original CMC=9.0 X10-5 M; DOI 10.6028/NBS.NSRDS.36; https://github.com/PSDI-UK/psdi-datasets
CCCCCCCCCCCCOCCOCCOCCOCCOCCOCCOCCO,nonionic,7.0,0.0,9e-05,,,,,,PSDI/NIST Critical Micelle Concentrations of Aqueous Surfactant Systems; Compound No. 115; name=DODECYL /OXYETHYLENE/7 ALCOHOL REDUCED POLYDISPERSION OF HEAD GROUPS; temperature=05.0; additives=5.0 E1I 0001; authors=SCHI MANN; reference=66001; original CMC=9.0 X10-5 M; DOI 10.6028/NBS.NSRDS.36; https://github.com/PSDI-UK/psdi-datasets
CCCCCCCCCCCCOCCOCCOCCOCCOCCOCCOCCO,nonionic,7.0,0.0,0.00015,,,,,,PSDI/NIST Critical Micelle Concentrations of Aqueous Surfactant Systems; Compound No. 115; name=DODECYL /OXYETHYLENE/7 ALCOHOL REDUCED POLYDISPERSION OF HEAD GROUPS; temperature=05.0; additives=7.5 E1I 0001; authors=SCHI MANN; reference=66001; original CMC=1.5 X10-4 M; DOI 10.6028/NBS.NSRDS.36; https://github.com/PSDI-UK/psdi-datasets
CCCCCCCCCCCCOCCOCCOCCOCCOCCOCCOCCO,nonionic,7.0,0.0,0.0003,,,,,,PSDI/NIST Critical Micelle Concentrations of Aqueous Surfactant Systems; Compound No. 115; name=DODECYL /OXYETHYLENE/7 ALCOHOL REDUCED POLYDISPERSION OF HEAD GROUPS; temperature=05.0; additives=9.0 E1I 0001; authors=SCHI MANN; reference=66001; original CMC=3.0 X10-4 M; DOI 10.6028/NBS.NSRDS.36; https://github.com/PSDI-UK/psdi-datasets
CCCCCCCCCCCCOCCOCCOCCOCCOCCOCCOCCO,nonionic,7.0,0.0,5e-05,,,,,,PSDI/NIST Critical Micelle Concentrations of Aqueous Surfactant Systems; Compound No. 115; name=DODECYL /OXYETHYLENE/7 ALCOHOL REDUCED POLYDISPERSION OF HEAD GROUPS; temperature=25; additives=2.5 E1I 0001; authors=SCHI MANN; reference=66001; original CMC=5.0 X10-5 M; DOI 10.6028/NBS.NSRDS.36; https://github.com/PSDI-UK/psdi-datasets
CCCCCCCCCCCCOCCOCCOCCOCCOCCOCCOCCO,nonionic,7.0,0.0,5.1e-05,,,,,,PSDI/NIST Critical Micelle Concentrations of Aqueous Surfactant Systems; Compound No. 115; name=DODECYL /OXYETHYLENE/7 ALCOHOL REDUCED POLYDISPERSION OF HEAD GROUPS; temperature=25; additives=5.0 E1I 0001; authors=SCHI MANN; reference=66001; original CMC=5.1 X10-5 M; DOI 10.6028/NBS.NSRDS.36; https://github.com/PSDI-UK/psdi-datasets
CCCCCCCCCCCCOCCOCCOCCOCCOCCOCCOCCO,nonionic,7.0,0.0,7.5e-05,,,,,,PSDI/NIST Critical Micelle Concentrations of Aqueous Surfactant Systems; Compound No. 115; name=DODECYL /OXYETHYLENE/7 ALCOHOL REDUCED POLYDISPERSION OF HEAD GROUPS; temperature=25; additives=7.5 E1I 0001; authors=SCHI MANN; reference=66001; original CMC=7.5 X10-5 M; DOI 10.6028/NBS.NSRDS.36; https://github.com/PSDI-UK/psdi-datasets
CCCCCCCCCCCCOCCOCCOCCOCCOCCOCCOCCO,nonionic,7.0,0.0,0.0002,,,,,,PSDI/NIST Critical Micelle Concentrations of Aqueous Surfactant Systems; Compound No. 115; name=DODECYL /OXYETHYLENE/7 ALCOHOL REDUCED POLYDISPERSION OF HEAD GROUPS; temperature=25; additives=9.0 E1I 0001; authors=SCHI MANN; reference=66001; original CMC=2.0 X10-4 M; DOI 10.6028/NBS.NSRDS.36; https://github.com/PSDI-UK/psdi-datasets
CCCCCCCCCCCCOCCOCCOCCOCCOCCOCCOCCO,nonionic,7.0,0.0,2.8e-05,,,,,,PSDI/NIST Critical Micelle Concentrations of Aqueous Surfactant Systems; Compound No. 115; name=DODECYL /OXYETHYLENE/7 ALCOHOL REDUCED POLYDISPERSION OF HEAD GROUPS; temperature=45; additives=2.5 E1I 0001; authors=SCHI MANN; reference=66001; original CMC=2.8 X10-5 M; DOI 10.6028/NBS.NSRDS.36; https://github.com/PSDI-UK/psdi-datasets
CCCCCCCCCCCCOCCOCCOCCOCCOCCOCCOCCO,nonionic,7.0,0.0,3e-05,,,,,,PSDI/NIST Critical Micelle Concentrations of Aqueous Surfactant Systems; Compound No. 115; name=DODECYL /OXYETHYLENE/7 ALCOHOL REDUCED POLYDISPERSION OF HEAD GROUPS; temperature=45; additives=5.0 E1I 0001; authors=SCHI MANN; reference=66001; original CMC=3.0 X10-5 M; DOI 10.6028/NBS.NSRDS.36; https://github.com/PSDI-UK/psdi-datasets
CCCCCCCCCCCCOCCOCCOCCOCCOCCOCCOCCO,nonionic,7.0,0.0,4.2e-05,,,,,,PSDI/NIST Critical Micelle Concentrations of Aqueous Surfactant Systems; Compound No. 115; name=DODECYL /OXYETHYLENE/7 ALCOHOL REDUCED POLYDISPERSION OF HEAD GROUPS; temperature=45; additives=7.5 E1I 0001; authors=SCHI MANN; reference=66001; original CMC=4.2 X10-5 M; DOI 10.6028/NBS.NSRDS.36; https://github.com/PSDI-UK/psdi-datasets
CCCCCCCCCCCCOCCOCCOCCOCCOCCOCCOCCO,nonionic,7.0,0.0,0.00013,,,,,,PSDI/NIST Critical Micelle Concentrations of Aqueous Surfactant Systems; Compound No. 115; name=DODECYL /OXYETHYLENE/7 ALCOHOL REDUCED POLYDISPERSION OF HEAD GROUPS; temperature=45; additives=9.0 0001; authors=SCHI MANN; reference=66001; original CMC=1.3 X10-4 M; DOI 10.6028/NBS.NSRDS.36; https://github.com/PSDI-UK/psdi-datasets
CCCCCCCCCC1=CC=C(C=C1)OCCOCCOCCOCCOCCOCCOCCOCCOCCOCCOCCOCCOCCOCCOCCOCCOCCOCCOCCOCCO,nonionic,20.0,0.0,0.000155,,,,,,"PSDI/NIST Critical Micelle Concentrations of Aqueous Surfactant Systems; Compound No. 156; name=NONYL BENZENE /OXYETHYLENE/ 20.0 ALCOHOL BRANCHED CHAIN, NATURAL 0E DISTRIBUTION; temperature=25; additives=nan; authors=HSIA DUNN; reference=56014; original CMC=1.55 X10-4 M; DOI 10.6028/NBS.NSRDS.36; https://github.com/PSDI-UK/psdi-datasets"
CCCCCCCCCC1=CC=C(C=C1)OCCOCCOCCOCCOCCOCCOCCOCCOCCOCCOCCOCCOCCOCCOCCOCCOCCOCCOCCOCCO,nonionic,20.0,0.0,7.8e-05,,,,,,"PSDI/NIST Critical Micelle Concentrations of Aqueous Surfactant Systems; Compound No. 156; name=NONYL BENZENE /OXYETHYLENE/ 20.0 ALCOHOL BRANCHED CHAIN, NATURAL 0E DISTRIBUTION; temperature=25; additives=8.6 E-1 M NA CL; authors=HSIA DUNN; reference=-56014; original CMC=7.8 X10-5 M; DOI 10.6028/NBS.NSRDS.36; https://github.com/PSDI-UK/psdi-datasets"
CCCCCCCCCC1=CC=CC=C1OCCOCCOCCOCCOCCOCCOCCOCCOCCOCCOCCOCCOCCOCCOCCO,nonionic,15.0,0.0,0.00012,,,,,,"PSDI/NIST Critical Micelle Concentrations of Aqueous Surfactant Systems; Compound No. 168; name=NONYL BENZENE /OXYETHYLENE/ 15 ALCOHOL BRANCHED CHAIN, NATURAL 0E DISTRIBUTION; temperature=25; additives=nan; authors=HSIA DUNN; reference=56014; original CMC=1.2 X10-4 M; DOI 10.6028/NBS.NSRDS.36; https://github.com/PSDI-UK/psdi-datasets"
CCCCCCCCCC1=CC=CC=C1OCCOCCOCCOCCOCCOCCOCCOCCOCCOCCOCCOCCOCCOCCOCCO,nonionic,15.0,0.0,0.00012,,,,,,"PSDI/NIST Critical Micelle Concentrations of Aqueous Surfactant Systems; Compound No. 168; name=NONYL BENZENE /OXYETHYLENE/ 15 ALCOHOL BRANCHED CHAIN, NATURAL 0E DISTRIBUTION; temperature=25; additives=8.6 E-1 H CL; authors=HSIA DUNN; reference=56014; original CMC=1.20 X10-4 M; DOI 10.6028/NBS.NSRDS.36; https://github.com/PSDI-UK/psdi-datasets"
CCCCCCCCCC1=CC=CC=C1OCCOCCOCCOCCOCCOCCOCCOCCOCCOCCOCCOCCOCCOCCOCCO,nonionic,15.0,0.0,0.00015,,,,,,"PSDI/NIST Critical Micelle Concentrations of Aqueous Surfactant Systems; Compound No. 168; name=NONYL BENZENE /OXYETHYLENE/ 15 ALCOHOL BRANCHED CHAIN, NATURAL 0E DISTRIBUTION; temperature=25; additives=3.1 EOM H CL; authors=HSIA DUNN; reference=56014; original CMC=1.50 X10-4 M; DOI 10.6028/NBS.NSRDS.36; https://github.com/PSDI-UK/psdi-datasets"
CCCCCCCCCC1=CC=CC=C1OCCOCCOCCOCCOCCOCCOCCOCCOCCOCCOCCOCCOCCOCCOCCO,nonionic,15.0,0.0,0.00013,,,,,,"PSDI/NIST Critical Micelle Concentrations of Aqueous Surfactant Systems; Compound No. 168; name=NONYL BENZENE /OXYETHYLENE/ 15 ALCOHOL BRANCHED CHAIN, NATURAL 0E DISTRIBUTION; temperature=25; additives=8.6 E-1 M H N03; authors=HSIA DUNN; reference=56014; original CMC=1.30 X10-4 M; DOI 10.6028/NBS.NSRDS.36; https://github.com/PSDI-UK/psdi-datasets"
CCCCCCCCCC1=CC=CC=C1OCCOCCOCCOCCOCCOCCOCCOCCOCCOCCOCCOCCOCCOCCOCCO,nonionic,15.0,0.0,0.00029,,,,,,"PSDI/NIST Critical Micelle Concentrations of Aqueous Surfactant Systems; Compound No. 168; name=NONYL BENZENE /OXYETHYLENE/ 15 ALCOHOL BRANCHED CHAIN, NATURAL 0E DISTRIBUTION; temperature=25; additives=3.1 EOM H N03; authors=HSIA DUNN; reference=56014; original CMC=2.90 X10-4 M; DOI 10.6028/NBS.NSRDS.36; https://github.com/PSDI-UK/psdi-datasets"
CCCCCCCCCC1=CC=CC=C1OCCOCCOCCOCCOCCOCCOCCOCCOCCOCCOCCOCCOCCOCCOCCO,nonionic,15.0,0.0,0.0001,,,,,,"PSDI/NIST Critical Micelle Concentrations of Aqueous Surfactant Systems; Compound No. 168; name=NONYL BENZENE /OXYETHYLENE/ 15 ALCOHOL BRANCHED CHAIN, NATURAL 0E DISTRIBUTION; temperature=25; additives=5. E-1 M NA BR; authors=HSIA DUNN; reference=56014; original CMC=1.00 X10-4 M; DOI 10.6028/NBS.NSRDS.36; https://github.com/PSDI-UK/psdi-datasets"
CCCCCCCCCC1=CC=CC=C1OCCOCCOCCOCCOCCOCCOCCOCCOCCOCCOCCOCCOCCOCCOCCO,nonionic,15.0,0.0,7.6e-05,,,,,,"PSDI/NIST Critical Micelle Concentrations of Aqueous Surfactant Systems; Compound No. 168; name=NONYL BENZENE /OXYETHYLENE/ 15 ALCOHOL BRANCHED CHAIN, NATURAL 0E DISTRIBUTION; temperature=25; additives=5. E-1 M NA BR03; authors=HSIA DUNN; reference=56014; original CMC=7.6 X10-5 M; DOI 10.6028/NBS.NSRDS.36; https://github.com/PSDI-UK/psdi-datasets"
CCCCCCCCCC1=CC=CC=C1OCCOCCOCCOCCOCCOCCOCCOCCOCCOCCOCCOCCOCCOCCOCCO,nonionic,15.0,0.0,8.4e-05,,,,,,"PSDI/NIST Critical Micelle Concentrations of Aqueous Surfactant Systems; Compound No. 168; name=NONYL BENZENE /OXYETHYLENE/ 15 ALCOHOL BRANCHED CHAIN, NATURAL 0E DISTRIBUTION; temperature=25; additives=5. E-1 M NA CL; authors=HSIA DUNN; reference=56014; original CMC=8.4 X10-5 M; DOI 10.6028/NBS.NSRDS.36; https://github.com/PSDI-UK/psdi-datasets"
CCCCCCCCCC1=CC=CC=C1OCCOCCOCCOCCOCCOCCOCCOCCOCCOCCOCCOCCOCCOCCOCCO,nonionic,15.0,0.0,5.1e-05,,,,,,"PSDI/NIST Critical Micelle Concentrations of Aqueous Surfactant Systems; Compound No. 168; name=NONYL BENZENE /OXYETHYLENE/ 15 ALCOHOL BRANCHED CHAIN, NATURAL 0E DISTRIBUTION; temperature=25; additives=8.6 E-1 M NA CL; authors=HSIA DUNN; reference=56014; original CMC=5.1 X10-5 M; DOI 10.6028/NBS.NSRDS.36; https://github.com/PSDI-UK/psdi-datasets"
CCCCCCCCCC1=CC=CC=C1OCCOCCOCCOCCOCCOCCOCCOCCOCCOCCOCCOCCOCCOCCOCCO,nonionic,15.0,0.0,0.000108,,,,,,"PSDI/NIST Critical Micelle Concentrations of Aqueous Surfactant Systems; Compound No. 168; name=NONYL BENZENE /OXYETHYLENE/ 15 ALCOHOL BRANCHED CHAIN, NATURAL 0E DISTRIBUTION; temperature=25; additives=5. E-1 M NA I; authors=HSIA DUNN; reference=56014; original CMC=1.08 X10-4 M; DOI 10.6028/NBS.NSRDS.36; https://github.com/PSDI-UK/psdi-datasets"
CCCCCCCCCC1=CC=CC=C1OCCOCCOCCOCCOCCOCCOCCOCCOCCOCCOCCOCCOCCOCCOCCO,nonionic,15.0,0.0,9.7e-05,,,,,,"PSDI/NIST Critical Micelle Concentrations of Aqueous Surfactant Systems; Compound No. 168; name=NONYL BENZENE /OXYETHYLENE/ 15 ALCOHOL BRANCHED CHAIN, NATURAL 0E DISTRIBUTION; temperature=25; additives=5. E-1 M NA N03; authors=HSIA DUNN; reference=56014; original CMC=9.7 X10-5 M; DOI 10.6028/NBS.NSRDS.36; https://github.com/PSDI-UK/psdi-datasets"
CCCCCCCCCC1=CC=CC=C1OCCOCCOCCOCCOCCOCCOCCOCCOCCOCCOCCOCCOCCOCCOCCO,nonionic,15.0,0.0,5.1e-05,,,,,,"PSDI/NIST Critical Micelle Concentrations of Aqueous Surfactant Systems; Compound No. 168; name=NONYL BENZENE /OXYETHYLENE/ 15 ALCOHOL BRANCHED CHAIN, NATURAL 0E DISTRIBUTION; temperature=25; additives=5. E-1 M NA OH; authors=HSIA DUNN; reference=56014; original CMC=5.1 X10-5 M; DOI 10.6028/NBS.NSRDS.36; https://github.com/PSDI-UK/psdi-datasets"
CCCCCCCCCCCOCCOCCOCCOCCOCCOCCOCCOCCO,nonionic,8.0,0.0,0.00114,,,,,,PSDI/NIST Critical Micelle Concentrations of Aqueous Surfactant Systems; Compound No. 201; name=DECYL /OXYETHYLENE/8 OXYMETHYL REDUCED POLYDISPERSION OF HEAD GROUPS; temperature=30; additives=nan; authors=NAKA KURI; reference=60006; original CMC=6.0 X10-2 D 1.14 X10-3 M; DOI 10.6028/NBS.NSRDS.36; https://github.com/PSDI-UK/psdi-datasets
CCCCCCCCCCCOCCOCCOCCOCCOCCOCCOCCOCCO,nonionic,8.0,0.0,0.000762,,,,,,PSDI/NIST Critical Micelle Concentrations of Aqueous Surfactant Systems; Compound No. 201; name=DECYL /OXYETHYLENE/8 OXYMETHYL REDUCED POLYDISPERSION OF HEAD GROUPS; temperature=30; additives=1.50 E-2 Q N-DECANE; authors=NAKA KURI; reference=60006; original CMC=4.0 X10-2 D 7.62 X10-4 M; DOI 10.6028/NBS.NSRDS.36; https://github.com/PSDI-UK/psdi-datasets
CCCCCCCCCCCOCCOCCOCCOCCOCCOCCOCCOCCO,nonionic,8.0,0.0,0.00108,,,,,,PSDI/NIST Critical Micelle Concentrations of Aqueous Surfactant Systems; Compound No. 201; name=DECYL /OXYETHYLENE/8 OXYMETHYL REDUCED POLYDISPERSION OF HEAD GROUPS; temperature=30; additives=1.32 E 0 Q N-DECANE; authors=NAKA KURI; reference=60006; original CMC=5.7 X10-2 D 1.08 X10-3 M; DOI 10.6028/NBS.NSRDS.36; https://github.com/PSDI-UK/psdi-datasets
CCCCCCCCCCCOCCOCCOCCOCCOCCOCCOCCOCCO,nonionic,8.0,0.0,0.00102,,,,,,PSDI/NIST Critical Micelle Concentrations of Aqueous Surfactant Systems; Compound No. 201; name=DECYL /OXYETHYLENE/8 OXYMETHYL REDUCED POLYDISPERSION OF HEAD GROUPS; temperature=30; additives=2.33 E 0 N-DECANE; authors=NAKA KURI; reference=60006; original CMC=5.4 X10-2 D 1.02 X10-3 M; DOI 10.6028/NBS.NSRDS.36; https://github.com/PSDI-UK/psdi-datasets
CCCCCCCCCCCOCCOCCOCCOCCOCCOCCOCCOCCO,nonionic,8.0,0.0,0.00099,,,,,,PSDI/NIST Critical Micelle Concentrations of Aqueous Surfactant Systems; Compound No. 201; name=DECYL /OXYETHYLENE/8 OXYMETHYL REDUCED POLYDISPERSION OF HEAD GROUPS; temperature=30; additives=3.16 E 0 N-DECANE; authors=NAKA KURI; reference=60006; original CMC=5.2 X10-2 D 9.90 X10-4 M; DOI 10.6028/NBS.NSRDS.36; https://github.com/PSDI-UK/psdi-datasets
CCCCCCCCCCCOCCOCCOCCOCCOCCOCCOCCOCCO,nonionic,8.0,0.0,0.000971,,,,,,PSDI/NIST Critical Micelle Concentrations of Aqueous Surfactant Systems; Compound No. 201; name=DECYL /OXYETHYLENE/8 OXYMETHYL REDUCED POLYDISPERSION OF HEAD GROUPS; temperature=30; additives=3.78 E 0 N-DECANE; authors=NAKA KURI; reference=60006; original CMC=5.1 X10-2 D 9.71 X10-4 M; DOI 10.6028/NBS.NSRDS.36; https://github.com/PSDI-UK/psdi-datasets
CCCCCCCCCCCOCCOCCOCCOCCOCCOCCOCCOCCO,nonionic,8.0,0.0,0.000914,,,,,,PSDI/NIST Critical Micelle Concentrations of Aqueous Surfactant Systems; Compound No. 201; name=DECYL /OXYETHYLENE/8 OXYMETHYL REDUCED POLYDISPERSION OF HEAD GROUPS; temperature=30; additives=4.93 E 0 N-DECANE; authors=NAKA KURI; reference=60006; original CMC=4.8 X10-2 D 9.14 X10-4 M; DOI 10.6028/NBS.NSRDS.36; https://github.com/PSDI-UK/psdi-datasets
CCCCCCCCCCCOCCOCCOCCOCCOCCOCCOCCOCCO,nonionic,8.0,0.0,0.000762,,,,,,PSDI/NIST Critical Micelle Concentrations of Aqueous Surfactant Systems; Compound No. 201; name=DECYL /OXYETHYLENE/8 OXYMETHYL REDUCED POLYDISPERSION OF HEAD GROUPS; temperature=30; additives=1.20 E 1 N-DECANE; authors=NAKA KURI; reference=60006; original CMC=4.0 X10-2 D 7.62 X10-4 M; DOI 10.6028/NBS.NSRDS.36; https://github.com/PSDI-UK/psdi-datasets
CCCCCCCCCCCOCCOCCOCCOCCOCCOCCOCCOCCO,nonionic,8.0,0.0,0.00099,,,,,,PSDI/NIST Critical Micelle Concentrations of Aqueous Surfactant Systems; Compound No. 201; name=DECYL /OXYETHYLENE/8 OXYMETHYL REDUCED POLYDISPERSION OF HEAD GROUPS; temperature=30; additives=3.40 E 0 Q DECANOL-1; authors=NAKA KURI; reference=60006; original CMC=5.2 X10-2 D 9.90 X10-4 M; DOI 10.6028/NBS.NSRDS.36; https://github.com/PSDI-UK/psdi-datasets
CCCCCCCCCCCOCCOCCOCCOCCOCCOCCOCCOCCO,nonionic,8.0,0.0,0.000857,,,,,,PSDI/NIST Critical Micelle Concentrations of Aqueous Surfactant Systems; Compound No. 201; name=DECYL /OXYETHYLENE/8 OXYMETHYL REDUCED POLYDISPERSION OF HEAD GROUPS; temperature=30; additives=6.19 E 0 Q DECANOL-1; authors=NAKA KURI; reference=60006; original CMC=4.5 X10-2 D 8.57 X10-4 M; DOI 10.6028/NBS.NSRDS.36; https://github.com/PSDI-UK/psdi-datasets
CCCCCCCCCCCOCCOCCOCCOCCOCCOCCOCCOCCO,nonionic,8.0,0.0,0.000762,,,,,,PSDI/NIST Critical Micelle Concentrations of Aqueous Surfactant Systems; Compound No. 201; name=DECYL /OXYETHYLENE/8 OXYMETHYL REDUCED POLYDISPERSION OF HEAD GROUPS; temperature=30; additives=8.50 E 0 Q DECANOL-1; authors=NAKA KURI; reference=60006; original CMC=4.0 X10-2 D 7.62 X10-4 M; DOI 10.6028/NBS.NSRDS.36; https://github.com/PSDI-UK/psdi-datasets
CCCCCCCCCCCOCCOCCOCCOCCOCCOCCOCCOCCO,nonionic,8.0,0.0,0.000628,,,,,,PSDI/NIST Critical Micelle Concentrations of Aqueous Surfactant Systems; Compound No. 201; name=DECYL /OXYETHYLENE/8 OXYMETHYL REDUCED POLYDISPERSION OF HEAD GROUPS; temperature=30; additives=1.142E 1 Q DECANOL-1; authors=NAKA KURI; reference=60006; original CMC=3.3 X10-2 D 6.28 X10-4 M; DOI 10.6028/NBS.NSRDS.36; https://github.com/PSDI-UK/psdi-datasets
CCCCCCCCCCCOCCOCCOCCOCCOCCOCCOCCOCCO,nonionic,8.0,0.0,0.000381,,,,,,PSDI/NIST Critical Micelle Concentrations of Aqueous Surfactant Systems; Compound No. 201; name=DECYL /OXYETHYLENE/8 OXYMETHYL REDUCED POLYDISPERSION OF HEAD GROUPS; temperature=30; additives=1.661E 1 Q DECANOL-1; authors=NAKA KURI; reference=60006; original CMC=2.0 X10-2 D 3.81 X10-4 M; DOI 10.6028/NBS.NSRDS.36; https://github.com/PSDI-UK/psdi-datasets
CC.CC.CC.CCOCC1C(C(C(C(O1)OC2C(OC(C(C2OCC)OCC)OCC)COCC)OCC)OCC)OCC,nonionic,11.0,0.0,0.00144,,,,,,PSDI/NIST Critical Micelle Concentrations of Aqueous Surfactant Systems; Compound No. 202; name=DECYL /OXYETHYLENE/11 OXYMETHYL REDUCED POLYDISPERSION OF HEAD GROUPS; temperature=30; additives=nan; authors=NAKA KURI; reference=60006; original CMC=9.5 X10-2 D 1.44 X10-3 M; DOI 10.6028/NBS.NSRDS.36; https://github.com/PSDI-UK/psdi-datasets
CC.CC.CC.CCOCC1C(C(C(C(O1)OC2C(OC(C(C2OCC)OCC)OCC)COCC)OCC)OCC)OCC,nonionic,11.0,0.0,0.0014,,,,,,PSDI/NIST Critical Micelle Concentrations of Aqueous Surfactant Systems; Compound No. 202; name=DECYL /OXYETHYLENE/11 OXYMETHYL REDUCED POLYDISPERSION OF HEAD GROUPS; temperature=30; additives=1.40 E 0 Q N-DECANE; authors=NAKA KURI; reference=60006; original CMC=9.2 X10-2 D 1.40 X10-3 M; DOI 10.6028/NBS.NSRDS.36; https://github.com/PSDI-UK/psdi-datasets
CC.CC.CC.CCOCC1C(C(C(C(O1)OC2C(OC(C(C2OCC)OCC)OCC)COCC)OCC)OCC)OCC,nonionic,11.0,0.0,0.00136,,,,,,PSDI/NIST Critical Micelle Concentrations of Aqueous Surfactant Systems; Compound No. 202; name=DECYL /OXYETHYLENE/11 OXYMETHYL REDUCED POLYDISPERSION OF HEAD GROUPS; temperature=30; additives=2.58 E 0 Q N-DECANE; authors=NAKA KURI; reference=60006; original CMC=9.0 X10-2 D 1.36 X10-3 M; DOI 10.6028/NBS.NSRDS.36; https://github.com/PSDI-UK/psdi-datasets
CC.CC.CC.CCOCC1C(C(C(C(O1)OC2C(OC(C(C2OCC)OCC)OCC)COCC)OCC)OCC)OCC,nonionic,11.0,0.0,0.00133,,,,,,PSDI/NIST Critical Micelle Concentrations of Aqueous Surfactant Systems; Compound No. 202; name=DECYL /OXYETHYLENE/11 OXYMETHYL REDUCED POLYDISPERSION OF HEAD GROUPS; temperature=30; additives=3.31 E 0 Q N-DECANE; authors=NAKA KURI; reference=60006; original CMC=8.8 X10-2 D 1.33 X10-3 M; DOI 10.6028/NBS.NSRDS.36; https://github.com/PSDI-UK/psdi-datasets
CC.CC.CC.CCOCC1C(C(C(C(O1)OC2C(OC(C(C2OCC)OCC)OCC)COCC)OCC)OCC)OCC,nonionic,11.0,0.0,0.00127,,,,,,PSDI/NIST Critical Micelle Concentrations of Aqueous Surfactant Systems; Compound No. 202; name=DECYL /OXYETHYLENE/11 OXYMETHYL REDUCED POLYDISPERSION OF HEAD GROUPS; temperature=30; additives=5.67 E 0 Q DECANOL-1; authors=NAKA KURI; reference=60006; original CMC=8.4 X10-2 D 1.27 X10-3 M; DOI 10.6028/NBS.NSRDS.36; https://github.com/PSDI-UK/psdi-datasets
CC.CC.CC.CCOCC1C(C(C(C(O1)OC2C(OC(C(C2OCC)OCC)OCC)COCC)OCC)OCC)OCC,nonionic,11.0,0.0,0.00114,,,,,,PSDI/NIST Critical Micelle Concentrations of Aqueous Surfactant Systems; Compound No. 202; name=DECYL /OXYETHYLENE/11 OXYMETHYL REDUCED POLYDISPERSION OF HEAD GROUPS; temperature=30; additives=1.018E 1 Q DECANOL-1; authors=NAKA KURI; reference=60006; original CMC=7.5 X10-2 D 1.14 X10-3 M; DOI 10.6028/NBS.NSRDS.36; https://github.com/PSDI-UK/psdi-datasets
CC.CC.CC.CCOCC1C(C(C(C(O1)OC2C(OC(C(C2OCC)OCC)OCC)COCC)OCC)OCC)OCC,nonionic,11.0,0.0,0.000958,,,,,,PSDI/NIST Critical Micelle Concentrations of Aqueous Surfactant Systems; Compound No. 202; name=DECYL /OXYETHYLENE/11 OXYMETHYL REDUCED POLYDISPERSION OF HEAD GROUPS; temperature=30; additives=1.712E 1 Q DECANOL-1; authors=NAKA KURI; reference=60006; original CMC=6.3 X10-2 D 9.58 X10-4 M; DOI 10.6028/NBS.NSRDS.36; https://github.com/PSDI-UK/psdi-datasets
CCCCCCOCCOC(CO)C(COCCOCCCC)(C(CO)OCCOCCCCCC)O.CCCCOCCOCCO,nonionic,12.0,0.0,0.002425,,,,,,PSDI/NIST Critical Micelle Concentrations of Aqueous Surfactant Systems; Compound No. 204; name=DECYL /OXYETHYLENE/12 OXYMETHYL REDUCED POLYDISPERSION OF HEAD GROUPS; temperature=09.7; additives=nan; authors=KURI; reference=62009; original CMC=1.70 X10-1 D 2.425X10-3 M; DOI 10.6028/NBS.NSRDS.36; https://github.com/PSDI-UK/psdi-datasets
CCCCCCOCCOC(CO)C(COCCOCCCC)(C(CO)OCCOCCCCCC)O.CCCCOCCOCCO,nonionic,12.0,0.0,0.001569,,,,,,PSDI/NIST Critical Micelle Concentrations of Aqueous Surfactant Systems; Compound No. 204; name=DECYL /OXYETHYLENE/12 OXYMETHYL REDUCED POLYDISPERSION OF HEAD GROUPS; temperature=29; additives=nan; authors=KURI; reference=62009; original CMC=1.10 X10-1 D 1.569x10-3 M; DOI 10.6028/NBS.NSRDS.36; https://github.com/PSDI-UK/psdi-datasets
CCCCCCOCCOC(CO)C(COCCOCCCC)(C(CO)OCCOCCCCCC)O.CCCCOCCOCCO,nonionic,12.0,0.0,0.001497,,,,,,PSDI/NIST Critical Micelle Concentrations of Aqueous Surfactant Systems; Compound No. 204; name=DECYL /OXYETHYLENE/12 OXYMETHYL REDUCED POLYDISPERSION OF HEAD GROUPS; temperature=30; additives=nan; authors=KURI; reference=62009; original CMC=1.05 X10-1 D 1.497X10-3 M; DOI 10.6028/NBS.NSRDS.36; https://github.com/PSDI-UK/psdi-datasets
CCCCCCOCCOC(CO)C(COCCOCCCC)(C(CO)OCCOCCCCCC)O.CCCCOCCOCCO,nonionic,12.0,0.0,0.00116,,,,,,PSDI/NIST Critical Micelle Concentrations of Aqueous Surfactant Systems; Compound No. 204; name=DECYL /OXYETHYLENE/12 OXYMETHYL REDUCED POLYDISPERSION OF HEAD GROUPS; temperature=45; additives=nan; authors=KURI; reference=62009; original CMC=8.2 X10-2 D 1.16 X10-3 M; DOI 10.6028/NBS.NSRDS.36; https://github.com/PSDI-UK/psdi-datasets
CCCCCCOCCOC(CO)C(COCCOCCCC)(C(CO)OCCOCCCCCC)O.CCCCOCCOCCO,nonionic,12.0,0.0,0.00111,,,,,,PSDI/NIST Critical Micelle Concentrations of Aqueous Surfactant Systems; Compound No. 204; name=DECYL /OXYETHYLENE/12 OXYMETHYL REDUCED POLYDISPERSION OF HEAD GROUPS; temperature=50.7; additives=nan; authors=KURI; reference=62009; original CMC=7.8 X10-2 D 1.11 X10-3 M; DOI 10.6028/NBS.NSRDS.36; https://github.com/PSDI-UK/psdi-datasets
CCCCCCOCCOC(CO)C(COCCOCCCC)(C(CO)OCCOCCCCCC)O.CCCCOCCOCCO,nonionic,12.0,0.0,0.00111,,,,,,PSDI/NIST Critical Micelle Concentrations of Aqueous Surfactant Systems; Compound No. 204; name=DECYL /OXYETHYLENE/12 OXYMETHYL REDUCED POLYDISPERSION OF HEAD GROUPS; temperature=50; additives=nan; authors=KURI; reference=62009; original CMC=7.8 X10-2 D 1.11 X10-3 M; DOI 10.6028/NBS.NSRDS.36; https://github.com/PSDI-UK/psdi-datasets
CCCCCCOCCOC(CO)C(COCCOCCCC)(C(CO)OCCOCCCCCC)O.CCCCOCCOCCO,nonionic,12.0,0.0,0.000998,,,,,,PSDI/NIST Critical Micelle Concentrations of Aqueous Surfactant Systems; Compound No. 204; name=DECYL /OXYETHYLENE/12 OXYMETHYL REDUCED POLYDISPERSION OF HEAD GROUPS; temperature=58.5; additives=nan; authors=KURI; reference=62009; original CMC=7.0 X10-2 D 9.98 X10-4 M; DOI 10.6028/NBS.NSRDS.36; https://github.com/PSDI-UK/psdi-datasets
CCCCCCOCCOC(CO)C(COCCOCCCC)(C(CO)OCCOCCCCCC)O.CCCCOCCOCCO,nonionic,12.0,0.0,0.000884,,,,,,PSDI/NIST Critical Micelle Concentrations of Aqueous Surfactant Systems; Compound No. 204; name=DECYL /OXYETHYLENE/12 OXYMETHYL REDUCED POLYDISPERSION OF HEAD GROUPS; temperature=69.7; additives=nan; authors=KURI; reference=62009; original CMC=6.2 X10-2 D 8.84 X10-4 M; DOI 10.6028/NBS.NSRDS.36; https://github.com/PSDI-UK/psdi-datasets
CCCCCCOCCOC(CO)C(COCCOCCCC)(C(CO)OCCOCCCCCC)O.CCCCOCCOCCO,nonionic,12.0,0.0,0.000855,,,,,,PSDI/NIST Critical Micelle Concentrations of Aqueous Surfactant Systems; Compound No. 204; name=DECYL /OXYETHYLENE/12 OXYMETHYL REDUCED POLYDISPERSION OF HEAD GROUPS; temperature=73.4; additives=nan; authors=KURI; reference=62009; original CMC=6.0 X10-2 D 8.55 X10-4 M; DOI 10.6028/NBS.NSRDS.36; https://github.com/PSDI-UK/psdi-datasets
CCCCCCOCCOC(CO)C(COCCOCCCC)(C(CO)OCCOCCCCCC)O.CCCCOCCOCCO,nonionic,12.0,0.0,0.000855,,,,,,PSDI/NIST Critical Micelle Concentrations of Aqueous Surfactant Systems; Compound No. 204; name=DECYL /OXYETHYLENE/12 OXYMETHYL REDUCED POLYDISPERSION OF HEAD GROUPS; temperature=75; additives=nan; authors=KURI; reference=62009; original CMC=6.0 X10-2 D 8.55 X10-4 M; DOI 10.6028/NBS.NSRDS.36; https://github.com/PSDI-UK/psdi-datasets
CCCCCCOCCOC(CO)C(COCCOCCCC)(C(CO)OCCOCCCCCC)O.CCCCOCCOCCO,nonionic,12.0,0.0,0.002353,,,,,,PSDI/NIST Critical Micelle Concentrations of Aqueous Surfactant Systems; Compound No. 204; name=DECYL /OXYETHYLENE/12 OXYMETHYL REDUCED POLYDISPERSION OF HEAD GROUPS; temperature=09.6; additives=1.86 E 0 Q N-DECANE; authors=KURI; reference=62009; original CMC=1.65 X10-1 D 2.353x10-3 M; DOI 10.6028/NBS.NSRDS.36; https://github.com/PSDI-UK/psdi-datasets
CCCCCCOCCOC(CO)C(COCCOCCCC)(C(CO)OCCOCCCCCC)O.CCCCOCCOCCO,nonionic,12.0,0.0,0.002325,,,,,,PSDI/NIST Critical Micelle Concentrations of Aqueous Surfactant Systems; Compound No. 204; name=DECYL /OXYETHYLENE/12 OXYMETHYL REDUCED POLYDISPERSION OF HEAD GROUPS; temperature=10; additives=2.6 E 0 Q N-DECANE; authors=KURI; reference=62009; original CMC=1.63 X10-1 D 2.325X10-3 M; DOI 10.6028/NBS.NSRDS.36; https://github.com/PSDI-UK/psdi-datasets
CCCCCCOCCOC(CO)C(COCCOCCCC)(C(CO)OCCOCCCCCC)O.CCCCOCCOCCO,nonionic,12.0,0.0,0.001497,,,,,,PSDI/NIST Critical Micelle Concentrations of Aqueous Surfactant Systems; Compound No. 204; name=DECYL /OXYETHYLENE/12 OXYMETHYL REDUCED POLYDISPERSION OF HEAD GROUPS; temperature=30; additives=1.86 E 0 Q N-DECANE; authors=KURI; reference=62009; original CMC=1.05 X10-1 D 1.497x10-3 M; DOI 10.6028/NBS.NSRDS.36; https://github.com/PSDI-UK/psdi-datasets
CCCCCCOCCOC(CO)C(COCCOCCCC)(C(CO)OCCOCCCCCC)O.CCCCOCCOCCO,nonionic,12.0,0.0,0.001455,,,,,,PSDI/NIST Critical Micelle Concentrations of Aqueous Surfactant Systems; Compound No. 204; name=DECYL /OXYETHYLENE/12 OXYMETHYL REDUCED POLYDISPERSION OF HEAD GROUPS; temperature=30; additives=4.4 E 0 Q N-DECANE; authors=KURI; reference=62009; original CMC=1.02 X10-1 D 1.455X10-3 M; DOI 10.6028/NBS.NSRDS.36; https://github.com/PSDI-UK/psdi-datasets
CCCCCCOCCOC(CO)C(COCCOCCCC)(C(CO)OCCOCCCCCC)O.CCCCOCCOCCO,nonionic,12.0,0.0,0.00111,,,,,,PSDI/NIST Critical Micelle Concentrations of Aqueous Surfactant Systems; Compound No. 204; name=DECYL /OXYETHYLENE/12 OXYMETHYL REDUCED POLYDISPERSION OF HEAD GROUPS; temperature=50; additives=1.86 E 0 Q N-DECANE; authors=KURI; reference=62009; original CMC=7.8 X10-2 D 1.11 X10-3 M; DOI 10.6028/NBS.NSRDS.36; https://github.com/PSDI-UK/psdi-datasets
CCCCCCOCCOC(CO)C(COCCOCCCC)(C(CO)OCCOCCCCCC)O.CCCCOCCOCCO,nonionic,12.0,0.0,0.000998,,,,,,PSDI/NIST Critical Micelle Concentrations of Aqueous Surfactant Systems; Compound No. 204; name=DECYL /OXYETHYLENE/12 OXYMETHYL REDUCED POLYDISPERSION OF HEAD GROUPS; temperature=50; additives=8.7 E 0 Q N-DECANE; authors=KURI; reference=62009; original CMC=7.0 X10-2 D 9.98 X10-4 M; DOI 10.6028/NBS.NSRDS.36; https://github.com/PSDI-UK/psdi-datasets
CCCCCCOCCOC(CO)C(COCCOCCCC)(C(CO)OCCOCCCCCC)O.CCCCOCCOCCO,nonionic,12.0,0.0,0.000998,,,,,,PSDI/NIST Critical Micelle Concentrations of Aqueous Surfactant Systems; Compound No. 204; name=DECYL /OXYETHYLENE/12 OXYMETHYL REDUCED POLYDISPERSION OF HEAD GROUPS; temperature=60; additives=1.86 E 0 Q N-DECANE; authors=KURI; reference=62009; original CMC=7.0 X10-2 D 9.98 X10-4 M; DOI 10.6028/NBS.NSRDS.36; https://github.com/PSDI-UK/psdi-datasets
CCCCCCOCCOC(CO)C(COCCOCCCC)(C(CO)OCCOCCCCCC)O.CCCCOCCOCCO,nonionic,12.0,0.0,0.00097,,,,,,PSDI/NIST Critical Micelle Concentrations of Aqueous Surfactant Systems; Compound No. 204; name=DECYL /OXYETHYLENE/12 OXYMETHYL REDUCED POLYDISPERSION OF HEAD GROUPS; temperature=60; additives=1.35 E 1 N-DECANE; authors=KURI; reference=62009; original CMC=6.8 X10-2 D 9.70 X10-4 M; DOI 10.6028/NBS.NSRDS.36; https://github.com/PSDI-UK/psdi-datasets
CCCCCCOCCOC(CO)C(COCCOCCCC)(C(CO)OCCOCCCCCC)O.CCCCOCCOCCO,nonionic,12.0,0.0,0.000884,,,,,,PSDI/NIST Critical Micelle Concentrations of Aqueous Surfactant Systems; Compound No. 204; name=DECYL /OXYETHYLENE/12 OXYMETHYL REDUCED POLYDISPERSION OF HEAD GROUPS; temperature=66.6; additives=1.86 E 0 N-DECANE; authors=KURI; reference=62009; original CMC=6.2 X10-2 D 8.84 X10-4 M; DOI 10.6028/NBS.NSRDS.36; https://github.com/PSDI-UK/psdi-datasets
CCCCCCOCCOC(CO)C(COCCOCCCC)(C(CO)OCCOCCCCCC)O.CCCCOCCOCCO,nonionic,12.0,0.0,0.000884,,,,,,PSDI/NIST Critical Micelle Concentrations of Aqueous Surfactant Systems; Compound No. 204; name=DECYL /OXYETHYLENE/12 OXYMETHYL REDUCED POLYDISPERSION OF HEAD GROUPS; temperature=69; additives=1.86 E Q N-DECANE; authors=KURI; reference=62009; original CMC=6.2 X10-2 D 8.84 X10-4 M; DOI 10.6028/NBS.NSRDS.36; https://github.com/PSDI-UK/psdi-datasets
CCCCCCOCCOC(CO)C(COCCOCCCC)(C(CO)OCCOCCCCCC)O.CCCCOCCOCCO,nonionic,12.0,0.0,0.002068,,,,,,PSDI/NIST Critical Micelle Concentrations of Aqueous Surfactant Systems; Compound No. 204; name=DECYL /OXYETHYLENE/12 OXYMETHYL REDUCED POLYDISPERSION OF HEAD GROUPS; temperature=10; additives=9.17 E 0 Q DECANOL-1; authors=KURI; reference=62009; original CMC=1.45 X10-1 D 2.068X10-3 M; DOI 10.6028/NBS.NSRDS.36; https://github.com/PSDI-UK/psdi-datasets
CCCCCCOCCOC(CO)C(COCCOCCCC)(C(CO)OCCOCCCCCC)O.CCCCOCCOCCO,nonionic,12.0,0.0,0.00125,,,,,,PSDI/NIST Critical Micelle Concentrations of Aqueous Surfactant Systems; Compound No. 204; name=DECYL /OXYETHYLENE/12 OXYMETHYL REDUCED POLYDISPERSION OF HEAD GROUPS; temperature=29.9; additives=9.17 0 DECANOL-1; authors=KURI; reference=62009; original CMC=8.8 X10-2 D 1.25 X10-3 M; DOI 10.6028/NBS.NSRDS.36; https://github.com/PSDI-UK/psdi-datasets
CCCCCCOCCOC(CO)C(COCCOCCCC)(C(CO)OCCOCCCCCC)O.CCCCOCCOCCO,nonionic,12.0,0.0,0.001497,,,,,,PSDI/NIST Critical Micelle Concentrations of Aqueous Surfactant Systems; Compound No. 204; name=DECYL /OXYETHYLENE/12 OXYMETHYL REDUCED POLYDISPERSION OF HEAD GROUPS; temperature=30; additives=1.87 0 Q DECANOL-1; authors=KURI; reference=62009; original CMC=1.05 X10-1 D 1.497X10-3 M; DOI 10.6028/NBS.NSRDS.36; https://github.com/PSDI-UK/psdi-datasets
CCCCCCOCCOC(CO)C(COCCOCCCC)(C(CO)OCCOCCCCCC)O.CCCCOCCOCCO,nonionic,12.0,0.0,0.00141,,,,,,PSDI/NIST Critical Micelle Concentrations of Aqueous Surfactant Systems; Compound No. 204; name=DECYL /OXYETHYLENE/12 OXYMETHYL REDUCED POLYDISPERSION OF HEAD GROUPS; temperature=30; additives=4.56 E Q DECANOL-1; authors=KURI; reference=62009; original CMC=9.9 X10-2 D 1.41 X10-3 M; DOI 10.6028/NBS.NSRDS.36; https://github.com/PSDI-UK/psdi-datasets
CCCCCCOCCOC(CO)C(COCCOCCCC)(C(CO)OCCOCCCCCC)O.CCCCOCCOCCO,nonionic,12.0,0.0,0.00131,,,,,,PSDI/NIST Critical Micelle Concentrations of Aqueous Surfactant Systems; Compound No. 204; name=DECYL /OXYETHYLENE/12 OXYMETHYL REDUCED POLYDISPERSION OF HEAD GROUPS; temperature=30; additives=7.75 E Q DECANOL-1; authors=KURI; reference=62009; original CMC=9.2 X10-2 D 1.31 X10-3 M; DOI 10.6028/NBS.NSRDS.36; https://github.com/PSDI-UK/psdi-datasets
CCCCCCOCCOC(CO)C(COCCOCCCC)(C(CO)OCCOCCCCCC)O.CCCCOCCOCCO,nonionic,12.0,0.0,0.00125,,,,,,PSDI/NIST Critical Micelle Concentrations of Aqueous Surfactant Systems; Compound No. 204; name=DECYL /OXYETHYLENE/12 OXYMETHYL REDUCED POLYDISPERSION OF HEAD GROUPS; temperature=30; additives=9.17 DECANOL-1; authors=KURI; reference=62009; original CMC=8.8 X10-2 D 1.25 X10-3 M; DOI 10.6028/NBS.NSRDS.36; https://github.com/PSDI-UK/psdi-datasets
CCCCCCOCCOC(CO)C(COCCOCCCC)(C(CO)OCCOCCCCCC)O.CCCCOCCOCCO,nonionic,12.0,0.0,0.00121,,,,,,PSDI/NIST Critical Micelle Concentrations of Aqueous Surfactant Systems; Compound No. 204; name=DECYL /OXYETHYLENE/12 OXYMETHYL REDUCED POLYDISPERSION OF HEAD GROUPS; temperature=30; additives=1.11 DECANOL-1; authors=KURI; reference=62009; original CMC=8.5 X10-2 D 1.21 X10-3 M; DOI 10.6028/NBS.NSRDS.36; https://github.com/PSDI-UK/psdi-datasets
CCCCCCOCCOC(CO)C(COCCOCCCC)(C(CO)OCCOCCCCCC)O.CCCCOCCOCCO,nonionic,12.0,0.0,0.000998,,,,,,PSDI/NIST Critical Micelle Concentrations of Aqueous Surfactant Systems; Compound No. 204; name=DECYL /OXYETHYLENE/12 OXYMETHYL REDUCED POLYDISPERSION OF HEAD GROUPS; temperature=30; additives=1.91 DECANOL-1; authors=KURI; reference=62009; original CMC=7.0 X10-2 D 9.98 X10-4 M; DOI 10.6028/NBS.NSRDS.36; https://github.com/PSDI-UK/psdi-datasets
CCCCCCOCCOC(CO)C(COCCOCCCC)(C(CO)OCCOCCCCCC)O.CCCCOCCOCCO,nonionic,12.0,0.0,0.00108,,,,,,PSDI/NIST Critical Micelle Concentrations of Aqueous Surfactant Systems; Compound No. 204; name=DECYL /OXYETHYLENE/12 OXYMETHYL REDUCED POLYDISPERSION OF HEAD GROUPS; temperature=43.4; additives=9.17 Q DECANOL-1; authors=KURI; reference=62009; original CMC=7.6 X10-2 D 1.08 X10-3 M; DOI 10.6028/NBS.NSRDS.36; https://github.com/PSDI-UK/psdi-datasets
CCCCCCOCCOC(CO)C(COCCOCCCC)(C(CO)OCCOCCCCCC)O.CCCCOCCOCCO,nonionic,12.0,0.0,0.00111,,,,,,PSDI/NIST Critical Micelle Concentrations of Aqueous Surfactant Systems; Compound No. 204; name=DECYL /OXYETHYLENE/12 OXYMETHYL REDUCED POLYDISPERSION OF HEAD GROUPS; temperature=45; additives=5.37 Q DECANOL-1; authors=KURI; reference=62009; original CMC=7.8 X10-2 D 1.11 X10-3 M; DOI 10.6028/NBS.NSRDS.36; https://github.com/PSDI-UK/psdi-datasets
CCCCCCOCCOC(CO)C(COCCOCCCC)(C(CO)OCCOCCCCCC)O.CCCCOCCOCCO,nonionic,12.0,0.0,0.00106,,,,,,PSDI/NIST Critical Micelle Concentrations of Aqueous Surfactant Systems; Compound No. 204; name=DECYL /OXYETHYLENE/12 OXYMETHYL REDUCED POLYDISPERSION OF HEAD GROUPS; temperature=45; additives=9.17 Q DECANOL-1; authors=KURI; reference=62009; original CMC=7.5 X10-2 D 1.06 X10-3 M; DOI 10.6028/NBS.NSRDS.36; https://github.com/PSDI-UK/psdi-datasets
CCCCCCOCCOC(CO)C(COCCOCCCC)(C(CO)OCCOCCCCCC)O.CCCCOCCOCCO,nonionic,12.0,0.0,0.00105,,,,,,PSDI/NIST Critical Micelle Concentrations of Aqueous Surfactant Systems; Compound No. 204; name=DECYL /OXYETHYLENE/12 OXYMETHYL REDUCED POLYDISPERSION OF HEAD GROUPS; temperature=45; additives=1.07 E 1 Q DECANOL-1; authors=KURI; reference=62009; original CMC=7.4 X10-2 D 1.05 X10-3 M; DOI 10.6028/NBS.NSRDS.36; https://github.com/PSDI-UK/psdi-datasets
CCCCCCOCCOC(CO)C(COCCOCCCC)(C(CO)OCCOCCCCCC)O.CCCCOCCOCCO,nonionic,12.0,0.0,0.00104,,,,,,PSDI/NIST Critical Micelle Concentrations of Aqueous Surfactant Systems; Compound No. 204; name=DECYL /OXYETHYLENE/12 OXYMETHYL REDUCED POLYDISPERSION OF HEAD GROUPS; temperature=45; additives=1.28 E 1 Q DECANOL-1; authors=KURI; reference=62009; original CMC=7.3 X10-2 D 1.04 X10-3 M; DOI 10.6028/NBS.NSRDS.36; https://github.com/PSDI-UK/psdi-datasets
CCCCCCOCCOC(CO)C(COCCOCCCC)(C(CO)OCCOCCCCCC)O.CCCCOCCOCCO,nonionic,12.0,0.0,0.000984,,,,,,PSDI/NIST Critical Micelle Concentrations of Aqueous Surfactant Systems; Compound No. 204; name=DECYL /OXYETHYLENE/12 OXYMETHYL REDUCED POLYDISPERSION OF HEAD GROUPS; temperature=45; additives=1.73 E 1 Q DECANOL-1; authors=KURI; reference=62009; original CMC=6.9 X10-2 D 9.84 X10-4 M; DOI 10.6028/NBS.NSRDS.36; https://github.com/PSDI-UK/psdi-datasets
CCCCCCOCCOC(CO)C(COCCOCCCC)(C(CO)OCCOCCCCCC)O.CCCCOCCOCCO,nonionic,12.0,0.0,0.000998,,,,,,PSDI/NIST Critical Micelle Concentrations of Aqueous Surfactant Systems; Compound No. 204; name=DECYL /OXYETHYLENE/12 OXYMETHYL REDUCED POLYDISPERSION OF HEAD GROUPS; temperature=49.7; additives=9.17 0 Q DECANOL-1; authors=KURI; reference=62009; original CMC=7.0 X10-2 D 9.98 X10-4 M; DOI 10.6028/NBS.NSRDS.36; https://github.com/PSDI-UK/psdi-datasets
CCCCCCOCCOC(CO)C(COCCOCCCC)(C(CO)OCCOCCCCCC)O.CCCCOCCOCCO,nonionic,12.0,0.0,0.00106,,,,,,PSDI/NIST Critical Micelle Concentrations of Aqueous Surfactant Systems; Compound No. 204; name=DECYL /OXYETHYLENE/12 OXYMETHYL REDUCED POLYDISPERSION OF HEAD GROUPS; temperature=50; additives=3.53 0 Q DECANOL-1; authors=KURI; reference=62009; original CMC=7.5 X10-2 D 1.06 X10-3 M; DOI 10.6028/NBS.NSRDS.36; https://github.com/PSDI-UK/psdi-datasets
CCCCCCOCCOC(CO)C(COCCOCCCC)(C(CO)OCCOCCCCCC)O.CCCCOCCOCCO,nonionic,12.0,0.0,0.00104,,,,,,PSDI/NIST Critical Micelle Concentrations of Aqueous Surfactant Systems; Compound No. 204; name=DECYL /OXYETHYLENE/12 OXYMETHYL REDUCED POLYDISPERSION OF HEAD GROUPS; temperature=50; additives=5.58 E 0 Q DECANOL-1; authors=KURI; reference=62009; original CMC=7.3 X10-2 D 1.04 X10-3 M; DOI 10.6028/NBS.NSRDS.36; https://github.com/PSDI-UK/psdi-datasets
CCCCCCOCCOC(CO)C(COCCOCCCC)(C(CO)OCCOCCCCCC)O.CCCCOCCOCCO,nonionic,12.0,0.0,0.00101,,,,,,PSDI/NIST Critical Micelle Concentrations of Aqueous Surfactant Systems; Compound No. 204; name=DECYL /OXYETHYLENE/12 OXYMETHYL REDUCED POLYDISPERSION OF HEAD GROUPS; temperature=50; additives=7.52 E 0 Q DECANOL-1; authors=KURI; reference=62009; original CMC=7.1 X10-2 D 1.01 X10-3 M; DOI 10.6028/NBS.NSRDS.36; https://github.com/PSDI-UK/psdi-datasets
CCCCCCOCCOC(CO)C(COCCOCCCC)(C(CO)OCCOCCCCCC)O.CCCCOCCOCCO,nonionic,12.0,0.0,0.000998,,,,,,PSDI/NIST Critical Micelle Concentrations of Aqueous Surfactant Systems; Compound No. 204; name=DECYL /OXYETHYLENE/12 OXYMETHYL REDUCED POLYDISPERSION OF HEAD GROUPS; temperature=50; additives=8.7 E 0 Q DECANOL-1; authors=KURI; reference=62009; original CMC=7.0 X10-2 D 9.98 X10-4 M; DOI 10.6028/NBS.NSRDS.36; https://github.com/PSDI-UK/psdi-datasets
CCCCCCOCCOC(CO)C(COCCOCCCC)(C(CO)OCCOCCCCCC)O.CCCCOCCOCCO,nonionic,12.0,0.0,0.000941,,,,,,PSDI/NIST Critical Micelle Concentrations of Aqueous Surfactant Systems; Compound No. 204; name=DECYL /OXYETHYLENE/12 OXYMETHYL REDUCED POLYDISPERSION OF HEAD GROUPS; temperature=55.4; additives=9.17 E 0 Q DECANOL-1; authors=KURI; reference=62009; original CMC=6.6 X10-2 D 9.41 X10-4 M; DOI 10.6028/NBS.NSRDS.36; https://github.com/PSDI-UK/psdi-datasets
CCCCCCOCCOC(CO)C(COCCOCCCC)(C(CO)OCCOCCCCCC)O.CCCCOCCOCCO,nonionic,12.0,0.0,0.000884,,,,,,PSDI/NIST Critical Micelle Concentrations of Aqueous Surfactant Systems; Compound No. 204; name=DECYL /OXYETHYLENE/12 OXYMETHYL REDUCED POLYDISPERSION OF HEAD GROUPS; temperature=61.4; additives=9.17 E 0 Q DECANOL-1; authors=KURI; reference=62009; original CMC=6.2 X10-2 D 8.84 X10-4 M; DOI 10.6028/NBS.NSRDS.36; https://github.com/PSDI-UK/psdi-datasets
CC12CCC(C(C1CCC3C24CCC(C(C3)C4)(CO)O)(C)CO)O,nonionic,3.0,0.0,0.2,,,,,,PSDI/NIST Critical Micelle Concentrations of Aqueous Surfactant Systems; Compound No. 209; name=OCTYL BENZENE /OXYETHYLENE/3 ALCOHOL HOMOGENEOUS HEAD GROUP; temperature=15; additives=nan; authors=CROO FORD; reference=64014; original CMC=1 02 X10-1 M; DOI 10.6028/NBS.NSRDS.36; https://github.com/PSDI-UK/psdi-datasets
CC12CCC(C(C1CCC3C24CCC(C(C3)C4)(CO)O)(C)CO)O,nonionic,3.0,0.0,0.01,,,,,,PSDI/NIST Critical Micelle Concentrations of Aqueous Surfactant Systems; Compound No. 209; name=OCTYL BENZENE /OXYETHYLENE/3 ALCOHOL HOMOGENEOUS HEAD GROUP; temperature=20; additives=nan; authors=CROO FORD; reference=64014; original CMC=I 0.1 X10-1 M; DOI 10.6028/NBS.NSRDS.36; https://github.com/PSDI-UK/psdi-datasets
CC12CCC(C(C1CCC3C24CCC(C(C3)C4)(CO)O)(C)CO)O,nonionic,3.0,0.0,0.0007,,,,,,PSDI/NIST Critical Micelle Concentrations of Aqueous Surfactant Systems; Compound No. 209; name=OCTYL BENZENE /OXYETHYLENE/3 ALCOHOL HOMOGENEOUS HEAD GROUP; temperature=35; additives=nan; authors=CROO FORD; reference=64014; original CMC=I 07 X10-4 M; DOI 10.6028/NBS.NSRDS.36; https://github.com/PSDI-UK/psdi-datasets
CCCCC(C)(CC=CC1C(CC(=O)C1CCCCCCC(=O)OC)O)O,nonionic,4.0,0.0,0.0041,,,,,,PSDI/NIST Critical Micelle Concentrations of Aqueous Surfactant Systems; Compound No. 210; name=P-T-OCTYL BENZENE /OXYETHYLENE/4 ALCOHOL HOMOGENEOUS HEAD GROUP; temperature=45; additives=nan; authors=CROO FORD; reference=64014; original CMC=) 41 X10-4 M; DOI 10.6028/NBS.NSRDS.36; https://github.com/PSDI-UK/psdi-datasets
CCCCC(C)(CC=CC1C(CC(=O)C1CCCCCCC(=O)OC)O)O,nonionic,4.0,0.0,0.0059,,,,,,PSDI/NIST Critical Micelle Concentrations of Aqueous Surfactant Systems; Compound No. 210; name=P-T-OCTYL BENZENE /OXYETHYLENE/4 ALCOHOL HOMOGENEOUS HEAD GROUP; temperature=55; additives=nan; authors=CROO FORD; reference=64014; original CMC=1 59 X10-4 M; DOI 10.6028/NBS.NSRDS.36; https://github.com/PSDI-UK/psdi-datasets
CCCCC(C)(CC=CC1C(CC(=O)C1CCCCCCC(=O)OC)O)O,nonionic,4.0,0.0,0.0091,,,,,,PSDI/NIST Critical Micelle Concentrations of Aqueous Surfactant Systems; Compound No. 210; name=P-T-OCTYL BENZENE /OXYETHYLENE/4 ALCOHOL HOMOGENEOUS HEAD GROUP; temperature=7b; additives=nan; authors=CROO FORD; reference=64014; original CMC=I 91 X10-4 M; DOI 10.6028/NBS.NSRDS.36; https://github.com/PSDI-UK/psdi-datasets
CCCCC(C)(CC=CC1C(CC(=O)C1CCCCCCC(=O)OC)O)O,nonionic,4.0,0.0,0.0047,,,,,,PSDI/NIST Critical Micelle Concentrations of Aqueous Surfactant Systems; Compound No. 210; name=P-T-OCTYL BENZENE /OXYETHYLENE/4 ALCOHOL HOMOGENEOUS HEAD GROUP; temperature=26; additives=3 BAKIC 0216; authors=CROO FORD; reference=63017; original CMC=I 47 X10-4 M; DOI 10.6028/NBS.NSRDS.36; https://github.com/PSDI-UK/psdi-datasets
CCCCC(C)(CC=CC1C(CC(=O)C1CCCCCCC(=O)OC)O)O,nonionic,4.0,0.0,0.0017,,,,,,PSDI/NIST Critical Micelle Concentrations of Aqueous Surfactant Systems; Compound No. 210; name=P-T-OCTYL BENZENE /OXYETHYLENE/4 ALCOHOL HOMOGENEOUS HEAD GROUP; temperature=26; additives=6 It 1 ( 0216; authors=CROO FORD; reference=63017; original CMC=? 17 X10-4 M; DOI 10.6028/NBS.NSRDS.36; https://github.com/PSDI-UK/psdi-datasets
CC(C)(C)CC(C)(C)C1=CC=C(C=C1)OCCOCCOCCOCCOCCO,nonionic,5.0,0.0,0.000181,,,,,,"PSDI/NIST Critical Micelle Concentrations of Aqueous Surfactant Systems; Compound No. 211; name=P-T-OCTYL BENZENE /OXYETHYLENE/5 ALCOHOL HOMOGENEOUS, HEAD GROUP; temperature=15; additives=nan; authors=CROO FORD; reference=64014; original CMC=1.81 X10-4 M; DOI 10.6028/NBS.NSRDS.36; https://github.com/PSDI-UK/psdi-datasets"
CC(C)(C)CC(C)(C)C1=CC=C(C=C1)OCCOCCOCCOCCOCCO,nonionic,5.0,0.0,0.000154,,,,,,"PSDI/NIST Critical Micelle Concentrations of Aqueous Surfactant Systems; Compound No. 211; name=P-T-OCTYL BENZENE /OXYETHYLENE/5 ALCOHOL HOMOGENEOUS, HEAD GROUP; temperature=25; additives=nan; authors=CROO FORD; reference=63017; original CMC=1.54 X10-4 M; DOI 10.6028/NBS.NSRDS.36; https://github.com/PSDI-UK/psdi-datasets"
CC(C)(C)CC(C)(C)C1=CC=C(C=C1)OCCOCCOCCOCCOCCO,nonionic,5.0,0.0,0.000172,,,,,,"PSDI/NIST Critical Micelle Concentrations of Aqueous Surfactant Systems; Compound No. 211; name=P-T-OCTYL BENZENE /OXYETHYLENE/5 ALCOHOL HOMOGENEOUS, HEAD GROUP; temperature=25; additives=nan; authors=CROO FORD; reference=64014; original CMC=1.72 X10-4 M; DOI 10.6028/NBS.NSRDS.36; https://github.com/PSDI-UK/psdi-datasets"
CC(C)(C)CC(C)(C)C1=CC=C(C=C1)OCCOCCOCCOCCOCCO,nonionic,5.0,0.0,0.000164,,,,,,"PSDI/NIST Critical Micelle Concentrations of Aqueous Surfactant Systems; Compound No. 211; name=P-T-OCTYL BENZENE /OXYETHYLENE/5 ALCOHOL HOMOGENEOUS, HEAD GROUP; temperature=35; additives=nan; authors=CROO FORD; reference=64014; original CMC=1.64 X10-4 M; DOI 10.6028/NBS.NSRDS.36; https://github.com/PSDI-UK/psdi-datasets"
CC(C)(C)CC(C)(C)C1=CC=C(C=C1)OCCOCCOCCOCCOCCO,nonionic,5.0,0.0,0.000164,,,,,,"PSDI/NIST Critical Micelle Concentrations of Aqueous Surfactant Systems; Compound No. 211; name=P-T-OCTYL BENZENE /OXYETHYLENE/5 ALCOHOL HOMOGENEOUS, HEAD GROUP; temperature=45; additives=nan; authors=CROO FORD; reference=64014; original CMC=1.64 X10-4 M; DOI 10.6028/NBS.NSRDS.36; https://github.com/PSDI-UK/psdi-datasets"
CC(C)(C)CC(C)(C)C1=CC=C(C=C1)OCCOCCOCCOCCOCCO,nonionic,5.0,0.0,0.000172,,,,,,"PSDI/NIST Critical Micelle Concentrations of Aqueous Surfactant Systems; Compound No. 211; name=P-T-OCTYL BENZENE /OXYETHYLENE/5 ALCOHOL HOMOGENEOUS, HEAD GROUP; temperature=55; additives=nan; authors=CROO FORD; reference=64014; original CMC=1.72 X10-4 M; DOI 10.6028/NBS.NSRDS.36; https://github.com/PSDI-UK/psdi-datasets"
CC(C)(C)CC(C)(C)C1=CC=C(C=C1)OCCOCCOCCOCCOCCO,nonionic,5.0,0.0,0.00019,,,,,,"PSDI/NIST Critical Micelle Concentrations of Aqueous Surfactant Systems; Compound No. 211; name=P-T-OCTYL BENZENE /OXYETHYLENE/5 ALCOHOL HOMOGENEOUS, HEAD GROUP; temperature=65; additives=nan; authors=CROO FORD; reference=64014; original CMC=1.90 X10-4 M; DOI 10.6028/NBS.NSRDS.36; https://github.com/PSDI-UK/psdi-datasets"
CC(C)(C)CC(C)(C)C1=CC=C(C=C1)OCCOCCOCCOCCOCCO,nonionic,5.0,0.0,0.22,,,,,,"PSDI/NIST Critical Micelle Concentrations of Aqueous Surfactant Systems; Compound No. 211; name=P-T-OCTYL BENZENE /OXYETHYLENE/5 ALCOHOL HOMOGENEOUS, HEAD GROUP; temperature=75; additives=nan; authors=CROO FORD; reference=64014; original CMC=2.2 X10-1 M; DOI 10.6028/NBS.NSRDS.36; https://github.com/PSDI-UK/psdi-datasets"
CC(C)(C)CC(C)(C)C1=CC=C(C=C1)OCCOCCOCCOCCOCCO,nonionic,5.0,0.0,0.000235,,,,,,"PSDI/NIST Critical Micelle Concentrations of Aqueous Surfactant Systems; Compound No. 211; name=P-T-OCTYL BENZENE /OXYETHYLENE/5 ALCOHOL HOMOGENEOUS, HEAD GROUP; temperature=85; additives=nan; authors=CROO FORD; reference=64014; original CMC=2.35 X10-4 M; DOI 10.6028/NBS.NSRDS.36; https://github.com/PSDI-UK/psdi-datasets"
CCCCCCC(C(CCC(C1CCC(O1)CCCCC(CC2=CC(OC2=O)C)O)O)O)O,nonionic,6.0,0.0,0.00027,,,,,,PSDI/NIST Critical Micelle Concentrations of Aqueous Surfactant Systems; Compound No. 212; name=P-T-OCTYL BENZENE /OXYETHYLENE/6 ALCOHOL HOMOGENEOUS HEAD GROUP; temperature=15; additives=nan; authors=CROO FORD; reference=64014; original CMC=2.70 X10-4 M; DOI 10.6028/NBS.NSRDS.36; https://github.com/PSDI-UK/psdi-datasets
CCCCCCC(C(CCC(C1CCC(O1)CCCCC(CC2=CC(OC2=O)C)O)O)O)O,nonionic,6.0,0.0,0.000205,,,,,,PSDI/NIST Critical Micelle Concentrations of Aqueous Surfactant Systems; Compound No. 212; name=P-T-OCTYL BENZENE /OXYETHYLENE/6 ALCOHOL HOMOGENEOUS HEAD GROUP; temperature=25; additives=nan; authors=CROO FORD; reference=63017; original CMC=2.05 X10-4 M; DOI 10.6028/NBS.NSRDS.36; https://github.com/PSDI-UK/psdi-datasets
CCCCCCC(C(CCC(C1CCC(O1)CCCCC(CC2=CC(OC2=O)C)O)O)O)O,nonionic,6.0,0.0,0.00025,,,,,,PSDI/NIST Critical Micelle Concentrations of Aqueous Surfactant Systems; Compound No. 212; name=P-T-OCTYL BENZENE /OXYETHYLENE/6 ALCOHOL HOMOGENEOUS HEAD GROUP; temperature=5; additives=nan; authors=CROO FORD; reference=64014; original CMC=2.5 X10-4 M; DOI 10.6028/NBS.NSRDS.36; https://github.com/PSDI-UK/psdi-datasets
CCCCCCC(C(CCC(C1CCC(O1)CCCCC(CC2=CC(OC2=O)C)O)O)O)O,nonionic,6.0,0.0,0.000237,,,,,,PSDI/NIST Critical Micelle Concentrations of Aqueous Surfactant Systems; Compound No. 212; name=P-T-OCTYL BENZENE /OXYETHYLENE/6 ALCOHOL HOMOGENEOUS HEAD GROUP; temperature=35; additives=nan; authors=CROO FORD; reference=64014; original CMC=2.37 X10-4 M; DOI 10.6028/NBS.NSRDS.36; https://github.com/PSDI-UK/psdi-datasets
CCCCCCC(C(CCC(C1CCC(O1)CCCCC(CC2=CC(OC2=O)C)O)O)O)O,nonionic,6.0,0.0,0.000228,,,,,,PSDI/NIST Critical Micelle Concentrations of Aqueous Surfactant Systems; Compound No. 212; name=P-T-OCTYL BENZENE /OXYETHYLENE/6 ALCOHOL HOMOGENEOUS HEAD GROUP; temperature=45; additives=nan; authors=CROO FORD; reference=640; original CMC=2.28 X10-4 M; DOI 10.6028/NBS.NSRDS.36; https://github.com/PSDI-UK/psdi-datasets
CCCCCCC(C(CCC(C1CCC(O1)CCCCC(CC2=CC(OC2=O)C)O)O)O)O,nonionic,6.0,0.0,0.00023,,,,,,PSDI/NIST Critical Micelle Concentrations of Aqueous Surfactant Systems; Compound No. 212; name=P-T-OCTYL BENZENE /OXYETHYLENE/6 ALCOHOL HOMOGENEOUS HEAD GROUP; temperature=55; additives=nan; authors=CROO FORD; reference=64014; original CMC=2.30 X10-4 M; DOI 10.6028/NBS.NSRDS.36; https://github.com/PSDI-UK/psdi-datasets
CCCCCCC(C(CCC(C1CCC(O1)CCCCC(CC2=CC(OC2=O)C)O)O)O)O,nonionic,6.0,0.0,0.000255,,,,,,PSDI/NIST Critical Micelle Concentrations of Aqueous Surfactant Systems; Compound No. 212; name=P-T-OCTYL BENZENE /OXYETHYLENE/6 ALCOHOL HOMOGENEOUS HEAD GROUP; temperature=65; additives=nan; authors=CROO FORD; reference=64014; original CMC=2.55 X10-4 M; DOI 10.6028/NBS.NSRDS.36; https://github.com/PSDI-UK/psdi-datasets
CCCCCCC(C(CCC(C1CCC(O1)CCCCC(CC2=CC(OC2=O)C)O)O)O)O,nonionic,6.0,0.0,0.000287,,,,,,PSDI/NIST Critical Micelle Concentrations of Aqueous Surfactant Systems; Compound No. 212; name=P-T-OCTYL BENZENE /OXYETHYLENE/6 ALCOHOL HOMOGENEOUS HEAD GROUP; temperature=75; additives=nan; authors=CROO FORD; reference=64014; original CMC=2.87 X10-4 M; DOI 10.6028/NBS.NSRDS.36; https://github.com/PSDI-UK/psdi-datasets
CCCCCCOC(=O)CC(CC(=O)OCCCCCC)(C(=O)OCCCCCC)OC(=O)CCC,nonionic,7.0,0.0,0.000291,,,,,,PSDI/NIST Critical Micelle Concentrations of Aqueous Surfactant Systems; Compound No. 213; name=P-T-OCTYL BENZENE /OXYETHYLENE/7 ALCOHOL HOMOGENEOUS HEAD GROUP; temperature=15; additives=nan; authors=CROO FORD; reference=64014; original CMC=2.91 X10-4 M; DOI 10.6028/NBS.NSRDS.36; https://github.com/PSDI-UK/psdi-datasets
CCCCCCOC(=O)CC(CC(=O)OCCCCCC)(C(=O)OCCCCCC)OC(=O)CCC,nonionic,7.0,0.0,0.000268,,,,,,PSDI/NIST Critical Micelle Concentrations of Aqueous Surfactant Systems; Compound No. 213; name=P-T-OCTYL BENZENE /OXYETHYLENE/7 ALCOHOL HOMOGENEOUS HEAD GROUP; temperature=25; additives=nan; authors=CROO FORD; reference=64014; original CMC=2.68 X10-4 M; DOI 10.6028/NBS.NSRDS.36; https://github.com/PSDI-UK/psdi-datasets
CCCCCCOC(=O)CC(CC(=O)OCCCCCC)(C(=O)OCCCCCC)OC(=O)CCC,nonionic,7.0,0.0,0.000244,,,,,,PSDI/NIST Critical Micelle Concentrations of Aqueous Surfactant Systems; Compound No. 213; name=P-T-OCTYL BENZENE /OXYETHYLENE/7 ALCOHOL HOMOGENEOUS HEAD GROUP; temperature=35; additives=nan; authors=CROO FORD; reference=64014; original CMC=2.44 X10-4 M; DOI 10.6028/NBS.NSRDS.36; https://github.com/PSDI-UK/psdi-datasets
CCCCCCOC(=O)CC(CC(=O)OCCCCCC)(C(=O)OCCCCCC)OC(=O)CCC,nonionic,7.0,0.0,0.000243,,,,,,PSDI/NIST Critical Micelle Concentrations of Aqueous Surfactant Systems; Compound No. 213; name=P-T-OCTYL BENZENE /OXYETHYLENE/7 ALCOHOL HOMOGENEOUS HEAD GROUP; temperature=45; additives=nan; authors=CROO FORD; reference=64014; original CMC=2.43 X10-4 M; DOI 10.6028/NBS.NSRDS.36; https://github.com/PSDI-UK/psdi-datasets
CCCCCCOC(=O)CC(CC(=O)OCCCCCC)(C(=O)OCCCCCC)OC(=O)CCC,nonionic,7.0,0.0,0.00025,,,,,,PSDI/NIST Critical Micelle Concentrations of Aqueous Surfactant Systems; Compound No. 213; name=P-T-OCTYL BENZENE /OXYETHYLENE/7 ALCOHOL HOMOGENEOUS HEAD GROUP; temperature=65; additives=nan; authors=CROO FORD; reference=64014; original CMC=2.50 X10-4 M; DOI 10.6028/NBS.NSRDS.36; https://github.com/PSDI-UK/psdi-datasets
CCCCCCOC(=O)CC(CC(=O)OCCCCCC)(C(=O)OCCCCCC)OC(=O)CCC,nonionic,7.0,0.0,0.000268,,,,,,PSDI/NIST Critical Micelle Concentrations of Aqueous Surfactant Systems; Compound No. 213; name=P-T-OCTYL BENZENE /OXYETHYLENE/7 ALCOHOL HOMOGENEOUS HEAD GROUP; temperature=75; additives=nan; authors=CROO FORD; reference=64014; original CMC=2.68 X10-4 M; DOI 10.6028/NBS.NSRDS.36; https://github.com/PSDI-UK/psdi-datasets
CCCCCCOC(=O)CC(CC(=O)OCCCCCC)(C(=O)OCCCCCC)OC(=O)CCC,nonionic,7.0,0.0,0.00029,,,,,,PSDI/NIST Critical Micelle Concentrations of Aqueous Surfactant Systems; Compound No. 213; name=P-T-OCTYL BENZENE /OXYETHYLENE/7 ALCOHOL HOMOGENEOUS HEAD GROUP; temperature=85; additives=nan; authors=CROO FORD; reference=64014; original CMC=2.90 X10-4 M; DOI 10.6028/NBS.NSRDS.36; https://github.com/PSDI-UK/psdi-datasets
CCCCCCCCC1=CC=C(C=C1)OCCOCCOCCOCCOCCOCCOCCOCCO,nonionic,8.0,0.0,0.000291,,,,,,PSDI/NIST Critical Micelle Concentrations of Aqueous Surfactant Systems; Compound No. 214; name=P-T-OCTYL BENZENE /OXYETHYLENE/8 ALCOHOL HOMOGENEOUS!HEA GROUP; temperature=15; additives=nan; authors=CROO FORD; reference=64014; original CMC=2.91 X10-4 M; DOI 10.6028/NBS.NSRDS.36; https://github.com/PSDI-UK/psdi-datasets
CCCCCCCCC1=CC=C(C=C1)OCCOCCOCCOCCOCCOCCOCCOCCO,nonionic,8.0,0.0,0.00028,,,,,,PSDI/NIST Critical Micelle Concentrations of Aqueous Surfactant Systems; Compound No. 214; name=P-T-OCTYL BENZENE /OXYETHYLENE/8 ALCOHOL HOMOGENEOUS!HEA GROUP; temperature=25; additives=nan; authors=CROO FORD; reference=63017; original CMC=2.80 X10-4 M; DOI 10.6028/NBS.NSRDS.36; https://github.com/PSDI-UK/psdi-datasets
CCCCCCCCC1=CC=C(C=C1)OCCOCCOCCOCCOCCOCCOCCOCCO,nonionic,8.0,0.0,0.000283,,,,,,PSDI/NIST Critical Micelle Concentrations of Aqueous Surfactant Systems; Compound No. 214; name=P-T-OCTYL BENZENE /OXYETHYLENE/8 ALCOHOL HOMOGENEOUS!HEA GROUP; temperature=25; additives=nan; authors=CROO FORD; reference=64014; original CMC=2.83 X10-4 M; DOI 10.6028/NBS.NSRDS.36; https://github.com/PSDI-UK/psdi-datasets
CCCCCCCCC1=CC=C(C=C1)OCCOCCOCCOCCOCCOCCOCCOCCO,nonionic,8.0,0.0,0.000258,,,,,,PSDI/NIST Critical Micelle Concentrations of Aqueous Surfactant Systems; Compound No. 214; name=P-T-OCTYL BENZENE /OXYETHYLENE/8 ALCOHOL HOMOGENEOUS!HEA GROUP; temperature=35; additives=nan; authors=CROO FORD; reference=64014; original CMC=2.58 X10-4 M; DOI 10.6028/NBS.NSRDS.36; https://github.com/PSDI-UK/psdi-datasets
CCCCCCCCC1=CC=C(C=C1)OCCOCCOCCOCCOCCOCCOCCOCCO,nonionic,8.0,0.0,0.000255,,,,,,PSDI/NIST Critical Micelle Concentrations of Aqueous Surfactant Systems; Compound No. 214; name=P-T-OCTYL BENZENE /OXYETHYLENE/8 ALCOHOL HOMOGENEOUS!HEA GROUP; temperature=65; additives=nan; authors=CROO FORD; reference=64014; original CMC=2.55 X10-4 M; DOI 10.6028/NBS.NSRDS.36; https://github.com/PSDI-UK/psdi-datasets
CCCCCCCCC1=CC=C(C=C1)OCCOCCOCCOCCOCCOCCOCCOCCO,nonionic,8.0,0.0,0.000274,,,,,,PSDI/NIST Critical Micelle Concentrations of Aqueous Surfactant Systems; Compound No. 214; name=P-T-OCTYL BENZENE /OXYETHYLENE/8 ALCOHOL HOMOGENEOUS!HEA GROUP; temperature=75; additives=nan; authors=CROO FORD; reference=64014; original CMC=2.74 X10-4 M; DOI 10.6028/NBS.NSRDS.36; https://github.com/PSDI-UK/psdi-datasets
CCCCCCCCC1=CC=C(C=C1)OCCOCCOCCOCCOCCOCCOCCOCCO,nonionic,8.0,0.0,0.000298,,,,,,PSDI/NIST Critical Micelle Concentrations of Aqueous Surfactant Systems; Compound No. 214; name=P-T-OCTYL BENZENE /OXYETHYLENE/8 ALCOHOL HOMOGENEOUS!HEA GROUP; temperature=85; additives=nan; authors=CROO FORD; reference=64014; original CMC=2.98 X10-4 M; DOI 10.6028/NBS.NSRDS.36; https://github.com/PSDI-UK/psdi-datasets
CC(C)(C)CC(C)(C)C1=CC=C(C=C1)OCCOCCOCCOCCOCCOCCOCCOCCOCCO,nonionic,9.0,0.0,0.000322,,,,,,PSDI/NIST Critical Micelle Concentrations of Aqueous Surfactant Systems; Compound No. 215; name=P-T-OCTYL BENZENE /OXYETHYLENE/9 ALCOHOL HOMOGENEOUS HEAD GROUP; temperature=15; additives=nan; authors=CROO FORD; reference=64014; original CMC=3.22 X10-4 M; DOI 10.6028/NBS.NSRDS.36; https://github.com/PSDI-UK/psdi-datasets
CC(C)(C)CC(C)(C)C1=CC=C(C=C1)OCCOCCOCCOCCOCCOCCOCCOCCOCCO,nonionic,9.0,0.0,0.000335,,,,,,PSDI/NIST Critical Micelle Concentrations of Aqueous Surfactant Systems; Compound No. 215; name=P-T-OCTYL BENZENE /OXYETHYLENE/9 ALCOHOL HOMOGENEOUS HEAD GROUP; temperature=25; additives=nan; authors=CROO FORD; reference=63017; original CMC=3.35 X10-4 M; DOI 10.6028/NBS.NSRDS.36; https://github.com/PSDI-UK/psdi-datasets
CC(C)(C)CC(C)(C)C1=CC=C(C=C1)OCCOCCOCCOCCOCCOCCOCCOCCOCCO,nonionic,9.0,0.0,0.000304,,,,,,PSDI/NIST Critical Micelle Concentrations of Aqueous Surfactant Systems; Compound No. 215; name=P-T-OCTYL BENZENE /OXYETHYLENE/9 ALCOHOL HOMOGENEOUS HEAD GROUP; temperature=25; additives=nan; authors=CROO FORD; reference=64014; original CMC=3.04 X10-4 M; DOI 10.6028/NBS.NSRDS.36; https://github.com/PSDI-UK/psdi-datasets
CC(C)(C)CC(C)(C)C1=CC=C(C=C1)OCCOCCOCCOCCOCCOCCOCCOCCOCCO,nonionic,9.0,0.0,0.000275,,,,,,PSDI/NIST Critical Micelle Concentrations of Aqueous Surfactant Systems; Compound No. 215; name=P-T-OCTYL BENZENE /OXYETHYLENE/9 ALCOHOL HOMOGENEOUS HEAD GROUP; temperature=35; additives=nan; authors=CROO FORD; reference=64014; original CMC=2.75 X10-4 M; DOI 10.6028/NBS.NSRDS.36; https://github.com/PSDI-UK/psdi-datasets
CC(C)(C)CC(C)(C)C1=CC=C(C=C1)OCCOCCOCCOCCOCCOCCOCCOCCOCCO,nonionic,9.0,0.0,0.000262,,,,,,PSDI/NIST Critical Micelle Concentrations of Aqueous Surfactant Systems; Compound No. 215; name=P-T-OCTYL BENZENE /OXYETHYLENE/9 ALCOHOL HOMOGENEOUS HEAD GROUP; temperature=45; additives=nan; authors=CROO FORD; reference=64014; original CMC=2.62 X10-4 M; DOI 10.6028/NBS.NSRDS.36; https://github.com/PSDI-UK/psdi-datasets
CC(C)(C)CC(C)(C)C1=CC=C(C=C1)OCCOCCOCCOCCOCCOCCOCCOCCOCCO,nonionic,9.0,0.0,0.00027,,,,,,PSDI/NIST Critical Micelle Concentrations of Aqueous Surfactant Systems; Compound No. 215; name=P-T-OCTYL BENZENE /OXYETHYLENE/9 ALCOHOL HOMOGENEOUS HEAD GROUP; temperature=55; additives=nan; authors=CROO FORD; reference=64014; original CMC=2.70 X10-4 M; DOI 10.6028/NBS.NSRDS.36; https://github.com/PSDI-UK/psdi-datasets
CC(C)(C)CC(C)(C)C1=CC=C(C=C1)OCCOCCOCCOCCOCCOCCOCCOCCOCCO,nonionic,9.0,0.0,0.00028,,,,,,PSDI/NIST Critical Micelle Concentrations of Aqueous Surfactant Systems; Compound No. 215; name=P-T-OCTYL BENZENE /OXYETHYLENE/9 ALCOHOL HOMOGENEOUS HEAD GROUP; temperature=65; additives=nan; authors=CROO FORD; reference=64014; original CMC=2.80 X10-4 M; DOI 10.6028/NBS.NSRDS.36; https://github.com/PSDI-UK/psdi-datasets
CC(C)(C)CC(C)(C)C1=CC=C(C=C1)OCCOCCOCCOCCOCCOCCOCCOCCOCCO,nonionic,9.0,0.0,0.000291,,,,,,PSDI/NIST Critical Micelle Concentrations of Aqueous Surfactant Systems; Compound No. 215; name=P-T-OCTYL BENZENE /OXYETHYLENE/9 ALCOHOL HOMOGENEOUS HEAD GROUP; temperature=75; additives=nan; authors=CROO FORD; reference=64014; original CMC=2.91 X10-4 M; DOI 10.6028/NBS.NSRDS.36; https://github.com/PSDI-UK/psdi-datasets
CC(C)(C)CC(C)(C)C1=CC=C(C=C1)OCCOCCOCCOCCOCCOCCOCCOCCOCCO,nonionic,9.0,0.0,0.000318,,,,,,PSDI/NIST Critical Micelle Concentrations of Aqueous Surfactant Systems; Compound No. 215; name=P-T-OCTYL BENZENE /OXYETHYLENE/9 ALCOHOL HOMOGENEOUS HEAD GROUP; temperature=85; additives=nan; authors=CROO FORD; reference=64014; original CMC=3.18 X10-4 M; DOI 10.6028/NBS.NSRDS.36; https://github.com/PSDI-UK/psdi-datasets
CC(C)(C)CC(C)(C)C1=CC=C(C=C1)OCCOCCOCCOCCOCCOCCOCCOCCOCCOCCO,nonionic,10.0,0.0,0.00033,,,,,,PSDI/NIST Critical Micelle Concentrations of Aqueous Surfactant Systems; Compound No. 216; name=P-T-OCTYL BENZENE /OXYETHYLENE/10 ALCOHOL HOMOGENEOUS HEAD GROUP; temperature=15; additives=nan; authors=CROO FORD; reference=64014; original CMC=3.30 X10-4 M; DOI 10.6028/NBS.NSRDS.36; https://github.com/PSDI-UK/psdi-datasets
CC(C)(C)CC(C)(C)C1=CC=C(C=C1)OCCOCCOCCOCCOCCOCCOCCOCCOCCOCCO,nonionic,10.0,0.0,0.000323,,,,,,PSDI/NIST Critical Micelle Concentrations of Aqueous Surfactant Systems; Compound No. 216; name=P-T-OCTYL BENZENE /OXYETHYLENE/10 ALCOHOL HOMOGENEOUS HEAD GROUP; temperature=25; additives=nan; authors=CROO FORD; reference=64014; original CMC=3.23 X10-4 M; DOI 10.6028/NBS.NSRDS.36; https://github.com/PSDI-UK/psdi-datasets
CC(C)(C)CC(C)(C)C1=CC=C(C=C1)OCCOCCOCCOCCOCCOCCOCCOCCOCCOCCO,nonionic,10.0,0.0,0.000335,,,,,,PSDI/NIST Critical Micelle Concentrations of Aqueous Surfactant Systems; Compound No. 216; name=P-T-OCTYL BENZENE /OXYETHYLENE/10 ALCOHOL HOMOGENEOUS HEAD GROUP; temperature=25; additives=nan; authors=CROO FORD; reference=63017; original CMC=3.35 X10-4 M; DOI 10.6028/NBS.NSRDS.36; https://github.com/PSDI-UK/psdi-datasets
CC(C)(C)CC(C)(C)C1=CC=C(C=C1)OCCOCCOCCOCCOCCOCCOCCOCCOCCOCCO,nonionic,10.0,0.0,0.000303,,,,,,PSDI/NIST Critical Micelle Concentrations of Aqueous Surfactant Systems; Compound No. 216; name=P-T-OCTYL BENZENE /OXYETHYLENE/10 ALCOHOL HOMOGENEOUS HEAD GROUP; temperature=35; additives=nan; authors=CR00 FORD; reference=64014; original CMC=3.03 X10-4 M; DOI 10.6028/NBS.NSRDS.36; https://github.com/PSDI-UK/psdi-datasets
CC(C)(C)CC(C)(C)C1=CC=C(C=C1)OCCOCCOCCOCCOCCOCCOCCOCCOCCOCCO,nonionic,10.0,0.0,0.00028,,,,,,PSDI/NIST Critical Micelle Concentrations of Aqueous Surfactant Systems; Compound No. 216; name=P-T-OCTYL BENZENE /OXYETHYLENE/10 ALCOHOL HOMOGENEOUS HEAD GROUP; temperature=45; additives=nan; authors=CR00 FORD; reference=64014; original CMC=2.80 X10-4 M; DOI 10.6028/NBS.NSRDS.36; https://github.com/PSDI-UK/psdi-datasets
CC(C)(C)CC(C)(C)C1=CC=C(C=C1)OCCOCCOCCOCCOCCOCCOCCOCCOCCOCCO,nonionic,10.0,0.0,0.00029,,,,,,PSDI/NIST Critical Micelle Concentrations of Aqueous Surfactant Systems; Compound No. 216; name=P-T-OCTYL BENZENE /OXYETHYLENE/10 ALCOHOL HOMOGENEOUS HEAD GROUP; temperature=55; additives=nan; authors=CROO FORD; reference=64014; original CMC=2.90 X10-4 M; DOI 10.6028/NBS.NSRDS.36; https://github.com/PSDI-UK/psdi-datasets
CC(C)(C)CC(C)(C)C1=CC=C(C=C1)OCCOCCOCCOCCOCCOCCOCCOCCOCCOCCO,nonionic,10.0,0.0,0.0003,,,,,,PSDI/NIST Critical Micelle Concentrations of Aqueous Surfactant Systems; Compound No. 216; name=P-T-OCTYL BENZENE /OXYETHYLENE/10 ALCOHOL HOMOGENEOUS HEAD GROUP; temperature=65; additives=nan; authors=CROO FORD; reference=64014; original CMC=3.00 X10-4 M; DOI 10.6028/NBS.NSRDS.36; https://github.com/PSDI-UK/psdi-datasets
CC(C)(C)CC(C)(C)C1=CC=C(C=C1)OCCOCCOCCOCCOCCOCCOCCOCCOCCOCCO,nonionic,10.0,0.0,0.000312,,,,,,PSDI/NIST Critical Micelle Concentrations of Aqueous Surfactant Systems; Compound No. 216; name=P-T-OCTYL BENZENE /OXYETHYLENE/10 ALCOHOL HOMOGENEOUS HEAD GROUP; temperature=75; additives=nan; authors=CROO FORD; reference=64014; original CMC=3.12 X10-4 M; DOI 10.6028/NBS.NSRDS.36; https://github.com/PSDI-UK/psdi-datasets
CC(C)(C)CC(C)(C)C1=CC=C(C=C1)OCCOCCOCCOCCOCCOCCOCCOCCOCCOCCO,nonionic,10.0,0.0,0.000338,,,,,,PSDI/NIST Critical Micelle Concentrations of Aqueous Surfactant Systems; Compound No. 216; name=P-T-OCTYL BENZENE /OXYETHYLENE/10 ALCOHOL HOMOGENEOUS HEAD GROUP; temperature=85; additives=nan; authors=CROO FORD; reference=64014; original CMC=3.38 X10-4 M; DOI 10.6028/NBS.NSRDS.36; https://github.com/PSDI-UK/psdi-datasets
CC(C)(C)CC(C)(C)C1=CC=C(C=C1)OCCO,nonionic,1.0,0.0,4.85e-05,,,,,,PSDI/NIST Critical Micelle Concentrations of Aqueous Surfactant Systems; Compound No. 217; name=P-T-OCTYL BENZENE /OXYETHYLENE/1 ALCOHOL NATURAL DISTRIBUTION OF HEAD GROUPS; temperature=25; additives=nan; authors=CROO FORD; reference=63017; original CMC=4.85 X10-5 M; DOI 10.6028/NBS.NSRDS.36; https://github.com/PSDI-UK/psdi-datasets
CC(C)(C)CC(C)(C)C1=CC=C(C=C1)OCCOCCO,nonionic,2.0,0.0,6.8e-05,,,,,,PSDI/NIST Critical Micelle Concentrations of Aqueous Surfactant Systems; Compound No. 218; name=P-T-OCTYL BENZENE /OXYETHYLENE/2 ALCOHOL NATURAL DISTRIBUTION OF HEAD GROUPS; temperature=25; additives=nan; authors=CROO FORD; reference=63017; original CMC=6.8 X10-5 M; DOI 10.6028/NBS.NSRDS.36; https://github.com/PSDI-UK/psdi-datasets
CC12CCC(C(C1CCC3C24CCC(C(C3)C4)(CO)O)(C)CO)O,nonionic,3.0,0.0,0.000114,,,,,,PSDI/NIST Critical Micelle Concentrations of Aqueous Surfactant Systems; Compound No. 219; name=P-T-OCTYL BENZENE /OXYETHYLENE/3 ALCOHOL NATURAL DISTRIBUTION OF HEAD GROUPS; temperature=25; additives=nan; authors=CROO FORD; reference=63017; original CMC=1.14 X10-4 M; DOI 10.6028/NBS.NSRDS.36; https://github.com/PSDI-UK/psdi-datasets
CCCCC(C)(CC=CC1C(CC(=O)C1CCCCCCC(=O)OC)O)O,nonionic,4.0,0.0,0.000105,,,,,,PSDI/NIST Critical Micelle Concentrations of Aqueous Surfactant Systems; Compound No. 220; name=P-T-OCTYL BENZENE /OXYETHYLENE/4 ALCOHOL NATURAL DISTRIBUTION OF HEAD GROUPS; temperature=25; additives=nan; authors=CROO FORD; reference=63017; original CMC=1.05 X10-4 M; DOI 10.6028/NBS.NSRDS.36; https://github.com/PSDI-UK/psdi-datasets
CCCCC(C)(CC=CC1C(CC(=O)C1CCCCCCC(=O)OC)O)O,nonionic,4.0,0.0,0.000128,,,,,,PSDI/NIST Critical Micelle Concentrations of Aqueous Surfactant Systems; Compound No. 220; name=P-T-OCTYL BENZENE /OXYETHYLENE/4 ALCOHOL NATURAL DISTRIBUTION OF HEAD GROUPS; temperature=25; additives=3.33 E 1 C 0226; authors=CROO FORD; reference=63017; original CMC=1.28 X10-4 M; DOI 10.6028/NBS.NSRDS.36; https://github.com/PSDI-UK/psdi-datasets
CCCCC(C)(CC=CC1C(CC(=O)C1CCCCCCC(=O)OC)O)O,nonionic,4.0,0.0,0.000153,,,,,,PSDI/NIST Critical Micelle Concentrations of Aqueous Surfactant Systems; Compound No. 220; name=P-T-OCTYL BENZENE /OXYETHYLENE/4 ALCOHOL NATURAL DISTRIBUTION OF HEAD GROUPS; temperature=25; additives=5100 E 1 C 0226; authors=CROO FORD; reference=63017; original CMC=1.53 X10-4 M; DOI 10.6028/NBS.NSRDS.36; https://github.com/PSDI-UK/psdi-datasets
CCCCC(C)(CC=CC1C(CC(=O)C1CCCCCCC(=O)OC)O)O,nonionic,4.0,0.0,0.000204,,,,,,PSDI/NIST Critical Micelle Concentrations of Aqueous Surfactant Systems; Compound No. 220; name=P-T-OCTYL BENZENE /OXYETHYLENE/4 ALCOHOL NATURAL DISTRIBUTION OF HEAD GROUPS; temperature=25; additives=6.67 E 1 C 0226; authors=CR00 FORD; reference=63017; original CMC=2.04 X10-4 M; DOI 10.6028/NBS.NSRDS.36; https://github.com/PSDI-UK/psdi-datasets
CC(C)(C)CC(C)(C)C1=CC=C(C=C1)OCCOCCOCCOCCOCCO,nonionic,5.0,0.0,0.000117,,,,,,PSDI/NIST Critical Micelle Concentrations of Aqueous Surfactant Systems; Compound No. 221; name=P-T-OCTYL BENZENE /OXYETHYLENE/5 ALCOHOL NATURAL DISTRIBUTION OF HEAD GROUPS; temperature=25; additives=nan; authors=CR00 FORD; reference=63017; original CMC=1.17 X10-4 M; DOI 10.6028/NBS.NSRDS.36; https://github.com/PSDI-UK/psdi-datasets
CCCCCCC(C(CCC(C1CCC(O1)CCCCC(CC2=CC(OC2=O)C)O)O)O)O,nonionic,6.0,0.0,0.00018,,,,,,PSDI/NIST Critical Micelle Concentrations of Aqueous Surfactant Systems; Compound No. 222; name=P-T-OCTYL BENZENE /OXYETHYLENE/6 ALCOHOL NATURAL DISTRIBUTION OF HEAD GROUPS; temperature=25; additives=nan; authors=CROO FORD; reference=63017; original CMC=1.80 X10-4 M; DOI 10.6028/NBS.NSRDS.36; https://github.com/PSDI-UK/psdi-datasets
CCCCCCOC(=O)CC(CC(=O)OCCCCCC)(C(=O)OCCCCCC)OC(=O)CCC,nonionic,7.0,0.0,0.000184,,,,,,PSDI/NIST Critical Micelle Concentrations of Aqueous Surfactant Systems; Compound No. 223; name=P-T-OCTYL BENZENE /OXYETHYLENE/7 ALCOHOL NATURAL DISTRIBUTION OF HEAD GROUPS; temperature=25; additives=nan; authors=CR00 FORD; reference=63017; original CMC=1.84 X10-4 M; DOI 10.6028/NBS.NSRDS.36; https://github.com/PSDI-UK/psdi-datasets
CCCCCCCCC1=CC=C(C=C1)OCCOCCOCCOCCOCCOCCOCCOCCO,nonionic,8.0,0.0,0.000247,,,,,,PSDI/NIST Critical Micelle Concentrations of Aqueous Surfactant Systems; Compound No. 224; name=P-T-OCTYL BENZENE /OXYETHYLENE/8 ALCOHOL NATURAL DISTRIBUTION OF HEAD GROUPS; temperature=25; additives=nan; authors=CR00 FORD; reference=63017; original CMC=2.47 X10-4 M; DOI 10.6028/NBS.NSRDS.36; https://github.com/PSDI-UK/psdi-datasets
CC(C)(C)CC(C)(C)C1=CC=C(C=C1)OCCOCCOCCOCCOCCOCCOCCOCCOCCO,nonionic,9.0,0.0,0.00029,,,,,,PSDI/NIST Critical Micelle Concentrations of Aqueous Surfactant Systems; Compound No. 225; name=P-T-OCTYL BENZENE /OXYETHYLENE/9 ALCOHOL NATURAL DISTRIBUTION OF HEAD GROUPS; temperature=25; additives=nan; authors=CR00 FORD; reference=63017; original CMC=2.90 X10-4 M; DOI 10.6028/NBS.NSRDS.36; https://github.com/PSDI-UK/psdi-datasets
CC(C)(C)CC(C)(C)C1=CC=C(C=C1)OCCOCCOCCOCCOCCOCCOCCOCCOCCOCCO,nonionic,10.0,0.0,0.00032,,,,,,PSDI/NIST Critical Micelle Concentrations of Aqueous Surfactant Systems; Compound No. 226; name=P-T-OCTYL BENZENE /OXYETHYLENE/10 ALCOHOL NATURAL DISTRIBUTION OF HEAD GROUPS; temperature=25; additives=nan; authors=CR00 FORD; reference=63017; original CMC=3.20 X10-4 M; DOI 10.6028/NBS.NSRDS.36; https://github.com/PSDI-UK/psdi-datasets
CC(C)(C)CC(C)(C)C1=CC=C(C=C1)OCCOCCOCCOCCOCCOCCOCCOCCOCCOCCOCCOCCOCCOCCOCCOCCO,nonionic,16.0,0.0,0.00043,,,,,,PSDI/NIST Critical Micelle Concentrations of Aqueous Surfactant Systems; Compound No. 227; name=P-T-OCTYL BENZENE /OXYETHYLENE/16 ALCOHOL NATURAL DISTRIBUTION OF HEAD GROUPS; temperature=25; additives=nan; authors=CROO FORD; reference=63017; original CMC=4.3 X10-4 M; DOI 10.6028/NBS.NSRDS.36; https://github.com/PSDI-UK/psdi-datasets
CCCCCCCCCCCCCCCCOCCOCCOCCOCCOCCOCCO,nonionic,6.0,0.0,9.9e-05,,,,,,PSDI/NIST Critical Micelle Concentrations of Aqueous Surfactant Systems; Compound No. 282; name=HEXADECYL /OXYETHYLENE/ 6 ALCOHOL HOMOGENEOUS HEAD GROUP; temperature=20; additives=nan; authors=CARL CHAL; reference=64009; original CMC=9.9 X10-5 M; DOI 10.6028/NBS.NSRDS.36; https://github.com/PSDI-UK/psdi-datasets
CCCCCCCCCCCCCCCCOCCOCCOCCOCCOCCOCCO,nonionic,6.0,0.0,1e-06,,,,,,PSDI/NIST Critical Micelle Concentrations of Aqueous Surfactant Systems; Compound No. 282; name=HEXADECYL /OXYETHYLENE/ 6 ALCOHOL HOMOGENEOUS HEAD GROUP; temperature=25; additives=nan; authors=GOOD OTTE; reference=61004; original CMC=1.0 X10-6 M; DOI 10.6028/NBS.NSRDS.36; https://github.com/PSDI-UK/psdi-datasets
CCCCCCCCCCCCCCCCOCCOCCOCCOCCOCCOCCO,nonionic,6.0,0.0,1.66e-06,,,,,,PSDI/NIST Critical Micelle Concentrations of Aqueous Surfactant Systems; Compound No. 282; name=HEXADECYL /OXYETHYLENE/ 6 ALCOHOL HOMOGENEOUS HEAD GROUP; temperature=25; additives=nan; authors=ELWO MACF; reference=62027; original CMC=1.66 X10-6 M; DOI 10.6028/NBS.NSRDS.36; https://github.com/PSDI-UK/psdi-datasets
CCCCCCCCCCCCCCCCOCCOCCOCCOCCOCCOCCO,nonionic,6.0,0.0,9.4e-05,,,,,,PSDI/NIST Critical Micelle Concentrations of Aqueous Surfactant Systems; Compound No. 282; name=HEXADECYL /OXYETHYLENE/ 6 ALCOHOL HOMOGENEOUS HEAD GROUP; temperature=27; additives=nan; authors=CARL CHAL; reference=64009; original CMC=9.4 X10-5 M; DOI 10.6028/NBS.NSRDS.36; https://github.com/PSDI-UK/psdi-datasets
CCCCCCCCCCCCCCCCOCCOCCOCCOCCOCCOCCO,nonionic,6.0,0.0,9.8e-07,,,,,,PSDI/NIST Critical Micelle Concentrations of Aqueous Surfactant Systems; Compound No. 282; name=HEXADECYL /OXYETHYLENE/ 6 ALCOHOL HOMOGENEOUS HEAD GROUP; temperature=28; additives=nan; authors=CORK GOOD; reference=64023; original CMC=5. X10-5 D 9.8 X10-7 M; DOI 10.6028/NBS.NSRDS.36; https://github.com/PSDI-UK/psdi-datasets
CCCCCCCCCCCCCCOCCOCCOCCOCCOCCOCCO,nonionic,6.0,0.0,1e-05,,,,,,PSDI/NIST Critical Micelle Concentrations of Aqueous Surfactant Systems; Compound No. 289; name=TETRADECYL/OXYETHYLENE/6 ALCOHOL HOMOGENEOUS HEAD GROUP; temperature=25; additives=nan; authors=CORK GOOD; reference=64023; original CMC=5. X10-4 D 1.0 X10-5 M; DOI 10.6028/NBS.NSRDS.36; https://github.com/PSDI-UK/psdi-datasets
CC(CO)OCC(C)OCC(C)OCC(C)OCC(C)OCC(C)O,nonionic,6.0,0.0,0.074,,,,,,PSDI/NIST Critical Micelle Concentrations of Aqueous Surfactant Systems; Compound No. 294; name=HEXYL/OXYETHYLENE/6 ALCOHOL HOMOGENEOUS HEAD GROUP; temperature=20; additives=nan; authors=ELWO FLOR; reference=64049; original CMC=7.4 X10-2 M; DOI 10.6028/NBS.NSRDS.36; https://github.com/PSDI-UK/psdi-datasets
CC(CO)OCC(C)OCC(C)OCC(C)OCC(C)OCC(C)O,nonionic,6.0,0.0,0.075,,,,,,PSDI/NIST Critical Micelle Concentrations of Aqueous Surfactant Systems; Compound No. 294; name=HEXYL/OXYETHYLENE/6 ALCOHOL HOMOGENEOUS HEAD GROUP; temperature=20; additives=nan; authors=MULL METC; reference=62015; original CMC=7.5 X10-2 M; DOI 10.6028/NBS.NSRDS.36; https://github.com/PSDI-UK/psdi-datasets
CC(CO)OCC(C)OCC(C)OCC(C)OCC(C)OCC(C)O,nonionic,6.0,0.0,0.118,,,,,,PSDI/NIST Critical Micelle Concentrations of Aqueous Surfactant Systems; Compound No. 294; name=HEXYL/OXYETHYLENE/6 ALCOHOL HOMOGENEOUS HEAD GROUP; temperature=25; additives=nan; authors=CORK GOOD; reference=64027; original CMC=1.18 X10-1 M; DOI 10.6028/NBS.NSRDS.36; https://github.com/PSDI-UK/psdi-datasets
CC(CO)OCC(C)OCC(C)OCC(C)OCC(C)OCC(C)O,nonionic,6.0,0.0,0.065,,,,,,PSDI/NIST Critical Micelle Concentrations of Aqueous Surfactant Systems; Compound No. 294; name=HEXYL/OXYETHYLENE/6 ALCOHOL HOMOGENEOUS HEAD GROUP; temperature=30; additives=nan; authors=ELWO FLOR; reference=64049; original CMC=6.5 X10-2 M; DOI 10.6028/NBS.NSRDS.36; https://github.com/PSDI-UK/psdi-datasets
CC(CO)OCC(C)OCC(C)OCC(C)OCC(C)OCC(C)O,nonionic,6.0,0.0,0.052,,,,,,PSDI/NIST Critical Micelle Concentrations of Aqueous Surfactant Systems; Compound No. 294; name=HEXYL/OXYETHYLENE/6 ALCOHOL HOMOGENEOUS HEAD GROUP; temperature=40; additives=nan; authors=ELWO FLOR; reference=64049; original CMC=5.2 X10-2 M; DOI 10.6028/NBS.NSRDS.36; https://github.com/PSDI-UK/psdi-datasets
CC(CO)OCC(C)OCC(C)OCC(C)OCC(C)OCC(C)O,nonionic,6.0,0.0,0.078,,,,,,PSDI/NIST Critical Micelle Concentrations of Aqueous Surfactant Systems; Compound No. 294; name=HEXYL/OXYETHYLENE/6 ALCOHOL HOMOGENEOUS HEAD GROUP; temperature=45; additives=nan; authors=CORK GOOD; reference=64027; original CMC=7.8 X10-2 M; DOI 10.6028/NBS.NSRDS.36; https://github.com/PSDI-UK/psdi-datasets
CCCCCCCCCC(=O)O.CCCCCCCC(=O)O.CC(C)(CO)CO,nonionic,5.0,0.0,0.0001,,,,,,"PSDI/NIST Critical Micelle Concentrations of Aqueous Surfactant Systems; Compound No. 312; name=TRIDECYL/OXYETHYLENE/5 ALCOHOL BRANCHED CHAIN, REDUCED 0E DISTRIBUTION; temperature=25; additives=nan; authors=SCHI; reference=62019; original CMC=1.00 X10-4 M; DOI 10.6028/NBS.NSRDS.36; https://github.com/PSDI-UK/psdi-datasets"
CCCCCCCCCC(=O)O.CCCCCCCC(=O)O.CC(C)(CO)CO,nonionic,5.0,0.0,6e-05,,,,,,"PSDI/NIST Critical Micelle Concentrations of Aqueous Surfactant Systems; Compound No. 312; name=TRIDECYL/OXYETHYLENE/5 ALCOHOL BRANCHED CHAIN, REDUCED 0E DISTRIBUTION; temperature=55; additives=nan; authors=SCHI; reference=62019; original CMC=6.0 X10-5 M; DOI 10.6028/NBS.NSRDS.36; https://github.com/PSDI-UK/psdi-datasets"
CCCCCCCCCCCCCOCCOCCOCCOCCOCCOCCOCCOCCOCCOCCOCCOCCOCCOCCO,nonionic,14.0,0.0,0.000135,,,,,,"PSDI/NIST Critical Micelle Concentrations of Aqueous Surfactant Systems; Compound No. 314; name=TRIDECYL/OXYETHYLENE/14 ALCOHOL BRANCHED CHAIN, REDUCED 0E DISTRIBUTION; temperature=25; additives=nan; authors=SCHI; reference=62019; original CMC=1.35 X10-4 M; DOI 10.6028/NBS.NSRDS.36; https://github.com/PSDI-UK/psdi-datasets"
CCCCCCCCCCCCCOCCOCCOCCOCCOCCOCCOCCOCCOCCOCCOCCOCCOCCOCCO,nonionic,14.0,0.0,8e-05,,,,,,"PSDI/NIST Critical Micelle Concentrations of Aqueous Surfactant Systems; Compound No. 314; name=TRIDECYL/OXYETHYLENE/14 ALCOHOL BRANCHED CHAIN, REDUCED 0E DISTRIBUTION; temperature=55; additives=nan; authors=SCHI; reference=62019; original CMC=8.0 X10-5 M; DOI 10.6028/NBS.NSRDS.36; https://github.com/PSDI-UK/psdi-datasets"
CCCCCCCCCC1=CC=C(C=C1)OCCOCCOCCOCCOCCOCCOCCOCCOCCOCCO,nonionic,10.0,0.0,7.5e-05,,,,,,"PSDI/NIST Critical Micelle Concentrations of Aqueous Surfactant Systems; Compound No. 320; name=NONYL BENZENE/OXYETHYLENE/10 ALCOHOL BRANCHED CHAIN, REDUCED 0E DISTRIBUTION; temperature=25; additives=nan; authors=SCHI; reference=62019; original CMC=7.5 X10-5 M; DOI 10.6028/NBS.NSRDS.36; https://github.com/PSDI-UK/psdi-datasets"
CCCCCCCCCC1=CC=C(C=C1)OCCOCCOCCOCCOCCOCCOCCOCCOCCOCCO,nonionic,10.0,0.0,4e-05,,,,,,"PSDI/NIST Critical Micelle Concentrations of Aqueous Surfactant Systems; Compound No. 320; name=NONYL BENZENE/OXYETHYLENE/10 ALCOHOL BRANCHED CHAIN, REDUCED 0E DISTRIBUTION; temperature=55; additives=nan; authors=SCHI; reference=62019; original CMC=4.0 X10-5 M; DOI 10.6028/NBS.NSRDS.36; https://github.com/PSDI-UK/psdi-datasets"
CCCCCCCCCC1=CC=C(C=C1)OCCOCCOCCOCCOCCOCCOCCOCCOCCOCCO,nonionic,10.0,0.0,0.0001,,,,,,"PSDI/NIST Critical Micelle Concentrations of Aqueous Surfactant Systems; Compound No. 320; name=NONYL BENZENE/OXYETHYLENE/10 ALCOHOL BRANCHED CHAIN, REDUCED 0E DISTRIBUTION; temperature=25; additives=1.5 EOM DIOXANE; authors=SCHI GILB; reference=65011; original CMC=1.00 X10-4 M; DOI 10.6028/NBS.NSRDS.36; https://github.com/PSDI-UK/psdi-datasets"
CCCCCCCCCC1=CC=C(C=C1)OCCOCCOCCOCCOCCOCCOCCOCCOCCOCCO,nonionic,10.0,0.0,0.00018,,,,,,"PSDI/NIST Critical Micelle Concentrations of Aqueous Surfactant Systems; Compound No. 320; name=NONYL BENZENE/OXYETHYLENE/10 ALCOHOL BRANCHED CHAIN, REDUCED 0E DISTRIBUTION; temperature=25; additives=3.0 EOM DIOXANE; authors=SCHI GILB; reference=65011; original CMC=1.80 X10-4 M; DOI 10.6028/NBS.NSRDS.36; https://github.com/PSDI-UK/psdi-datasets"
CCCCCCCCCC1=CC=C(C=C1)OCCOCCOCCOCCOCCOCCOCCOCCOCCOCCO,nonionic,10.0,0.0,0.0001,,,,,,"PSDI/NIST Critical Micelle Concentrations of Aqueous Surfactant Systems; Compound No. 320; name=NONYL BENZENE/OXYETHYLENE/10 ALCOHOL BRANCHED CHAIN, REDUCED 0E DISTRIBUTION; temperature=25; additives=3. EOM UREA; authors=SCHI GILB; reference=65011; original CMC=1.00 X10-4 M; DOI 10.6028/NBS.NSRDS.36; https://github.com/PSDI-UK/psdi-datasets"
CCCCCCCCCC1=CC=C(C=C1)OCCOCCOCCOCCOCCOCCOCCOCCOCCOCCO,nonionic,10.0,0.0,0.00024,,,,,,"PSDI/NIST Critical Micelle Concentrations of Aqueous Surfactant Systems; Compound No. 320; name=NONYL BENZENE/OXYETHYLENE/10 ALCOHOL BRANCHED CHAIN, REDUCED 0E DISTRIBUTION; temperature=25; additives=6. E 0 M UREA; authors=SCHI GILB; reference=65011; original CMC=2.40 X10-4 M; DOI 10.6028/NBS.NSRDS.36; https://github.com/PSDI-UK/psdi-datasets"
CCCCCCCCCC1=CC=C(C=C1)OCCOCCOCCOCCOCCOCCOCCOCCOCCOCCO,nonionic,10.0,0.0,0.00014,,,,,,"PSDI/NIST Critical Micelle Concentrations of Aqueous Surfactant Systems; Compound No. 320; name=NONYL BENZENE/OXYETHYLENE/10 ALCOHOL BRANCHED CHAIN, REDUCED 0E DISTRIBUTION; temperature=25; additives=3. 0 M GUANIDINIUM CL 4.6 E 0 PH OF SOLUTION; authors=SCHI GILB; reference=65011; original CMC=1.40 X10-4 M; DOI 10.6028/NBS.NSRDS.36; https://github.com/PSDI-UK/psdi-datasets"
CCCCCCCCCC1=CC=C(C=C1)OCCOCCOCCOCCOCCOCCOCCOCCOCCOCCO,nonionic,10.0,0.0,0.00025,,,,,,"PSDI/NIST Critical Micelle Concentrations of Aqueous Surfactant Systems; Compound No. 320; name=NONYL BENZENE/OXYETHYLENE/10 ALCOHOL BRANCHED CHAIN, REDUCED 0E DISTRIBUTION; temperature=25; additives=5. M GUANIDINIUM CL 4.6 E O PH OF SOLUTION; authors=SCHI GILB; reference=65011; original CMC=2.50 X10-4 M; DOI 10.6028/NBS.NSRDS.36; https://github.com/PSDI-UK/psdi-datasets"
CCCCCCCCCC1=CC=C(C=C1)OCCOCCOCCOCCOCCOCCOCCOCCOCCOCCO,nonionic,10.0,0.0,7.5e-05,,,,,,"PSDI/NIST Critical Micelle Concentrations of Aqueous Surfactant Systems; Compound No. 320; name=NONYL BENZENE/OXYETHYLENE/10 ALCOHOL BRANCHED CHAIN, REDUCED 0E DISTRIBUTION; temperature=25; additives=E 0 H CL 4.6 E 0 PH OF SOLUTION; authors=SCHI GILB; reference=65011; original CMC=7.5 X10-5 M; DOI 10.6028/NBS.NSRDS.36; https://github.com/PSDI-UK/psdi-datasets"
CCCCCCCCCCCCCCCCCC(=O)O.CCCCCCCCC=CCCCCCCCCO.C(C(=O)O)C(CC(=O)O)(C(=O)O)O.C(C(CO)(CO)CO)O,nonionic,15.0,0.0,0.00011,,,,,,"PSDI/NIST Critical Micelle Concentrations of Aqueous Surfactant Systems; Compound No. 321; name=NONYL BENZENE/OXYETHYLENE/15 ALCOHOL BRANCHED CHAIN, REDUCED 0E DISTRIBUTION; temperature=25; additives=nan; authors=SCHI; reference=62019; original CMC=1.10 X10-4 M; DOI 10.6028/NBS.NSRDS.36; https://github.com/PSDI-UK/psdi-datasets"
CCCCCCCCCCCCCCCCCC(=O)O.CCCCCCCCC=CCCCCCCCCO.C(C(=O)O)C(CC(=O)O)(C(=O)O)O.C(C(CO)(CO)CO)O,nonionic,15.0,0.0,4.5e-05,,,,,,"PSDI/NIST Critical Micelle Concentrations of Aqueous Surfactant Systems; Compound No. 321; name=NONYL BENZENE/OXYETHYLENE/15 ALCOHOL BRANCHED CHAIN, REDUCED 0E DISTRIBUTION; temperature=55; additives=nan; authors=SCHI; reference=62019; original CMC=4.5 X10-5 M; DOI 10.6028/NBS.NSRDS.36; https://github.com/PSDI-UK/psdi-datasets"
CCCCCCCCCCCCCCCCCC(=O)O.CCCCCCCCC=CCCCCCCCCO.C(C(=O)O)C(CC(=O)O)(C(=O)O)O.C(C(CO)(CO)CO)O,nonionic,15.0,0.0,5e-05,,,,,,"PSDI/NIST Critical Micelle Concentrations of Aqueous Surfactant Systems; Compound No. 321; name=NONYL BENZENE/OXYETHYLENE/15 ALCOHOL BRANCHED CHAIN, REDUCED 0E DISTRIBUTION; temperature=25; additives=8.6 E-1 N BA CL2; authors=SCHI; reference=62019; original CMC=5.0 X10-5 M; DOI 10.6028/NBS.NSRDS.36; https://github.com/PSDI-UK/psdi-datasets"
CCCCCCCCCCCCCCCCCC(=O)O.CCCCCCCCC=CCCCCCCCCO.C(C(=O)O)C(CC(=O)O)(C(=O)O)O.C(C(CO)(CO)CO)O,nonionic,15.0,0.0,5.7e-05,,,,,,"PSDI/NIST Critical Micelle Concentrations of Aqueous Surfactant Systems; Compound No. 321; name=NONYL BENZENE/OXYETHYLENE/15 ALCOHOL BRANCHED CHAIN, REDUCED 0E DISTRIBUTION; temperature=25; additives=8.6 E-1 N CA CL2; authors=SCHI; reference=62019; original CMC=5.7 X10-5 M; DOI 10.6028/NBS.NSRDS.36; https://github.com/PSDI-UK/psdi-datasets"
CCCCCCCCCCCCCCCCCC(=O)O.CCCCCCCCC=CCCCCCCCCO.C(C(=O)O)C(CC(=O)O)(C(=O)O)O.C(C(CO)(CO)CO)O,nonionic,15.0,0.0,7.6e-05,,,,,,"PSDI/NIST Critical Micelle Concentrations of Aqueous Surfactant Systems; Compound No. 321; name=NONYL BENZENE/OXYETHYLENE/15 ALCOHOL BRANCHED CHAIN, REDUCED 0E DISTRIBUTION; temperature=25; additives=8.6 E-1 N CA N03; authors=SCHI; reference=62019; original CMC=7.6 X10-5 M; DOI 10.6028/NBS.NSRDS.36; https://github.com/PSDI-UK/psdi-datasets"
CCCCCCCCCCCCCCCCCC(=O)O.CCCCCCCCC=CCCCCCCCCO.C(C(=O)O)C(CC(=O)O)(C(=O)O)O.C(C(CO)(CO)CO)O,nonionic,15.0,0.0,0.00015,,,,,,"PSDI/NIST Critical Micelle Concentrations of Aqueous Surfactant Systems; Compound No. 321; name=NONYL BENZENE/OXYETHYLENE/15 ALCOHOL BRANCHED CHAIN, REDUCED 0E DISTRIBUTION; temperature=25; additives=8.6 E-1 M H CL; authors=SCHI; reference=62019; original CMC=1.50 X10-4 M; DOI 10.6028/NBS.NSRDS.36; https://github.com/PSDI-UK/psdi-datasets"
CCCCCCCCCCCCCCCCCC(=O)O.CCCCCCCCC=CCCCCCCCCO.C(C(=O)O)C(CC(=O)O)(C(=O)O)O.C(C(CO)(CO)CO)O,nonionic,15.0,0.0,5e-05,,,,,,"PSDI/NIST Critical Micelle Concentrations of Aqueous Surfactant Systems; Compound No. 321; name=NONYL BENZENE/OXYETHYLENE/15 ALCOHOL BRANCHED CHAIN, REDUCED 0E DISTRIBUTION; temperature=25; additives=8.6 E-1 M K CL; authors=SCHI; reference=62019; original CMC=5.0 X10-5 M; DOI 10.6028/NBS.NSRDS.36; https://github.com/PSDI-UK/psdi-datasets"
CCCCCCCCCCCCCCCCCC(=O)O.CCCCCCCCC=CCCCCCCCCO.C(C(=O)O)C(CC(=O)O)(C(=O)O)O.C(C(CO)(CO)CO)O,nonionic,15.0,0.0,5.5e-05,,,,,,"PSDI/NIST Critical Micelle Concentrations of Aqueous Surfactant Systems; Compound No. 321; name=NONYL BENZENE/OXYETHYLENE/15 ALCOHOL BRANCHED CHAIN, REDUCED 0E DISTRIBUTION; temperature=25; additives=8.6 E-1 M K N03; authors=SCHI; reference=62019; original CMC=5.5 X10-5 M; DOI 10.6028/NBS.NSRDS.36; https://github.com/PSDI-UK/psdi-datasets"
CCCCCCCCCCCCCCCCCC(=O)O.CCCCCCCCC=CCCCCCCCCO.C(C(=O)O)C(CC(=O)O)(C(=O)O)O.C(C(CO)(CO)CO)O,nonionic,15.0,0.0,6.5e-05,,,,,,"PSDI/NIST Critical Micelle Concentrations of Aqueous Surfactant Systems; Compound No. 321; name=NONYL BENZENE/OXYETHYLENE/15 ALCOHOL BRANCHED CHAIN, REDUCED 0E DISTRIBUTION; temperature=25; additives=8.6 E-1 M LI CL; authors=SCHI; reference=62019; original CMC=6.5 X10-5 M; DOI 10.6028/NBS.NSRDS.36; https://github.com/PSDI-UK/psdi-datasets"
CCCCCCCCCCCCCCCCCC(=O)O.CCCCCCCCC=CCCCCCCCCO.C(C(=O)O)C(CC(=O)O)(C(=O)O)O.C(C(CO)(CO)CO)O,nonionic,15.0,0.0,8.7e-05,,,,,,"PSDI/NIST Critical Micelle Concentrations of Aqueous Surfactant Systems; Compound No. 321; name=NONYL BENZENE/OXYETHYLENE/15 ALCOHOL BRANCHED CHAIN, REDUCED 0E DISTRIBUTION; temperature=25; additives=8.6 E-1 M LI N03; authors=SCHI; reference=62019; original CMC=8.7 X10-5 M; DOI 10.6028/NBS.NSRDS.36; https://github.com/PSDI-UK/psdi-datasets"
CCCCCCCCCCCCCCCCCC(=O)O.CCCCCCCCC=CCCCCCCCCO.C(C(=O)O)C(CC(=O)O)(C(=O)O)O.C(C(CO)(CO)CO)O,nonionic,15.0,0.0,5.3e-05,,,,,,"PSDI/NIST Critical Micelle Concentrations of Aqueous Surfactant Systems; Compound No. 321; name=NONYL BENZENE/OXYETHYLENE/15 ALCOHOL BRANCHED CHAIN, REDUCED 0E DISTRIBUTION; temperature=25; additives=8.6 E-1 N MG CL2; authors=SCHI; reference=62019; original CMC=5.3 X10-5 M; DOI 10.6028/NBS.NSRDS.36; https://github.com/PSDI-UK/psdi-datasets"
CCCCCCCCCCCCCCCCCC(=O)O.CCCCCCCCC=CCCCCCCCCO.C(C(=O)O)C(CC(=O)O)(C(=O)O)O.C(C(CO)(CO)CO)O,nonionic,15.0,0.0,7.6e-05,,,,,,"PSDI/NIST Critical Micelle Concentrations of Aqueous Surfactant Systems; Compound No. 321; name=NONYL BENZENE/OXYETHYLENE/15 ALCOHOL BRANCHED CHAIN, REDUCED 0E DISTRIBUTION; temperature=25; additives=8.6 E-1 N MG (N03) 2; authors=SCHI; reference=62019; original CMC=7.6 X10-5 M; DOI 10.6028/NBS.NSRDS.36; https://github.com/PSDI-UK/psdi-datasets"
CCCCCCCCCCCCCCCCCC(=O)O.CCCCCCCCC=CCCCCCCCCO.C(C(=O)O)C(CC(=O)O)(C(=O)O)O.C(C(CO)(CO)CO)O,nonionic,15.0,0.0,8e-05,,,,,,"PSDI/NIST Critical Micelle Concentrations of Aqueous Surfactant Systems; Compound No. 321; name=NONYL BENZENE/OXYETHYLENE/15 ALCOHOL BRANCHED CHAIN, REDUCED 0E DISTRIBUTION; temperature=25; additives=8.6 E-1 M NA BR; authors=SCHI; reference=62019; original CMC=8.0 X10-5 M; DOI 10.6028/NBS.NSRDS.36; https://github.com/PSDI-UK/psdi-datasets"
CCCCCCCCCCCCCCCCCC(=O)O.CCCCCCCCC=CCCCCCCCCO.C(C(=O)O)C(CC(=O)O)(C(=O)O)O.C(C(CO)(CO)CO)O,nonionic,15.0,0.0,5.2e-05,,,,,,"PSDI/NIST Critical Micelle Concentrations of Aqueous Surfactant Systems; Compound No. 321; name=NONYL BENZENE/OXYETHYLENE/15 ALCOHOL BRANCHED CHAIN, REDUCED 0E DISTRIBUTION; temperature=25; additives=8.6 E-1 M NA BR03; authors=SCHI; reference=62019; original CMC=5.2 X10-5 M; DOI 10.6028/NBS.NSRDS.36; https://github.com/PSDI-UK/psdi-datasets"
CCCCCCCCCCCCCCCCCC(=O)O.CCCCCCCCC=CCCCCCCCCO.C(C(=O)O)C(CC(=O)O)(C(=O)O)O.C(C(CO)(CO)CO)O,nonionic,15.0,0.0,2.5e-05,,,,,,"PSDI/NIST Critical Micelle Concentrations of Aqueous Surfactant Systems; Compound No. 321; name=NONYL BENZENE/OXYETHYLENE/15 ALCOHOL BRANCHED CHAIN, REDUCED 0E DISTRIBUTION; temperature=25; additives=8.6 E-1 N NA CITRATE; authors=SCHI; reference=62019; original CMC=2.5 X10-5 M; DOI 10.6028/NBS.NSRDS.36; https://github.com/PSDI-UK/psdi-datasets"
CCCCCCCCCCCCCCCCCC(=O)O.CCCCCCCCC=CCCCCCCCCO.C(C(=O)O)C(CC(=O)O)(C(=O)O)O.C(C(CO)(CO)CO)O,nonionic,15.0,0.0,6.5e-05,,,,,,"PSDI/NIST Critical Micelle Concentrations of Aqueous Surfactant Systems; Compound No. 321; name=NONYL BENZENE/OXYETHYLENE/15 ALCOHOL BRANCHED CHAIN, REDUCED 0E DISTRIBUTION; temperature=25; additives=4.3 E-1 M NA CL; authors=SCHI; reference=62019; original CMC=6.5 X10-5 M; DOI 10.6028/NBS.NSRDS.36; https://github.com/PSDI-UK/psdi-datasets"
CCCCCCCCCCCCCCCCCC(=O)O.CCCCCCCCC=CCCCCCCCCO.C(C(=O)O)C(CC(=O)O)(C(=O)O)O.C(C(CO)(CO)CO)O,nonionic,15.0,0.0,5.5e-05,,,,,,"PSDI/NIST Critical Micelle Concentrations of Aqueous Surfactant Systems; Compound No. 321; name=NONYL BENZENE/OXYETHYLENE/15 ALCOHOL BRANCHED CHAIN, REDUCED 0E DISTRIBUTION; temperature=25; additives=8.6 E-1 M NA CL; authors=SCHI; reference=62019; original CMC=5.5 X10-5 M; DOI 10.6028/NBS.NSRDS.36; https://github.com/PSDI-UK/psdi-datasets"
CCCCCCCCCCCCCCCCCC(=O)O.CCCCCCCCC=CCCCCCCCCO.C(C(=O)O)C(CC(=O)O)(C(=O)O)O.C(C(CO)(CO)CO)O,nonionic,15.0,0.0,4.5e-05,,,,,,"PSDI/NIST Critical Micelle Concentrations of Aqueous Surfactant Systems; Compound No. 321; name=NONYL BENZENE/OXYETHYLENE/15 ALCOHOL BRANCHED CHAIN, REDUCED 0E DISTRIBUTION; temperature=25; additives=1.29 E 0 M NA CL; authors=SCHI; reference=62019; original CMC=4.5 X10-5 M; DOI 10.6028/NBS.NSRDS.36; https://github.com/PSDI-UK/psdi-datasets"
CCCCCCCCCCCCCCCCCC(=O)O.CCCCCCCCC=CCCCCCCCCO.C(C(=O)O)C(CC(=O)O)(C(=O)O)O.C(C(CO)(CO)CO)O,nonionic,15.0,0.0,3.2e-05,,,,,,"PSDI/NIST Critical Micelle Concentrations of Aqueous Surfactant Systems; Compound No. 321; name=NONYL BENZENE/OXYETHYLENE/15 ALCOHOL BRANCHED CHAIN, REDUCED 0E DISTRIBUTION; temperature=25; additives=8.6 E-1 M NA F; authors=SCHI; reference=62019; original CMC=3.2 X10-5 M; DOI 10.6028/NBS.NSRDS.36; https://github.com/PSDI-UK/psdi-datasets"
CCCCCCCCCCCCCCCCCC(=O)O.CCCCCCCCC=CCCCCCCCCO.C(C(=O)O)C(CC(=O)O)(C(=O)O)O.C(C(CO)(CO)CO)O,nonionic,15.0,0.0,8.3e-05,,,,,,"PSDI/NIST Critical Micelle Concentrations of Aqueous Surfactant Systems; Compound No. 321; name=NONYL BENZENE/OXYETHYLENE/15 ALCOHOL BRANCHED CHAIN, REDUCED 0E DISTRIBUTION; temperature=25; additives=8.6 E-1 M NA I; authors=SCHI; reference=62019; original CMC=8.3 X10-5 M; DOI 10.6028/NBS.NSRDS.36; https://github.com/PSDI-UK/psdi-datasets"
CCCCCCCCCCCCCCCCCC(=O)O.CCCCCCCCC=CCCCCCCCCO.C(C(=O)O)C(CC(=O)O)(C(=O)O)O.C(C(CO)(CO)CO)O,nonionic,15.0,0.0,8e-05,,,,,,"PSDI/NIST Critical Micelle Concentrations of Aqueous Surfactant Systems; Compound No. 321; name=NONYL BENZENE/OXYETHYLENE/15 ALCOHOL BRANCHED CHAIN, REDUCED 0E DISTRIBUTION; temperature=25; additives=8.6 E-1 M NA N03; authors=SCHI; reference=62019; original CMC=8.0 X10-5 M; DOI 10.6028/NBS.NSRDS.36; https://github.com/PSDI-UK/psdi-datasets"
CCCCCCCCCCCCCCCCCC(=O)O.CCCCCCCCC=CCCCCCCCCO.C(C(=O)O)C(CC(=O)O)(C(=O)O)O.C(C(CO)(CO)CO)O,nonionic,15.0,0.0,8e-05,,,,,,"PSDI/NIST Critical Micelle Concentrations of Aqueous Surfactant Systems; Compound No. 321; name=NONYL BENZENE/OXYETHYLENE/15 ALCOHOL BRANCHED CHAIN, REDUCED 0E DISTRIBUTION; temperature=25; additives=8.6 E-1 M NA OH; authors=SCHI; reference=62019; original CMC=8.0 X10-5 M; DOI 10.6028/NBS.NSRDS.36; https://github.com/PSDI-UK/psdi-datasets"
CCCCCCCCCCCCCCCCCC(=O)O.CCCCCCCCC=CCCCCCCCCO.C(C(=O)O)C(CC(=O)O)(C(=O)O)O.C(C(CO)(CO)CO)O,nonionic,15.0,0.0,2.3e-05,,,,,,"PSDI/NIST Critical Micelle Concentrations of Aqueous Surfactant Systems; Compound No. 321; name=NONYL BENZENE/OXYETHYLENE/15 ALCOHOL BRANCHED CHAIN, REDUCED 0E DISTRIBUTION; temperature=25; additives=8.6 E-1 N NA2 S04; authors=SCHI; reference=62019; original CMC=2.3 X10-5 M; DOI 10.6028/NBS.NSRDS.36; https://github.com/PSDI-UK/psdi-datasets"
CCCCCCCCCCCCCCCCCC(=O)O.CCCCCCCCC=CCCCCCCCCO.C(C(=O)O)C(CC(=O)O)(C(=O)O)O.C(C(CO)(CO)CO)O,nonionic,15.0,0.0,8.5e-05,,,,,,"PSDI/NIST Critical Micelle Concentrations of Aqueous Surfactant Systems; Compound No. 321; name=NONYL BENZENE/OXYETHYLENE/15 ALCOHOL BRANCHED CHAIN, REDUCED 0E DISTRIBUTION; temperature=25; additives=8.6 E-1 M NA CNS; authors=SCHI; reference=62019; original CMC=8.5 X10-5 M; DOI 10.6028/NBS.NSRDS.36; https://github.com/PSDI-UK/psdi-datasets"
CCCCCCCCCCCCCCCCCC(=O)O.CCCCCCCCC=CCCCCCCCCO.C(C(=O)O)C(CC(=O)O)(C(=O)O)O.C(C(CO)(CO)CO)O,nonionic,15.0,0.0,5e-05,,,,,,"PSDI/NIST Critical Micelle Concentrations of Aqueous Surfactant Systems; Compound No. 321; name=NONYL BENZENE/OXYETHYLENE/15 ALCOHOL BRANCHED CHAIN, REDUCED 0E DISTRIBUTION; temperature=25; additives=8.6 E-1 N SR CL2; authors=SCHI; reference=62019; original CMC=5.0 X10-5 M; DOI 10.6028/NBS.NSRDS.36; https://github.com/PSDI-UK/psdi-datasets"
CCCCCCCCCCCCCCCCCC(=O)O.CCCCCCCCC=CCCCCCCCCO.C(C(=O)O)C(CC(=O)O)(C(=O)O)O.C(C(CO)(CO)CO)O,nonionic,15.0,0.0,4.5e-05,,,,,,"PSDI/NIST Critical Micelle Concentrations of Aqueous Surfactant Systems; Compound No. 321; name=NONYL BENZENE/OXYETHYLENE/15 ALCOHOL BRANCHED CHAIN, REDUCED 0E DISTRIBUTION; temperature=25; additives=8.6 E-1 M (CH3)4 N CL; authors=SCHI; reference=62019; original CMC=4.5 X10-5 M; DOI 10.6028/NBS.NSRDS.36; https://github.com/PSDI-UK/psdi-datasets"
CCCCCCCCCCCCCCCCCC(=O)O.CCCCCCCCC=CCCCCCCCCO.C(C(=O)O)C(CC(=O)O)(C(=O)O)O.C(C(CO)(CO)CO)O,nonionic,15.0,0.0,9e-05,,,,,,"PSDI/NIST Critical Micelle Concentrations of Aqueous Surfactant Systems; Compound No. 321; name=NONYL BENZENE/OXYETHYLENE/15 ALCOHOL BRANCHED CHAIN, REDUCED 0E DISTRIBUTION; temperature=25; additives=5. E-1 M UREA; authors=SCHI ATLA; reference=62020; original CMC=9.0 X10-5 M; DOI 10.6028/NBS.NSRDS.36; https://github.com/PSDI-UK/psdi-datasets"
CCCCCCCCCCCCCCCCCC(=O)O.CCCCCCCCC=CCCCCCCCCO.C(C(=O)O)C(CC(=O)O)(C(=O)O)O.C(C(CO)(CO)CO)O,nonionic,15.0,0.0,4.2e-05,,,,,,"PSDI/NIST Critical Micelle Concentrations of Aqueous Surfactant Systems; Compound No. 321; name=NONYL BENZENE/OXYETHYLENE/15 ALCOHOL BRANCHED CHAIN, REDUCED 0E DISTRIBUTION; temperature=25; additives=8.6 E-1 N NA2 S04 4.3 E-1 M NA CNS; authors=SCHI; reference=62019; original CMC=4.2 X10-5 M; DOI 10.6028/NBS.NSRDS.36; https://github.com/PSDI-UK/psdi-datasets"
CCCCCCCCCCCCCCCCCC(=O)O.CCCCCCCCC=CCCCCCCCCO.C(C(=O)O)C(CC(=O)O)(C(=O)O)O.C(C(CO)(CO)CO)O,nonionic,15.0,0.0,0.00014,,,,,,"PSDI/NIST Critical Micelle Concentrations of Aqueous Surfactant Systems; Compound No. 321; name=NONYL BENZENE/OXYETHYLENE/15 ALCOHOL BRANCHED CHAIN, REDUCED 0E DISTRIBUTION; temperature=45; additives=7.5 E1I 0001; authors=SCHI MANN; reference=66001; original CMC=1.4 X10-4 M; DOI 10.6028/NBS.NSRDS.36; https://github.com/PSDI-UK/psdi-datasets"
CCCCCCCCCCCCCCCCCC(=O)O.CCCCCCCCC=CCCCCCCCCO.C(C(=O)O)C(CC(=O)O)(C(=O)O)O.C(C(CO)(CO)CO)O,nonionic,15.0,0.0,0.0003,,,,,,"PSDI/NIST Critical Micelle Concentrations of Aqueous Surfactant Systems; Compound No. 321; name=NONYL BENZENE/OXYETHYLENE/15 ALCOHOL BRANCHED CHAIN, REDUCED 0E DISTRIBUTION; temperature=45; additives=9.0 E1I 0001; authors=SCHI MANN; reference=66001; original CMC=3.0 X10-4 M; DOI 10.6028/NBS.NSRDS.36; https://github.com/PSDI-UK/psdi-datasets"
CCCCCCOCCOCCOCCOCCOCCOCCOCCOCCOCCOCCOCCOCCOCCOCCOCCCCCC,nonionic,14.0,0.0,5.5e-05,,,,,,PSDI/NIST Critical Micelle Concentrations of Aqueous Surfactant Systems; Compound No. 326; name=DODECYL/OXYETHYLENE/14 ALCOHOL REDUCED POLYDISPERSITY OF HEAD GROUPS; temperature=25; additives=nan; authors=SCHI; reference=62019; original CMC=5.5 X10-5 M; DOI 10.6028/NBS.NSRDS.36; https://github.com/PSDI-UK/psdi-datasets
CCCCCCOCCOCCOCCOCCOCCOCCOCCOCCOCCOCCOCCOCCOCCOCCOCCCCCC,nonionic,14.0,0.0,2.5e-05,,,,,,PSDI/NIST Critical Micelle Concentrations of Aqueous Surfactant Systems; Compound No. 326; name=DODECYL/OXYETHYLENE/14 ALCOHOL REDUCED POLYDISPERSITY OF HEAD GROUPS; temperature=55; additives=nan; authors=SCHI; reference=62019; original CMC=2.5 X10-5 M; DOI 10.6028/NBS.NSRDS.36; https://github.com/PSDI-UK/psdi-datasets
CCCCCCCCCCCCCCCCCCCCCC(=O)O.CCOCC.C(C(CO)(CO)CO)O,nonionic,7.0,0.0,1.74e-06,,,,,,PSDI/NIST Critical Micelle Concentrations of Aqueous Surfactant Systems; Compound No. 330; name=HEXADECYL/OXYETHYLENE/7 ALCOHOL HOMOGENEOUS HEAD GROUP; temperature=25; additives=nan; authors=ELWO MACF; reference=62027; original CMC=1.74 X10-6 M; DOI 10.6028/NBS.NSRDS.36; https://github.com/PSDI-UK/psdi-datasets
CCCC(COCC)(COCC)COCC.CCCC(COCC)(COCC)COCC(COCC)(COCC)COCC,nonionic,9.0,0.0,8e-06,,,,,,PSDI/NIST Critical Micelle Concentrations of Aqueous Surfactant Systems; Compound No. 331; name=HEXADECYL/OXYETHYLENE/9 ALCOHOL HOMOGENEOUS HEAD GROUP; temperature=18; additives=nan; authors=MATH OTTE; reference=66037; original CMC=8.0 X10-6 M; DOI 10.6028/NBS.NSRDS.36; https://github.com/PSDI-UK/psdi-datasets
CCCC(COCC)(COCC)COCC.CCCC(COCC)(COCC)COCC(COCC)(COCC)COCC,nonionic,9.0,0.0,3.6e-05,,,,,,PSDI/NIST Critical Micelle Concentrations of Aqueous Surfactant Systems; Compound No. 331; name=HEXADECYL/OXYETHYLENE/9 ALCOHOL HOMOGENEOUS HEAD GROUP; temperature=20; additives=nan; authors=CARL CHAL; reference=64009; original CMC=3.6 X10-5 M; DOI 10.6028/NBS.NSRDS.36; https://github.com/PSDI-UK/psdi-datasets
CCCC(COCC)(COCC)COCC.CCCC(COCC)(COCC)COCC(COCC)(COCC)COCC,nonionic,9.0,0.0,3.5e-05,,,,,,PSDI/NIST Critical Micelle Concentrations of Aqueous Surfactant Systems; Compound No. 331; name=HEXADECYL/OXYETHYLENE/9 ALCOHOL HOMOGENEOUS HEAD GROUP; temperature=20; additives=nan; authors=CARL CHAL; reference=64009; original CMC=3.5 X10-5 M; DOI 10.6028/NBS.NSRDS.36; https://github.com/PSDI-UK/psdi-datasets
CCCC(COCC)(COCC)COCC.CCCC(COCC)(COCC)COCC(COCC)(COCC)COCC,nonionic,9.0,0.0,2.09e-06,,,,,,PSDI/NIST Critical Micelle Concentrations of Aqueous Surfactant Systems; Compound No. 331; name=HEXADECYL/OXYETHYLENE/9 ALCOHOL HOMOGENEOUS HEAD GROUP; temperature=25; additives=nan; authors=ELWO MACF; reference=62027; original CMC=2.09 X10-6 M; DOI 10.6028/NBS.NSRDS.36; https://github.com/PSDI-UK/psdi-datasets
CC.CC(CC1CCCCCCCCCCCC1CCC(CC(CCCCCC(CC(CC=O)O)O)O)(O)O)C(C)OC.CO.CO.C=O.C#C.OO,nonionic,12.0,0.0,2.34e-06,,,,,,PSDI/NIST Critical Micelle Concentrations of Aqueous Surfactant Systems; Compound No. 332; name=HEXADECYL/OXYETHYLENE/12 ALCOHOL HOMOGENEOUS HEAD GROUP; temperature=25; additives=nan; authors=ELWO MACF; reference=62027; original CMC=2.34 X10-6 M; DOI 10.6028/NBS.NSRDS.36; https://github.com/PSDI-UK/psdi-datasets
CCCCCCCCCCCCCCCOCCOCCOCCOCCOCCOCCOCCOCCO,nonionic,8.0,0.0,0.000205,,,,,,"PSDI/NIST Critical Micelle Concentrations of Aqueous Surfactant Systems; Compound No. 335; name=OCTYL BENZENE/OXYETHYLENE/8.5 ALCOHOL BRANCHED CHAIN, NATURAL 0E DISTRIBUTION; temperature=25; additives=nan; authors=HSIA DUNN; reference=56014; original CMC=2.05 X10-4 M; DOI 10.6028/NBS.NSRDS.36; https://github.com/PSDI-UK/psdi-datasets"
CCCCCCCCCCCCCCCCOCCOCCOCCOCCOCCOCCOCCOCCOCCO,nonionic,9.0,0.0,8.5e-05,,,,,,"PSDI/NIST Critical Micelle Concentrations of Aqueous Surfactant Systems; Compound No. 336; name=NONYL BENZENE/OXYETHYLENE/9.5 ALCOHOL BRANCHED CHAIN, NATURAL 0E DISTRIBUTION; temperature=25; additives=nan; authors=HSIA DUNN; reference=56014; original CMC=8.5 X10-5 M; DOI 10.6028/NBS.NSRDS.36; https://github.com/PSDI-UK/psdi-datasets"
CC(=CCCC(=CCCC(C)(C(CCC(C(C)(CCC=C(C)CCC=C(C)C)O)OC(=O)C)OC1C(C(C(C(O1)CO)O)O)O)O)C)C,nonionic,10.0,0.0,8.3e-05,,,,,,"PSDI/NIST Critical Micelle Concentrations of Aqueous Surfactant Systems; Compound No. 337; name=NONYL BENZENE/OXYETHYLENE/10.5 ALCOHOL BRANCHED CHAIN, NATURAL 0E DISTRIBUTION; temperature=25; additives=nan; authors=HSIA DUNN; reference=56014; original CMC=8.3 X10-5 M; DOI 10.6028/NBS.NSRDS.36; https://github.com/PSDI-UK/psdi-datasets"
CC(=CCCC(=CCCC(C)(C(CCC(C(C)(CCC=C(C)CCC=C(C)C)O)OC(=O)C)OC1C(C(C(C(O1)CO)O)O)O)O)C)C,nonionic,10.0,0.0,4.6e-05,,,,,,"PSDI/NIST Critical Micelle Concentrations of Aqueous Surfactant Systems; Compound No. 337; name=NONYL BENZENE/OXYETHYLENE/10.5 ALCOHOL BRANCHED CHAIN, NATURAL 0E DISTRIBUTION; temperature=25; additives=8.6 E-1 M NA CL; authors=HSIA DUNN; reference=56014; original CMC=4.6 X10-5 M; DOI 10.6028/NBS.NSRDS.36; https://github.com/PSDI-UK/psdi-datasets"
CC(=CCCC(=CCCC(C)(C(CCC(C(C)(CCC=C(C)CCC=C(C)C)O)OC(=O)C)OC1C(C(C(C(O1)CO)O)O)O)O)C)C,nonionic,10.0,0.0,9.5e-05,,,,,,"PSDI/NIST Critical Micelle Concentrations of Aqueous Surfactant Systems; Compound No. 337; name=NONYL BENZENE/OXYETHYLENE/10.5 ALCOHOL BRANCHED CHAIN, NATURAL 0E DISTRIBUTION; temperature=25; additives=5.0 E-1 C 0168; authors=HSIA DUNN; reference=56014; original CMC=9.5 X10-5 M; DOI 10.6028/NBS.NSRDS.36; https://github.com/PSDI-UK/psdi-datasets"
CC(=CCCC(=CCCC(C)(C(CCC(C(C)(CCC=C(C)CCC=C(C)C)O)OC(=O)C)OC1C(C(C(C(O1)CO)O)O)O)O)C)C,nonionic,10.0,0.0,0.00013,,,,,,"PSDI/NIST Critical Micelle Concentrations of Aqueous Surfactant Systems; Compound No. 337; name=NONYL BENZENE/OXYETHYLENE/10.5 ALCOHOL BRANCHED CHAIN, NATURAL 0E DISTRIBUTION; temperature=25; additives=5.0 E-1 C 0169; authors=HSIA DUNN; reference=56014; original CMC=1.30 X10-4 M; DOI 10.6028/NBS.NSRDS.36; https://github.com/PSDI-UK/psdi-datasets"
CCCCCCCCCCCCOCCOCCOCCOCCOCCO,nonionic,5.0,0.0,4e-05,,,,,,PSDI/NIST Critical Micelle Concentrations of Aqueous Surfactant Systems; Compound No. 377; name=DODECYL/OXYETHYLENE/ 5 ALCOHOL HOMOGENEOUS HEAD GROUP; temperature=20; additives=nan; authors=CARL CHAL; reference=64009; original CMC=4.0 X10-5 M; DOI 10.6028/NBS.NSRDS.36; https://github.com/PSDI-UK/psdi-datasets
CCCCCCCCCCCCOCCOCCOCCOCCOCCO,nonionic,5.0,0.0,3.5e-05,,,,,,PSDI/NIST Critical Micelle Concentrations of Aqueous Surfactant Systems; Compound No. 377; name=DODECYL/OXYETHYLENE/ 5 ALCOHOL HOMOGENEOUS HEAD GROUP; temperature=20; additives=nan; authors=CARL CHAL; reference=64009; original CMC=3.5 X10-5 M; DOI 10.6028/NBS.NSRDS.36; https://github.com/PSDI-UK/psdi-datasets
CCCCCCCCCCCCOCCOCCOCCOCCOCCO,nonionic,5.0,0.0,5e-05,,,,,,PSDI/NIST Critical Micelle Concentrations of Aqueous Surfactant Systems; Compound No. 377; name=DODECYL/OXYETHYLENE/ 5 ALCOHOL HOMOGENEOUS HEAD GROUP; temperature=20; additives=nan; authors=DONB JAN; reference=63021; original CMC=5.00 X10-5 M; DOI 10.6028/NBS.NSRDS.36; https://github.com/PSDI-UK/psdi-datasets
CCCCCCCCCCCCOCCOCCOCCOCCOCCO,nonionic,5.0,0.0,5.7e-05,,,,,,PSDI/NIST Critical Micelle Concentrations of Aqueous Surfactant Systems; Compound No. 377; name=DODECYL/OXYETHYLENE/ 5 ALCOHOL HOMOGENEOUS HEAD GROUP; temperature=23; additives=nan; authors=LANG; reference=60012; original CMC=5.7 X10-5 M; DOI 10.6028/NBS.NSRDS.36; https://github.com/PSDI-UK/psdi-datasets
CCCCCCCCCCOCCOCCOCCOCCOCCO,nonionic,5.0,0.0,0.00086,,,,,,PSDI/NIST Critical Micelle Concentrations of Aqueous Surfactant Systems; Compound No. 378; name=DECYL/OXYETHYLENE/5 ALCOHOL HOMOGENEOUS HEAD GROUP; temperature=20; additives=nan; authors=CARL CHAL; reference=64009; original CMC=8.6 X10-4 M; DOI 10.6028/NBS.NSRDS.36; https://github.com/PSDI-UK/psdi-datasets
CCCCCCCCCCOCCOCCOCCOCCOCCO,nonionic,5.0,0.0,0.001,,,,,,PSDI/NIST Critical Micelle Concentrations of Aqueous Surfactant Systems; Compound No. 378; name=DECYL/OXYETHYLENE/5 ALCOHOL HOMOGENEOUS HEAD GROUP; temperature=20; additives=nan; authors=CARL CHAL; reference=64009; original CMC=1.0 X10-3 M; DOI 10.6028/NBS.NSRDS.36; https://github.com/PSDI-UK/psdi-datasets
CCCCCCCCCCOCCOCCOCCOCCOCCO,nonionic,5.0,0.0,0.00078,,,,,,PSDI/NIST Critical Micelle Concentrations of Aqueous Surfactant Systems; Compound No. 378; name=DECYL/OXYETHYLENE/5 ALCOHOL HOMOGENEOUS HEAD GROUP; temperature=20; additives=nan; authors=DONB JAN; reference=63021; original CMC=7.8 X10-4 M; DOI 10.6028/NBS.NSRDS.36; https://github.com/PSDI-UK/psdi-datasets
CCCCCCCCCCOCCOCCOCCOCCO,nonionic,4.0,0.0,0.00042,,,,,,PSDI/NIST Critical Micelle Concentrations of Aqueous Surfactant Systems; Compound No. 379; name=DECYL/OXYETHYLENE/4 ALCOHOL HOMOGENEOUS HEAD GROUP; temperature=16; additives=nan; authors=CARL CHAL; reference=64009; original CMC=4.2 X10-4 M; DOI 10.6028/NBS.NSRDS.36; https://github.com/PSDI-UK/psdi-datasets
CCCCCCCCCCOCCOCCOCCOCCO,nonionic,4.0,0.0,0.00064,,,,,,PSDI/NIST Critical Micelle Concentrations of Aqueous Surfactant Systems; Compound No. 379; name=DECYL/OXYETHYLENE/4 ALCOHOL HOMOGENEOUS HEAD GROUP; temperature=20; additives=nan; authors=CARL CHAL; reference=64009; original CMC=6.4 X10-4 M; DOI 10.6028/NBS.NSRDS.36; https://github.com/PSDI-UK/psdi-datasets
CCCCCCOCCOCCOCCOCCO,nonionic,4.0,0.0,0.09,,,,,,PSDI/NIST Critical Micelle Concentrations of Aqueous Surfactant Systems; Compound No. 380; name=HEXYL/OXYETHYLENE/4 ALCOHOL HOMOGENEOUS HEAD GROUP; temperature=20; additives=nan; authors=CARL CHAL; reference=64009; original CMC=9. X10-2 M; DOI 10.6028/NBS.NSRDS.36; https://github.com/PSDI-UK/psdi-datasets
CCCCCCOCCOCCOCCOCCO,nonionic,4.0,0.0,0.09,,,,,,PSDI/NIST Critical Micelle Concentrations of Aqueous Surfactant Systems; Compound No. 380; name=HEXYL/OXYETHYLENE/4 ALCOHOL HOMOGENEOUS HEAD GROUP; temperature=20; additives=nan; authors=DONB JAN; reference=63021; original CMC=9.0 X10-2 M; DOI 10.6028/NBS.NSRDS.36; https://github.com/PSDI-UK/psdi-datasets
CCCCCCOCCOCCOCCOCCO,nonionic,4.0,0.0,0.075,,,,,,PSDI/NIST Critical Micelle Concentrations of Aqueous Surfactant Systems; Compound No. 380; name=HEXYL/OXYETHYLENE/4 ALCOHOL HOMOGENEOUS HEAD GROUP; temperature=20; additives=nan; authors=MULL METC; reference=62015; original CMC=7.5 X10-2 M; DOI 10.6028/NBS.NSRDS.36; https://github.com/PSDI-UK/psdi-datasets
CCCCCCOCCOCCOCCOCCOCCO,nonionic,5.0,0.0,0.0925,,,,,,PSDI/NIST Critical Micelle Concentrations of Aqueous Surfactant Systems; Compound No. 381; name=HEXYL/OXYETHYLENE/5 ALCOHOL HOMOGENEOUS HEAD GROUP; temperature=20; additives=nan; authors=DONB JAN; reference=63021; original CMC=9.25 X10-2 M; DOI 10.6028/NBS.NSRDS.36; https://github.com/PSDI-UK/psdi-datasets
CCCCCCOCCOCCOCCOCCOCCO,nonionic,5.0,0.0,0.075,,,,,,PSDI/NIST Critical Micelle Concentrations of Aqueous Surfactant Systems; Compound No. 381; name=HEXYL/OXYETHYLENE/5 ALCOHOL HOMOGENEOUS HEAD GROUP; temperature=20; additives=nan; authors=MULL METC; reference=62015; original CMC=7.5 X10-2 M; DOI 10.6028/NBS.NSRDS.36; https://github.com/PSDI-UK/psdi-datasets
CCOCCOCCOCCOCCOCCOCCOCC,nonionic,6.0,0.0,0.796,,,,,,PSDI/NIST Critical Micelle Concentrations of Aqueous Surfactant Systems; Compound No. 393; name=BUTYL/OXYETHYLENE/6 ALCOHOL HOMOGENEOUS HEAD GROUP; temperature=20; additives=nan; authors=ELWO FLOR; reference=64049; original CMC=7.96 X10-1 M; DOI 10.6028/NBS.NSRDS.36; https://github.com/PSDI-UK/psdi-datasets
CCOCCOCCOCCOCCOCCOCCOCC,nonionic,6.0,0.0,0.76,,,,,,PSDI/NIST Critical Micelle Concentrations of Aqueous Surfactant Systems; Compound No. 393; name=BUTYL/OXYETHYLENE/6 ALCOHOL HOMOGENEOUS HEAD GROUP; temperature=30; additives=nan; authors=ELWO FLOR; reference=64049; original CMC=7.60 X10-1 M; DOI 10.6028/NBS.NSRDS.36; https://github.com/PSDI-UK/psdi-datasets
CCOCCOCCOCCOCCOCCOCCOCC,nonionic,6.0,0.0,0.71,,,,,,PSDI/NIST Critical Micelle Concentrations of Aqueous Surfactant Systems; Compound No. 393; name=BUTYL/OXYETHYLENE/6 ALCOHOL HOMOGENEOUS HEAD GROUP; temperature=40; additives=nan; authors=ELWO FLOR; reference=64049; original CMC=7.10 X10-1 M; DOI 10.6028/NBS.NSRDS.36; https://github.com/PSDI-UK/psdi-datasets
CCOCCOCCOCCOCCOCCOCCOCC,nonionic,6.0,0.0,0.91,,,,,,PSDI/NIST Critical Micelle Concentrations of Aqueous Surfactant Systems; Compound No. 394; name=I-METHYL PROPYL/OXYETHYLENE/6 ALCOHOL HOMOGENEOUS HEAD GROUP; temperature=20; additives=nan; authors=ELWO FLOR; reference=64049; original CMC=9.1 X10-1 M; DOI 10.6028/NBS.NSRDS.36; https://github.com/PSDI-UK/psdi-datasets
CCOCCOCCOCCOCCOCCOCCOCC,nonionic,6.0,0.0,0.88,,,,,,PSDI/NIST Critical Micelle Concentrations of Aqueous Surfactant Systems; Compound No. 394; name=I-METHYL PROPYL/OXYETHYLENE/6 ALCOHOL HOMOGENEOUS HEAD GROUP; temperature=30; additives=nan; authors=ELWO FLOR; reference=64049; original CMC=8.8 X10-1 M; DOI 10.6028/NBS.NSRDS.36; https://github.com/PSDI-UK/psdi-datasets
CCOCCOCCOCCOCCOCCOCCOCC,nonionic,6.0,0.0,0.85,,,,,,PSDI/NIST Critical Micelle Concentrations of Aqueous Surfactant Systems; Compound No. 394; name=I-METHYL PROPYL/OXYETHYLENE/6 ALCOHOL HOMOGENEOUS HEAD GROUP; temperature=40; additives=nan; authors=ELWO FLOR; reference=64049; original CMC=8.5 X10-1 M; DOI 10.6028/NBS.NSRDS.36; https://github.com/PSDI-UK/psdi-datasets
CC(CO)OCC(C)OCC(C)OCC(C)OCC(C)OCC(C)O,nonionic,6.0,0.0,0.1,,,,,,PSDI/NIST Critical Micelle Concentrations of Aqueous Surfactant Systems; Compound No. 395; name=ETHYL BUTYL/OXYETHYLENE/6 ALCOHOL HOMOGENEOUS HEAD GROUP; temperature=20; additives=nan; authors=ELWO FLOR; reference=64049; original CMC=1.00 X10-1 M; DOI 10.6028/NBS.NSRDS.36; https://github.com/PSDI-UK/psdi-datasets
CC(CO)OCC(C)OCC(C)OCC(C)OCC(C)OCC(C)O,nonionic,6.0,0.0,0.093,,,,,,PSDI/NIST Critical Micelle Concentrations of Aqueous Surfactant Systems; Compound No. 395; name=ETHYL BUTYL/OXYETHYLENE/6 ALCOHOL HOMOGENEOUS HEAD GROUP; temperature=30; additives=nan; authors=ELWO FLOR; reference=64049; original CMC=9.3 X10-2 M; DOI 10.6028/NBS.NSRDS.36; https://github.com/PSDI-UK/psdi-datasets
CC(CO)OCC(C)OCC(C)OCC(C)OCC(C)OCC(C)O,nonionic,6.0,0.0,0.087,,,,,,PSDI/NIST Critical Micelle Concentrations of Aqueous Surfactant Systems; Compound No. 395; name=ETHYL BUTYL/OXYETHYLENE/6 ALCOHOL HOMOGENEOUS HEAD GROUP; temperature=40; additives=nan; authors=ELWO FLOR; reference=64049; original CMC=8.7 X10-2 M; DOI 10.6028/NBS.NSRDS.36; https://github.com/PSDI-UK/psdi-datasets
CCCCCCCCOCCOCCOCCOCCOCCOCCO,nonionic,6.0,0.0,0.023,,,,,,PSDI/NIST Critical Micelle Concentrations of Aqueous Surfactant Systems; Compound No. 396; name=PROPYL PENTYL/OXYETHYLENE/6 ALCOHOL HOMOGENEOUS HEAD GROUP; temperature=20; additives=nan; authors=ELWO FLOR; reference=64049; original CMC=2.30 X10-2 M; DOI 10.6028/NBS.NSRDS.36; https://github.com/PSDI-UK/psdi-datasets
CCCCCCCCOCCOCCOCCOCCOCCOCCO,nonionic,6.0,0.0,0.02,,,,,,PSDI/NIST Critical Micelle Concentrations of Aqueous Surfactant Systems; Compound No. 396; name=PROPYL PENTYL/OXYETHYLENE/6 ALCOHOL HOMOGENEOUS HEAD GROUP; temperature=30; additives=nan; authors=ELWO FLOR; reference=64049; original CMC=2.0 X10-2 M; DOI 10.6028/NBS.NSRDS.36; https://github.com/PSDI-UK/psdi-datasets
CCCCCCCCCCOCCOCCOCCOCCOCCOCCO,nonionic,6.0,0.0,0.00336,,,,,,PSDI/NIST Critical Micelle Concentrations of Aqueous Surfactant Systems; Compound No. 397; name=BUTYL HEXYL/OXYETHYLENE/6 ALCOHOL HOMOGENEOUS HEAD GROUP; temperature=15; additives=nan; authors=ELWO FLOR; reference=64049; original CMC=3.36 X10-3 M; DOI 10.6028/NBS.NSRDS.36; https://github.com/PSDI-UK/psdi-datasets
CCCCCCCCCCOCCOCCOCCOCCOCCOCCO,nonionic,6.0,0.0,0.0031,,,,,,PSDI/NIST Critical Micelle Concentrations of Aqueous Surfactant Systems; Compound No. 397; name=BUTYL HEXYL/OXYETHYLENE/6 ALCOHOL HOMOGENEOUS HEAD GROUP; temperature=20; additives=nan; authors=ELWO FLOR; reference=64049; original CMC=3.10 X10-3 M; DOI 10.6028/NBS.NSRDS.36; https://github.com/PSDI-UK/psdi-datasets
CCCCCCCCCCOCCOCCOCCOCCOCCOCCO,nonionic,6.0,0.0,0.00284,,,,,,PSDI/NIST Critical Micelle Concentrations of Aqueous Surfactant Systems; Compound No. 397; name=BUTYL HEXYL/OXYETHYLENE/6 ALCOHOL HOMOGENEOUS HEAD GROUP; temperature=25; additives=nan; authors=ELWO FLOR; reference=64049; original CMC=2.84 X10-3 M; DOI 10.6028/NBS.NSRDS.36; https://github.com/PSDI-UK/psdi-datasets
CCCCCCCCCCOCCOCCOCCOCCOCCOCCOCCOCCOCCO,nonionic,9.0,0.0,0.0032,,,,,,PSDI/NIST Critical Micelle Concentrations of Aqueous Surfactant Systems; Compound No. 398; name=BUTYL HEXYL/OXYETHYLENE/9 ALCOHOL HOMOGENEOUS HEAD GROUP; temperature=20; additives=nan; authors=ELWO FLOR; reference=64049; original CMC=3.20 X10-3 M; DOI 10.6028/NBS.NSRDS.36; https://github.com/PSDI-UK/psdi-datasets
CCCCCCCCCCOCCOCCOCCOCCOCCOCCOCCOCCOCCO,nonionic,9.0,0.0,0.00279,,,,,,PSDI/NIST Critical Micelle Concentrations of Aqueous Surfactant Systems; Compound No. 398; name=BUTYL HEXYL/OXYETHYLENE/9 ALCOHOL HOMOGENEOUS HEAD GROUP; temperature=30; additives=nan; authors=ELWO FLOR; reference=64049; original CMC=2.79 X10-3 M; DOI 10.6028/NBS.NSRDS.36; https://github.com/PSDI-UK/psdi-datasets
CCCCCCCCCCOCCOCCOCCOCCOCCOCCOCCOCCOCCO,nonionic,9.0,0.0,0.00243,,,,,,PSDI/NIST Critical Micelle Concentrations of Aqueous Surfactant Systems; Compound No. 398; name=BUTYL HEXYL/OXYETHYLENE/9 ALCOHOL HOMOGENEOUS HEAD GROUP; temperature=40; additives=nan; authors=ELWO FLOR; reference=64049; original CMC=2.43 X10-3 M; DOI 10.6028/NBS.NSRDS.36; https://github.com/PSDI-UK/psdi-datasets
CC(CCCC(C)(C)O)CCO,nonionic,1.0,0.0,0.0049,,,,,,PSDI/NIST Critical Micelle Concentrations of Aqueous Surfactant Systems; Compound No. 423; name=OCTYL/OXYETHYLENE/1 ALCOHOL--OCTYL GLYCOL ETHER HOMOGENEOUS HEAD GROUP; temperature=25; additives=nan; authors=SHIN YAMA; reference=59013; original CMC=4.9 X10-3 M; DOI 10.6028/NBS.NSRDS.36; https://github.com/PSDI-UK/psdi-datasets
CC(CC(C)(C)O)O,nonionic,1.0,0.0,0.98,,,,,,PSDI/NIST Critical Micelle Concentrations of Aqueous Surfactant Systems; Compound No. 461; name=BUTYL/OXYETHYLENE/1 ALCOHOL--BUTYL GLYCOL ETHER HOMOGENEOUS HEAD GROUP; temperature=25; additives=nan; authors=DONB JACO; reference=66019; original CMC=9.8 X10-1 M; DOI 10.6028/NBS.NSRDS.36; https://github.com/PSDI-UK/psdi-datasets
CC(CC(C)(C)O)O,nonionic,1.0,0.0,0.88,,,,,,PSDI/NIST Critical Micelle Concentrations of Aqueous Surfactant Systems; Compound No. 461; name=BUTYL/OXYETHYLENE/1 ALCOHOL--BUTYL GLYCOL ETHER HOMOGENEOUS HEAD GROUP; temperature=UNK; additives=nan; authors=DONB JACO; reference=66019; original CMC=8.8 X10-1 M; DOI 10.6028/NBS.NSRDS.36; https://github.com/PSDI-UK/psdi-datasets
CCCCCCCCCC1=CC=C(C=C1)OCCOCCOCCOCCOCCOCCOCCOCCOCCOCCOCCO,nonionic,11.0,0.0,2.47e-05,,,,,,PSDI/NIST Critical Micelle Concentrations of Aqueous Surfactant Systems; Compound No. 463; name=NONYL BENZENE/OXYETHYLENE/11 ALCOHOL NATURAL DISTRIBUTION OF HEAD GROUPS; temperature=28; additives=nan; authors=MANK; reference=66021; original CMC=2.47 X10-5 M; DOI 10.6028/NBS.NSRDS.36; https://github.com/PSDI-UK/psdi-datasets
CC(C)CCCCCCCCCCOCCOCCOCCOCCOCCOCCOCCOCCOCCO,nonionic,9.0,0.0,1.49e-05,,,,,,PSDI/NIST Critical Micelle Concentrations of Aqueous Surfactant Systems; Compound No. 465; name=TRIDECYL/OXYETHYLENE/9 ALCOHOL NATURAL DISTRIBUTION OF HEAD GROUPS; temperature=28; additives=nan; authors=MANK; reference=66021; original CMC=1.49 X10-5 M; DOI 10.6028/NBS.NSRDS.36; https://github.com/PSDI-UK/psdi-datasets
CC(C)CCCCCCCCCCOCCOCCOCCOCCOCCOCCOCCOCCOCCO,nonionic,9.0,0.0,5.15e-05,,,,,,PSDI/NIST Critical Micelle Concentrations of Aqueous Surfactant Systems; Compound No. 466; name=TRIDECYL/SECONDARY/ /OXYETHYLENE/9 ALCOHOL NATURAL DISTRIBUTION OF HEAD GROUPS; temperature=28; additives=nan; authors=MANK; reference=66021; original CMC=5.15 X10-5 M; DOI 10.6028/NBS.NSRDS.36; https://github.com/PSDI-UK/psdi-datasets
CC(C)CCCCCCCCCCOCCOCCOCCOCCOCCOCCOCCOCCOCCOCCOCCOCCO,nonionic,12.0,0.0,8.67e-05,,,,,,PSDI/NIST Critical Micelle Concentrations of Aqueous Surfactant Systems; Compound No. 467; name=TRIDECYL/SECONDARY//OXYETHYLENE/12 ALCOHOL NATURAL DISTRIBUTION OF HEAD GROUPS; temperature=28; additives=nan; authors=MANK; reference=66021; original CMC=8.67 X10-5 M; DOI 10.6028/NBS.NSRDS.36; https://github.com/PSDI-UK/psdi-datasets
CCCCCCCCCCCCOCCOCCOCCOCCOCCOCCOCCO,nonionic,7.0,0.0,7.1e-05,,,,,,PSDI/NIST Critical Micelle Concentrations of Aqueous Surfactant Systems; Compound No. 488; name=DODECYL/OXYETHYLENE/7 ALCOHOL HOMOGENEOUS HEAD GROUP; temperature=23; additives=nan; authors=LANG; reference=60012; original CMC=7.1 X10-5 M; DOI 10.6028/NBS.NSRDS.36; https://github.com/PSDI-UK/psdi-datasets
CCCCCCCCCCCCOCCOCCOCCOCCOCCOCCOCCO,nonionic,7.0,0.0,8e-05,,,,,,PSDI/NIST Critical Micelle Concentrations of Aqueous Surfactant Systems; Compound No. 488; name=DODECYL/OXYETHYLENE/7 ALCOHOL HOMOGENEOUS HEAD GROUP; temperature=23; additives=nan; authors=LANG; reference=60012; original CMC=8.0 X10-5 M; DOI 10.6028/NBS.NSRDS.36; https://github.com/PSDI-UK/psdi-datasets
CCCCCCCCCCCCOCCOCCOCCOCCOCCOCCOCCOCCOCCO,nonionic,9.0,0.0,8.3e-05,,,,,,PSDI/NIST Critical Micelle Concentrations of Aqueous Surfactant Systems; Compound No. 489; name=DODECYL/OXYETHYLENE/9 ALCOHOL HOMOGENEOUS HEAD GROUP; temperature=23; additives=nan; authors=LANG; reference=60012; original CMC=8.3 X10-5 M; DOI 10.6028/NBS.NSRDS.36; https://github.com/PSDI-UK/psdi-datasets
CCCCCCCCCCCCOCCOCCOCCOCCOCCOCCOCCOCCOCCO,nonionic,9.0,0.0,0.0001,,,,,,PSDI/NIST Critical Micelle Concentrations of Aqueous Surfactant Systems; Compound No. 489; name=DODECYL/OXYETHYLENE/9 ALCOHOL HOMOGENEOUS HEAD GROUP; temperature=23; additives=nan; authors=LANG; reference=60012; original CMC=1.0 X10-4 M; DOI 10.6028/NBS.NSRDS.36; https://github.com/PSDI-UK/psdi-datasets
CCCCCCCCCCCCOCCOCCOCCOCCOCCOCCOCCOCCOCCOCCOCCOCCO,nonionic,12.0,0.0,0.00014,,,,,,PSDI/NIST Critical Micelle Concentrations of Aqueous Surfactant Systems; Compound No. 490; name=DODECYL/OXYETHYLENE/12 ALCOHOL HOMOGENEOUS HEAD GROUP; temperature=23; additives=nan; authors=LANG; reference=60012; original CMC=1.4 X10-4 M; DOI 10.6028/NBS.NSRDS.36; https://github.com/PSDI-UK/psdi-datasets
CCCCCCCCCCCCOCCOCCOCCOCCOCCOCCOCCOCCOCCOCCOCCOCCO,nonionic,12.0,0.0,0.000108,,,,,,PSDI/NIST Critical Micelle Concentrations of Aqueous Surfactant Systems; Compound No. 490; name=DODECYL/OXYETHYLENE/12 ALCOHOL HOMOGENEOUS HEAD GROUP; temperature=23; additives=nan; authors=LANG; reference=60012; original CMC=1.08 X10-4 M; DOI 10.6028/NBS.NSRDS.36; https://github.com/PSDI-UK/psdi-datasets
CCCCCCCCCCCCOCCOS(=O)(=O)[O-].[Na+],anionic,1.0,0.0,0.00478,,,,,,PSDI/NIST Critical Micelle Concentrations of Aqueous Surfactant Systems; Compound No. 541; name=SODIUM DODECYL MONO-OXYETHYLENE SULFATE; temperature=50; additives=nan; authors=GOTT; reference=60018; original CMC=4.78 X10-3 M; DOI 10.6028/NBS.NSRDS.36; https://github.com/PSDI-UK/psdi-datasets
CCCCCCCCCCCCOCCOCCOS(=O)(=O)[O-].[Na+],anionic,2.0,0.0,0.003,,,,,,PSDI/NIST Critical Micelle Concentrations of Aqueous Surfactant Systems; Compound No. 542; name=SODIUM DODECYL DIOXYETHYLENE SULFATE; temperature=50; additives=nan; authors=GOTT; reference=60018; original CMC=3.00 X10-3 M; DOI 10.6028/NBS.NSRDS.36; https://github.com/PSDI-UK/psdi-datasets
CCCCCCCCCCCCCCOCCOS(=O)(=O)[O-].[Na+],anionic,1.0,0.0,0.00139,,,,,,PSDI/NIST Critical Micelle Concentrations of Aqueous Surfactant Systems; Compound No. 544; name=SODIUM TETRADECYL MONO-OXYETHYLENE SULFATE; temperature=50; additives=nan; authors=GOTT; reference=60018; original CMC=1.39 X10-3 M; DOI 10.6028/NBS.NSRDS.36; https://github.com/PSDI-UK/psdi-datasets
CCCCCCCCCCCCCCCCCCOC(=O)CS(=O)(=O)[O-].[Na+],anionic,1.0,0.0,0.002,,,,,,PSDI/NIST Critical Micelle Concentrations of Aqueous Surfactant Systems; Compound No. 547; name=SODIUM OLEYL MONO-OXYETHYLENE SULFATE; temperature=50; additives=nan; authors=GOTT; reference=60018; original CMC=2.00 X10-3 M; DOI 10.6028/NBS.NSRDS.36; https://github.com/PSDI-UK/psdi-datasets
CCCCCCCCCC(=O)OCC(CO)(COCC(CO)(CO)COCC(CO)(CO)COC(=O)CCCCCCC)COC(=O)CCCCCC,nonionic,12.0,0.0,0.00035,,,,,,PSDI/NIST Critical Micelle Concentrations of Aqueous Surfactant Systems; Compound No. 579; name=METHYL /OXYETHYLENE/ 12.5 DODECANOATE REDUCED POLYDISPERSITY OF HEAD GROUPS; temperature=27; additives=nan; authors=NAKA KURI; reference=57020; original CMC=3.5 X10-4 M; DOI 10.6028/NBS.NSRDS.36; https://github.com/PSDI-UK/psdi-datasets
CCCCCCCCCC(=O)OCC(CO)(COCC(CO)(CO)COCC(CO)(CO)COC(=O)CCCCCCC)COC(=O)CCCCCC,nonionic,12.0,0.0,0.00034,,,,,,PSDI/NIST Critical Micelle Concentrations of Aqueous Surfactant Systems; Compound No. 579; name=METHYL /OXYETHYLENE/ 12.5 DODECANOATE REDUCED POLYDISPERSITY OF HEAD GROUPS; temperature=27; additives=nan; authors=NAKA KURI; reference=57020; original CMC=3.4 X10-4 M; DOI 10.6028/NBS.NSRDS.36; https://github.com/PSDI-UK/psdi-datasets
CCCCCCCCCC(=O)OCC(CO)(COCC(CO)(CO)COCC(CO)(CO)COC(=O)CCCCCCC)COC(=O)CCCCCC,nonionic,12.0,0.0,0.00034,,,,,,PSDI/NIST Critical Micelle Concentrations of Aqueous Surfactant Systems; Compound No. 579; name=METHYL /OXYETHYLENE/ 12.5 DODECANOATE REDUCED POLYDISPERSITY OF HEAD GROUPS; temperature=27; additives=nan; authors=NAKA; reference=58017; original CMC=3.4 X10-4 M; DOI 10.6028/NBS.NSRDS.36; https://github.com/PSDI-UK/psdi-datasets
CCCCCCCCCCCCCCCCCCCCC(C(C(C(C(=O)O)(O)O)(O)O)(O)O)O,nonionic,7.0,0.0,0.001,,,,,,PSDI/NIST Critical Micelle Concentrations of Aqueous Surfactant Systems; Compound No. 580; name=METHYL /OXYETHYLENE/ 7.0 DECANOATE REDUCED POLYDISPERSITY OF HEAD GROUPS; temperature=27; additives=nan; authors=NAKA KURI; reference=57020; original CMC=1.0 X10-3 M; DOI 10.6028/NBS.NSRDS.36; https://github.com/PSDI-UK/psdi-datasets
CCCCCCCCCCCCCCCCCCCCC(C(C(C(C(=O)O)(O)O)(O)O)(O)O)O,nonionic,7.0,0.0,0.0008,,,,,,PSDI/NIST Critical Micelle Concentrations of Aqueous Surfactant Systems; Compound No. 580; name=METHYL /OXYETHYLENE/ 7.0 DECANOATE REDUCED POLYDISPERSITY OF HEAD GROUPS; temperature=27; additives=nan; authors=NAKA KURI; reference=57020; original CMC=8.0 X10-4 M; DOI 10.6028/NBS.NSRDS.36; https://github.com/PSDI-UK/psdi-datasets
CCCCCCCCCCCCCCCCCCCCC(C(C(C(C(=O)O)(O)O)(O)O)(O)O)O,nonionic,7.0,0.0,0.00095,,,,,,PSDI/NIST Critical Micelle Concentrations of Aqueous Surfactant Systems; Compound No. 580; name=METHYL /OXYETHYLENE/ 7.0 DECANOATE REDUCED POLYDISPERSITY OF HEAD GROUPS; temperature=27; additives=nan; authors=NAKA KURI; reference=57020; original CMC=9.5 X10-4 M; DOI 10.6028/NBS.NSRDS.36; https://github.com/PSDI-UK/psdi-datasets
CCCCCCCCCCCCCOCCOCCOCCOCCOCCOCC(=O)O,nonionic,6.0,0.0,0.00016,,,,,,PSDI/NIST Critical Micelle Concentrations of Aqueous Surfactant Systems; Compound No. 583; name=METHYL /OXYETHYLENE/ 6.0 DODECANOATE REDUCED POLYDISPERSITY OF HEAD GROUPS; temperature=27; additives=nan; authors=NAKA KURI; reference=57020; original CMC=1.6 X10-4 M; DOI 10.6028/NBS.NSRDS.36; https://github.com/PSDI-UK/psdi-datasets
CCCCCCCCCCCCCOCCOCCOCCOCCOCCOCC(=O)O,nonionic,6.0,0.0,0.00015,,,,,,PSDI/NIST Critical Micelle Concentrations of Aqueous Surfactant Systems; Compound No. 583; name=METHYL /OXYETHYLENE/ 6.0 DODECANOATE REDUCED POLYDISPERSITY OF HEAD GROUPS; temperature=27; additives=nan; authors=NAKA KURI; reference=57020; original CMC=1.5 X10-4 M; DOI 10.6028/NBS.NSRDS.36; https://github.com/PSDI-UK/psdi-datasets
CCCCCCCCCCCCCOCCOCCOCCOCCOCCOCC(=O)O,nonionic,6.0,0.0,0.0002,,,,,,PSDI/NIST Critical Micelle Concentrations of Aqueous Surfactant Systems; Compound No. 583; name=METHYL /OXYETHYLENE/ 6.0 DODECANOATE REDUCED POLYDISPERSITY OF HEAD GROUPS; temperature=27; additives=nan; authors=NAKA KURI; reference=57020; original CMC=2.0 X10-4 M; DOI 10.6028/NBS.NSRDS.36; https://github.com/PSDI-UK/psdi-datasets
CCCCCCCC(=O)OCC(COC(=O)CCCCCCC)OC(=O)CCCCCCC,nonionic,6.0,0.0,0.0018,,,,,,"PSDI/NIST Critical Micelle Concentrations of Aqueous Surfactant Systems; Compound No. 674; name=DIISOBUTYL BENZENE/OXYETHYLENE/6 ALCOHOL (DB) BRANCHED CHAIN, NATURAL 0E DISTRIBUTION; temperature=20; additives=nan; authors=TAUB KONS; reference=60033; original CMC=1.8 X10-3 M; DOI 10.6028/NBS.NSRDS.36; https://github.com/PSDI-UK/psdi-datasets"
CCCCCCCC(=O)OCC(COC(=O)CCCCCCC)OC(=O)CCCCCCC,nonionic,6.0,0.0,0.0014,,,,,,"PSDI/NIST Critical Micelle Concentrations of Aqueous Surfactant Systems; Compound No. 674; name=DIISOBUTYL BENZENE/OXYETHYLENE/6 ALCOHOL (DB) BRANCHED CHAIN, NATURAL 0E DISTRIBUTION; temperature=20; additives=nan; authors=TAUB KONS; reference=60033; original CMC=1.4 X10-3 M; DOI 10.6028/NBS.NSRDS.36; https://github.com/PSDI-UK/psdi-datasets"
CC(CC(CCCCCCCCCCCCCCCCCCCCCCCC(=O)CCOC1C(C(C(C(O1)CO)O)O)O)O)O,nonionic,10.0,0.0,0.00049,,,,,,PSDI/NIST Critical Micelle Concentrations of Aqueous Surfactant Systems; Compound No. 675; name=OCTYL BENZENE /OXYETHYLENE/10 ALCOHOL NATURAL DISTRIBUTION OF HEAD GROUPS; temperature=20; additives=nan; authors=TAUB KONS; reference=60033; original CMC=4.9 X10-4 M; DOI 10.6028/NBS.NSRDS.36; https://github.com/PSDI-UK/psdi-datasets
CC(CC(CCCCCCCCCCCCCCCCCCCCCCCC(=O)CCOC1C(C(C(C(O1)CO)O)O)O)O)O,nonionic,10.0,0.0,0.00038,,,,,,PSDI/NIST Critical Micelle Concentrations of Aqueous Surfactant Systems; Compound No. 675; name=OCTYL BENZENE /OXYETHYLENE/10 ALCOHOL NATURAL DISTRIBUTION OF HEAD GROUPS; temperature=20; additives=nan; authors=TAUB KONS; reference=60033; original CMC=3.8 X10-4 M; DOI 10.6028/NBS.NSRDS.36; https://github.com/PSDI-UK/psdi-datasets
CCCCCCCCCCCCOCCOCCOCCOCCO,nonionic,4.0,0.0,7.8e-05,,,,,,PSDI/NIST Critical Micelle Concentrations of Aqueous Surfactant Systems; Compound No. 325; name=DODECYL/OXYETHYLENE/4 ALCOHOL REDUCED POLYDISPERSITY OF HEAD GROUPS; temperature=05.0; additives=nan; authors=SCHI MANN; reference=66001; original CMC=7.8 X10-5 M; DOI 10.6028/NBS.NSRDS.36; https://github.com/PSDI-UK/psdi-datasets
CCCCCCCCCCCCOCCOCCOCCOCCO,nonionic,4.0,0.0,4e-05,,,,,,PSDI/NIST Critical Micelle Concentrations of Aqueous Surfactant Systems; Compound No. 325; name=DODECYL/OXYETHYLENE/4 ALCOHOL REDUCED POLYDISPERSITY OF HEAD GROUPS; temperature=25; additives=nan; authors=SCHI; reference=66025; original CMC=4.0 X10-5 M; DOI 10.6028/NBS.NSRDS.36; https://github.com/PSDI-UK/psdi-datasets
CCCCCCCCCCCCOCCOCCOCCOCCO,nonionic,4.0,0.0,4e-05,,,,,,PSDI/NIST Critical Micelle Concentrations of Aqueous Surfactant Systems; Compound No. 325; name=DODECYL/OXYETHYLENE/4 ALCOHOL REDUCED POLYDISPERSITY OF HEAD GROUPS; temperature=25; additives=nan; authors=SCHI; reference=62019; original CMC=4.0 X10-5 M; DOI 10.6028/NBS.NSRDS.36; https://github.com/PSDI-UK/psdi-datasets
CCCCCCCCCCCCOCCOCCOCCOCCO,nonionic,4.0,0.0,4e-05,,,,,,PSDI/NIST Critical Micelle Concentrations of Aqueous Surfactant Systems; Compound No. 325; name=DODECYL/OXYETHYLENE/4 ALCOHOL REDUCED POLYDISPERSITY OF HEAD GROUPS; temperature=25; additives=nan; authors=SCHI MANN; reference=66001; original CMC=4.0 X10-5 M; DOI 10.6028/NBS.NSRDS.36; https://github.com/PSDI-UK/psdi-datasets
CCCCCCCCCCCCOCCOCCOCCOCCO,nonionic,4.0,0.0,2.2e-05,,,,,,PSDI/NIST Critical Micelle Concentrations of Aqueous Surfactant Systems; Compound No. 325; name=DODECYL/OXYETHYLENE/4 ALCOHOL REDUCED POLYDISPERSITY OF HEAD GROUPS; temperature=45; additives=nan; authors=SCHI MANN; reference=66001; original CMC=2.2 X10-5 M; DOI 10.6028/NBS.NSRDS.36; https://github.com/PSDI-UK/psdi-datasets
CCCCCCCCCCCCOCCOCCOCCOCCO,nonionic,4.0,0.0,1.7e-05,,,,,,PSDI/NIST Critical Micelle Concentrations of Aqueous Surfactant Systems; Compound No. 325; name=DODECYL/OXYETHYLENE/4 ALCOHOL REDUCED POLYDISPERSITY OF HEAD GROUPS; temperature=55; additives=nan; authors=SCHI; reference=62019; original CMC=1.7 X10-5 M; DOI 10.6028/NBS.NSRDS.36; https://github.com/PSDI-UK/psdi-datasets
CCCCCCCCCCCCOCCOCCOCCOCCO,nonionic,4.0,0.0,0.00011,,,,,,PSDI/NIST Critical Micelle Concentrations of Aqueous Surfactant Systems; Compound No. 325; name=DODECYL/OXYETHYLENE/4 ALCOHOL REDUCED POLYDISPERSITY OF HEAD GROUPS; temperature=05.0; additives=2.5 E1I 0001; authors=SCHI MANN; reference=66001; original CMC=1.1 X10-4 M; DOI 10.6028/NBS.NSRDS.36; https://github.com/PSDI-UK/psdi-datasets
CCCCCCCCCCCCOCCOCCOCCOCCO,nonionic,4.0,0.0,0.00018,,,,,,PSDI/NIST Critical Micelle Concentrations of Aqueous Surfactant Systems; Compound No. 325; name=DODECYL/OXYETHYLENE/4 ALCOHOL REDUCED POLYDISPERSITY OF HEAD GROUPS; temperature=05.0; additives=5.0 E1I 0001; authors=SCHI MANN; reference=66001; original CMC=1.8 X10-4 M; DOI 10.6028/NBS.NSRDS.36; https://github.com/PSDI-UK/psdi-datasets
CCCCCCCCCCCCOCCOCCOCCOCCO,nonionic,4.0,0.0,0.00035,,,,,,PSDI/NIST Critical Micelle Concentrations of Aqueous Surfactant Systems; Compound No. 325; name=DODECYL/OXYETHYLENE/4 ALCOHOL REDUCED POLYDISPERSITY OF HEAD GROUPS; temperature=05.0; additives=7.5 E1I 0001; authors=SCHI MANN; reference=66001; original CMC=3.5 X10-4 M; DOI 10.6028/NBS.NSRDS.36; https://github.com/PSDI-UK/psdi-datasets
CCCCCCCCCCCCOCCOCCOCCOCCO,nonionic,4.0,0.0,0.00055,,,,,,PSDI/NIST Critical Micelle Concentrations of Aqueous Surfactant Systems; Compound No. 325; name=DODECYL/OXYETHYLENE/4 ALCOHOL REDUCED POLYDISPERSITY OF HEAD GROUPS; temperature=05.0; additives=9.0 E1I 0001; authors=SCHI MANN; reference=66001; original CMC=5.5 X10-4 M; DOI 10.6028/NBS.NSRDS.36; https://github.com/PSDI-UK/psdi-datasets
CCCCCCCCCCCCOCCOCCOCCOCCO,nonionic,4.0,0.0,8.5e-05,,,,,,PSDI/NIST Critical Micelle Concentrations of Aqueous Surfactant Systems; Compound No. 325; name=DODECYL/OXYETHYLENE/4 ALCOHOL REDUCED POLYDISPERSITY OF HEAD GROUPS; temperature=25; additives=2.5 E1I 0001; authors=SCHI MANN; reference=66001; original CMC=8.5 X10-5 M; DOI 10.6028/NBS.NSRDS.36; https://github.com/PSDI-UK/psdi-datasets
CCCCCCCCCCCCOCCOCCOCCOCCO,nonionic,4.0,0.0,0.00014,,,,,,PSDI/NIST Critical Micelle Concentrations of Aqueous Surfactant Systems; Compound No. 325; name=DODECYL/OXYETHYLENE/4 ALCOHOL REDUCED POLYDISPERSITY OF HEAD GROUPS; temperature=25; additives=5.0 E1I 0001; authors=SCHI MANN; reference=66001; original CMC=1.4 X10-4 M; DOI 10.6028/NBS.NSRDS.36; https://github.com/PSDI-UK/psdi-datasets
CCCCCCCCCCCCOCCOCCOCCOCCO,nonionic,4.0,0.0,0.00028,,,,,,PSDI/NIST Critical Micelle Concentrations of Aqueous Surfactant Systems; Compound No. 325; name=DODECYL/OXYETHYLENE/4 ALCOHOL REDUCED POLYDISPERSITY OF HEAD GROUPS; temperature=25; additives=7.5 E1I 0001; authors=SCHI MANN; reference=66001; original CMC=2.8 X10-4 M; DOI 10.6028/NBS.NSRDS.36; https://github.com/PSDI-UK/psdi-datasets
CCCCCCCCCCCCOCCOCCOCCOCCO,nonionic,4.0,0.0,0.0005,,,,,,PSDI/NIST Critical Micelle Concentrations of Aqueous Surfactant Systems; Compound No. 325; name=DODECYL/OXYETHYLENE/4 ALCOHOL REDUCED POLYDISPERSITY OF HEAD GROUPS; temperature=25; additives=9.0 E1I 0001; authors=SCHI MANN; reference=66001; original CMC=5.0 X10-4 M; DOI 10.6028/NBS.NSRDS.36; https://github.com/PSDI-UK/psdi-datasets
CCCCCCCCCCCCOCCOCCOCCOCCO,nonionic,4.0,0.0,5e-05,,,,,,PSDI/NIST Critical Micelle Concentrations of Aqueous Surfactant Systems; Compound No. 325; name=DODECYL/OXYETHYLENE/4 ALCOHOL REDUCED POLYDISPERSITY OF HEAD GROUPS; temperature=45; additives=2.5 E1I 0001; authors=SCHI MANN; reference=66001; original CMC=5.0 X10-5 M; DOI 10.6028/NBS.NSRDS.36; https://github.com/PSDI-UK/psdi-datasets
CCCCCCCCCCCCOCCOCCOCCOCCO,nonionic,4.0,0.0,9e-05,,,,,,PSDI/NIST Critical Micelle Concentrations of Aqueous Surfactant Systems; Compound No. 325; name=DODECYL/OXYETHYLENE/4 ALCOHOL REDUCED POLYDISPERSITY OF HEAD GROUPS; temperature=45; additives=5.0 1 0001; authors=SCHI MANN; reference=66001; original CMC=9.0 X10-5 M; DOI 10.6028/NBS.NSRDS.36; https://github.com/PSDI-UK/psdi-datasets
CC(CCC(=O)[O-])C1CCC2C1(C(CC3C2CCC4C3(CCC(C4)O)C)O)C.[Na+].CC(C)(C)CC(C)(C)C1=CC=C(C=C1)OCCOCCOCCOCCOCCOCCOCCOCCO,anionic-nonionic mixture,8.0,0.0,0.00018899999992460622,,,,,,P2SURF mixture; updated_CMC-Data-for-mixed-micelle.csv; experimental CMC dataset; mol_fraction_A=0.0; mol_fraction_B=1.0; logCMC(uM)=2.2764618 converted to mol/L; https://github.com/sandialabs/P2SURF
CC(CCC(=O)[O-])C1CCC2C1(C(CC3C2CCC4C3(CCC(C4)O)C)O)C.[Na+].CC(C)(C)CC(C)(C)C1=CC=C(C=C1)OCCOCCOCCOCCOCCOCCOCCOCCO,anionic-nonionic mixture,6.64,0.0,0.00019599999983912006,,,,,,P2SURF mixture; updated_CMC-Data-for-mixed-micelle.csv; experimental CMC dataset; mol_fraction_A=0.17; mol_fraction_B=0.83; logCMC(uM)=2.29225607 converted to mol/L; https://github.com/sandialabs/P2SURF
CC(CCC(=O)[O-])C1CCC2C1(C(CC3C2CCC4C3(CCC(C4)O)C)O)C.[Na+].CC(C)(C)CC(C)(C)C1=CC=C(C=C1)OCCOCCOCCOCCOCCOCCOCCOCCO,anionic-nonionic mixture,5.36,0.0,0.00022399999982764573,,,,,,P2SURF mixture; updated_CMC-Data-for-mixed-micelle.csv; experimental CMC dataset; mol_fraction_A=0.33; mol_fraction_B=0.67; logCMC(uM)=2.35024802 converted to mol/L; https://github.com/sandialabs/P2SURF
CC(CCC(=O)[O-])C1CCC2C1(C(CC3C2CCC4C3(CCC(C4)O)C)O)C.[Na+].CC(C)(C)CC(C)(C)C1=CC=C(C=C1)OCCOCCOCCOCCOCCOCCOCCOCCO,anionic-nonionic mixture,4.0,0.0,0.0002750000001074795,,,,,,P2SURF mixture; updated_CMC-Data-for-mixed-micelle.csv; experimental CMC dataset; mol_fraction_A=0.5; mol_fraction_B=0.5; logCMC(uM)=2.43933269 converted to mol/L; https://github.com/sandialabs/P2SURF
CC(CCC(=O)[O-])C1CCC2C1(C(CC3C2CCC4C3(CCC(C4)O)C)O)C.[Na+].CC(C)(C)CC(C)(C)C1=CC=C(C=C1)OCCOCCOCCOCCOCCOCCOCCOCCO,anionic-nonionic mixture,2.64,0.0,0.00039600000006791977,,,,,,P2SURF mixture; updated_CMC-Data-for-mixed-micelle.csv; experimental CMC dataset; mol_fraction_A=0.67; mol_fraction_B=0.33; logCMC(uM)=2.59769519 converted to mol/L; https://github.com/sandialabs/P2SURF
CC(CCC(=O)[O-])C1CCC2C1(C(CC3C2CCC4C3(CCC(C4)O)C)O)C.[Na+].CC(C)(C)CC(C)(C)C1=CC=C(C=C1)OCCOCCOCCOCCOCCOCCOCCOCCO,anionic-nonionic mixture,1.36,0.0,0.000624999999504836,,,,,,P2SURF mixture; updated_CMC-Data-for-mixed-micelle.csv; experimental CMC dataset; mol_fraction_A=0.83; mol_fraction_B=0.17; logCMC(uM)=2.79588002 converted to mol/L; https://github.com/sandialabs/P2SURF
CC(CCC(=O)[O-])C1CCC2C1(C(CC3C2CCC4C3(CCC(C4)O)C)O)C.[Na+].CCCCCCCC\C=C/CCCCCCCCOCCOCCOCCOCCOCCOCCOCCOCCOCCOCCO,anionic-nonionic mixture,10.0,0.0,1.0799999987890581e-05,,,,,,P2SURF mixture; updated_CMC-Data-for-mixed-micelle.csv; experimental CMC dataset; mol_fraction_A=0.0; mol_fraction_B=1.0; logCMC(uM)=1.03342376 converted to mol/L; https://github.com/sandialabs/P2SURF
CC(CCC(=O)[O-])C1CCC2C1(C(CC3C2CCC4C3(CCC(C4)O)C)O)C.[Na+].CCCCCCCC\C=C/CCCCCCCCOCCOCCOCCOCCOCCOCCOCCOCCOCCOCCO,anionic-nonionic mixture,8.3,0.0,1.0999999995992406e-05,,,,,,P2SURF mixture; updated_CMC-Data-for-mixed-micelle.csv; experimental CMC dataset; mol_fraction_A=0.17; mol_fraction_B=0.83; logCMC(uM)=1.04139268 converted to mol/L; https://github.com/sandialabs/P2SURF
CC(CCC(=O)[O-])C1CCC2C1(C(CC3C2CCC4C3(CCC(C4)O)C)O)C.[Na+].CCCCCCCC\C=C/CCCCCCCCOCCOCCOCCOCCOCCOCCOCCOCCOCCOCCO,anionic-nonionic mixture,6.7,0.0,1.2700000001287953e-05,,,,,,P2SURF mixture; updated_CMC-Data-for-mixed-micelle.csv; experimental CMC dataset; mol_fraction_A=0.33; mol_fraction_B=0.67; logCMC(uM)=1.10380372 converted to mol/L; https://github.com/sandialabs/P2SURF
CC(CCC(=O)[O-])C1CCC2C1(C(CC3C2CCC4C3(CCC(C4)O)C)O)C.[Na+].CCCCCCCC\C=C/CCCCCCCCOCCOCCOCCOCCOCCOCCOCCOCCOCCOCCO,anionic-nonionic mixture,5.0,0.0,1.60000000126762e-05,,,,,,P2SURF mixture; updated_CMC-Data-for-mixed-micelle.csv; experimental CMC dataset; mol_fraction_A=0.5; mol_fraction_B=0.5; logCMC(uM)=1.20411998 converted to mol/L; https://github.com/sandialabs/P2SURF
CC(CCC(=O)[O-])C1CCC2C1(C(CC3C2CCC4C3(CCC(C4)O)C)O)C.[Na+].CCCCCCCC\C=C/CCCCCCCCOCCOCCOCCOCCOCCOCCOCCOCCOCCOCCO,anionic-nonionic mixture,4.2,0.0,2.2000000009006497e-05,,,,,,P2SURF mixture; updated_CMC-Data-for-mixed-micelle.csv; experimental CMC dataset; mol_fraction_A=0.58; mol_fraction_B=0.42; logCMC(uM)=1.34242268 converted to mol/L; https://github.com/sandialabs/P2SURF
CC(CCC(=O)[O-])C1CCC2C1(C(CC3C2CCC4C3(CCC(C4)O)C)O)C.[Na+].CCCCCCCC\C=C/CCCCCCCCOCCOCCOCCOCCOCCOCCOCCOCCOCCOCCO,anionic-nonionic mixture,3.3,0.0,3.839999996750316e-05,,,,,,P2SURF mixture; updated_CMC-Data-for-mixed-micelle.csv; experimental CMC dataset; mol_fraction_A=0.67; mol_fraction_B=0.33; logCMC(uM)=1.58433122 converted to mol/L; https://github.com/sandialabs/P2SURF
CC(CCC(=O)[O-])C1CCC2C1(C(CC3C2CCC4C3(CCC(C4)O)C)O)C.[Na+].CCCCCCCC\C=C/CCCCCCCCOCCOCCOCCOCCOCCOCCOCCOCCOCCOCCO,anionic-nonionic mixture,1.7,0.0,9.68999999886732e-05,,,,,,P2SURF mixture; updated_CMC-Data-for-mixed-micelle.csv; experimental CMC dataset; mol_fraction_A=0.83; mol_fraction_B=0.17; logCMC(uM)=1.98632378 converted to mol/L; https://github.com/sandialabs/P2SURF
C(CCO)[N+](CCO)(C)CC(O)CC(F)(F)C(F)(F)C(F)(F)C(F)(F)C(F)(F)C(F)(F)C(F)(F)C(F)(F)F.[Cl-].CCCCCCCCCCOCCOCCOCCOCCOCCOCCOCCOCCO,cationic-nonionic mixture,8.0,0.0,0.000866569245735446,,,,,,P2SURF mixture; updated_CMC-Data-for-mixed-micelle.csv; experimental CMC dataset; mol_fraction_A=0.0; mol_fraction_B=1.0; logCMC(uM)=2.93780327 converted to mol/L; https://github.com/sandialabs/P2SURF
C(CCO)[N+](CCO)(C)CC(O)CC(F)(F)C(F)(F)C(F)(F)C(F)(F)C(F)(F)C(F)(F)C(F)(F)C(F)(F)F.[Cl-].CCCCCCCCCCOCCOCCOCCOCCOCCOCCOCCOCCO,cationic-nonionic mixture,6.4,0.0,0.0008891863168838383,,,,,,P2SURF mixture; updated_CMC-Data-for-mixed-micelle.csv; experimental CMC dataset; mol_fraction_A=0.2; mol_fraction_B=0.8; logCMC(uM)=2.94899277 converted to mol/L; https://github.com/sandialabs/P2SURF
C(CCO)[N+](CCO)(C)CC(O)CC(F)(F)C(F)(F)C(F)(F)C(F)(F)C(F)(F)C(F)(F)C(F)(F)C(F)(F)F.[Cl-].CCCCCCCCCCOCCOCCOCCOCCOCCOCCOCCOCCO,cationic-nonionic mixture,5.6,0.0,0.0009187844577158775,,,,,,P2SURF mixture; updated_CMC-Data-for-mixed-micelle.csv; experimental CMC dataset; mol_fraction_A=0.3; mol_fraction_B=0.7; logCMC(uM)=2.96321364 converted to mol/L; https://github.com/sandialabs/P2SURF
C(CCO)[N+](CCO)(C)CC(O)CC(F)(F)C(F)(F)C(F)(F)C(F)(F)C(F)(F)C(F)(F)C(F)(F)C(F)(F)F.[Cl-].CCCCCCCCCCOCCOCCOCCOCCOCCOCCOCCOCCO,cationic-nonionic mixture,4.0,0.0,0.0011810162737714328,,,,,,P2SURF mixture; updated_CMC-Data-for-mixed-micelle.csv; experimental CMC dataset; mol_fraction_A=0.5; mol_fraction_B=0.5; logCMC(uM)=3.07225588 converted to mol/L; https://github.com/sandialabs/P2SURF
C(CCO)[N+](CCO)(C)CC(O)CC(F)(F)C(F)(F)C(F)(F)C(F)(F)C(F)(F)C(F)(F)C(F)(F)C(F)(F)F.[Cl-].CCCCCCCCCCOCCOCCOCCOCCOCCOCCOCCOCCO,cationic-nonionic mixture,2.4,0.0,0.0015830156084352708,,,,,,P2SURF mixture; updated_CMC-Data-for-mixed-micelle.csv; experimental CMC dataset; mol_fraction_A=0.7; mol_fraction_B=0.3; logCMC(uM)=3.1994852 converted to mol/L; https://github.com/sandialabs/P2SURF
C(CCO)[N+](CCO)(C)CC(O)CC(F)(F)C(F)(F)C(F)(F)C(F)(F)C(F)(F)C(F)(F)C(F)(F)C(F)(F)F.[Cl-].CCCCCCCCCCOCCOCCOCCOCCOCCOCCOCCOCCO,cationic-nonionic mixture,1.6,0.0,0.001892168716705868,,,,,,P2SURF mixture; updated_CMC-Data-for-mixed-micelle.csv; experimental CMC dataset; mol_fraction_A=0.8; mol_fraction_B=0.2; logCMC(uM)=3.27695986 converted to mol/L; https://github.com/sandialabs/P2SURF
C(CCO)[N+](CCO)(C)CC(O)CC(F)(F)C(F)(F)C(F)(F)C(F)(F)C(F)(F)C(F)(F)C(F)(F)C(F)(F)F.[Cl-].CCCCCCCCCCOCCOCCOCCOCCOCCOCCOCCOCCO,cationic-nonionic mixture,0.8,0.0,0.002454221186994947,,,,,,P2SURF mixture; updated_CMC-Data-for-mixed-micelle.csv; experimental CMC dataset; mol_fraction_A=0.9; mol_fraction_B=0.1; logCMC(uM)=3.3899137 converted to mol/L; https://github.com/sandialabs/P2SURF
C(CCO)[N+](CCO)(C)CC(O)CC(F)(F)C(F)(F)C(F)(F)C(F)(F)C(F)(F)C(F)(F)C(F)(F)C(F)(F)F.[Cl-].CCCCCCCCCCCCOCCOCCOCCOS(=O)(=O)[O-].[Na+],cationic-anionic mixture,3.0,0.0,0.0014835768093480488,,,,,,P2SURF mixture; updated_CMC-Data-for-mixed-micelle.csv; experimental CMC dataset; mol_fraction_A=0.0; mol_fraction_B=1.0; logCMC(uM)=3.17131004 converted to mol/L; https://github.com/sandialabs/P2SURF
C(CCO)[N+](CCO)(C)CC(O)CC(F)(F)C(F)(F)C(F)(F)C(F)(F)C(F)(F)C(F)(F)C(F)(F)C(F)(F)F.[Cl-].CCCCCCCCCCCCOCCOCCOCCOS(=O)(=O)[O-].[Na+],cationic-anionic mixture,2.85,0.0,5.555142565215463e-05,,,,,,P2SURF mixture; updated_CMC-Data-for-mixed-micelle.csv; experimental CMC dataset; mol_fraction_A=0.05; mol_fraction_B=0.95; logCMC(uM)=1.74469521 converted to mol/L; https://github.com/sandialabs/P2SURF
C(CCO)[N+](CCO)(C)CC(O)CC(F)(F)C(F)(F)C(F)(F)C(F)(F)C(F)(F)C(F)(F)C(F)(F)C(F)(F)F.[Cl-].CCCCCCCCCCCCOCCOCCOCCOS(=O)(=O)[O-].[Na+],cationic-anionic mixture,2.55,0.0,3.59413097218307e-05,,,,,,P2SURF mixture; updated_CMC-Data-for-mixed-micelle.csv; experimental CMC dataset; mol_fraction_A=0.15; mol_fraction_B=0.85; logCMC(uM)=1.5555939 converted to mol/L; https://github.com/sandialabs/P2SURF
C(CCO)[N+](CCO)(C)CC(O)CC(F)(F)C(F)(F)C(F)(F)C(F)(F)C(F)(F)C(F)(F)C(F)(F)C(F)(F)F.[Cl-].CCCCCCCCCCCCOCCOCCOCCOS(=O)(=O)[O-].[Na+],cationic-anionic mixture,1.8,0.0,2.8697842648044267e-05,,,,,,P2SURF mixture; updated_CMC-Data-for-mixed-micelle.csv; experimental CMC dataset; mol_fraction_A=0.4; mol_fraction_B=0.6; logCMC(uM)=1.45784925 converted to mol/L; https://github.com/sandialabs/P2SURF
C(CCO)[N+](CCO)(C)CC(O)CC(F)(F)C(F)(F)C(F)(F)C(F)(F)C(F)(F)C(F)(F)C(F)(F)C(F)(F)F.[Cl-].CCCCCCCCCCCCOCCOCCOCCOS(=O)(=O)[O-].[Na+],cationic-anionic mixture,1.2,0.0,2.8036187707260573e-05,,,,,,P2SURF mixture; updated_CMC-Data-for-mixed-micelle.csv; experimental CMC dataset; mol_fraction_A=0.6; mol_fraction_B=0.4; logCMC(uM)=1.44771896 converted to mol/L; https://github.com/sandialabs/P2SURF
C(CCO)[N+](CCO)(C)CC(O)CC(F)(F)C(F)(F)C(F)(F)C(F)(F)C(F)(F)C(F)(F)C(F)(F)C(F)(F)F.[Cl-].CCCCCCCCCCCCOCCOCCOCCOS(=O)(=O)[O-].[Na+],cationic-anionic mixture,0.6,0.0,3.385300037217536e-05,,,,,,P2SURF mixture; updated_CMC-Data-for-mixed-micelle.csv; experimental CMC dataset; mol_fraction_A=0.8; mol_fraction_B=0.2; logCMC(uM)=1.52959717 converted to mol/L; https://github.com/sandialabs/P2SURF
C(CCO)[N+](CCO)(C)CC(O)CC(F)(F)C(F)(F)C(F)(F)C(F)(F)C(F)(F)C(F)(F)C(F)(F)C(F)(F)F.[Cl-].CCCCCCCCCCCCOCCOCCOCCOS(=O)(=O)[O-].[Na+],cationic-anionic mixture,0.15,0.0,5.109116373633606e-05,,,,,,P2SURF mixture; updated_CMC-Data-for-mixed-micelle.csv; experimental CMC dataset; mol_fraction_A=0.95; mol_fraction_B=0.05; logCMC(uM)=1.7083458 converted to mol/L; https://github.com/sandialabs/P2SURF
C(CCO)[N+](CCO)(C)CC(O)CC(F)(F)C(F)(F)C(F)(F)C(F)(F)C(F)(F)C(F)(F)C(F)(F)C(F)(F)F.[Cl-].CCCCCCCCCCCCOCCOCCOCCOCCOCCOS(=O)(=O)[O-].[Na+],cationic-anionic mixture,5.0,0.0,0.0001339158089147972,,,,,,P2SURF mixture; updated_CMC-Data-for-mixed-micelle.csv; experimental CMC dataset; mol_fraction_A=0.0; mol_fraction_B=1.0; logCMC(uM)=2.12683185 converted to mol/L; https://github.com/sandialabs/P2SURF
C(CCO)[N+](CCO)(C)CC(O)CC(F)(F)C(F)(F)C(F)(F)C(F)(F)C(F)(F)C(F)(F)C(F)(F)C(F)(F)F.[Cl-].CCCCCCCCCCCCOCCOCCOCCOCCOCCOS(=O)(=O)[O-].[Na+],cationic-anionic mixture,4.5,0.0,6.57855074410969e-05,,,,,,P2SURF mixture; updated_CMC-Data-for-mixed-micelle.csv; experimental CMC dataset; mol_fraction_A=0.1; mol_fraction_B=0.9; logCMC(uM)=1.81813023 converted to mol/L; https://github.com/sandialabs/P2SURF
C(CCO)[N+](CCO)(C)CC(O)CC(F)(F)C(F)(F)C(F)(F)C(F)(F)C(F)(F)C(F)(F)C(F)(F)C(F)(F)F.[Cl-].CCCCCCCCCCCCOCCOCCOCCOCCOCCOS(=O)(=O)[O-].[Na+],cationic-anionic mixture,4.0,0.0,4.88373833607138e-05,,,,,,P2SURF mixture; updated_CMC-Data-for-mixed-micelle.csv; experimental CMC dataset; mol_fraction_A=0.2; mol_fraction_B=0.8; logCMC(uM)=1.68875239 converted to mol/L; https://github.com/sandialabs/P2SURF
C(CCO)[N+](CCO)(C)CC(O)CC(F)(F)C(F)(F)C(F)(F)C(F)(F)C(F)(F)C(F)(F)C(F)(F)C(F)(F)F.[Cl-].CCCCCCCCCCCCOCCOCCOCCOCCOCCOS(=O)(=O)[O-].[Na+],cationic-anionic mixture,2.0,0.0,4.1921216516598217e-05,,,,,,P2SURF mixture; updated_CMC-Data-for-mixed-micelle.csv; experimental CMC dataset; mol_fraction_A=0.6; mol_fraction_B=0.4; logCMC(uM)=1.62243388 converted to mol/L; https://github.com/sandialabs/P2SURF
C(CCO)[N+](CCO)(C)CC(O)CC(F)(F)C(F)(F)C(F)(F)C(F)(F)C(F)(F)C(F)(F)C(F)(F)C(F)(F)F.[Cl-].CCCCCCCCCCCCOCCOCCOCCOCCOCCOS(=O)(=O)[O-].[Na+],cationic-anionic mixture,1.0,0.0,4.905258296608316e-05,,,,,,P2SURF mixture; updated_CMC-Data-for-mixed-micelle.csv; experimental CMC dataset; mol_fraction_A=0.8; mol_fraction_B=0.2; logCMC(uM)=1.69066188 converted to mol/L; https://github.com/sandialabs/P2SURF
C(CCO)[N+](CCO)(C)CC(O)CC(F)(F)C(F)(F)C(F)(F)C(F)(F)C(F)(F)C(F)(F)C(F)(F)C(F)(F)F.[Cl-].CCCCCCCCCCCCOCCOCCOCCOCCOCCOS(=O)(=O)[O-].[Na+],cationic-anionic mixture,0.5,0.0,5.505826731315616e-05,,,,,,P2SURF mixture; updated_CMC-Data-for-mixed-micelle.csv; experimental CMC dataset; mol_fraction_A=0.9; mol_fraction_B=0.1; logCMC(uM)=1.74082254 converted to mol/L; https://github.com/sandialabs/P2SURF
C(CCO)[N+](CCO)(C)CC(O)CC(F)(F)C(F)(F)C(F)(F)C(F)(F)C(F)(F)C(F)(F)C(F)(F)C(F)(F)F.[Cl-].CCCCCCCCCCCCOCCOCCOCCOCCOCCOCCOCCOCCOS(=O)(=O)[O-].[Na+],cationic-anionic mixture,8.0,0.0,0.00012303319891686308,,,,,,P2SURF mixture; updated_CMC-Data-for-mixed-micelle.csv; experimental CMC dataset; mol_fraction_A=0.0; mol_fraction_B=1.0; logCMC(uM)=2.09002232 converted to mol/L; https://github.com/sandialabs/P2SURF
C(CCO)[N+](CCO)(C)CC(O)CC(F)(F)C(F)(F)C(F)(F)C(F)(F)C(F)(F)C(F)(F)C(F)(F)C(F)(F)F.[Cl-].CCCCCCCCCCCCOCCOCCOCCOCCOCCOCCOCCOCCOS(=O)(=O)[O-].[Na+],cationic-anionic mixture,7.2,0.0,0.00010264597824025038,,,,,,P2SURF mixture; updated_CMC-Data-for-mixed-micelle.csv; experimental CMC dataset; mol_fraction_A=0.1; mol_fraction_B=0.9; logCMC(uM)=2.01134194 converted to mol/L; https://github.com/sandialabs/P2SURF
C(CCO)[N+](CCO)(C)CC(O)CC(F)(F)C(F)(F)C(F)(F)C(F)(F)C(F)(F)C(F)(F)C(F)(F)C(F)(F)F.[Cl-].CCCCCCCCCCCCOCCOCCOCCOCCOCCOCCOCCOCCOS(=O)(=O)[O-].[Na+],cationic-anionic mixture,5.6,0.0,8.830277278058458e-05,,,,,,P2SURF mixture; updated_CMC-Data-for-mixed-micelle.csv; experimental CMC dataset; mol_fraction_A=0.3; mol_fraction_B=0.7; logCMC(uM)=1.94597434 converted to mol/L; https://github.com/sandialabs/P2SURF
C(CCO)[N+](CCO)(C)CC(O)CC(F)(F)C(F)(F)C(F)(F)C(F)(F)C(F)(F)C(F)(F)C(F)(F)C(F)(F)F.[Cl-].CCCCCCCCCCCCOCCOCCOCCOCCOCCOCCOCCOCCOS(=O)(=O)[O-].[Na+],cationic-anionic mixture,3.2,0.0,9.281274341508015e-05,,,,,,P2SURF mixture; updated_CMC-Data-for-mixed-micelle.csv; experimental CMC dataset; mol_fraction_A=0.6; mol_fraction_B=0.4; logCMC(uM)=1.96760761 converted to mol/L; https://github.com/sandialabs/P2SURF
C(CCO)[N+](CCO)(C)CC(O)CC(F)(F)C(F)(F)C(F)(F)C(F)(F)C(F)(F)C(F)(F)C(F)(F)C(F)(F)F.[Cl-].CCCCCCCCCCCCOCCOCCOCCOCCOCCOCCOCCOCCOS(=O)(=O)[O-].[Na+],cationic-anionic mixture,1.6,0.0,0.00010190194020072088,,,,,,P2SURF mixture; updated_CMC-Data-for-mixed-micelle.csv; experimental CMC dataset; mol_fraction_A=0.8; mol_fraction_B=0.2; logCMC(uM)=2.00818245 converted to mol/L; https://github.com/sandialabs/P2SURF
C(CCO)[N+](CCO)(C)CC(O)CC(F)(F)C(F)(F)C(F)(F)C(F)(F)C(F)(F)C(F)(F)C(F)(F)C(F)(F)F.[Cl-].CCCCCCCCCCCCOCCOCCOCCOCCOCCOCCOCCOCCOS(=O)(=O)[O-].[Na+],cationic-anionic mixture,0.8,0.0,0.00013985609503376346,,,,,,P2SURF mixture; updated_CMC-Data-for-mixed-micelle.csv; experimental CMC dataset; mol_fraction_A=0.9; mol_fraction_B=0.1; logCMC(uM)=2.1456814 converted to mol/L; https://github.com/sandialabs/P2SURF
CCCCC(CC)COC(=O)CC(C(=O)OCC(CC)CCCC)S(=O)(=O)[O-].[Na+].OCCOCCOCCOCCOCCOCCOCCOCCOCCOCCOCCOCCOCCOCCOCCOCCOCCOC[C@@H](OC(CCCCCCC/C=C\CCCCCCCC)=O)[C@@H]1[C@H](OC(CCCCCCC/C=C\CCCCCCCC)=O)[C@@H](OC(CCCCCCC/C=C\CCCCCCCC)=O)CO1,anionic-nonionic mixture,3.4,0.0,8.799999996957179e-07,,,,,,P2SURF mixture; updated_CMC-Data-for-mixed-micelle.csv; experimental CMC dataset; mol_fraction_A=0.8; mol_fraction_B=0.2; logCMC(uM)=-0.055517328 converted to mol/L; https://github.com/sandialabs/P2SURF
CCCCC(CC)COC(=O)CC(C(=O)OCC(CC)CCCC)S(=O)(=O)[O-].[Na+].OCCOCCOCCOCCOCCOCCOCCOCCOCCOCCOCCOCCOCCOCCOCCOCCOCCOC[C@@H](OC(CCCCCCC/C=C\CCCCCCCC)=O)[C@@H]1[C@H](OC(CCCCCCC/C=C\CCCCCCCC)=O)[C@@H](OC(CCCCCCC/C=C\CCCCCCCC)=O)CO1,anionic-nonionic mixture,6.8,0.0,4.1999999961519653e-07,,,,,,P2SURF mixture; updated_CMC-Data-for-mixed-micelle.csv; experimental CMC dataset; mol_fraction_A=0.6; mol_fraction_B=0.4; logCMC(uM)=-0.37675071 converted to mol/L; https://github.com/sandialabs/P2SURF
CCCCC(CC)COC(=O)CC(C(=O)OCC(CC)CCCC)S(=O)(=O)[O-].[Na+].OCCOCCOCCOCCOCCOCCOCCOCCOCCOCCOCCOCCOCCOCCOCCOCCOCCOC[C@@H](OC(CCCCCCC/C=C\CCCCCCCC)=O)[C@@H]1[C@H](OC(CCCCCCC/C=C\CCCCCCCC)=O)[C@@H](OC(CCCCCCC/C=C\CCCCCCCC)=O)CO1,anionic-nonionic mixture,10.2,0.0,3.1999999976428487e-07,,,,,,P2SURF mixture; updated_CMC-Data-for-mixed-micelle.csv; experimental CMC dataset; mol_fraction_A=0.4; mol_fraction_B=0.6; logCMC(uM)=-0.494850022 converted to mol/L; https://github.com/sandialabs/P2SURF
CCCCC(CC)COC(=O)CC(C(=O)OCC(CC)CCCC)S(=O)(=O)[O-].[Na+].OCCOCCOCCOCCOCCOCCOCCOCCOCCOCCOCCOCCOCCOCCOCCOCCOCCOC[C@@H](OC(CCCCCCC/C=C\CCCCCCCC)=O)[C@@H]1[C@H](OC(CCCCCCC/C=C\CCCCCCCC)=O)[C@@H](OC(CCCCCCC/C=C\CCCCCCCC)=O)CO1,anionic-nonionic mixture,13.6,0.0,2.2000000009006497e-07,,,,,,P2SURF mixture; updated_CMC-Data-for-mixed-micelle.csv; experimental CMC dataset; mol_fraction_A=0.2; mol_fraction_B=0.8; logCMC(uM)=-0.657577319 converted to mol/L; https://github.com/sandialabs/P2SURF
CCCCC(CC)COC(=O)CC(C(=O)OCC(CC)CCCC)S(=O)(=O)[O-].[Na+].OCCOCCOCCOCCOCCOCCOCCOCCOCCOCCOCCOCCOCCOCCOCCOCCOCCOC[C@@H](OC(CCCCCCC/C=C\CCCCCCCC)=O)[C@@H]1[C@H](OC(CCCCCCC/C=C\CCCCCCCC)=O)[C@@H](OC(CCCCCCC/C=C\CCCCCCCC)=O)CO1,anionic-nonionic mixture,17.0,0.0,2.79999999779363e-07,,,,,,P2SURF mixture; updated_CMC-Data-for-mixed-micelle.csv; experimental CMC dataset; mol_fraction_A=0.0; mol_fraction_B=1.0; logCMC(uM)=-0.552841969 converted to mol/L; https://github.com/sandialabs/P2SURF
CCCCCCCCC(C)CCCOCCOCCOCCOCCOCCOP(=O)(O)[O-].[K+].CCCCCCCCCCCC[N+](C)(C)CC1=CC=CC=C1.[Cl-],anionic-cationic mixture,5.0,0.0,3.79000000027863e-05,,,,,,P2SURF mixture; updated_CMC-Data-for-mixed-micelle.csv; experimental CMC dataset; mol_fraction_A=1.0; mol_fraction_B=0.0; logCMC(uM)=1.57863921 converted to mol/L; https://github.com/sandialabs/P2SURF
CCCCCCCCC(C)CCCOCCOCCOCCOCCOCCOP(=O)(O)[O-].[K+].CCCCCCCCCCCC[N+](C)(C)CC1=CC=CC=C1.[Cl-],anionic-cationic mixture,4.0,0.0,1.7699999985254288e-05,,,,,,P2SURF mixture; updated_CMC-Data-for-mixed-micelle.csv; experimental CMC dataset; mol_fraction_A=0.8; mol_fraction_B=0.2; logCMC(uM)=1.24797327 converted to mol/L; https://github.com/sandialabs/P2SURF
CCCCCCCCC(C)CCCOCCOCCOCCOCCOCCOP(=O)(O)[O-].[K+].CCCCCCCCCCCC[N+](C)(C)CC1=CC=CC=C1.[Cl-],anionic-cationic mixture,3.0,0.0,2.3699999999448646e-05,,,,,,P2SURF mixture; updated_CMC-Data-for-mixed-micelle.csv; experimental CMC dataset; mol_fraction_A=0.6; mol_fraction_B=0.4; logCMC(uM)=1.37474835 converted to mol/L; https://github.com/sandialabs/P2SURF
CCCCCCCCC(C)CCCOCCOCCOCCOCCOCCOP(=O)(O)[O-].[K+].CCCCCCCCCCCC[N+](C)(C)CC1=CC=CC=C1.[Cl-],anionic-cationic mixture,2.5,0.0,5.569999997771856e-05,,,,,,P2SURF mixture; updated_CMC-Data-for-mixed-micelle.csv; experimental CMC dataset; mol_fraction_A=0.5; mol_fraction_B=0.5; logCMC(uM)=1.7458552 converted to mol/L; https://github.com/sandialabs/P2SURF
CCCCCCCCC(C)CCCOCCOCCOCCOCCOCCOP(=O)(O)[O-].[K+].CCCCCCCCCCCC[N+](C)(C)CC1=CC=CC=C1.[Cl-],anionic-cationic mixture,2.0,0.0,3.5600000002223466e-05,,,,,,P2SURF mixture; updated_CMC-Data-for-mixed-micelle.csv; experimental CMC dataset; mol_fraction_A=0.4; mol_fraction_B=0.6; logCMC(uM)=1.55145 converted to mol/L; https://github.com/sandialabs/P2SURF
CCCCCCCCC(C)CCCOCCOCCOCCOCCOCCOP(=O)(O)[O-].[K+].CCCCCCCCCCCC[N+](C)(C)CC1=CC=CC=C1.[Cl-],anionic-cationic mixture,1.0,0.0,2.989999997766388e-05,,,,,,P2SURF mixture; updated_CMC-Data-for-mixed-micelle.csv; experimental CMC dataset; mol_fraction_A=0.2; mol_fraction_B=0.8; logCMC(uM)=1.47567119 converted to mol/L; https://github.com/sandialabs/P2SURF
CCCCCCCCCCCCOCCOCCOCCOCCOCCOP(=O)(O)[O-].[K+].CCCCCCCCCCCC[N+](C)(C)CC1=CC=CC=C1.[Cl-],anionic-cationic mixture,5.0,0.0,3.0499999975645644e-05,,,,,,P2SURF mixture; updated_CMC-Data-for-mixed-micelle.csv; experimental CMC dataset; mol_fraction_A=1.0; mol_fraction_B=0.0; logCMC(uM)=1.48429984 converted to mol/L; https://github.com/sandialabs/P2SURF
CCCCCCCCCCCCOCCOCCOCCOCCOCCOP(=O)(O)[O-].[K+].CCCCCCCCCCCC[N+](C)(C)CC1=CC=CC=C1.[Cl-],anionic-cationic mixture,4.0,0.0,1.2599999996589213e-05,,,,,,P2SURF mixture; updated_CMC-Data-for-mixed-micelle.csv; experimental CMC dataset; mol_fraction_A=0.8; mol_fraction_B=0.2; logCMC(uM)=1.10037055 converted to mol/L; https://github.com/sandialabs/P2SURF
CCCCCCCCCCCCOCCOCCOCCOCCOCCOP(=O)(O)[O-].[K+].CCCCCCCCCCCC[N+](C)(C)CC1=CC=CC=C1.[Cl-],anionic-cationic mixture,3.0,0.0,1.9599999983911987e-05,,,,,,P2SURF mixture; updated_CMC-Data-for-mixed-micelle.csv; experimental CMC dataset; mol_fraction_A=0.6; mol_fraction_B=0.4; logCMC(uM)=1.29225607 converted to mol/L; https://github.com/sandialabs/P2SURF
CCCCCCCCCCCCOCCOCCOCCOCCOCCOP(=O)(O)[O-].[K+].CCCCCCCCCCCC[N+](C)(C)CC1=CC=CC=C1.[Cl-],anionic-cationic mixture,2.5,0.0,3.6599999966761216e-05,,,,,,P2SURF mixture; updated_CMC-Data-for-mixed-micelle.csv; experimental CMC dataset; mol_fraction_A=0.5; mol_fraction_B=0.5; logCMC(uM)=1.56348109 converted to mol/L; https://github.com/sandialabs/P2SURF
CCCCCCCCCCCCOCCOCCOCCOCCOCCOP(=O)(O)[O-].[K+].CCCCCCCCCCCC[N+](C)(C)CC1=CC=CC=C1.[Cl-],anionic-cationic mixture,2.0,0.0,2.2499999994230525e-05,,,,,,P2SURF mixture; updated_CMC-Data-for-mixed-micelle.csv; experimental CMC dataset; mol_fraction_A=0.4; mol_fraction_B=0.6; logCMC(uM)=1.35218252 converted to mol/L; https://github.com/sandialabs/P2SURF
CCCCCCCCCCCCOCCOCCOCCOCCOCCOP(=O)(O)[O-].[K+].CCCCCCCCCCCC[N+](C)(C)CC1=CC=CC=C1.[Cl-],anionic-cationic mixture,1.0,0.0,2.910000000094426e-05,,,,,,P2SURF mixture; updated_CMC-Data-for-mixed-micelle.csv; experimental CMC dataset; mol_fraction_A=0.2; mol_fraction_B=0.8; logCMC(uM)=1.46389299 converted to mol/L; https://github.com/sandialabs/P2SURF
CCCCCCCCC(C)CCCOCCOCCOCCOCCOCCOP(=O)(O)[O-].[K+].CCCCCCCCCCCC[N+](C)(C)CCO.[Cl-],anionic-cationic mixture,5.0,0.0,3.79000000027863e-05,,,,,,P2SURF mixture; updated_CMC-Data-for-mixed-micelle.csv; experimental CMC dataset; mol_fraction_A=1.0; mol_fraction_B=0.0; logCMC(uM)=1.57863921 converted to mol/L; https://github.com/sandialabs/P2SURF
CCCCCCCCC(C)CCCOCCOCCOCCOCCOCCOP(=O)(O)[O-].[K+].CCCCCCCCCCCC[N+](C)(C)CCO.[Cl-],anionic-cationic mixture,4.0,0.0,2.7599999995855336e-05,,,,,,P2SURF mixture; updated_CMC-Data-for-mixed-micelle.csv; experimental CMC dataset; mol_fraction_A=0.8; mol_fraction_B=0.2; logCMC(uM)=1.44090908 converted to mol/L; https://github.com/sandialabs/P2SURF
CCCCCCCCC(C)CCCOCCOCCOCCOCCOCCOP(=O)(O)[O-].[K+].CCCCCCCCCCCC[N+](C)(C)CCO.[Cl-],anionic-cationic mixture,3.0,0.0,4.279999999870194e-05,,,,,,P2SURF mixture; updated_CMC-Data-for-mixed-micelle.csv; experimental CMC dataset; mol_fraction_A=0.6; mol_fraction_B=0.4; logCMC(uM)=1.63144377 converted to mol/L; https://github.com/sandialabs/P2SURF
CCCCCCCCC(C)CCCOCCOCCOCCOCCOCCOP(=O)(O)[O-].[K+].CCCCCCCCCCCC[N+](C)(C)CCO.[Cl-],anionic-cationic mixture,2.5,0.0,4.320000001841103e-05,,,,,,P2SURF mixture; updated_CMC-Data-for-mixed-micelle.csv; experimental CMC dataset; mol_fraction_A=0.5; mol_fraction_B=0.5; logCMC(uM)=1.63548375 converted to mol/L; https://github.com/sandialabs/P2SURF
CCCCCCCCC(C)CCCOCCOCCOCCOCCOCCOP(=O)(O)[O-].[K+].CCCCCCCCCCCC[N+](C)(C)CCO.[Cl-],anionic-cationic mixture,2.0,0.0,5.1800000030387055e-05,,,,,,P2SURF mixture; updated_CMC-Data-for-mixed-micelle.csv; experimental CMC dataset; mol_fraction_A=0.4; mol_fraction_B=0.6; logCMC(uM)=1.71432976 converted to mol/L; https://github.com/sandialabs/P2SURF
CCCCCCCCC(C)CCCOCCOCCOCCOCCOCCOP(=O)(O)[O-].[K+].CCCCCCCCCCCC[N+](C)(C)CCO.[Cl-],anionic-cationic mixture,1.0,0.0,7.380000003007066e-05,,,,,,P2SURF mixture; updated_CMC-Data-for-mixed-micelle.csv; experimental CMC dataset; mol_fraction_A=0.2; mol_fraction_B=0.8; logCMC(uM)=1.86805636 converted to mol/L; https://github.com/sandialabs/P2SURF
CCCCCCCCCCCCOCCOCCOCCOCCOCCOP(=O)(O)[O-].[K+].CCCCCCCCCCCC[N+](C)(C)CCO.[Cl-],anionic-cationic mixture,5.0,0.0,3.0499999975645644e-05,,,,,,P2SURF mixture; updated_CMC-Data-for-mixed-micelle.csv; experimental CMC dataset; mol_fraction_A=1.0; mol_fraction_B=0.0; logCMC(uM)=1.48429984 converted to mol/L; https://github.com/sandialabs/P2SURF
CCCCCCCCCCCCOCCOCCOCCOCCOCCOP(=O)(O)[O-].[K+].CCCCCCCCCCCC[N+](C)(C)CCO.[Cl-],anionic-cationic mixture,4.0,0.0,2.939999997209862e-05,,,,,,P2SURF mixture; updated_CMC-Data-for-mixed-micelle.csv; experimental CMC dataset; mol_fraction_A=0.8; mol_fraction_B=0.2; logCMC(uM)=1.46834733 converted to mol/L; https://github.com/sandialabs/P2SURF
CCCCCCCCCCCCOCCOCCOCCOCCOCCOP(=O)(O)[O-].[K+].CCCCCCCCCCCC[N+](C)(C)CCO.[Cl-],anionic-cationic mixture,3.0,0.0,5.169999998881672e-05,,,,,,P2SURF mixture; updated_CMC-Data-for-mixed-micelle.csv; experimental CMC dataset; mol_fraction_A=0.6; mol_fraction_B=0.4; logCMC(uM)=1.71349054 converted to mol/L; https://github.com/sandialabs/P2SURF
CCCCCCCCCCCCOCCOCCOCCOCCOCCOP(=O)(O)[O-].[K+].CCCCCCCCCCCC[N+](C)(C)CCO.[Cl-],anionic-cationic mixture,2.5,0.0,5.5100000018804414e-05,,,,,,P2SURF mixture; updated_CMC-Data-for-mixed-micelle.csv; experimental CMC dataset; mol_fraction_A=0.5; mol_fraction_B=0.5; logCMC(uM)=1.7411516 converted to mol/L; https://github.com/sandialabs/P2SURF
CCCCCCCCCCCCOCCOCCOCCOCCOCCOP(=O)(O)[O-].[K+].CCCCCCCCCCCC[N+](C)(C)CCO.[Cl-],anionic-cationic mixture,2.0,0.0,6.690000003576524e-05,,,,,,P2SURF mixture; updated_CMC-Data-for-mixed-micelle.csv; experimental CMC dataset; mol_fraction_A=0.4; mol_fraction_B=0.6; logCMC(uM)=1.82542612 converted to mol/L; https://github.com/sandialabs/P2SURF
CCCCCCCCCCCCOCCOCCOCCOCCOCCOP(=O)(O)[O-].[K+].CCCCCCCCCCCC[N+](C)(C)CCO.[Cl-],anionic-cationic mixture,1.0,0.0,8.900000007276803e-05,,,,,,P2SURF mixture; updated_CMC-Data-for-mixed-micelle.csv; experimental CMC dataset; mol_fraction_A=0.2; mol_fraction_B=0.8; logCMC(uM)=1.94939001 converted to mol/L; https://github.com/sandialabs/P2SURF
CCCCCCCCCCCCCCCC(=O)OCCOCC(OCCOCCOCCOCCOCCO)C1OCC(OCCOCCOCCOCCOCCOCCOCCO)C1OCCOCCOCCOCCOCCOCCOCCOCCO.CCCCCCCCCCCCCCCCOCCOCCOCCOCCOCCOCCOCCOCCOCCOCCO,nonionic mixture,10.0,0.0,3.1999999976428486e-06,,,,,,P2SURF mixture; updated_CMC-Data-for-mixed-micelle.csv; experimental CMC dataset; mol_fraction_A=0.0; mol_fraction_B=1.0; logCMC(uM)=0.505149978 converted to mol/L; https://github.com/sandialabs/P2SURF
CCCCCCCCCCCCCCCC(=O)OCCOCC(OCCOCCOCCOCCOCCO)C1OCC(OCCOCCOCCOCCOCCOCCOCCO)C1OCCOCCOCCOCCOCCOCCOCCOCCO.CCCCCCCCCCCCCCCCOCCOCCOCCOCCOCCOCCOCCOCCOCCOCCO,nonionic mixture,11.87,0.0,3.600000001929029e-06,,,,,,P2SURF mixture; updated_CMC-Data-for-mixed-micelle.csv; experimental CMC dataset; mol_fraction_A=0.17; mol_fraction_B=0.83; logCMC(uM)=0.556302501 converted to mol/L; https://github.com/sandialabs/P2SURF
CCCCCCCCCCCCCCCC(=O)OCCOCC(OCCOCCOCCOCCOCCO)C1OCC(OCCOCCOCCOCCOCCOCCOCCO)C1OCCOCCOCCOCCOCCOCCOCCOCCO.CCCCCCCCCCCCCCCCOCCOCCOCCOCCOCCOCCOCCOCCOCCOCCO,nonionic mixture,13.63,0.0,4.199999996151965e-06,,,,,,P2SURF mixture; updated_CMC-Data-for-mixed-micelle.csv; experimental CMC dataset; mol_fraction_A=0.33; mol_fraction_B=0.67; logCMC(uM)=0.62324929 converted to mol/L; https://github.com/sandialabs/P2SURF
CCCCCCCCCCCCCCCC(=O)OCCOCC(OCCOCCOCCOCCOCCO)C1OCC(OCCOCCOCCOCCOCCOCCOCCO)C1OCCOCCOCCOCCOCCOCCOCCOCCO.CCCCCCCCCCCCCCCCOCCOCCOCCOCCOCCOCCOCCOCCOCCOCCO,nonionic mixture,15.5,0.0,5.3000000048718464e-06,,,,,,P2SURF mixture; updated_CMC-Data-for-mixed-micelle.csv; experimental CMC dataset; mol_fraction_A=0.5; mol_fraction_B=0.5; logCMC(uM)=0.72427587 converted to mol/L; https://github.com/sandialabs/P2SURF
CCCCCCCCCCCCCCCC(=O)OCCOCC(OCCOCCOCCOCCOCCO)C1OCC(OCCOCCOCCOCCOCCOCCOCCO)C1OCCOCCOCCOCCOCCOCCOCCOCCO.CCCCCCCCCCCCCCCCOCCOCCOCCOCCOCCOCCOCCOCCOCCOCCO,nonionic mixture,17.37,0.0,7.4999999932355815e-06,,,,,,P2SURF mixture; updated_CMC-Data-for-mixed-micelle.csv; experimental CMC dataset; mol_fraction_A=0.67; mol_fraction_B=0.33; logCMC(uM)=0.875061263 converted to mol/L; https://github.com/sandialabs/P2SURF
CCCCCCCCCCCCCCCC(=O)OCCOCC(OCCOCCOCCOCCOCCO)C1OCC(OCCOCCOCCOCCOCCOCCOCCO)C1OCCOCCOCCOCCOCCOCCOCCOCCO.CCCCCCCCCCCCCCCCOCCOCCOCCOCCOCCOCCOCCOCCOCCOCCO,nonionic mixture,19.13,0.0,1.0100000005054886e-05,,,,,,P2SURF mixture; updated_CMC-Data-for-mixed-micelle.csv; experimental CMC dataset; mol_fraction_A=0.83; mol_fraction_B=0.17; logCMC(uM)=1.00432137 converted to mol/L; https://github.com/sandialabs/P2SURF
CCCCCCCCCCCCCCCC(=O)OCCOCC(OCCOCCOCCOCCOCCO)C1OCC(OCCOCCOCCOCCOCCOCCOCCO)C1OCCOCCOCCOCCOCCOCCOCCOCCO.CCCCCCCCCCCCCCCCOCCOCCOCCOCCOCCOCCOCCOCCOCCOCCO,nonionic mixture,21.0,0.0,2.310000000573681e-05,,,,,,P2SURF mixture; updated_CMC-Data-for-mixed-micelle.csv; experimental CMC dataset; mol_fraction_A=1.0; mol_fraction_B=0.0; logCMC(uM)=1.36361198 converted to mol/L; https://github.com/sandialabs/P2SURF
CCCCCCCCCCCCCCCC[N+]1=CC=CC=C1.[Cl-].CCCCCCCCCCCCCCCC(=O)OCCOCC(OCCOCCOCCOCCOCCO)C1OCC(OCCOCCOCCOCCOCCOCCOCCO)C1OCCOCCOCCOCCOCCOCCOCCOCCO,cationic-nonionic mixture,21.0,0.0,2.310000000573681e-05,,,,,,P2SURF mixture; updated_CMC-Data-for-mixed-micelle.csv; experimental CMC dataset; mol_fraction_A=0.0; mol_fraction_B=1.0; logCMC(uM)=1.36361198 converted to mol/L; https://github.com/sandialabs/P2SURF
CCCCCCCCCCCCCCCC[N+]1=CC=CC=C1.[Cl-].CCCCCCCCCCCCCCCC(=O)OCCOCC(OCCOCCOCCOCCOCCO)C1OCC(OCCOCCOCCOCCOCCOCCOCCO)C1OCCOCCOCCOCCOCCOCCOCCOCCO,cationic-nonionic mixture,17.43,0.0,2.0099999980538955e-05,,,,,,P2SURF mixture; updated_CMC-Data-for-mixed-micelle.csv; experimental CMC dataset; mol_fraction_A=0.17; mol_fraction_B=0.83; logCMC(uM)=1.30319606 converted to mol/L; https://github.com/sandialabs/P2SURF
CCCCCCCCCCCCCCCC[N+]1=CC=CC=C1.[Cl-].CCCCCCCCCCCCCCCC(=O)OCCOCC(OCCOCCOCCOCCOCCO)C1OCC(OCCOCCOCCOCCOCCOCCOCCO)C1OCCOCCOCCOCCOCCOCCOCCOCCO,cationic-nonionic mixture,14.07,0.0,2.509999997219846e-05,,,,,,P2SURF mixture; updated_CMC-Data-for-mixed-micelle.csv; experimental CMC dataset; mol_fraction_A=0.33; mol_fraction_B=0.67; logCMC(uM)=1.39967372 converted to mol/L; https://github.com/sandialabs/P2SURF
CCCCCCCCCCCCCCCC[N+]1=CC=CC=C1.[Cl-].CCCCCCCCCCCCCCCC(=O)OCCOCC(OCCOCCOCCOCCOCCO)C1OCC(OCCOCCOCCOCCOCCOCCOCCO)C1OCCOCCOCCOCCOCCOCCOCCOCCO,cationic-nonionic mixture,10.5,0.0,3.549999999549648e-05,,,,,,P2SURF mixture; updated_CMC-Data-for-mixed-micelle.csv; experimental CMC dataset; mol_fraction_A=0.5; mol_fraction_B=0.5; logCMC(uM)=1.55022835 converted to mol/L; https://github.com/sandialabs/P2SURF
CCCCCCCCCCCCCCCC[N+]1=CC=CC=C1.[Cl-].CCCCCCCCCCCCCCCC(=O)OCCOCC(OCCOCCOCCOCCOCCO)C1OCC(OCCOCCOCCOCCOCCOCCOCCO)C1OCCOCCOCCOCCOCCOCCOCCOCCO,cationic-nonionic mixture,6.93,0.0,5.620000005576576e-05,,,,,,P2SURF mixture; updated_CMC-Data-for-mixed-micelle.csv; experimental CMC dataset; mol_fraction_A=0.67; mol_fraction_B=0.33; logCMC(uM)=1.74973632 converted to mol/L; https://github.com/sandialabs/P2SURF
CCCCCCCCCCCCCCCC[N+]1=CC=CC=C1.[Cl-].CCCCCCCCCCCCCCCC(=O)OCCOCC(OCCOCCOCCOCCOCCO)C1OCC(OCCOCCOCCOCCOCCOCCOCCO)C1OCCOCCOCCOCCOCCOCCOCCOCCO,cationic-nonionic mixture,3.57,0.0,8.909999999243483e-05,,,,,,P2SURF mixture; updated_CMC-Data-for-mixed-micelle.csv; experimental CMC dataset; mol_fraction_A=0.83; mol_fraction_B=0.17; logCMC(uM)=1.9498777 converted to mol/L; https://github.com/sandialabs/P2SURF
CCCCCCCCCCCCCCCC[N+]1=CC=CC=C1.[Cl-].CCCCCCCCCCCCCCCCOCCOCCOCCOCCOCCOCCOCCOCCOCCOCCO,cationic-nonionic mixture,10.0,0.0,3.1999999976428486e-06,,,,,,P2SURF mixture; updated_CMC-Data-for-mixed-micelle.csv; experimental CMC dataset; mol_fraction_A=0.0; mol_fraction_B=1.0; logCMC(uM)=0.505149978 converted to mol/L; https://github.com/sandialabs/P2SURF
CCCCCCCCCCCCCCCC[N+]1=CC=CC=C1.[Cl-].CCCCCCCCCCCCCCCCOCCOCCOCCOCCOCCOCCOCCOCCOCCOCCO,cationic-nonionic mixture,8.3,0.0,3.600000001929029e-06,,,,,,P2SURF mixture; updated_CMC-Data-for-mixed-micelle.csv; experimental CMC dataset; mol_fraction_A=0.17; mol_fraction_B=0.83; logCMC(uM)=0.556302501 converted to mol/L; https://github.com/sandialabs/P2SURF
CCCCCCCCCCCCCCCC[N+]1=CC=CC=C1.[Cl-].CCCCCCCCCCCCCCCCOCCOCCOCCOCCOCCOCCOCCOCCOCCOCCO,cationic-nonionic mixture,6.7,0.0,4.500000002327804e-06,,,,,,P2SURF mixture; updated_CMC-Data-for-mixed-micelle.csv; experimental CMC dataset; mol_fraction_A=0.33; mol_fraction_B=0.67; logCMC(uM)=0.653212514 converted to mol/L; https://github.com/sandialabs/P2SURF
CCCCCCCCCCCCCCCC[N+]1=CC=CC=C1.[Cl-].CCCCCCCCCCCCCCCCOCCOCCOCCOCCOCCOCCOCCOCCOCCOCCO,cationic-nonionic mixture,5.0,0.0,6.299999993420215e-06,,,,,,P2SURF mixture; updated_CMC-Data-for-mixed-micelle.csv; experimental CMC dataset; mol_fraction_A=0.5; mol_fraction_B=0.5; logCMC(uM)=0.799340549 converted to mol/L; https://github.com/sandialabs/P2SURF
CCCCCCCCCCCCCCCC[N+]1=CC=CC=C1.[Cl-].CCCCCCCCCCCCCCCCOCCOCCOCCOCCOCCOCCOCCOCCOCCOCCO,cationic-nonionic mixture,3.3,0.0,8.900000007276802e-06,,,,,,P2SURF mixture; updated_CMC-Data-for-mixed-micelle.csv; experimental CMC dataset; mol_fraction_A=0.67; mol_fraction_B=0.33; logCMC(uM)=0.949390007 converted to mol/L; https://github.com/sandialabs/P2SURF
CCCCCCCCCCCCCCCC[N+]1=CC=CC=C1.[Cl-].CCCCCCCCCCCCCCCCOCCOCCOCCOCCOCCOCCOCCOCCOCCOCCO,cationic-nonionic mixture,1.7,0.0,1.5899999988267906e-05,,,,,,P2SURF mixture; updated_CMC-Data-for-mixed-micelle.csv; experimental CMC dataset; mol_fraction_A=0.83; mol_fraction_B=0.17; logCMC(uM)=1.20139712 converted to mol/L; https://github.com/sandialabs/P2SURF
C(C(C(C(C(F)(F)F)(F)F)(F)F)(F)F)(F)(F)OCCOCCOCCOCCOCCOCCOCCOCCOCCOCCO.CCCCCCCCCCCC[N+](C)(C)C.[Br-],nonionic-cationic mixture,10.0,0.0,0.0003895195394066731,,,,,,P2SURF mixture; updated_CMC-Data-for-mixed-micelle.csv; experimental CMC dataset; mol_fraction_A=1.0; mol_fraction_B=0.0; logCMC(uM)=2.59052925 converted to mol/L; https://github.com/sandialabs/P2SURF
C(C(C(C(C(F)(F)F)(F)F)(F)F)(F)F)(F)(F)OCCOCCOCCOCCOCCOCCOCCOCCOCCOCCO.CCCCCCCCCCCC[N+](C)(C)C.[Br-],nonionic-cationic mixture,9.017483,0.0,0.00037722604560443005,,,,,,P2SURF mixture; updated_CMC-Data-for-mixed-micelle.csv; experimental CMC dataset; mol_fraction_A=0.901748252; mol_fraction_B=0.098251748; logCMC(uM)=2.57660167 converted to mol/L; https://github.com/sandialabs/P2SURF
C(C(C(C(C(F)(F)F)(F)F)(F)F)(F)F)(F)(F)OCCOCCOCCOCCOCCOCCOCCOCCOCCOCCO.CCCCCCCCCCCC[N+](C)(C)C.[Br-],nonionic-cationic mixture,8.0,0.0,0.0003629849167436281,,,,,,P2SURF mixture; updated_CMC-Data-for-mixed-micelle.csv; experimental CMC dataset; mol_fraction_A=0.8; mol_fraction_B=0.2; logCMC(uM)=2.55988858 converted to mol/L; https://github.com/sandialabs/P2SURF
C(C(C(C(C(F)(F)F)(F)F)(F)F)(F)F)(F)(F)OCCOCCOCCOCCOCCOCCOCCOCCOCCOCCO.CCCCCCCCCCCC[N+](C)(C)C.[Br-],nonionic-cationic mixture,6.993007,0.0,0.00027905027253021306,,,,,,P2SURF mixture; updated_CMC-Data-for-mixed-micelle.csv; experimental CMC dataset; mol_fraction_A=0.699300699; mol_fraction_B=0.300699301; logCMC(uM)=2.44568245 converted to mol/L; https://github.com/sandialabs/P2SURF
C(C(C(C(C(F)(F)F)(F)F)(F)F)(F)F)(F)(F)OCCOCCOCCOCCOCCOCCOCCOCCOCCOCCO.CCCCCCCCCCCC[N+](C)(C)C.[Br-],nonionic-cationic mixture,6.006993,0.0,0.0002650930421301366,,,,,,P2SURF mixture; updated_CMC-Data-for-mixed-micelle.csv; experimental CMC dataset; mol_fraction_A=0.600699301; mol_fraction_B=0.399300699; logCMC(uM)=2.42339833 converted to mol/L; https://github.com/sandialabs/P2SURF
C(C(C(C(C(F)(F)F)(F)F)(F)F)(F)F)(F)(F)OCCOCCOCCOCCOCCOCCOCCOCCOCCOCCO.CCCCCCCCCCCC[N+](C)(C)C.[Br-],nonionic-cationic mixture,4.98951,0.0,0.0002844716534202788,,,,,,P2SURF mixture; updated_CMC-Data-for-mixed-micelle.csv; experimental CMC dataset; mol_fraction_A=0.498951049; mol_fraction_B=0.501048951; logCMC(uM)=2.454039 converted to mol/L; https://github.com/sandialabs/P2SURF
C(C(C(C(C(F)(F)F)(F)F)(F)F)(F)F)(F)(F)OCCOCCOCCOCCOCCOCCOCCOCCOCCOCCO.CCCCCCCCCCCC[N+](C)(C)C.[Br-],nonionic-cationic mixture,3.993007,0.0,0.0003296900572925362,,,,,,P2SURF mixture; updated_CMC-Data-for-mixed-micelle.csv; experimental CMC dataset; mol_fraction_A=0.399300699; mol_fraction_B=0.600699301; logCMC(uM)=2.51810585 converted to mol/L; https://github.com/sandialabs/P2SURF
C(C(C(C(C(F)(F)F)(F)F)(F)F)(F)F)(F)(F)OCCOCCOCCOCCOCCOCCOCCOCCOCCOCCO.CCCCCCCCCCCC[N+](C)(C)C.[Br-],nonionic-cationic mixture,2.986014,0.0,0.0005002237930263018,,,,,,P2SURF mixture; updated_CMC-Data-for-mixed-micelle.csv; experimental CMC dataset; mol_fraction_A=0.298601399; mol_fraction_B=0.701398601; logCMC(uM)=2.69916434 converted to mol/L; https://github.com/sandialabs/P2SURF
C(C(C(C(C(F)(F)F)(F)F)(F)F)(F)F)(F)(F)OCCOCCOCCOCCOCCOCCOCCOCCOCCOCCO.CCCCCCCCCCCC[N+](C)(C)C.[Br-],nonionic-cationic mixture,1.98951,0.0,0.0013518210972669356,,,,,,P2SURF mixture; updated_CMC-Data-for-mixed-micelle.csv; experimental CMC dataset; mol_fraction_A=0.198951049; mol_fraction_B=0.801048951; logCMC(uM)=3.13091922 converted to mol/L; https://github.com/sandialabs/P2SURF
C(C(C(C(C(F)(F)F)(F)F)(F)F)(F)F)(F)(F)OCCOCCOCCOCCOCCOCCOCCOCCOCCOCCO.CCCCCCCCCCCC[N+](C)(C)C.[Br-],nonionic-cationic mixture,0.982517,0.0,0.0029753468723314976,,,,,,P2SURF mixture; updated_CMC-Data-for-mixed-micelle.csv; experimental CMC dataset; mol_fraction_A=0.098251748; mol_fraction_B=0.901748252; logCMC(uM)=3.4735376 converted to mol/L; https://github.com/sandialabs/P2SURF
CCCCCCCCCCOS(=O)(=O)[O-].[Na+].CC(C)CC(C)(C#CC(C)(CC(C)C)OCCOCCOCCOCCOCCO)OCCOCCOCCOCCOCCO,anionic-nonionic mixture,10.0,0.0,0.010999999995992405,,,,,,P2SURF mixture; updated_CMC-Data-for-mixed-micelle.csv; experimental CMC dataset; mol_fraction_A=0.0; mol_fraction_B=1.0; logCMC(uM)=4.04139268 converted to mol/L; https://github.com/sandialabs/P2SURF
CCCCCCCCCCOS(=O)(=O)[O-].[Na+].CC(C)CC(C)(C#CC(C)(CC(C)C)OCCOCCOCCOCCOCCO)OCCOCCOCCOCCOCCO,anionic-nonionic mixture,9.5,0.0,0.0051299999986791954,,,,,,P2SURF mixture; updated_CMC-Data-for-mixed-micelle.csv; experimental CMC dataset; mol_fraction_A=0.05; mol_fraction_B=0.95; logCMC(uM)=3.71011736 converted to mol/L; https://github.com/sandialabs/P2SURF
CCCCCCCCCCOS(=O)(=O)[O-].[Na+].CC(C)CC(C)(C#CC(C)(CC(C)C)OCCOCCOCCOCCOCCO)OCCOCCOCCOCCOCCO,anionic-nonionic mixture,9.0,0.0,0.00524999999509256,,,,,,P2SURF mixture; updated_CMC-Data-for-mixed-micelle.csv; experimental CMC dataset; mol_fraction_A=0.1; mol_fraction_B=0.9; logCMC(uM)=3.7201593 converted to mol/L; https://github.com/sandialabs/P2SURF
CCCCCCCCCCOS(=O)(=O)[O-].[Na+].CC(C)CC(C)(C#CC(C)(CC(C)C)OCCOCCOCCOCCOCCO)OCCOCCOCCOCCOCCO,anionic-nonionic mixture,7.0,0.0,0.005499999993740787,,,,,,P2SURF mixture; updated_CMC-Data-for-mixed-micelle.csv; experimental CMC dataset; mol_fraction_A=0.3; mol_fraction_B=0.7; logCMC(uM)=3.74036269 converted to mol/L; https://github.com/sandialabs/P2SURF
CCCCCCCCCCOS(=O)(=O)[O-].[Na+].CC(C)CC(C)(C#CC(C)(CC(C)C)OCCOCCOCCOCCOCCO)OCCOCCOCCOCCOCCO,anionic-nonionic mixture,5.0,0.0,0.005499999993740787,,,,,,P2SURF mixture; updated_CMC-Data-for-mixed-micelle.csv; experimental CMC dataset; mol_fraction_A=0.5; mol_fraction_B=0.5; logCMC(uM)=3.74036269 converted to mol/L; https://github.com/sandialabs/P2SURF
CCCCCCCCCCOS(=O)(=O)[O-].[Na+].CC(C)CC(C)(C#CC(C)(CC(C)C)OCCOCCOCCOCCOCCO)OCCOCCOCCOCCOCCO,anionic-nonionic mixture,3.0,0.0,0.005750000004109251,,,,,,P2SURF mixture; updated_CMC-Data-for-mixed-micelle.csv; experimental CMC dataset; mol_fraction_A=0.7; mol_fraction_B=0.3; logCMC(uM)=3.75966785 converted to mol/L; https://github.com/sandialabs/P2SURF
CCCCCCCCCCOS(=O)(=O)[O-].[Na+].CC(C)CC(C)(C#CC(C)(CC(C)C)OCCOCCOCCOCCOCCO)OCCOCCOCCOCCOCCO,anionic-nonionic mixture,1.0,0.0,0.00955000000915329,,,,,,P2SURF mixture; updated_CMC-Data-for-mixed-micelle.csv; experimental CMC dataset; mol_fraction_A=0.9; mol_fraction_B=0.1; logCMC(uM)=3.98000337 converted to mol/L; https://github.com/sandialabs/P2SURF
CCCCCCCCCCOS(=O)(=O)[O-].[Na+].CC(C)CC(C)(C#CC(C)(CC(C)C)OCCOCCOCCOCCOCCO)OCCOCCOCCOCCOCCO,anionic-nonionic mixture,0.5,0.0,0.013490000010191272,,,,,,P2SURF mixture; updated_CMC-Data-for-mixed-micelle.csv; experimental CMC dataset; mol_fraction_A=0.95; mol_fraction_B=0.05; logCMC(uM)=4.13001195 converted to mol/L; https://github.com/sandialabs/P2SURF
CCCCCCCCCCCCOS(=O)(=O)[O-].[Na+].CC(C)CC(C)(C#CC(C)(CC(C)C)OCCOCCOCCOCCOCCO)OCCOCCOCCOCCOCCO,anionic-nonionic mixture,10.0,0.0,0.010999999995992405,,,,,,P2SURF mixture; updated_CMC-Data-for-mixed-micelle.csv; experimental CMC dataset; mol_fraction_A=0.0; mol_fraction_B=1.0; logCMC(uM)=4.04139268 converted to mol/L; https://github.com/sandialabs/P2SURF
CCCCCCCCCCCCOS(=O)(=O)[O-].[Na+].CC(C)CC(C)(C#CC(C)(CC(C)C)OCCOCCOCCOCCOCCO)OCCOCCOCCOCCOCCO,anionic-nonionic mixture,9.5,0.0,0.002750000001074795,,,,,,P2SURF mixture; updated_CMC-Data-for-mixed-micelle.csv; experimental CMC dataset; mol_fraction_A=0.05; mol_fraction_B=0.95; logCMC(uM)=3.43933269 converted to mol/L; https://github.com/sandialabs/P2SURF
CCCCCCCCCCCCOS(=O)(=O)[O-].[Na+].CC(C)CC(C)(C#CC(C)(CC(C)C)OCCOCCOCCOCCOCCO)OCCOCCOCCOCCOCCO,anionic-nonionic mixture,9.0,0.0,0.002629999997034125,,,,,,P2SURF mixture; updated_CMC-Data-for-mixed-micelle.csv; experimental CMC dataset; mol_fraction_A=0.1; mol_fraction_B=0.9; logCMC(uM)=3.41995575 converted to mol/L; https://github.com/sandialabs/P2SURF
CCCCCCCCCCCCOS(=O)(=O)[O-].[Na+].CC(C)CC(C)(C#CC(C)(CC(C)C)OCCOCCOCCOCCOCCO)OCCOCCOCCOCCOCCO,anionic-nonionic mixture,7.0,0.0,0.0020000000015474237,,,,,,P2SURF mixture; updated_CMC-Data-for-mixed-micelle.csv; experimental CMC dataset; mol_fraction_A=0.3; mol_fraction_B=0.7; logCMC(uM)=3.30103 converted to mol/L; https://github.com/sandialabs/P2SURF
CCCCCCCCCCCCOS(=O)(=O)[O-].[Na+].CC(C)CC(C)(C#CC(C)(CC(C)C)OCCOCCOCCOCCOCCO)OCCOCCOCCOCCOCCO,anionic-nonionic mixture,5.0,0.0,0.0019499999983722785,,,,,,P2SURF mixture; updated_CMC-Data-for-mixed-micelle.csv; experimental CMC dataset; mol_fraction_A=0.5; mol_fraction_B=0.5; logCMC(uM)=3.29003461 converted to mol/L; https://github.com/sandialabs/P2SURF
CCCCCCCCCCCCOS(=O)(=O)[O-].[Na+].CC(C)CC(C)(C#CC(C)(CC(C)C)OCCOCCOCCOCCOCCO)OCCOCCOCCOCCOCCO,anionic-nonionic mixture,3.0,0.0,0.0022399999982764575,,,,,,P2SURF mixture; updated_CMC-Data-for-mixed-micelle.csv; experimental CMC dataset; mol_fraction_A=0.7; mol_fraction_B=0.3; logCMC(uM)=3.35024802 converted to mol/L; https://github.com/sandialabs/P2SURF
CCCCCCCCCCCCOS(=O)(=O)[O-].[Na+].CC(C)CC(C)(C#CC(C)(CC(C)C)OCCOCCOCCOCCOCCO)OCCOCCOCCOCCOCCO,anionic-nonionic mixture,1.0,0.0,0.003889999997082616,,,,,,P2SURF mixture; updated_CMC-Data-for-mixed-micelle.csv; experimental CMC dataset; mol_fraction_A=0.9; mol_fraction_B=0.1; logCMC(uM)=3.5899496 converted to mol/L; https://github.com/sandialabs/P2SURF
CCCCCCCCCCCCOS(=O)(=O)[O-].[Na+].CC(C)CC(C)(C#CC(C)(CC(C)C)OCCOCCOCCOCCOCCO)OCCOCCOCCOCCOCCO,anionic-nonionic mixture,0.5,0.0,0.0039799999993247025,,,,,,P2SURF mixture; updated_CMC-Data-for-mixed-micelle.csv; experimental CMC dataset; mol_fraction_A=0.95; mol_fraction_B=0.05; logCMC(uM)=3.59988307 converted to mol/L; https://github.com/sandialabs/P2SURF
CCCCC(CC)CCC(CC(C)C)OS(=O)(=O)[O-].[Na+].CC(C)CC(C)(C#CC(C)(CC(C)C)OCCOCCOCCOCCOCCO)OCCOCCOCCOCCOCCO,anionic-nonionic mixture,10.0,0.0,0.010999999995992405,,,,,,P2SURF mixture; updated_CMC-Data-for-mixed-micelle.csv; experimental CMC dataset; mol_fraction_A=0.0; mol_fraction_B=1.0; logCMC(uM)=4.04139268 converted to mol/L; https://github.com/sandialabs/P2SURF
CCCCC(CC)CCC(CC(C)C)OS(=O)(=O)[O-].[Na+].CC(C)CC(C)(C#CC(C)(CC(C)C)OCCOCCOCCOCCOCCO)OCCOCCOCCOCCOCCO,anionic-nonionic mixture,9.5,0.0,0.0020000000015474237,,,,,,P2SURF mixture; updated_CMC-Data-for-mixed-micelle.csv; experimental CMC dataset; mol_fraction_A=0.05; mol_fraction_B=0.95; logCMC(uM)=3.30103 converted to mol/L; https://github.com/sandialabs/P2SURF
CCCCC(CC)CCC(CC(C)C)OS(=O)(=O)[O-].[Na+].CC(C)CC(C)(C#CC(C)(CC(C)C)OCCOCCOCCOCCOCCO)OCCOCCOCCOCCOCCO,anionic-nonionic mixture,9.0,0.0,0.0013799999987250443,,,,,,P2SURF mixture; updated_CMC-Data-for-mixed-micelle.csv; experimental CMC dataset; mol_fraction_A=0.1; mol_fraction_B=0.9; logCMC(uM)=3.13987909 converted to mol/L; https://github.com/sandialabs/P2SURF
CCCCC(CC)CCC(CC(C)C)OS(=O)(=O)[O-].[Na+].CC(C)CC(C)(C#CC(C)(CC(C)C)OCCOCCOCCOCCOCCO)OCCOCCOCCOCCOCCO,anionic-nonionic mixture,7.0,0.0,0.0009499999993681583,,,,,,P2SURF mixture; updated_CMC-Data-for-mixed-micelle.csv; experimental CMC dataset; mol_fraction_A=0.3; mol_fraction_B=0.7; logCMC(uM)=2.9777236 converted to mol/L; https://github.com/sandialabs/P2SURF
CCCCC(CC)CCC(CC(C)C)OS(=O)(=O)[O-].[Na+].CC(C)CC(C)(C#CC(C)(CC(C)C)OCCOCCOCCOCCOCCO)OCCOCCOCCOCCOCCO,anionic-nonionic mixture,5.0,0.0,0.0009099999993271958,,,,,,P2SURF mixture; updated_CMC-Data-for-mixed-micelle.csv; experimental CMC dataset; mol_fraction_A=0.5; mol_fraction_B=0.5; logCMC(uM)=2.95904139 converted to mol/L; https://github.com/sandialabs/P2SURF
CCCCC(CC)CCC(CC(C)C)OS(=O)(=O)[O-].[Na+].CC(C)CC(C)(C#CC(C)(CC(C)C)OCCOCCOCCOCCOCCO)OCCOCCOCCOCCOCCO,anionic-nonionic mixture,3.0,0.0,0.0009800000006938952,,,,,,P2SURF mixture; updated_CMC-Data-for-mixed-micelle.csv; experimental CMC dataset; mol_fraction_A=0.7; mol_fraction_B=0.3; logCMC(uM)=2.99122608 converted to mol/L; https://github.com/sandialabs/P2SURF
CCCCC(CC)CCC(CC(C)C)OS(=O)(=O)[O-].[Na+].CC(C)CC(C)(C#CC(C)(CC(C)C)OCCOCCOCCOCCOCCO)OCCOCCOCCOCCOCCO,anionic-nonionic mixture,1.0,0.0,0.001120000000850567,,,,,,P2SURF mixture; updated_CMC-Data-for-mixed-micelle.csv; experimental CMC dataset; mol_fraction_A=0.9; mol_fraction_B=0.1; logCMC(uM)=3.04921802 converted to mol/L; https://github.com/sandialabs/P2SURF
CCCCC(CC)CCC(CC(C)C)OS(=O)(=O)[O-].[Na+].CC(C)CC(C)(C#CC(C)(CC(C)C)OCCOCCOCCOCCOCCO)OCCOCCOCCOCCOCCO,anionic-nonionic mixture,0.5,0.0,0.0015800000001658142,,,,,,P2SURF mixture; updated_CMC-Data-for-mixed-micelle.csv; experimental CMC dataset; mol_fraction_A=0.95; mol_fraction_B=0.05; logCMC(uM)=3.19865709 converted to mol/L; https://github.com/sandialabs/P2SURF
CCCCCCCCCCS(=O)(=O)[O-].[Na+].CC(C)CC(C)(C#CC(C)(CC(C)C)OCCOCCOCCOCCOCCO)OCCOCCOCCOCCOCCO,anionic-nonionic mixture,10.0,0.0,0.010999999995992405,,,,,,P2SURF mixture; updated_CMC-Data-for-mixed-micelle.csv; experimental CMC dataset; mol_fraction_A=0.0; mol_fraction_B=1.0; logCMC(uM)=4.04139268 converted to mol/L; https://github.com/sandialabs/P2SURF
CCCCCCCCCCS(=O)(=O)[O-].[Na+].CC(C)CC(C)(C#CC(C)(CC(C)C)OCCOCCOCCOCCOCCO)OCCOCCOCCOCCOCCO,anionic-nonionic mixture,9.5,0.0,0.006919999992722069,,,,,,P2SURF mixture; updated_CMC-Data-for-mixed-micelle.csv; experimental CMC dataset; mol_fraction_A=0.05; mol_fraction_B=0.95; logCMC(uM)=3.84010609 converted to mol/L; https://github.com/sandialabs/P2SURF
CCCCCCCCCCS(=O)(=O)[O-].[Na+].CC(C)CC(C)(C#CC(C)(CC(C)C)OCCOCCOCCOCCOCCO)OCCOCCOCCOCCOCCO,anionic-nonionic mixture,9.0,0.0,0.0060999999998487715,,,,,,P2SURF mixture; updated_CMC-Data-for-mixed-micelle.csv; experimental CMC dataset; mol_fraction_A=0.1; mol_fraction_B=0.9; logCMC(uM)=3.78532984 converted to mol/L; https://github.com/sandialabs/P2SURF
CCCCCCCCCCS(=O)(=O)[O-].[Na+].CC(C)CC(C)(C#CC(C)(CC(C)C)OCCOCCOCCOCCOCCO)OCCOCCOCCOCCOCCO,anionic-nonionic mixture,7.0,0.0,0.0070800000050574765,,,,,,P2SURF mixture; updated_CMC-Data-for-mixed-micelle.csv; experimental CMC dataset; mol_fraction_A=0.3; mol_fraction_B=0.7; logCMC(uM)=3.85003326 converted to mol/L; https://github.com/sandialabs/P2SURF
CCCCCCCCCCS(=O)(=O)[O-].[Na+].CC(C)CC(C)(C#CC(C)(CC(C)C)OCCOCCOCCOCCOCCO)OCCOCCOCCOCCOCCO,anionic-nonionic mixture,5.0,0.0,0.005499999993740787,,,,,,P2SURF mixture; updated_CMC-Data-for-mixed-micelle.csv; experimental CMC dataset; mol_fraction_A=0.5; mol_fraction_B=0.5; logCMC(uM)=3.74036269 converted to mol/L; https://github.com/sandialabs/P2SURF
CCCCCCCCCCS(=O)(=O)[O-].[Na+].CC(C)CC(C)(C#CC(C)(CC(C)C)OCCOCCOCCOCCOCCO)OCCOCCOCCOCCOCCO,anionic-nonionic mixture,3.0,0.0,0.007590000001826652,,,,,,P2SURF mixture; updated_CMC-Data-for-mixed-micelle.csv; experimental CMC dataset; mol_fraction_A=0.7; mol_fraction_B=0.3; logCMC(uM)=3.88024178 converted to mol/L; https://github.com/sandialabs/P2SURF
CCCCCCCCCCS(=O)(=O)[O-].[Na+].CC(C)CC(C)(C#CC(C)(CC(C)C)OCCOCCOCCOCCOCCO)OCCOCCOCCOCCOCCO,anionic-nonionic mixture,1.0,0.0,0.01413000000492722,,,,,,P2SURF mixture; updated_CMC-Data-for-mixed-micelle.csv; experimental CMC dataset; mol_fraction_A=0.9; mol_fraction_B=0.1; logCMC(uM)=4.15014216 converted to mol/L; https://github.com/sandialabs/P2SURF
CCCCCCCCCCS(=O)(=O)[O-].[Na+].CC(C)CC(C)(C#CC(C)(CC(C)C)OCCOCCOCCOCCOCCO)OCCOCCOCCOCCOCCO,anionic-nonionic mixture,0.5,0.0,0.014790000000105831,,,,,,P2SURF mixture; updated_CMC-Data-for-mixed-micelle.csv; experimental CMC dataset; mol_fraction_A=0.95; mol_fraction_B=0.05; logCMC(uM)=4.16996817 converted to mol/L; https://github.com/sandialabs/P2SURF
CCCCCCCCCCCCS(=O)(=O)[O-].[Na+].CC(C)CC(C)(C#CC(C)(CC(C)C)OCCOCCOCCOCCOCCO)OCCOCCOCCOCCOCCO,anionic-nonionic mixture,10.0,0.0,0.010999999995992405,,,,,,P2SURF mixture; updated_CMC-Data-for-mixed-micelle.csv; experimental CMC dataset; mol_fraction_A=0.0; mol_fraction_B=1.0; logCMC(uM)=4.04139268 converted to mol/L; https://github.com/sandialabs/P2SURF
CCCCCCCCCCCCS(=O)(=O)[O-].[Na+].CC(C)CC(C)(C#CC(C)(CC(C)C)OCCOCCOCCOCCOCCO)OCCOCCOCCOCCOCCO,anionic-nonionic mixture,9.5,0.0,0.0026899999999850863,,,,,,P2SURF mixture; updated_CMC-Data-for-mixed-micelle.csv; experimental CMC dataset; mol_fraction_A=0.05; mol_fraction_B=0.95; logCMC(uM)=3.42975228 converted to mol/L; https://github.com/sandialabs/P2SURF
CCCCCCCCCCCCS(=O)(=O)[O-].[Na+].CC(C)CC(C)(C#CC(C)(CC(C)C)OCCOCCOCCOCCOCCO)OCCOCCOCCOCCOCCO,anionic-nonionic mixture,9.0,0.0,0.0025699999980395172,,,,,,P2SURF mixture; updated_CMC-Data-for-mixed-micelle.csv; experimental CMC dataset; mol_fraction_A=0.1; mol_fraction_B=0.9; logCMC(uM)=3.40993312 converted to mol/L; https://github.com/sandialabs/P2SURF
CCCCCCCCCCCCS(=O)(=O)[O-].[Na+].CC(C)CC(C)(C#CC(C)(CC(C)C)OCCOCCOCCOCCOCCO)OCCOCCOCCOCCOCCO,anionic-nonionic mixture,7.0,0.0,0.002509999997219846,,,,,,P2SURF mixture; updated_CMC-Data-for-mixed-micelle.csv; experimental CMC dataset; mol_fraction_A=0.3; mol_fraction_B=0.7; logCMC(uM)=3.39967372 converted to mol/L; https://github.com/sandialabs/P2SURF
CCCCCCCCCCCCS(=O)(=O)[O-].[Na+].CC(C)CC(C)(C#CC(C)(CC(C)C)OCCOCCOCCOCCOCCO)OCCOCCOCCOCCOCCO,anionic-nonionic mixture,5.0,0.0,0.002449999997943552,,,,,,P2SURF mixture; updated_CMC-Data-for-mixed-micelle.csv; experimental CMC dataset; mol_fraction_A=0.5; mol_fraction_B=0.5; logCMC(uM)=3.38916608 converted to mol/L; https://github.com/sandialabs/P2SURF
CCCCCCCCCCCCS(=O)(=O)[O-].[Na+].CC(C)CC(C)(C#CC(C)(CC(C)C)OCCOCCOCCOCCOCCO)OCCOCCOCCOCCOCCO,anionic-nonionic mixture,3.0,0.0,0.002950000000148332,,,,,,P2SURF mixture; updated_CMC-Data-for-mixed-micelle.csv; experimental CMC dataset; mol_fraction_A=0.7; mol_fraction_B=0.3; logCMC(uM)=3.46982202 converted to mol/L; https://github.com/sandialabs/P2SURF
CCCCCCCCCCCCS(=O)(=O)[O-].[Na+].CC(C)CC(C)(C#CC(C)(CC(C)C)OCCOCCOCCOCCOCCO)OCCOCCOCCOCCOCCO,anionic-nonionic mixture,1.0,0.0,0.0032399999984585957,,,,,,P2SURF mixture; updated_CMC-Data-for-mixed-micelle.csv; experimental CMC dataset; mol_fraction_A=0.9; mol_fraction_B=0.1; logCMC(uM)=3.51054501 converted to mol/L; https://github.com/sandialabs/P2SURF
CCCCCCCCCCCCS(=O)(=O)[O-].[Na+].CC(C)CC(C)(C#CC(C)(CC(C)C)OCCOCCOCCOCCOCCO)OCCOCCOCCOCCOCCO,anionic-nonionic mixture,0.5,0.0,0.00456999999926498,,,,,,P2SURF mixture; updated_CMC-Data-for-mixed-micelle.csv; experimental CMC dataset; mol_fraction_A=0.95; mol_fraction_B=0.05; logCMC(uM)=3.6599162 converted to mol/L; https://github.com/sandialabs/P2SURF
CCCCC(CC)CCC(CC(C)C)S(=O)(=O)[O-].[Na+].CC(C)CC(C)(C#CC(C)(CC(C)C)OCCOCCOCCOCCOCCO)OCCOCCOCCOCCOCCO,anionic-nonionic mixture,10.0,0.0,0.010999999995992405,,,,,,P2SURF mixture; updated_CMC-Data-for-mixed-micelle.csv; experimental CMC dataset; mol_fraction_A=0.0; mol_fraction_B=1.0; logCMC(uM)=4.04139268 converted to mol/L; https://github.com/sandialabs/P2SURF
CCCCC(CC)CCC(CC(C)C)S(=O)(=O)[O-].[Na+].CC(C)CC(C)(C#CC(C)(CC(C)C)OCCOCCOCCOCCOCCO)OCCOCCOCCOCCOCCO,anionic-nonionic mixture,9.5,0.0,0.002750000001074795,,,,,,P2SURF mixture; updated_CMC-Data-for-mixed-micelle.csv; experimental CMC dataset; mol_fraction_A=0.05; mol_fraction_B=0.95; logCMC(uM)=3.43933269 converted to mol/L; https://github.com/sandialabs/P2SURF
CCCCC(CC)CCC(CC(C)C)S(=O)(=O)[O-].[Na+].CC(C)CC(C)(C#CC(C)(CC(C)C)OCCOCCOCCOCCOCCO)OCCOCCOCCOCCOCCO,anionic-nonionic mixture,9.0,0.0,0.002289999998207797,,,,,,P2SURF mixture; updated_CMC-Data-for-mixed-micelle.csv; experimental CMC dataset; mol_fraction_A=0.1; mol_fraction_B=0.9; logCMC(uM)=3.35983548 converted to mol/L; https://github.com/sandialabs/P2SURF
CCCCC(CC)CCC(CC(C)C)S(=O)(=O)[O-].[Na+].CC(C)CC(C)(C#CC(C)(CC(C)C)OCCOCCOCCOCCOCCO)OCCOCCOCCOCCOCCO,anionic-nonionic mixture,7.0,0.0,0.00190999999891051,,,,,,P2SURF mixture; updated_CMC-Data-for-mixed-micelle.csv; experimental CMC dataset; mol_fraction_A=0.3; mol_fraction_B=0.7; logCMC(uM)=3.28103337 converted to mol/L; https://github.com/sandialabs/P2SURF
CCCCC(CC)CCC(CC(C)C)S(=O)(=O)[O-].[Na+].CC(C)CC(C)(C#CC(C)(CC(C)C)OCCOCCOCCOCCOCCO)OCCOCCOCCOCCOCCO,anionic-nonionic mixture,5.0,0.0,0.0013799999987250443,,,,,,P2SURF mixture; updated_CMC-Data-for-mixed-micelle.csv; experimental CMC dataset; mol_fraction_A=0.5; mol_fraction_B=0.5; logCMC(uM)=3.13987909 converted to mol/L; https://github.com/sandialabs/P2SURF
CCCCC(CC)CCC(CC(C)C)S(=O)(=O)[O-].[Na+].CC(C)CC(C)(C#CC(C)(CC(C)C)OCCOCCOCCOCCOCCO)OCCOCCOCCOCCOCCO,anionic-nonionic mixture,3.0,0.0,0.0013799999987250443,,,,,,P2SURF mixture; updated_CMC-Data-for-mixed-micelle.csv; experimental CMC dataset; mol_fraction_A=0.7; mol_fraction_B=0.3; logCMC(uM)=3.13987909 converted to mol/L; https://github.com/sandialabs/P2SURF
CCCCC(CC)CCC(CC(C)C)S(=O)(=O)[O-].[Na+].CC(C)CC(C)(C#CC(C)(CC(C)C)OCCOCCOCCOCCOCCO)OCCOCCOCCOCCOCCO,anionic-nonionic mixture,1.0,0.0,0.0017399999988677657,,,,,,P2SURF mixture; updated_CMC-Data-for-mixed-micelle.csv; experimental CMC dataset; mol_fraction_A=0.9; mol_fraction_B=0.1; logCMC(uM)=3.24054925 converted to mol/L; https://github.com/sandialabs/P2SURF
CCCCC(CC)CCC(CC(C)C)S(=O)(=O)[O-].[Na+].CC(C)CC(C)(C#CC(C)(CC(C)C)OCCOCCOCCOCCOCCO)OCCOCCOCCOCCOCCO,anionic-nonionic mixture,0.5,0.0,0.0024000000015937245,,,,,,P2SURF mixture; updated_CMC-Data-for-mixed-micelle.csv; experimental CMC dataset; mol_fraction_A=0.95; mol_fraction_B=0.05; logCMC(uM)=3.38021124 converted to mol/L; https://github.com/sandialabs/P2SURF
CCCCCCCCOCCO.CCCCCCCCOCCO,nonionic mixture,1.0,0.0,0.004899999999678292,,,,,,P2SURF mixture; updated_CMC-Data-for-mixed-micelle.csv; experimental CMC dataset; mol_fraction_A=0.5; mol_fraction_B=0.5; logCMC(uM)=3.69019608 converted to mol/L; https://github.com/sandialabs/P2SURF
CCCCCCCCOCCOCCOCCO.CCCCCCCCOCCOCCOCCO,nonionic mixture,3.0,0.0,0.007499999993235582,,,,,,P2SURF mixture; updated_CMC-Data-for-mixed-micelle.csv; experimental CMC dataset; mol_fraction_A=0.5; mol_fraction_B=0.5; logCMC(uM)=3.87506126 converted to mol/L; https://github.com/sandialabs/P2SURF
CCCCCCCCOCCOCCOCCOCCOCCO.CCCCCCCCOCCOCCOCCOCCOCCO,nonionic mixture,5.0,0.0,0.009199999992679831,,,,,,P2SURF mixture; updated_CMC-Data-for-mixed-micelle.csv; experimental CMC dataset; mol_fraction_A=0.5; mol_fraction_B=0.5; logCMC(uM)=3.96378783 converted to mol/L; https://github.com/sandialabs/P2SURF
CCCCCCCCOCCOCCOCCOCCOCCOCCO.CCCCCCCCOCCOCCOCCOCCOCCOCCO,nonionic mixture,6.0,0.0,0.009900000009174093,,,,,,P2SURF mixture; updated_CMC-Data-for-mixed-micelle.csv; experimental CMC dataset; mol_fraction_A=0.5; mol_fraction_B=0.5; logCMC(uM)=3.9956352 converted to mol/L; https://github.com/sandialabs/P2SURF
CCCCCCCCCCOCCOCCOCCOCCO.CCCCCCCCCCOCCOCCOCCOCCO,nonionic mixture,4.0,0.0,0.0006800000004599625,,,,,,P2SURF mixture; updated_CMC-Data-for-mixed-micelle.csv; experimental CMC dataset; mol_fraction_A=0.5; mol_fraction_B=0.5; logCMC(uM)=2.83250891 converted to mol/L; https://github.com/sandialabs/P2SURF
CCCCCCCCCCOCCOCCOCCOCCOCCO.CCCCCCCCCCOCCOCCOCCOCCOCCO,nonionic mixture,5.0,0.0,0.000759999999508625,,,,,,P2SURF mixture; updated_CMC-Data-for-mixed-micelle.csv; experimental CMC dataset; mol_fraction_A=0.5; mol_fraction_B=0.5; logCMC(uM)=2.88081359 converted to mol/L; https://github.com/sandialabs/P2SURF
CCCCCCCCCCOCCOCCOCCOCCOCCOCCO.CCCCCCCCCCOCCOCCOCCOCCOCCOCCO,nonionic mixture,6.0,0.0,0.0008999999990895758,,,,,,P2SURF mixture; updated_CMC-Data-for-mixed-micelle.csv; experimental CMC dataset; mol_fraction_A=0.5; mol_fraction_B=0.5; logCMC(uM)=2.95424251 converted to mol/L; https://github.com/sandialabs/P2SURF
CCCCCCCCCCOCCOCCOCCOCCOCCOCCOCCOCCO.CCCCCCCCCCOCCOCCOCCOCCOCCOCCOCCOCCO,nonionic mixture,8.0,0.0,0.001,,,,,,P2SURF mixture; updated_CMC-Data-for-mixed-micelle.csv; experimental CMC dataset; mol_fraction_A=0.5; mol_fraction_B=0.5; logCMC(uM)=3 converted to mol/L; https://github.com/sandialabs/P2SURF
CCCCCCCCCCCOCCOCCOCCOCCOCCOCCOCCOCCO.CCCCCCCCCCCOCCOCCOCCOCCOCCOCCOCCOCCO,nonionic mixture,8.0,0.0,0.0003000000001936504,,,,,,P2SURF mixture; updated_CMC-Data-for-mixed-micelle.csv; experimental CMC dataset; mol_fraction_A=0.5; mol_fraction_B=0.5; logCMC(uM)=2.47712126 converted to mol/L; https://github.com/sandialabs/P2SURF
CCCCCCCCCCCCOCCOCCO.CCCCCCCCCCCCOCCOCCO,nonionic mixture,2.0,0.0,3.300000000927876e-05,,,,,,P2SURF mixture; updated_CMC-Data-for-mixed-micelle.csv; experimental CMC dataset; mol_fraction_A=0.5; mol_fraction_B=0.5; logCMC(uM)=1.51851394 converted to mol/L; https://github.com/sandialabs/P2SURF
CCCCCCCCCCCCOCCOCCOCCO.CCCCCCCCCCCCOCCOCCOCCO,nonionic mixture,3.0,0.0,5.200000004372708e-05,,,,,,P2SURF mixture; updated_CMC-Data-for-mixed-micelle.csv; experimental CMC dataset; mol_fraction_A=0.5; mol_fraction_B=0.5; logCMC(uM)=1.71600334 converted to mol/L; https://github.com/sandialabs/P2SURF
CCCCCCCCCCCCOCCOCCOCCOCCO.CCCCCCCCCCCCOCCOCCOCCOCCO,nonionic mixture,4.0,0.0,6.400000000237447e-05,,,,,,P2SURF mixture; updated_CMC-Data-for-mixed-micelle.csv; experimental CMC dataset; mol_fraction_A=0.5; mol_fraction_B=0.5; logCMC(uM)=1.80617997 converted to mol/L; https://github.com/sandialabs/P2SURF
CCCCCCCCCCCCOCCOCCOCCOCCOCCO.CCCCCCCCCCCCOCCOCCOCCOCCOCCO,nonionic mixture,5.0,0.0,6.400000000237447e-05,,,,,,P2SURF mixture; updated_CMC-Data-for-mixed-micelle.csv; experimental CMC dataset; mol_fraction_A=0.5; mol_fraction_B=0.5; logCMC(uM)=1.80617997 converted to mol/L; https://github.com/sandialabs/P2SURF
CCCCCCCCCCCCOCCOCCOCCOCCOCCOCCOCCO.CCCCCCCCCCCCOCCOCCOCCOCCOCCOCCOCCO,nonionic mixture,7.0,0.0,8.199999992754979e-05,,,,,,P2SURF mixture; updated_CMC-Data-for-mixed-micelle.csv; experimental CMC dataset; mol_fraction_A=0.5; mol_fraction_B=0.5; logCMC(uM)=1.91381385 converted to mol/L; https://github.com/sandialabs/P2SURF
CCCCCCCCCCCCOCCOCCOCCOCCOCCOCCOCCOCCO.CCCCCCCCCCCCOCCOCCOCCOCCOCCOCCOCCOCCO,nonionic mixture,8.0,0.0,0.00010900000001490235,,,,,,P2SURF mixture; updated_CMC-Data-for-mixed-micelle.csv; experimental CMC dataset; mol_fraction_A=0.5; mol_fraction_B=0.5; logCMC(uM)=2.0374265 converted to mol/L; https://github.com/sandialabs/P2SURF
CCCCCCCCCCCCCOCCOCCOCCOCCOCCO.CCCCCCCCCCCCCOCCOCCOCCOCCOCCO,nonionic mixture,5.0,0.0,4.899999999678287e-05,,,,,,P2SURF mixture; updated_CMC-Data-for-mixed-micelle.csv; experimental CMC dataset; mol_fraction_A=0.5; mol_fraction_B=0.5; logCMC(uM)=1.69019608 converted to mol/L; https://github.com/sandialabs/P2SURF
CCCCCCCCCCCCCOCCOCCOCCOCCOCCOCCOCCOCCO.CCCCCCCCCCCCCOCCOCCOCCOCCOCCOCCOCCOCCO,nonionic mixture,8.0,0.0,2.6999999990115812e-05,,,,,,P2SURF mixture; updated_CMC-Data-for-mixed-micelle.csv; experimental CMC dataset; mol_fraction_A=0.5; mol_fraction_B=0.5; logCMC(uM)=1.43136376 converted to mol/L; https://github.com/sandialabs/P2SURF
CCCCCCCCCCCCCCOCCOCCOCCOCCOCCOCCO.CCCCCCCCCCCCCCOCCOCCOCCOCCOCCOCCO,nonionic mixture,6.0,0.0,1e-05,,,,,,P2SURF mixture; updated_CMC-Data-for-mixed-micelle.csv; experimental CMC dataset; mol_fraction_A=0.5; mol_fraction_B=0.5; logCMC(uM)=1 converted to mol/L; https://github.com/sandialabs/P2SURF
CCCCCCCCCCCCCCOCCOCCOCCOCCOCCOCCOCCOCCO.CCCCCCCCCCCCCCOCCOCCOCCOCCOCCOCCOCCOCCO,nonionic mixture,8.0,0.0,8.999999990895758e-06,,,,,,P2SURF mixture; updated_CMC-Data-for-mixed-micelle.csv; experimental CMC dataset; mol_fraction_A=0.5; mol_fraction_B=0.5; logCMC(uM)=0.954242509 converted to mol/L; https://github.com/sandialabs/P2SURF
CCCCCCCCCCCCCCCOCCOCCOCCOCCOCCOCCOCCOCCO.CCCCCCCCCCCCCCCOCCOCCOCCOCCOCCOCCOCCOCCO,nonionic mixture,8.0,0.0,3.4999999971771144e-06,,,,,,P2SURF mixture; updated_CMC-Data-for-mixed-micelle.csv; experimental CMC dataset; mol_fraction_A=0.5; mol_fraction_B=0.5; logCMC(uM)=0.544068044 converted to mol/L; https://github.com/sandialabs/P2SURF
CCCCCCCCCCCCCCCCOCCOCCOCCOCCOCCOCCO.CCCCCCCCCCCCCCCCOCCOCCOCCOCCOCCOCCO,nonionic mixture,6.0,0.0,1.6599999998468975e-06,,,,,,P2SURF mixture; updated_CMC-Data-for-mixed-micelle.csv; experimental CMC dataset; mol_fraction_A=0.5; mol_fraction_B=0.5; logCMC(uM)=0.220108088 converted to mol/L; https://github.com/sandialabs/P2SURF
CCCCCCCCCCCCCCCCOCCOCCOCCOCCOCCOCCOCCO.CCCCCCCCCCCCCCCCOCCOCCOCCOCCOCCOCCOCCO,nonionic mixture,7.0,0.0,1.6999999985192859e-06,,,,,,P2SURF mixture; updated_CMC-Data-for-mixed-micelle.csv; experimental CMC dataset; mol_fraction_A=0.5; mol_fraction_B=0.5; logCMC(uM)=0.230448921 converted to mol/L; https://github.com/sandialabs/P2SURF
CCCCCCCCCCCCCCCCOCCOCCOCCOCCOCCOCCOCCOCCOCCO.CCCCCCCCCCCCCCCCOCCOCCOCCOCCOCCOCCOCCOCCOCCO,nonionic mixture,9.0,0.0,2.1000000012866145e-06,,,,,,P2SURF mixture; updated_CMC-Data-for-mixed-micelle.csv; experimental CMC dataset; mol_fraction_A=0.5; mol_fraction_B=0.5; logCMC(uM)=0.322219295 converted to mol/L; https://github.com/sandialabs/P2SURF
CCCCCCCCCCCCCCCCOCCOCCOCCOCCOCCOCCOCCOCCOCCOCCOCCOCCO.CCCCCCCCCCCCCCCCOCCOCCOCCOCCOCCOCCOCCOCCOCCOCCOCCOCCO,nonionic mixture,12.0,0.0,2.2999999999068293e-06,,,,,,P2SURF mixture; updated_CMC-Data-for-mixed-micelle.csv; experimental CMC dataset; mol_fraction_A=0.5; mol_fraction_B=0.5; logCMC(uM)=0.361727836 converted to mol/L; https://github.com/sandialabs/P2SURF
CCCCCCCCCCCCCCCCOCCOCCOCCOCCOCCOCCOCCOCCOCCOCCOCCOCCOCCOCCOCCO.CCCCCCCCCCCCCCCCOCCOCCOCCOCCOCCOCCOCCOCCOCCOCCOCCOCCOCCOCCOCCO,nonionic mixture,15.0,0.0,3.1000000011829645e-06,,,,,,P2SURF mixture; updated_CMC-Data-for-mixed-micelle.csv; experimental CMC dataset; mol_fraction_A=0.5; mol_fraction_B=0.5; logCMC(uM)=0.491361694 converted to mol/L; https://github.com/sandialabs/P2SURF
CCCCCCCCCCCCCCCCOCCOCCOCCOCCOCCOCCOCCOCCOCCOCCOCCOCCOCCOCCOCCOCCOCCOCCOCCOCCOCCO.CCCCCCCCCCCCCCCCOCCOCCOCCOCCOCCOCCOCCOCCOCCOCCOCCOCCOCCOCCOCCOCCOCCOCCOCCOCCOCCO,nonionic mixture,21.0,0.0,3.899999999762034e-06,,,,,,P2SURF mixture; updated_CMC-Data-for-mixed-micelle.csv; experimental CMC dataset; mol_fraction_A=0.5; mol_fraction_B=0.5; logCMC(uM)=0.591064607 converted to mol/L; https://github.com/sandialabs/P2SURF
OCCOCCOCCSCCC(F)(F)C(F)(F)C(F)(F)C(F)(F)C(F)(F)C(F)(F)F.OCCOCCOCCSCCC(F)(F)C(F)(F)C(F)(F)C(F)(F)C(F)(F)C(F)(F)F,nonionic mixture,3.0,0.0,0.0025000000018879035,,,,,,P2SURF mixture; updated_CMC-Data-for-mixed-micelle.csv; experimental CMC dataset; mol_fraction_A=0.5; mol_fraction_B=0.5; logCMC(uM)=3.39794001 converted to mol/L; https://github.com/sandialabs/P2SURF
OCCOCCOCCOCCSCCC(F)(F)C(F)(F)C(F)(F)C(F)(F)C(F)(F)C(F)(F)F.OCCOCCOCCOCCSCCC(F)(F)C(F)(F)C(F)(F)C(F)(F)C(F)(F)C(F)(F)F,nonionic mixture,4.0,0.0,0.0027999999977936303,,,,,,P2SURF mixture; updated_CMC-Data-for-mixed-micelle.csv; experimental CMC dataset; mol_fraction_A=0.5; mol_fraction_B=0.5; logCMC(uM)=3.44715803 converted to mol/L; https://github.com/sandialabs/P2SURF
OCCOCCOCCOCCOCCOCCSCCC(F)(F)C(F)(F)C(F)(F)C(F)(F)C(F)(F)C(F)(F)F.OCCOCCOCCOCCOCCOCCSCCC(F)(F)C(F)(F)C(F)(F)C(F)(F)C(F)(F)C(F)(F)F,nonionic mixture,6.0,0.0,0.0036999999994292328,,,,,,P2SURF mixture; updated_CMC-Data-for-mixed-micelle.csv; experimental CMC dataset; mol_fraction_A=0.5; mol_fraction_B=0.5; logCMC(uM)=3.56820172 converted to mol/L; https://github.com/sandialabs/P2SURF
OCCOCCOCCOCCOCCOCCOCCOCCSCCC(F)(F)C(F)(F)C(F)(F)C(F)(F)C(F)(F)C(F)(F)F.OCCOCCOCCOCCOCCOCCOCCOCCSCCC(F)(F)C(F)(F)C(F)(F)C(F)(F)C(F)(F)C(F)(F)F,nonionic mixture,8.0,0.0,0.0047999999958488575,,,,,,P2SURF mixture; updated_CMC-Data-for-mixed-micelle.csv; experimental CMC dataset; mol_fraction_A=0.5; mol_fraction_B=0.5; logCMC(uM)=3.68124124 converted to mol/L; https://github.com/sandialabs/P2SURF
CC(C)(C)CC(C)(C)c1ccc(OCCOCCOCCOCCOCCOCCOCCOCCOCCOCCO)cc1.CC(C)(C)CC(C)(C)c1ccc(OCCOCCOCCOCCOCCOCCOCCOCCOCCOCCO)cc1,nonionic mixture,10.0,0.0,0.00033000000009278765,,,,,,P2SURF mixture; updated_CMC-Data-for-mixed-micelle.csv; experimental CMC dataset; mol_fraction_A=0.5; mol_fraction_B=0.5; logCMC(uM)=2.51851394 converted to mol/L; https://github.com/sandialabs/P2SURF
CC(C)(C)CC(C)(C)c1ccc(OCCOCCO)cc1.CC(C)(C)CC(C)(C)c1ccc(OCCOCCO)cc1,nonionic mixture,2.0,0.0,0.00012999999990815275,,,,,,P2SURF mixture; updated_CMC-Data-for-mixed-micelle.csv; experimental CMC dataset; mol_fraction_A=0.5; mol_fraction_B=0.5; logCMC(uM)=2.11394335 converted to mol/L; https://github.com/sandialabs/P2SURF
CC(C)(C)CC(C)(C)c1ccc(OCCOCCOCCO)cc1.CC(C)(C)CC(C)(C)c1ccc(OCCOCCOCCO)cc1,nonionic mixture,3.0,0.0,9.699999994053391e-05,,,,,,P2SURF mixture; updated_CMC-Data-for-mixed-micelle.csv; experimental CMC dataset; mol_fraction_A=0.5; mol_fraction_B=0.5; logCMC(uM)=1.98677173 converted to mol/L; https://github.com/sandialabs/P2SURF
CC(C)(C)CC(C)(C)c1ccc(OCCOCCOCCOCCO)cc1.CC(C)(C)CC(C)(C)c1ccc(OCCOCCOCCOCCO)cc1,nonionic mixture,4.0,0.0,0.00012999999990815275,,,,,,P2SURF mixture; updated_CMC-Data-for-mixed-micelle.csv; experimental CMC dataset; mol_fraction_A=0.5; mol_fraction_B=0.5; logCMC(uM)=2.11394335 converted to mol/L; https://github.com/sandialabs/P2SURF
CC(C)(C)CC(C)(C)c1ccc(OCCOCCOCCOCCOCCO)cc1.CC(C)(C)CC(C)(C)c1ccc(OCCOCCOCCOCCOCCO)cc1,nonionic mixture,5.0,0.0,0.0001499999999807684,,,,,,P2SURF mixture; updated_CMC-Data-for-mixed-micelle.csv; experimental CMC dataset; mol_fraction_A=0.5; mol_fraction_B=0.5; logCMC(uM)=2.17609126 converted to mol/L; https://github.com/sandialabs/P2SURF
CC(C)(C)CC(C)(C)c1ccc(OCCOCCOCCOCCOCCOCCO)cc1.CC(C)(C)CC(C)(C)c1ccc(OCCOCCOCCOCCOCCOCCO)cc1,nonionic mixture,6.0,0.0,0.00021000000012866144,,,,,,P2SURF mixture; updated_CMC-Data-for-mixed-micelle.csv; experimental CMC dataset; mol_fraction_A=0.5; mol_fraction_B=0.5; logCMC(uM)=2.3222193 converted to mol/L; https://github.com/sandialabs/P2SURF
CC(C)(C)CC(C)(C)c1ccc(OCCOCCOCCOCCOCCOCCOCCO)cc1.CC(C)(C)CC(C)(C)c1ccc(OCCOCCOCCOCCOCCOCCOCCO)cc1,nonionic mixture,7.0,0.0,0.00025000000018879034,,,,,,P2SURF mixture; updated_CMC-Data-for-mixed-micelle.csv; experimental CMC dataset; mol_fraction_A=0.5; mol_fraction_B=0.5; logCMC(uM)=2.39794001 converted to mol/L; https://github.com/sandialabs/P2SURF
CC(C)(C)CC(C)(C)c1ccc(OCCOCCOCCOCCOCCOCCOCCOCCO)cc1.CC(C)(C)CC(C)(C)c1ccc(OCCOCCOCCOCCOCCOCCOCCOCCO)cc1,nonionic mixture,8.0,0.0,0.000279999999779363,,,,,,P2SURF mixture; updated_CMC-Data-for-mixed-micelle.csv; experimental CMC dataset; mol_fraction_A=0.5; mol_fraction_B=0.5; logCMC(uM)=2.44715803 converted to mol/L; https://github.com/sandialabs/P2SURF
CC(C)(C)CC(C)(C)c1ccc(OCCOCCOCCOCCOCCOCCOCCOCCOCCO)cc1.CC(C)(C)CC(C)(C)c1ccc(OCCOCCOCCOCCOCCOCCOCCOCCOCCO)cc1,nonionic mixture,9.0,0.0,0.0003000000001936504,,,,,,P2SURF mixture; updated_CMC-Data-for-mixed-micelle.csv; experimental CMC dataset; mol_fraction_A=0.5; mol_fraction_B=0.5; logCMC(uM)=2.47712126 converted to mol/L; https://github.com/sandialabs/P2SURF
CCCCCCOCCOCCOCCO.CCCCCCOCCOCCOCCO,nonionic mixture,3.0,0.0,0.1,,,,,,P2SURF mixture; updated_CMC-Data-for-mixed-micelle.csv; experimental CMC dataset; mol_fraction_A=0.5; mol_fraction_B=0.5; logCMC(uM)=5 converted to mol/L; https://github.com/sandialabs/P2SURF
CCCCCCCCCCOCCOCCOCCO.CCCCCCCCCCOCCOCCOCCO,nonionic mixture,3.0,0.0,0.0005999999994699769,,,,,,P2SURF mixture; updated_CMC-Data-for-mixed-micelle.csv; experimental CMC dataset; mol_fraction_A=0.5; mol_fraction_B=0.5; logCMC(uM)=2.77815125 converted to mol/L; https://github.com/sandialabs/P2SURF
CCCCCCCCCCCCOCCOCCOCCOCCOCCOCCO.CCCCCCCCCCCCOCCOCCOCCOCCOCCOCCO,nonionic mixture,6.0,0.0,8.700000007640026e-05,,,,,,P2SURF mixture; updated_CMC-Data-for-mixed-micelle.csv; experimental CMC dataset; mol_fraction_A=0.5; mol_fraction_B=0.5; logCMC(uM)=1.93951925 converted to mol/L; https://github.com/sandialabs/P2SURF
CCCCCCCCOCCOCCOCCOCCOCCOCCOCCOCCO.CCCCCCCCOCCOCCOCCOCCOCCOCCOCCOCCO,nonionic mixture,8.0,0.0,0.012999999990815261,,,,,,P2SURF mixture; updated_CMC-Data-for-mixed-micelle.csv; experimental CMC dataset; mol_fraction_A=0.5; mol_fraction_B=0.5; logCMC(uM)=4.11394335 converted to mol/L; https://github.com/sandialabs/P2SURF
CCCCCCCCCCOCCOCCOCCOCCOCCOCCOCCOCCOCCO.CCCCCCCCCCOCCOCCOCCOCCOCCOCCOCCOCCOCCO,nonionic mixture,9.0,0.0,0.0012999999990815274,,,,,,P2SURF mixture; updated_CMC-Data-for-mixed-micelle.csv; experimental CMC dataset; mol_fraction_A=0.5; mol_fraction_B=0.5; logCMC(uM)=3.11394335 converted to mol/L; https://github.com/sandialabs/P2SURF
CCCCCCCCCCOCCS(=O)(=O)[O-].[Na+].CCCCCCCCCCOCCS(=O)(=O)[O-].[Na+],anionic mixture,1.0,0.0,0.015899999988267906,,,,,,P2SURF mixture; updated_CMC-Data-for-mixed-micelle.csv; experimental CMC dataset; mol_fraction_A=0.5; mol_fraction_B=0.5; logCMC(uM)=4.20139712 converted to mol/L; https://github.com/sandialabs/P2SURF
CCCCCCCCCCCCOCCOS(=O)(=O)[O-].[Na+].CCCCCCCCCCCCOCCOS(=O)(=O)[O-].[Na+],anionic mixture,1.0,0.0,0.0038999999997620335,,,,,,P2SURF mixture; updated_CMC-Data-for-mixed-micelle.csv; experimental CMC dataset; mol_fraction_A=0.5; mol_fraction_B=0.5; logCMC(uM)=3.59106461 converted to mol/L; https://github.com/sandialabs/P2SURF
CCCCCCCCCCCCOCCOCCOS(=O)(=O)[O-].[Na+].CCCCCCCCCCCCOCCOCCOS(=O)(=O)[O-].[Na+],anionic mixture,2.0,0.0,0.0029000000006747214,,,,,,P2SURF mixture; updated_CMC-Data-for-mixed-micelle.csv; experimental CMC dataset; mol_fraction_A=0.5; mol_fraction_B=0.5; logCMC(uM)=3.462398 converted to mol/L; https://github.com/sandialabs/P2SURF
CCCCCCCCCCCCCCCCOCCOCCOCCOCCOCCOS(=O)(=O)[O-].[Na+].CCCCCCCCCCCCCCCCOCCOCCOCCOCCOCCOS(=O)(=O)[O-].[Na+],anionic mixture,5.0,0.0,2.5000000018879034e-05,,,,,,P2SURF mixture; updated_CMC-Data-for-mixed-micelle.csv; experimental CMC dataset; mol_fraction_A=0.5; mol_fraction_B=0.5; logCMC(uM)=1.39794001 converted to mol/L; https://github.com/sandialabs/P2SURF
CCCCCCCCC(CCCCCC)COCCOCCOCCOCCOCCOS(=O)(=O)[O-].[Na+].CCCCCCCCC(CCCCCC)COCCOCCOCCOCCOCCOS(=O)(=O)[O-].[Na+],anionic mixture,5.0,0.0,8.599999995176808e-05,,,,,,P2SURF mixture; updated_CMC-Data-for-mixed-micelle.csv; experimental CMC dataset; mol_fraction_A=0.5; mol_fraction_B=0.5; logCMC(uM)=1.93449845 converted to mol/L; https://github.com/sandialabs/P2SURF
CCCCOC(=O)CC(C(=O)OCCCC)S(=O)(=O)[O-].[Na+].CCCCOC(=O)CC(C(=O)OCCCC)S(=O)(=O)[O-].[Na+],anionic mixture,1.0,0.0,0.20000000015474217,,,,,,P2SURF mixture; updated_CMC-Data-for-mixed-micelle.csv; experimental CMC dataset; mol_fraction_A=0.5; mol_fraction_B=0.5; logCMC(uM)=5.30103 converted to mol/L; https://github.com/sandialabs/P2SURF
CCCCCOC(=O)CC(C(=O)OCCCCC)S(=O)(=O)[O-].[Na+].CCCCCOC(=O)CC(C(=O)OCCCCC)S(=O)(=O)[O-].[Na+],anionic mixture,1.0,0.0,0.053000000048718465,,,,,,P2SURF mixture; updated_CMC-Data-for-mixed-micelle.csv; experimental CMC dataset; mol_fraction_A=0.5; mol_fraction_B=0.5; logCMC(uM)=4.72427587 converted to mol/L; https://github.com/sandialabs/P2SURF
CCCCCCCCOC(=O)CC(C(=O)OCCCCCCCC)S(=O)(=O)[O-].[Na+].CCCCCCCCOC(=O)CC(C(=O)OCCCCCCCC)S(=O)(=O)[O-].[Na+],anionic mixture,1.0,0.0,0.0009099999993271958,,,,,,P2SURF mixture; updated_CMC-Data-for-mixed-micelle.csv; experimental CMC dataset; mol_fraction_A=0.5; mol_fraction_B=0.5; logCMC(uM)=2.95904139 converted to mol/L; https://github.com/sandialabs/P2SURF
CCCCCCCCCCCCC(C(=O)OCCCC)S(=O)(=O)[O-].[Na+].CCCCCCCCCCCCC(C(=O)OCCCC)S(=O)(=O)[O-].[Na+],anionic mixture,1.0,0.0,0.001349999998461278,,,,,,P2SURF mixture; updated_CMC-Data-for-mixed-micelle.csv; experimental CMC dataset; mol_fraction_A=0.5; mol_fraction_B=0.5; logCMC(uM)=3.13033377 converted to mol/L; https://github.com/sandialabs/P2SURF
CCCCCCOC(=O)CC(C(=O)OCCCCCC)S(=O)(=O)[O-].[Na+].CCCCCCOC(=O)CC(C(=O)OCCCCCC)S(=O)(=O)[O-].[Na+],anionic mixture,1.0,0.0,0.0014000000010372378,,,,,,P2SURF mixture; updated_CMC-Data-for-mixed-micelle.csv; experimental CMC dataset; mol_fraction_A=0.5; mol_fraction_B=0.5; logCMC(uM)=3.14612804 converted to mol/L; https://github.com/sandialabs/P2SURF
CCCCC(C)CCCCOCCOCCOCCOCCOCCOCCO.CCCCC(C)CCCCOCCOCCOCCOCCOCCOCCO,nonionic mixture,6.0,0.0,0.0029699999978306858,,,,,,P2SURF mixture; updated_CMC-Data-for-mixed-micelle.csv; experimental CMC dataset; mol_fraction_A=0.5; mol_fraction_B=0.5; logCMC(uM)=3.47275645 converted to mol/L; https://github.com/sandialabs/P2SURF
CCCCC(C)CCCCOCCOCCOCCOCCOCCOCCOCCOCCOCCO.CCCCC(C)CCCCOCCOCCOCCOCCOCCOCCOCCOCCOCCO,nonionic mixture,9.0,0.0,0.0031999999976428453,,,,,,P2SURF mixture; updated_CMC-Data-for-mixed-micelle.csv; experimental CMC dataset; mol_fraction_A=0.5; mol_fraction_B=0.5; logCMC(uM)=3.50514998 converted to mol/L; https://github.com/sandialabs/P2SURF
CCC(C)CCOCCOCCOCCOCCOCCOCCO.CCC(C)CCOCCOCCOCCOCCOCCOCCO,nonionic mixture,6.0,0.0,0.1,,,,,,P2SURF mixture; updated_CMC-Data-for-mixed-micelle.csv; experimental CMC dataset; mol_fraction_A=0.5; mol_fraction_B=0.5; logCMC(uM)=5 converted to mol/L; https://github.com/sandialabs/P2SURF
CCCC(C)CCCOCCOCCOCCOCCOCCOCCO.CCCC(C)CCCOCCOCCOCCOCCOCCOCCO,nonionic mixture,6.0,0.0,0.022999999999068294,,,,,,P2SURF mixture; updated_CMC-Data-for-mixed-micelle.csv; experimental CMC dataset; mol_fraction_A=0.5; mol_fraction_B=0.5; logCMC(uM)=4.36172784 converted to mol/L; https://github.com/sandialabs/P2SURF
CCCCCCOCCOCCOCCOCCOCCOCCO.CCCCCCOCCOCCOCCOCCOCCOCCO,nonionic mixture,6.0,0.0,0.796000000480816,,,,,,P2SURF mixture; updated_CMC-Data-for-mixed-micelle.csv; experimental CMC dataset; mol_fraction_A=0.5; mol_fraction_B=0.5; logCMC(uM)=5.90091307 converted to mol/L; https://github.com/sandialabs/P2SURF
CCCCCCOCCOCCOCCOCCO.CCCCCCOCCOCCOCCOCCO,nonionic mixture,4.0,0.0,0.08999999990895757,,,,,,P2SURF mixture; updated_CMC-Data-for-mixed-micelle.csv; experimental CMC dataset; mol_fraction_A=0.5; mol_fraction_B=0.5; logCMC(uM)=4.95424251 converted to mol/L; https://github.com/sandialabs/P2SURF
CCCCCCOCCOCCOCCOCCOCCO.CCCCCCOCCOCCOCCOCCOCCO,nonionic mixture,5.0,0.0,0.09250000005558316,,,,,,P2SURF mixture; updated_CMC-Data-for-mixed-micelle.csv; experimental CMC dataset; mol_fraction_A=0.5; mol_fraction_B=0.5; logCMC(uM)=4.96614173 converted to mol/L; https://github.com/sandialabs/P2SURF
CC(C)(C)OCCOCCOCCOCCOCCOCCO.CC(C)(C)OCCOCCOCCOCCOCCOCCO,nonionic mixture,6.0,0.0,0.9099999993271949,,,,,,P2SURF mixture; updated_CMC-Data-for-mixed-micelle.csv; experimental CMC dataset; mol_fraction_A=0.5; mol_fraction_B=0.5; logCMC(uM)=5.95904139 converted to mol/L; https://github.com/sandialabs/P2SURF
CCCCCCCCOCCOCCOCCOCCOCCOCCOCCOCCOCCO.CCCCCCCCOCCOCCOCCOCCOCCOCCOCCOCCOCCO,nonionic mixture,9.0,0.0,0.012999999990815261,,,,,,P2SURF mixture; updated_CMC-Data-for-mixed-micelle.csv; experimental CMC dataset; mol_fraction_A=0.5; mol_fraction_B=0.5; logCMC(uM)=4.11394335 converted to mol/L; https://github.com/sandialabs/P2SURF
O[C@H]([C@H]([C@@H]([C@@H](CO)O1)O)O)C1OCCCCCCCC.O[C@H]([C@H]([C@@H]([C@@H](CO)O1)O)O)C1OCCCCCCCC,nonionic mixture,1.0,0.0,0.02539943453066296,,,,,,P2SURF mixture; updated_CMC-Data-for-mixed-micelle.csv; experimental CMC dataset; mol_fraction_A=0.5; mol_fraction_B=0.5; logCMC(uM)=4.40482405 converted to mol/L; https://github.com/sandialabs/P2SURF
CCCCCCOCCOCCOCCO.CCCCCCOCCOCCOCCO,nonionic mixture,3.0,0.0,0.0618768098623515,,,,,,P2SURF mixture; updated_CMC-Data-for-mixed-micelle.csv; experimental CMC dataset; mol_fraction_A=0.5; mol_fraction_B=0.5; logCMC(uM)=4.79152791 converted to mol/L; https://github.com/sandialabs/P2SURF
CCCCCCCCCCCCCCCCOCCOCCOCCOS(=O)([O-])=O.CCCCCCCCCCCCCCCCOCCOCCOCCOS(=O)([O-])=O,anionic mixture,3.0,0.0,7.292872635418485e-05,,,,,,P2SURF mixture; updated_CMC-Data-for-mixed-micelle.csv; experimental CMC dataset; mol_fraction_A=0.5; mol_fraction_B=0.5; logCMC(uM)=1.86289863 converted to mol/L; https://github.com/sandialabs/P2SURF
CCCCCCCCCCCCCCCCOCCOCCOS(=O)([O-])=O.CCCCCCCCCCCCCCCCOCCOCCOS(=O)([O-])=O,anionic mixture,2.0,0.0,0.00012239139307217744,,,,,,P2SURF mixture; updated_CMC-Data-for-mixed-micelle.csv; experimental CMC dataset; mol_fraction_A=0.5; mol_fraction_B=0.5; logCMC(uM)=2.08775088 converted to mol/L; https://github.com/sandialabs/P2SURF
CCCCCCCCCCCCCCCCOCCOS(=O)([O-])=O.CCCCCCCCCCCCCCCCOCCOS(=O)([O-])=O,anionic mixture,1.0,0.0,0.00020469305650820885,,,,,,P2SURF mixture; updated_CMC-Data-for-mixed-micelle.csv; experimental CMC dataset; mol_fraction_A=0.5; mol_fraction_B=0.5; logCMC(uM)=2.31110311 converted to mol/L; https://github.com/sandialabs/P2SURF
O=S(OCCOCCOCCOCCCCCCCCCCCCCCCCCC)([O-])=O.O=S(OCCOCCOCCOCCCCCCCCCCCCCCCCCC)([O-])=O,anionic mixture,4.0,0.0,4.461146589242475e-05,,,,,,P2SURF mixture; updated_CMC-Data-for-mixed-micelle.csv; experimental CMC dataset; mol_fraction_A=0.5; mol_fraction_B=0.5; logCMC(uM)=1.64944649 converted to mol/L; https://github.com/sandialabs/P2SURF
O=S(OCCOCCOCCCCCCCCCCCCCCCCCC)([O-])=O.O=S(OCCOCCOCCCCCCCCCCCCCCCCCC)([O-])=O,anionic mixture,3.0,0.0,9.131657308832121e-05,,,,,,P2SURF mixture; updated_CMC-Data-for-mixed-micelle.csv; experimental CMC dataset; mol_fraction_A=0.5; mol_fraction_B=0.5; logCMC(uM)=1.9605496 converted to mol/L; https://github.com/sandialabs/P2SURF
O=S(OCCOCCCCCCCCCCCCCCCCCC)([O-])=O.O=S(OCCOCCCCCCCCCCCCCCCCCC)([O-])=O,anionic mixture,2.0,0.0,0.0001889307997687822,,,,,,P2SURF mixture; updated_CMC-Data-for-mixed-micelle.csv; experimental CMC dataset; mol_fraction_A=0.5; mol_fraction_B=0.5; logCMC(uM)=2.27630276 converted to mol/L; https://github.com/sandialabs/P2SURF
CCCCCC(C1=CC=C(OCCO)C=C1)(C)C.CCCCCC(C1=CC=C(OCCO)C=C1)(C)C,nonionic mixture,1.0,0.0,0.00022377084301587687,,,,,,P2SURF mixture; updated_CMC-Data-for-mixed-micelle.csv; experimental CMC dataset; mol_fraction_A=0.5; mol_fraction_B=0.5; logCMC(uM)=2.3498035 converted to mol/L; https://github.com/sandialabs/P2SURF
CCCCCC(C1=CC=C(OCCOCCO)C=C1)(C)C.CCCCCC(C1=CC=C(OCCOCCO)C=C1)(C)C,nonionic mixture,2.0,0.0,0.00011791002080571182,,,,,,P2SURF mixture; updated_CMC-Data-for-mixed-micelle.csv; experimental CMC dataset; mol_fraction_A=0.5; mol_fraction_B=0.5; logCMC(uM)=2.07155072 converted to mol/L; https://github.com/sandialabs/P2SURF
CCCCCC(C1=CC=C(OCCOCCOCCO)C=C1)(C)C.CCCCCC(C1=CC=C(OCCOCCOCCO)C=C1)(C)C,nonionic mixture,3.0,0.0,0.0001020587133739557,,,,,,P2SURF mixture; updated_CMC-Data-for-mixed-micelle.csv; experimental CMC dataset; mol_fraction_A=0.5; mol_fraction_B=0.5; logCMC(uM)=2.00885009 converted to mol/L; https://github.com/sandialabs/P2SURF
CCCCCC(C1=CC=C(OCCOCCOCCOCCO)C=C1)(C)C.CCCCCC(C1=CC=C(OCCOCCOCCOCCO)C=C1)(C)C,nonionic mixture,4.0,0.0,0.0001261249502681519,,,,,,P2SURF mixture; updated_CMC-Data-for-mixed-micelle.csv; experimental CMC dataset; mol_fraction_A=0.5; mol_fraction_B=0.5; logCMC(uM)=2.10080101 converted to mol/L; https://github.com/sandialabs/P2SURF
CCCCCC(C1=CC=C(OCCOCCOCCOCCOCCO)C=C1)(C)C.CCCCCC(C1=CC=C(OCCOCCOCCOCCOCCO)C=C1)(C)C,nonionic mixture,5.0,0.0,0.00014958971990610746,,,,,,P2SURF mixture; updated_CMC-Data-for-mixed-micelle.csv; experimental CMC dataset; mol_fraction_A=0.5; mol_fraction_B=0.5; logCMC(uM)=2.17490175 converted to mol/L; https://github.com/sandialabs/P2SURF
CCCCCC(C1=CC=C(OCCOCCOCCOCCOCCOCCO)C=C1)(C)C.CCCCCC(C1=CC=C(OCCOCCOCCOCCOCCOCCO)C=C1)(C)C,nonionic mixture,6.0,0.0,0.00020139702038753413,,,,,,P2SURF mixture; updated_CMC-Data-for-mixed-micelle.csv; experimental CMC dataset; mol_fraction_A=0.5; mol_fraction_B=0.5; logCMC(uM)=2.30405304 converted to mol/L; https://github.com/sandialabs/P2SURF
CCCCCC(C1=CC=C(OCCOCCOCCOCCOCCOCCOCCO)C=C1)(C)C.CCCCCC(C1=CC=C(OCCOCCOCCOCCOCCOCCOCCO)C=C1)(C)C,nonionic mixture,7.0,0.0,0.0002457275807869821,,,,,,P2SURF mixture; updated_CMC-Data-for-mixed-micelle.csv; experimental CMC dataset; mol_fraction_A=0.5; mol_fraction_B=0.5; logCMC(uM)=2.39045391 converted to mol/L; https://github.com/sandialabs/P2SURF
CCCCCC(C1=CC=C(OCCOCCOCCOCCOCCOCCOCCOCCO)C=C1)(C)C.CCCCCC(C1=CC=C(OCCOCCOCCOCCOCCOCCOCCOCCO)C=C1)(C)C,nonionic mixture,8.0,0.0,0.000286354867031658,,,,,,P2SURF mixture; updated_CMC-Data-for-mixed-micelle.csv; experimental CMC dataset; mol_fraction_A=0.5; mol_fraction_B=0.5; logCMC(uM)=2.45690457 converted to mol/L; https://github.com/sandialabs/P2SURF
CCCCCC(C1=CC=C(OCCOCCOCCOCCOCCOCCOCCOCCOCCO)C=C1)(C)C.CCCCCC(C1=CC=C(OCCOCCOCCOCCOCCOCCOCCOCCOCCO)C=C1)(C)C,nonionic mixture,9.0,0.0,0.00033799111901869317,,,,,,P2SURF mixture; updated_CMC-Data-for-mixed-micelle.csv; experimental CMC dataset; mol_fraction_A=0.5; mol_fraction_B=0.5; logCMC(uM)=2.52890529 converted to mol/L; https://github.com/sandialabs/P2SURF
CCCCCC(C1=CC=C(OCCOCCOCCOCCOCCOCCOCCOCCOCCOCCO)C=C1)(C)C.CCCCCC(C1=CC=C(OCCOCCOCCOCCOCCOCCOCCOCCOCCOCCO)C=C1)(C)C,nonionic mixture,10.0,0.0,0.0003560865057766022,,,,,,P2SURF mixture; updated_CMC-Data-for-mixed-micelle.csv; experimental CMC dataset; mol_fraction_A=0.5; mol_fraction_B=0.5; logCMC(uM)=2.55155552 converted to mol/L; https://github.com/sandialabs/P2SURF
CCCCCCCCCCCCCCCCOCCOCCOCCOCCOCCOCCO.CCCCCCCCCCCCCCCCOCCOCCOCCOCCOCCOCCO,nonionic mixture,6.0,0.0,1.7200154778601632e-06,,,,,,P2SURF mixture; updated_CMC-Data-for-mixed-micelle.csv; experimental CMC dataset; mol_fraction_A=0.5; mol_fraction_B=0.5; logCMC(uM)=0.235532355 converted to mol/L; https://github.com/sandialabs/P2SURF
OCCOCCOCCOCCOCCOCCOCCOCCOCCOCCCCCCCCCCCCCCCC.OCCOCCOCCOCCOCCOCCOCCOCCOCCOCCCCCCCCCCCCCCCC,nonionic mixture,10.0,0.0,2.0863309177420534e-06,,,,,,P2SURF mixture; updated_CMC-Data-for-mixed-micelle.csv; experimental CMC dataset; mol_fraction_A=0.5; mol_fraction_B=0.5; logCMC(uM)=0.319383194 converted to mol/L; https://github.com/sandialabs/P2SURF
OCCOCCOCCOCCOCCOCCOCCOCCOCCOCCOCCOCCOCCOCCOCCOCCCCCCCCCCCCCCCC.OCCOCCOCCOCCOCCOCCOCCOCCOCCOCCOCCOCCOCCOCCOCCOCCCCCCCCCCCCCCCC,nonionic mixture,16.0,0.0,3.1469147570714137e-06,,,,,,P2SURF mixture; updated_CMC-Data-for-mixed-micelle.csv; experimental CMC dataset; mol_fraction_A=0.5; mol_fraction_B=0.5; logCMC(uM)=0.497884979 converted to mol/L; https://github.com/sandialabs/P2SURF
CCCCCCCCCCCCCCCCOCCOCCOCCOCCOCCOCCOCCO.CCCCCCCCCCCCCCCCOCCOCCOCCOCCOCCOCCOCCO,nonionic mixture,7.0,0.0,1.7081748565987867e-06,,,,,,P2SURF mixture; updated_CMC-Data-for-mixed-micelle.csv; experimental CMC dataset; mol_fraction_A=0.5; mol_fraction_B=0.5; logCMC(uM)=0.232532325 converted to mol/L; https://github.com/sandialabs/P2SURF
OCCOCCOCCOCCOCCOCCOCCOCCOCCOCCOCCOCCOCCCCCCCCCCCCCCCC.OCCOCCOCCOCCOCCOCCOCCOCCOCCOCCOCCOCCOCCCCCCCCCCCCCCCC,nonionic mixture,13.0,0.0,2.1160857129414252e-06,,,,,,P2SURF mixture; updated_CMC-Data-for-mixed-micelle.csv; experimental CMC dataset; mol_fraction_A=0.5; mol_fraction_B=0.5; logCMC(uM)=0.325533255 converted to mol/L; https://github.com/sandialabs/P2SURF
OCCOCCOCCOCCOCCOCCOCCOCCOCCOCCOCCOCCOCCOCCOCCOCCOCCOCCOCCOCCOCCOCCCCCCCCCCCCCCCC.OCCOCCOCCOCCOCCOCCOCCOCCOCCOCCOCCOCCOCCOCCOCCOCCOCCOCCOCCOCCOCCOCCCCCCCCCCCCCCCC,nonionic mixture,22.0,0.0,3.7182253117925135e-06,,,,,,P2SURF mixture; updated_CMC-Data-for-mixed-micelle.csv; experimental CMC dataset; mol_fraction_A=0.5; mol_fraction_B=0.5; logCMC(uM)=0.570335703 converted to mol/L; https://github.com/sandialabs/P2SURF
O=S(C1=CC=C(OCCCCCCOC2=CC=C(S(=O)([O-])=O)C=C2)C=C1)([O-])=O.O=S(C1=CC=C(OCCCCCCOC2=CC=C(S(=O)([O-])=O)C=C2)C=C1)([O-])=O,anionic mixture,1.0,0.0,0.004373875420235297,,,,,,P2SURF mixture; updated_CMC-Data-for-mixed-micelle.csv; experimental CMC dataset; mol_fraction_A=0.5; mol_fraction_B=0.5; logCMC(uM)=3.64086641 converted to mol/L; https://github.com/sandialabs/P2SURF
CCCCCCCCOCCO.CCCCCCCCOCCO,nonionic mixture,1.0,0.0,0.005006301430213645,,,,,,P2SURF mixture; updated_CMC-Data-for-mixed-micelle.csv; experimental CMC dataset; mol_fraction_A=0.5; mol_fraction_B=0.5; logCMC(uM)=3.699517 converted to mol/L; https://github.com/sandialabs/P2SURF
OC(CO)COCCCCCCCC.OC(CO)COCCCCCCCC,nonionic mixture,1.0,0.0,0.006285907472689111,,,,,,P2SURF mixture; updated_CMC-Data-for-mixed-micelle.csv; experimental CMC dataset; mol_fraction_A=0.5; mol_fraction_B=0.5; logCMC(uM)=3.79836798 converted to mol/L; https://github.com/sandialabs/P2SURF
CC(OCCOCCO)CCCCCCCCCC.CC(OCCOCCO)CCCCCCCCCC,nonionic mixture,2.0,0.0,3.386454906624882e-05,,,,,,P2SURF mixture; updated_CMC-Data-for-mixed-micelle.csv; experimental CMC dataset; mol_fraction_A=0.5; mol_fraction_B=0.5; logCMC(uM)=1.5297453 converted to mol/L; https://github.com/sandialabs/P2SURF
CC(OCCOCCOCCOCCOCCO)CCCCCCCCCC.CC(OCCOCCOCCOCCOCCO)CCCCCCCCCC,nonionic mixture,5.0,0.0,6.62290018864915e-05,,,,,,P2SURF mixture; updated_CMC-Data-for-mixed-micelle.csv; experimental CMC dataset; mol_fraction_A=0.5; mol_fraction_B=0.5; logCMC(uM)=1.82104821 converted to mol/L; https://github.com/sandialabs/P2SURF
CC(OCCOCCOCCO)CCCCCCCCCC.CC(OCCOCCOCCO)CCCCCCCCCC,nonionic mixture,3.0,0.0,5.023969683005379e-05,,,,,,P2SURF mixture; updated_CMC-Data-for-mixed-micelle.csv; experimental CMC dataset; mol_fraction_A=0.5; mol_fraction_B=0.5; logCMC(uM)=1.70104701 converted to mol/L; https://github.com/sandialabs/P2SURF
CC(OCCOCCOCCOCCOCCOCCOCCO)CCCCCCCCCC.CC(OCCOCCOCCOCCOCCOCCOCCO)CCCCCCCCCC,nonionic mixture,7.0,0.0,8.61686627124507e-05,,,,,,P2SURF mixture; updated_CMC-Data-for-mixed-micelle.csv; experimental CMC dataset; mol_fraction_A=0.5; mol_fraction_B=0.5; logCMC(uM)=1.93534935 converted to mol/L; https://github.com/sandialabs/P2SURF
CC(OCCOCCOCCOCCO)CCCCCCCCCC.CC(OCCOCCOCCOCCO)CCCCCCCCCC,nonionic mixture,4.0,0.0,6.251697561754043e-05,,,,,,P2SURF mixture; updated_CMC-Data-for-mixed-micelle.csv; experimental CMC dataset; mol_fraction_A=0.5; mol_fraction_B=0.5; logCMC(uM)=1.79599796 converted to mol/L; https://github.com/sandialabs/P2SURF
CC(OCCOCCOCCOCCOCCOCCOCCOCCO)CCCCCCCCCC.CC(OCCOCCOCCOCCOCCOCCOCCOCCO)CCCCCCCCCC,nonionic mixture,8.0,0.0,0.00011176362590856942,,,,,,P2SURF mixture; updated_CMC-Data-for-mixed-micelle.csv; experimental CMC dataset; mol_fraction_A=0.5; mol_fraction_B=0.5; logCMC(uM)=2.04830048 converted to mol/L; https://github.com/sandialabs/P2SURF
CCCCCCCCCCOCCS(=O)([O-])=O.CCCCCCCCCCOCCS(=O)([O-])=O,anionic mixture,1.0,0.0,0.01605543423564691,,,,,,P2SURF mixture; updated_CMC-Data-for-mixed-micelle.csv; experimental CMC dataset; mol_fraction_A=0.5; mol_fraction_B=0.5; logCMC(uM)=4.20562206 converted to mol/L; https://github.com/sandialabs/P2SURF
CCCCCCCCCCCCOCCOS(=O)([O-])=O.CCCCCCCCCCCCOCCOS(=O)([O-])=O,anionic mixture,1.0,0.0,0.003933833260837641,,,,,,P2SURF mixture; updated_CMC-Data-for-mixed-micelle.csv; experimental CMC dataset; mol_fraction_A=0.5; mol_fraction_B=0.5; logCMC(uM)=3.59481595 converted to mol/L; https://github.com/sandialabs/P2SURF
CCCCCCCCCCCCOCCOCCOS(=O)([O-])=O.CCCCCCCCCCCCOCCOCCOS(=O)([O-])=O,anionic mixture,2.0,0.0,0.00286889449402619,,,,,,P2SURF mixture; updated_CMC-Data-for-mixed-micelle.csv; experimental CMC dataset; mol_fraction_A=0.5; mol_fraction_B=0.5; logCMC(uM)=3.45771458 converted to mol/L; https://github.com/sandialabs/P2SURF
CCCCCCCCCCCCOCCOCCOCCOCCOCCOCCOCCOCCO.CCCCCCCCCCCCOCCOCCOCCOCCOCCOCCOCCOCCO,nonionic mixture,8.0,0.0,0.00011257721872497524,,,,,,P2SURF mixture; updated_CMC-Data-for-mixed-micelle.csv; experimental CMC dataset; mol_fraction_A=0.5; mol_fraction_B=0.5; logCMC(uM)=2.05145051 converted to mol/L; https://github.com/sandialabs/P2SURF
CCCCCCCCOCCOCCOCCOCCOCCOCCO.CCCCCCCCOCCOCCOCCOCCOCCOCCO,nonionic mixture,6.0,0.0,0.009999309248330089,,,,,,P2SURF mixture; updated_CMC-Data-for-mixed-micelle.csv; experimental CMC dataset; mol_fraction_A=0.5; mol_fraction_B=0.5; logCMC(uM)=3.99997 converted to mol/L; https://github.com/sandialabs/P2SURF
O[C@H]1[C@H](OCCCCCCCC)O[C@H](CO)[C@@H](O)[C@@H]1O.O[C@H]1[C@H](OCCCCCCCC)O[C@H](CO)[C@@H](O)[C@@H]1O,nonionic mixture,1.0,0.0,0.02500771325677289,,,,,,P2SURF mixture; updated_CMC-Data-for-mixed-micelle.csv; experimental CMC dataset; mol_fraction_A=0.5; mol_fraction_B=0.5; logCMC(uM)=4.39807398 converted to mol/L; https://github.com/sandialabs/P2SURF
O[C@H]1[C@@H](O[C@@H]([C@H]([C@@H]1O)O)CO)OCCCCCCCCCC.O[C@H]1[C@@H](O[C@@H]([C@H]([C@@H]1O)O)CO)OCCCCCCCCCC,nonionic mixture,1.0,0.0,0.0021419696256685236,,,,,,P2SURF mixture; updated_CMC-Data-for-mixed-micelle.csv; experimental CMC dataset; mol_fraction_A=0.5; mol_fraction_B=0.5; logCMC(uM)=3.33081331 converted to mol/L; https://github.com/sandialabs/P2SURF
O[C@H]1[C@H](OCCCCCCCCCCCC)O[C@H](CO)[C@@H](O)[C@@H]1O.O[C@H]1[C@H](OCCCCCCCCCCCC)O[C@H](CO)[C@@H](O)[C@@H]1O,nonionic mixture,1.0,0.0,0.00018245367357528394,,,,,,P2SURF mixture; updated_CMC-Data-for-mixed-micelle.csv; experimental CMC dataset; mol_fraction_A=0.5; mol_fraction_B=0.5; logCMC(uM)=2.26115261 converted to mol/L; https://github.com/sandialabs/P2SURF
CCCCCCCCCCCCOCCOCCOCCOCCO.CCCCCCCCCCCCOCCOCCOCCOCCO,nonionic mixture,4.0,0.0,5.182593487912293e-05,,,,,,P2SURF mixture; updated_CMC-Data-for-mixed-micelle.csv; experimental CMC dataset; mol_fraction_A=0.5; mol_fraction_B=0.5; logCMC(uM)=1.71454715 converted to mol/L; https://github.com/sandialabs/P2SURF
CCCCCCCCCCOCCOCCOCCOCCOCCO.CCCCCCCCCCOCCOCCOCCOCCOCCO,nonionic mixture,5.0,0.0,0.0009405020229011064,,,,,,P2SURF mixture; updated_CMC-Data-for-mixed-micelle.csv; experimental CMC dataset; mol_fraction_A=0.5; mol_fraction_B=0.5; logCMC(uM)=2.97335973 converted to mol/L; https://github.com/sandialabs/P2SURF
CCCCCCCCCCCC(NCCOCCOCCOCCO)=O.CCCCCCCCCCCC(NCCOCCOCCOCCO)=O,nonionic mixture,3.0,0.0,0.0005059493484840861,,,,,,P2SURF mixture; updated_CMC-Data-for-mixed-micelle.csv; experimental CMC dataset; mol_fraction_A=0.5; mol_fraction_B=0.5; logCMC(uM)=2.70410704 converted to mol/L; https://github.com/sandialabs/P2SURF
CCCCCCCCCCOCCOCCOCCOCCOCCOCCOCCOCCO.CCCCCCCCCCOCCOCCOCCOCCOCCOCCOCCOCCO,nonionic mixture,8.0,0.0,0.0009745629303248905,,,,,,P2SURF mixture; updated_CMC-Data-for-mixed-micelle.csv; experimental CMC dataset; mol_fraction_A=0.5; mol_fraction_B=0.5; logCMC(uM)=2.98880989 converted to mol/L; https://github.com/sandialabs/P2SURF
CCCCCCCCCCCOCCOCCOCCOCCOCCOCCOCCOCCO.CCCCCCCCCCCOCCOCCOCCOCCOCCOCCOCCOCCO,nonionic mixture,8.0,0.0,0.0002938696136487028,,,,,,P2SURF mixture; updated_CMC-Data-for-mixed-micelle.csv; experimental CMC dataset; mol_fraction_A=0.5; mol_fraction_B=0.5; logCMC(uM)=2.46815468 converted to mol/L; https://github.com/sandialabs/P2SURF
CCCCCCCCCCCCCOCCOCCOCCOCCOCCOCCOCCOCCO.CCCCCCCCCCCCCOCCOCCOCCOCCOCCOCCOCCOCCO,nonionic mixture,8.0,0.0,2.754510295692587e-05,,,,,,P2SURF mixture; updated_CMC-Data-for-mixed-micelle.csv; experimental CMC dataset; mol_fraction_A=0.5; mol_fraction_B=0.5; logCMC(uM)=1.4400444 converted to mol/L; https://github.com/sandialabs/P2SURF
CCCCCCCCCCCCCCOCCOCCOCCOCCOCCOCCOCCOCCO.CCCCCCCCCCCCCCOCCOCCOCCOCCOCCOCCOCCOCCO,nonionic mixture,8.0,0.0,7.647840730553475e-06,,,,,,P2SURF mixture; updated_CMC-Data-for-mixed-micelle.csv; experimental CMC dataset; mol_fraction_A=0.5; mol_fraction_B=0.5; logCMC(uM)=0.883538835 converted to mol/L; https://github.com/sandialabs/P2SURF
CCCCCCCCCCCCCCCOCCOCCOCCOCCOCCOCCOCCOCCO.CCCCCCCCCCCCCCCOCCOCCOCCOCCOCCOCCOCCOCCO,nonionic mixture,8.0,0.0,3.377810535957506e-06,,,,,,P2SURF mixture; updated_CMC-Data-for-mixed-micelle.csv; experimental CMC dataset; mol_fraction_A=0.5; mol_fraction_B=0.5; logCMC(uM)=0.528635286 converted to mol/L; https://github.com/sandialabs/P2SURF
CCCCCCCCCCCCOCCOCCOCCOCCOCCOCCOCCOCCOCCOCCO.CCCCCCCCCCCCOCCOCCOCCOCCOCCOCCOCCOCCOCCOCCO,nonionic mixture,10.0,0.0,0.00014037878299373558,,,,,,P2SURF mixture; updated_CMC-Data-for-mixed-micelle.csv; experimental CMC dataset; mol_fraction_A=0.5; mol_fraction_B=0.5; logCMC(uM)=2.14730147 converted to mol/L; https://github.com/sandialabs/P2SURF
CCCCCCCCOc2ccc(NC(=O)C[N+](C)(C)CC[N+](C)(C)CC(=O)Nc1ccc(OCCCCCCCC)cc1)cc2.[Br-].[Br-].CCCCCCCCOc2ccc(NC(=O)C[N+](C)(C)CC[N+](C)(C)CC(=O)Nc1ccc(OCCCCCCCC)cc1)cc2.[Br-].[Br-],cationic mixture,1.0,0.0,0.0002509999997219846,,,,,,P2SURF mixture; updated_CMC-Data-for-mixed-micelle.csv; experimental CMC dataset; mol_fraction_A=0.5; mol_fraction_B=0.5; logCMC(uM)=2.39967372 converted to mol/L; https://github.com/sandialabs/P2SURF
CCCCCCCCOc2ccc(NC(=O)C[N+](C)(C)CCCC[N+](C)(C)CC(=O)Nc1ccc(OCCCCCCCC)cc1)cc2.[Br-].[Br-].CCCCCCCCOc2ccc(NC(=O)C[N+](C)(C)CCCC[N+](C)(C)CC(=O)Nc1ccc(OCCCCCCCC)cc1)cc2.[Br-].[Br-],cationic mixture,1.0,0.0,0.00020800000001783498,,,,,,P2SURF mixture; updated_CMC-Data-for-mixed-micelle.csv; experimental CMC dataset; mol_fraction_A=0.5; mol_fraction_B=0.5; logCMC(uM)=2.31806334 converted to mol/L; https://github.com/sandialabs/P2SURF
CCCCCCCCOc2ccc(NC(=O)C[N+](C)(C)CCCCCC[N+](C)(C)CC(=O)Nc1ccc(OCCCCCCCC)cc1)cc2.[Br-].[Br-].CCCCCCCCOc2ccc(NC(=O)C[N+](C)(C)CCCCCC[N+](C)(C)CC(=O)Nc1ccc(OCCCCCCCC)cc1)cc2.[Br-].[Br-],cationic mixture,1.0,0.0,0.00010900000001490235,,,,,,P2SURF mixture; updated_CMC-Data-for-mixed-micelle.csv; experimental CMC dataset; mol_fraction_A=0.5; mol_fraction_B=0.5; logCMC(uM)=2.0374265 converted to mol/L; https://github.com/sandialabs/P2SURF
CCCCCCCCCCOc2ccc(NC(=O)C[N+](C)(C)CC[N+](C)(C)CC(=O)Nc1ccc(OCCCCCCCCCC)cc1)cc2.[Br-].[Br-].CCCCCCCCCCOc2ccc(NC(=O)C[N+](C)(C)CC[N+](C)(C)CC(=O)Nc1ccc(OCCCCCCCCCC)cc1)cc2.[Br-].[Br-],cationic mixture,1.0,0.0,4.069999997889342e-05,,,,,,P2SURF mixture; updated_CMC-Data-for-mixed-micelle.csv; experimental CMC dataset; mol_fraction_A=0.5; mol_fraction_B=0.5; logCMC(uM)=1.60959441 converted to mol/L; https://github.com/sandialabs/P2SURF
CCCCCCCCCCOc2ccc(NC(=O)C[N+](C)(C)CCCC[N+](C)(C)CC(=O)Nc1ccc(OCCCCCCCCCC)cc1)cc2.[Br-].[Br-].CCCCCCCCCCOc2ccc(NC(=O)C[N+](C)(C)CCCC[N+](C)(C)CC(=O)Nc1ccc(OCCCCCCCCCC)cc1)cc2.[Br-].[Br-],cationic mixture,1.0,0.0,2.0699999978221704e-05,,,,,,P2SURF mixture; updated_CMC-Data-for-mixed-micelle.csv; experimental CMC dataset; mol_fraction_A=0.5; mol_fraction_B=0.5; logCMC(uM)=1.31597034 converted to mol/L; https://github.com/sandialabs/P2SURF
CCCCCCCCCCOc2ccc(NC(=O)C[N+](C)(C)CCCCCC[N+](C)(C)CC(=O)Nc1ccc(OCCCCCCCCCC)cc1)cc2.[Br-].[Br-].CCCCCCCCCCOc2ccc(NC(=O)C[N+](C)(C)CCCCCC[N+](C)(C)CC(=O)Nc1ccc(OCCCCCCCCCC)cc1)cc2.[Br-].[Br-],cationic mixture,1.0,0.0,1.0900000001490247e-05,,,,,,P2SURF mixture; updated_CMC-Data-for-mixed-micelle.csv; experimental CMC dataset; mol_fraction_A=0.5; mol_fraction_B=0.5; logCMC(uM)=1.0374265 converted to mol/L; https://github.com/sandialabs/P2SURF
CCCCCCCCCCCCOc2ccc(NC(=O)C[N+](C)(C)CC[N+](C)(C)CC(=O)Nc1ccc(OCCCCCCCCCCCC)cc1)cc2.[Br-].[Br-].CCCCCCCCCCCCOc2ccc(NC(=O)C[N+](C)(C)CC[N+](C)(C)CC(=O)Nc1ccc(OCCCCCCCCCCCC)cc1)cc2.[Br-].[Br-],cationic mixture,1.0,0.0,3.710000003288501e-05,,,,,,P2SURF mixture; updated_CMC-Data-for-mixed-micelle.csv; experimental CMC dataset; mol_fraction_A=0.5; mol_fraction_B=0.5; logCMC(uM)=1.56937391 converted to mol/L; https://github.com/sandialabs/P2SURF
CCCCCCCCCCCCOc2ccc(NC(=O)C[N+](C)(C)CCCC[N+](C)(C)CC(=O)Nc1ccc(OCCCCCCCCCCCC)cc1)cc2.[Br-].[Br-].CCCCCCCCCCCCOc2ccc(NC(=O)C[N+](C)(C)CCCC[N+](C)(C)CC(=O)Nc1ccc(OCCCCCCCCCCCC)cc1)cc2.[Br-].[Br-],cationic mixture,1.0,0.0,1.419999998747533e-05,,,,,,P2SURF mixture; updated_CMC-Data-for-mixed-micelle.csv; experimental CMC dataset; mol_fraction_A=0.5; mol_fraction_B=0.5; logCMC(uM)=1.15228834 converted to mol/L; https://github.com/sandialabs/P2SURF
CCCCCCCCCCCCOc2ccc(NC(=O)C[N+](C)(C)CCCCCC[N+](C)(C)CC(=O)Nc1ccc(OCCCCCCCCCCCC)cc1)cc2.[Br-].[Br-].CCCCCCCCCCCCOc2ccc(NC(=O)C[N+](C)(C)CCCCCC[N+](C)(C)CC(=O)Nc1ccc(OCCCCCCCCCCCC)cc1)cc2.[Br-].[Br-],cationic mixture,1.0,0.0,1.0399999992845145e-05,,,,,,P2SURF mixture; updated_CMC-Data-for-mixed-micelle.csv; experimental CMC dataset; mol_fraction_A=0.5; mol_fraction_B=0.5; logCMC(uM)=1.01703334 converted to mol/L; https://github.com/sandialabs/P2SURF
CCCCCCCCCCCCCCOc2ccc(NC(=O)C[N+](C)(C)CC[N+](C)(C)CC(=O)Nc1ccc(OCCCCCCCCCCCCCC)cc1)cc2.[Br-].[Br-].CCCCCCCCCCCCCCOc2ccc(NC(=O)C[N+](C)(C)CC[N+](C)(C)CC(=O)Nc1ccc(OCCCCCCCCCCCCCC)cc1)cc2.[Br-].[Br-],cationic mixture,1.0,0.0,2.0800000001783476e-05,,,,,,P2SURF mixture; updated_CMC-Data-for-mixed-micelle.csv; experimental CMC dataset; mol_fraction_A=0.5; mol_fraction_B=0.5; logCMC(uM)=1.31806333 converted to mol/L; https://github.com/sandialabs/P2SURF
CCCCCCCCCCCCCCOc2ccc(NC(=O)C[N+](C)(C)CCCC[N+](C)(C)CC(=O)Nc1ccc(OCCCCCCCCCCCCCC)cc1)cc2.[Br-].[Br-].CCCCCCCCCCCCCCOc2ccc(NC(=O)C[N+](C)(C)CCCC[N+](C)(C)CC(=O)Nc1ccc(OCCCCCCCCCCCCCC)cc1)cc2.[Br-].[Br-],cationic mixture,1.0,0.0,1.1799999991682423e-05,,,,,,P2SURF mixture; updated_CMC-Data-for-mixed-micelle.csv; experimental CMC dataset; mol_fraction_A=0.5; mol_fraction_B=0.5; logCMC(uM)=1.07188201 converted to mol/L; https://github.com/sandialabs/P2SURF
CCCCCCCCCCCCCCOc2ccc(NC(=O)C[N+](C)(C)CCCCCC[N+](C)(C)CC(=O)Nc1ccc(OCCCCCCCCCCCCCC)cc1)cc2.[Br-].[Br-].CCCCCCCCCCCCCCOc2ccc(NC(=O)C[N+](C)(C)CCCCCC[N+](C)(C)CC(=O)Nc1ccc(OCCCCCCCCCCCCCC)cc1)cc2.[Br-].[Br-],cationic mixture,1.0,0.0,2.750000001074795e-05,,,,,,P2SURF mixture; updated_CMC-Data-for-mixed-micelle.csv; experimental CMC dataset; mol_fraction_A=0.5; mol_fraction_B=0.5; logCMC(uM)=1.43933269 converted to mol/L; https://github.com/sandialabs/P2SURF
CCCCCCCCCCCCCCCCOc2ccc(NC(=O)C[N+](C)(C)CC[N+](C)(C)CC(=O)Nc1ccc(OCCCCCCCCCCCCCCCC)cc1)cc2.[Br-].[Br-].CCCCCCCCCCCCCCCCOc2ccc(NC(=O)C[N+](C)(C)CC[N+](C)(C)CC(=O)Nc1ccc(OCCCCCCCCCCCCCCCC)cc1)cc2.[Br-].[Br-],cationic mixture,1.0,0.0,1.4000000010372393e-05,,,,,,P2SURF mixture; updated_CMC-Data-for-mixed-micelle.csv; experimental CMC dataset; mol_fraction_A=0.5; mol_fraction_B=0.5; logCMC(uM)=1.14612804 converted to mol/L; https://github.com/sandialabs/P2SURF
CCCCCCCCCCCCCCCCOc2ccc(NC(=O)C[N+](C)(C)CCCC[N+](C)(C)CC(=O)Nc1ccc(OCCCCCCCCCCCCCCCC)cc1)cc2.[Br-].[Br-].CCCCCCCCCCCCCCCCOc2ccc(NC(=O)C[N+](C)(C)CCCC[N+](C)(C)CC(=O)Nc1ccc(OCCCCCCCCCCCCCCCC)cc1)cc2.[Br-].[Br-],cationic mixture,1.0,0.0,8.999999990895758e-06,,,,,,P2SURF mixture; updated_CMC-Data-for-mixed-micelle.csv; experimental CMC dataset; mol_fraction_A=0.5; mol_fraction_B=0.5; logCMC(uM)=0.954242509 converted to mol/L; https://github.com/sandialabs/P2SURF
CCCCCCCCCCCCCCCCOc2ccc(NC(=O)C[N+](C)(C)CCCCCC[N+](C)(C)CC(=O)Nc1ccc(OCCCCCCCCCCCCCCCC)cc1)cc2.[Br-].[Br-].CCCCCCCCCCCCCCCCOc2ccc(NC(=O)C[N+](C)(C)CCCCCC[N+](C)(C)CC(=O)Nc1ccc(OCCCCCCCCCCCCCCCC)cc1)cc2.[Br-].[Br-],cationic mixture,1.0,0.0,2.8800000015966458e-05,,,,,,P2SURF mixture; updated_CMC-Data-for-mixed-micelle.csv; experimental CMC dataset; mol_fraction_A=0.5; mol_fraction_B=0.5; logCMC(uM)=1.45939249 converted to mol/L; https://github.com/sandialabs/P2SURF
CCCCCCCCCCOc1ccc(cc1)NC(=O)C[N+](CC[N+](CC(=O)Nc1ccc(cc1)OCCCCCCCCCC)(C)C)(C)C.[Br-].[Br-].CCCCCCCCCCOc1ccc(cc1)NC(=O)C[N+](CC[N+](CC(=O)Nc1ccc(cc1)OCCCCCCCCCC)(C)C)(C)C.[Br-].[Br-],cationic mixture,1.0,0.0,4.819477976251272e-05,,,,,,P2SURF mixture; updated_CMC-Data-for-mixed-micelle.csv; experimental CMC dataset; mol_fraction_A=0.5; mol_fraction_B=0.5; logCMC(uM)=1.683 converted to mol/L; https://github.com/sandialabs/P2SURF
CCCCCCCCCCOc1ccc(cc1)NC(=O)C[N+](CCCC[N+](CC(=O)Nc1ccc(cc1)OCCCCCCCCCC)(C)C)(C)C.[Br-].[Br-].CCCCCCCCCCOc1ccc(cc1)NC(=O)C[N+](CCCC[N+](CC(=O)Nc1ccc(cc1)OCCCCCCCCCC)(C)C)(C)C.[Br-].[Br-],cationic mixture,1.0,0.0,4.3651583224016566e-05,,,,,,P2SURF mixture; updated_CMC-Data-for-mixed-micelle.csv; experimental CMC dataset; mol_fraction_A=0.5; mol_fraction_B=0.5; logCMC(uM)=1.64 converted to mol/L; https://github.com/sandialabs/P2SURF
CCCCCCCCCCCCOc1ccc(cc1)NC(=O)C[N+](CC[N+](CC(=O)Nc1ccc(cc1)OCCCCCCCCCCCC)(C)C)(C)C.[Br-].[Br-].CCCCCCCCCCCCOc1ccc(cc1)NC(=O)C[N+](CC[N+](CC(=O)Nc1ccc(cc1)OCCCCCCCCCCCC)(C)C)(C)C.[Br-].[Br-],cationic mixture,1.0,0.0,3.443499307633384e-05,,,,,,P2SURF mixture; updated_CMC-Data-for-mixed-micelle.csv; experimental CMC dataset; mol_fraction_A=0.5; mol_fraction_B=0.5; logCMC(uM)=1.537 converted to mol/L; https://github.com/sandialabs/P2SURF
CCCCCCCCCCCCOc1ccc(cc1)NC(=O)C[N+](CCCC[N+](CC(=O)Nc1ccc(cc1)OCCCCCCCCCCCC)(C)C)(C)C.[Br-].[Br-].CCCCCCCCCCCCOc1ccc(cc1)NC(=O)C[N+](CCCC[N+](CC(=O)Nc1ccc(cc1)OCCCCCCCCCCCC)(C)C)(C)C.[Br-].[Br-],cationic mixture,1.0,0.0,2.1577444091526645e-05,,,,,,P2SURF mixture; updated_CMC-Data-for-mixed-micelle.csv; experimental CMC dataset; mol_fraction_A=0.5; mol_fraction_B=0.5; logCMC(uM)=1.334 converted to mol/L; https://github.com/sandialabs/P2SURF
CCCCCCCCCCOc1ccc[n+](c1)CC(C[n+]1cccc(c1)OCCCCCCCCCC)O.[Br-].[Br-].CCCCCCCCCCOc1ccc[n+](c1)CC(C[n+]1cccc(c1)OCCCCCCCCCC)O.[Br-].[Br-],cationic mixture,1.0,0.0,0.001,,,,,,P2SURF mixture; updated_CMC-Data-for-mixed-micelle.csv; experimental CMC dataset; mol_fraction_A=0.5; mol_fraction_B=0.5; logCMC(uM)=3 converted to mol/L; https://github.com/sandialabs/P2SURF
CCCCCCCCCCCCOc1ccc[n+](c1)CCCC[n+]1cccc(c1)OCCCCCCCCCCCC.[Br-].[Br-].CCCCCCCCCCCCOc1ccc[n+](c1)CCCC[n+]1cccc(c1)OCCCCCCCCCCCC.[Br-].[Br-],cationic mixture,1.0,0.0,0.000239883291901949,,,,,,P2SURF mixture; updated_CMC-Data-for-mixed-micelle.csv; experimental CMC dataset; mol_fraction_A=0.5; mol_fraction_B=0.5; logCMC(uM)=2.38 converted to mol/L; https://github.com/sandialabs/P2SURF
CCCCCCCCCCCCOc1ccc[n+](c1)CCC[n+]1cccc(c1)OCCCCCCCCCCCC.[Br-].[Br-].CCCCCCCCCCCCOc1ccc[n+](c1)CCC[n+]1cccc(c1)OCCCCCCCCCCCC.[Br-].[Br-],cationic mixture,1.0,0.0,0.00019010782799232996,,,,,,P2SURF mixture; updated_CMC-Data-for-mixed-micelle.csv; experimental CMC dataset; mol_fraction_A=0.5; mol_fraction_B=0.5; logCMC(uM)=2.279 converted to mol/L; https://github.com/sandialabs/P2SURF
CCCCCCCC[N+](CCOCC[N+](CCCCCCCC)(C)C)(C)C.[Br-].[Br-].CCCCCCCC[N+](CCOCC[N+](CCCCCCCC)(C)C)(C)C.[Br-].[Br-],cationic mixture,1.0,0.0,0.021086281499332886,,,,,,P2SURF mixture; updated_CMC-Data-for-mixed-micelle.csv; experimental CMC dataset; mol_fraction_A=0.5; mol_fraction_B=0.5; logCMC(uM)=4.324 converted to mol/L; https://github.com/sandialabs/P2SURF
CCCCCCCCCC[N+](CCOCC[N+](CCCCCCCCCC)(C)C)(C)C.[Br-].[Br-].CCCCCCCCCC[N+](CCOCC[N+](CCCCCCCCCC)(C)C)(C)C.[Br-].[Br-],cationic mixture,1.0,0.0,0.006591738952443213,,,,,,P2SURF mixture; updated_CMC-Data-for-mixed-micelle.csv; experimental CMC dataset; mol_fraction_A=0.5; mol_fraction_B=0.5; logCMC(uM)=3.819 converted to mol/L; https://github.com/sandialabs/P2SURF
CCCCCCCCCCCC[N+](CCOCC[N+](CCCCCCCCCCCC)(C)C)(C)C.[Br-].[Br-].CCCCCCCCCCCC[N+](CCOCC[N+](CCCCCCCCCCCC)(C)C)(C)C.[Br-].[Br-],cationic mixture,1.0,0.0,0.0010471285480508996,,,,,,P2SURF mixture; updated_CMC-Data-for-mixed-micelle.csv; experimental CMC dataset; mol_fraction_A=0.5; mol_fraction_B=0.5; logCMC(uM)=3.02 converted to mol/L; https://github.com/sandialabs/P2SURF
CCCCCCCCCCCCCC[N+](CCOCC[N+](CCCCCCCCCCCCCC)(C)C)(C)C.[Br-].[Br-].CCCCCCCCCCCCCC[N+](CCOCC[N+](CCCCCCCCCCCCCC)(C)C)(C)C.[Br-].[Br-],cationic mixture,1.0,0.0,0.00020090928126087278,,,,,,P2SURF mixture; updated_CMC-Data-for-mixed-micelle.csv; experimental CMC dataset; mol_fraction_A=0.5; mol_fraction_B=0.5; logCMC(uM)=2.303 converted to mol/L; https://github.com/sandialabs/P2SURF
Cn1cc[n+](c1)COCCOC[n+]1ccn(c1)C.[Cl-].[Cl-].Cn1cc[n+](c1)COCCOC[n+]1ccn(c1)C.[Cl-].[Cl-],cationic mixture,1.0,0.0,0.00707945784384138,,,,,,P2SURF mixture; updated_CMC-Data-for-mixed-micelle.csv; experimental CMC dataset; mol_fraction_A=0.5; mol_fraction_B=0.5; logCMC(uM)=3.85 converted to mol/L; https://github.com/sandialabs/P2SURF
Cn1cc[n+](c1)COCCCOC[n+]1ccn(c1)C.[Cl-].[Cl-].Cn1cc[n+](c1)COCCCOC[n+]1ccn(c1)C.[Cl-].[Cl-],cationic mixture,1.0,0.0,0.006606934480075957,,,,,,P2SURF mixture; updated_CMC-Data-for-mixed-micelle.csv; experimental CMC dataset; mol_fraction_A=0.5; mol_fraction_B=0.5; logCMC(uM)=3.82 converted to mol/L; https://github.com/sandialabs/P2SURF
CCn1cc[n+](c1)COCCOC[n+]1ccn(c1)CC.[Cl-].[Cl-].CCn1cc[n+](c1)COCCOC[n+]1ccn(c1)CC.[Cl-].[Cl-],cationic mixture,1.0,0.0,0.00588843655355589,,,,,,P2SURF mixture; updated_CMC-Data-for-mixed-micelle.csv; experimental CMC dataset; mol_fraction_A=0.5; mol_fraction_B=0.5; logCMC(uM)=3.77 converted to mol/L; https://github.com/sandialabs/P2SURF
Cn1cc[n+](c1)COCCCCCOC[n+]1ccn(c1)C.[Cl-].[Cl-].Cn1cc[n+](c1)COCCCCCOC[n+]1ccn(c1)C.[Cl-].[Cl-],cationic mixture,1.0,0.0,0.005623413251903491,,,,,,P2SURF mixture; updated_CMC-Data-for-mixed-micelle.csv; experimental CMC dataset; mol_fraction_A=0.5; mol_fraction_B=0.5; logCMC(uM)=3.75 converted to mol/L; https://github.com/sandialabs/P2SURF
CCn1cc[n+](c1)COCCCOC[n+]1ccn(c1)CC.[Cl-].[Cl-].CCn1cc[n+](c1)COCCCOC[n+]1ccn(c1)CC.[Cl-].[Cl-],cationic mixture,1.0,0.0,0.005495408738576248,,,,,,P2SURF mixture; updated_CMC-Data-for-mixed-micelle.csv; experimental CMC dataset; mol_fraction_A=0.5; mol_fraction_B=0.5; logCMC(uM)=3.74 converted to mol/L; https://github.com/sandialabs/P2SURF
CCn1cc[n+](c1)COCCCCOC[n+]1ccn(c1)CC.[Cl-].[Cl-].CCn1cc[n+](c1)COCCCCOC[n+]1ccn(c1)CC.[Cl-].[Cl-],cationic mixture,1.0,0.0,0.005011872336272725,,,,,,P2SURF mixture; updated_CMC-Data-for-mixed-micelle.csv; experimental CMC dataset; mol_fraction_A=0.5; mol_fraction_B=0.5; logCMC(uM)=3.7 converted to mol/L; https://github.com/sandialabs/P2SURF
CCn1cc[n+](c1)COCCCCCOC[n+]1ccn(c1)CC.[Cl-].[Cl-].CCn1cc[n+](c1)COCCCCCOC[n+]1ccn(c1)CC.[Cl-].[Cl-],cationic mixture,1.0,0.0,0.004677351412871981,,,,,,P2SURF mixture; updated_CMC-Data-for-mixed-micelle.csv; experimental CMC dataset; mol_fraction_A=0.5; mol_fraction_B=0.5; logCMC(uM)=3.67 converted to mol/L; https://github.com/sandialabs/P2SURF
CCn1cc[n+](c1)COCCCCCCOC[n+]1ccn(c1)CC.[Cl-].[Cl-].CCn1cc[n+](c1)COCCCCCCOC[n+]1ccn(c1)CC.[Cl-].[Cl-],cationic mixture,1.0,0.0,0.004265795188015926,,,,,,P2SURF mixture; updated_CMC-Data-for-mixed-micelle.csv; experimental CMC dataset; mol_fraction_A=0.5; mol_fraction_B=0.5; logCMC(uM)=3.63 converted to mol/L; https://github.com/sandialabs/P2SURF
CCCn1cc[n+](c1)COCCOC[n+]1ccn(c1)CCC.[Cl-].[Cl-].CCCn1cc[n+](c1)COCCOC[n+]1ccn(c1)CCC.[Cl-].[Cl-],cationic mixture,1.0,0.0,0.004168693834703355,,,,,,P2SURF mixture; updated_CMC-Data-for-mixed-micelle.csv; experimental CMC dataset; mol_fraction_A=0.5; mol_fraction_B=0.5; logCMC(uM)=3.62 converted to mol/L; https://github.com/sandialabs/P2SURF
CCCn1cc[n+](c1)COCCCCOC[n+]1ccn(c1)CCC.[Cl-].[Cl-].CCCn1cc[n+](c1)COCCCCOC[n+]1ccn(c1)CCC.[Cl-].[Cl-],cationic mixture,1.0,0.0,0.004073802778041126,,,,,,P2SURF mixture; updated_CMC-Data-for-mixed-micelle.csv; experimental CMC dataset; mol_fraction_A=0.5; mol_fraction_B=0.5; logCMC(uM)=3.61 converted to mol/L; https://github.com/sandialabs/P2SURF
CCCCn1cc[n+](c1)COCCOC[n+]1ccn(c1)CCCC.[Cl-].[Cl-].CCCCn1cc[n+](c1)COCCOC[n+]1ccn(c1)CCCC.[Cl-].[Cl-],cationic mixture,1.0,0.0,0.003890451449942805,,,,,,P2SURF mixture; updated_CMC-Data-for-mixed-micelle.csv; experimental CMC dataset; mol_fraction_A=0.5; mol_fraction_B=0.5; logCMC(uM)=3.59 converted to mol/L; https://github.com/sandialabs/P2SURF
CCCn1cc[n+](c1)COCCCCCOC[n+]1ccn(c1)CCC.[Cl-].[Cl-].CCCn1cc[n+](c1)COCCCCCOC[n+]1ccn(c1)CCC.[Cl-].[Cl-],cationic mixture,1.0,0.0,0.003890451449942805,,,,,,P2SURF mixture; updated_CMC-Data-for-mixed-micelle.csv; experimental CMC dataset; mol_fraction_A=0.5; mol_fraction_B=0.5; logCMC(uM)=3.59 converted to mol/L; https://github.com/sandialabs/P2SURF
CCCCn1cc[n+](c1)COCCCOC[n+]1ccn(c1)CCCC.[Cl-].[Cl-].CCCCn1cc[n+](c1)COCCCOC[n+]1ccn(c1)CCCC.[Cl-].[Cl-],cationic mixture,1.0,0.0,0.003630780547701014,,,,,,P2SURF mixture; updated_CMC-Data-for-mixed-micelle.csv; experimental CMC dataset; mol_fraction_A=0.5; mol_fraction_B=0.5; logCMC(uM)=3.56 converted to mol/L; https://github.com/sandialabs/P2SURF
CCCn1cc[n+](c1)COCCCCCCOC[n+]1ccn(c1)CCC.[Cl-].[Cl-].CCCn1cc[n+](c1)COCCCCCCOC[n+]1ccn(c1)CCC.[Cl-].[Cl-],cationic mixture,1.0,0.0,0.0035481338923357532,,,,,,P2SURF mixture; updated_CMC-Data-for-mixed-micelle.csv; experimental CMC dataset; mol_fraction_A=0.5; mol_fraction_B=0.5; logCMC(uM)=3.55 converted to mol/L; https://github.com/sandialabs/P2SURF
CCCCn1cc[n+](c1)COCCCCCOC[n+]1ccn(c1)CCCC.[Cl-].[Cl-].CCCCn1cc[n+](c1)COCCCCCOC[n+]1ccn(c1)CCCC.[Cl-].[Cl-],cationic mixture,1.0,0.0,0.003235936569296281,,,,,,P2SURF mixture; updated_CMC-Data-for-mixed-micelle.csv; experimental CMC dataset; mol_fraction_A=0.5; mol_fraction_B=0.5; logCMC(uM)=3.51 converted to mol/L; https://github.com/sandialabs/P2SURF
CCCCCn1cc[n+](c1)COCCOC[n+]1ccn(c1)CCCCC.[Cl-].[Cl-].CCCCCn1cc[n+](c1)COCCOC[n+]1ccn(c1)CCCCC.[Cl-].[Cl-],cationic mixture,1.0,0.0,0.003235936569296281,,,,,,P2SURF mixture; updated_CMC-Data-for-mixed-micelle.csv; experimental CMC dataset; mol_fraction_A=0.5; mol_fraction_B=0.5; logCMC(uM)=3.51 converted to mol/L; https://github.com/sandialabs/P2SURF
CCCCCn1cc[n+](c1)COCCCOC[n+]1ccn(c1)CCCCC.[Cl-].[Cl-].CCCCCn1cc[n+](c1)COCCCOC[n+]1ccn(c1)CCCCC.[Cl-].[Cl-],cationic mixture,1.0,0.0,0.003019951720402016,,,,,,P2SURF mixture; updated_CMC-Data-for-mixed-micelle.csv; experimental CMC dataset; mol_fraction_A=0.5; mol_fraction_B=0.5; logCMC(uM)=3.48 converted to mol/L; https://github.com/sandialabs/P2SURF
CCCCCn1cc[n+](c1)COCCCCOC[n+]1ccn(c1)CCCCC.[Cl-].[Cl-].CCCCCn1cc[n+](c1)COCCCCOC[n+]1ccn(c1)CCCCC.[Cl-].[Cl-],cationic mixture,1.0,0.0,0.002951209226666387,,,,,,P2SURF mixture; updated_CMC-Data-for-mixed-micelle.csv; experimental CMC dataset; mol_fraction_A=0.5; mol_fraction_B=0.5; logCMC(uM)=3.47 converted to mol/L; https://github.com/sandialabs/P2SURF
CCCCn1cc[n+](c1)COCCCCCCOC[n+]1ccn(c1)CCCC.[Cl-].[Cl-].CCCCn1cc[n+](c1)COCCCCCCOC[n+]1ccn(c1)CCCC.[Cl-].[Cl-],cationic mixture,1.0,0.0,0.0028840315031266055,,,,,,P2SURF mixture; updated_CMC-Data-for-mixed-micelle.csv; experimental CMC dataset; mol_fraction_A=0.5; mol_fraction_B=0.5; logCMC(uM)=3.46 converted to mol/L; https://github.com/sandialabs/P2SURF
CCCCCn1cc[n+](c1)COCCCCCCOC[n+]1ccn(c1)CCCCC.[Cl-].[Cl-].CCCCCn1cc[n+](c1)COCCCCCCOC[n+]1ccn(c1)CCCCC.[Cl-].[Cl-],cationic mixture,1.0,0.0,0.00239883291901949,,,,,,P2SURF mixture; updated_CMC-Data-for-mixed-micelle.csv; experimental CMC dataset; mol_fraction_A=0.5; mol_fraction_B=0.5; logCMC(uM)=3.38 converted to mol/L; https://github.com/sandialabs/P2SURF
CCCCCCn1cc[n+](c1)COCCCCOC[n+]1ccn(c1)CCCCCC.[Cl-].[Cl-].CCCCCCn1cc[n+](c1)COCCCCOC[n+]1ccn(c1)CCCCCC.[Cl-].[Cl-],cationic mixture,1.0,0.0,0.0022908676527677724,,,,,,P2SURF mixture; updated_CMC-Data-for-mixed-micelle.csv; experimental CMC dataset; mol_fraction_A=0.5; mol_fraction_B=0.5; logCMC(uM)=3.36 converted to mol/L; https://github.com/sandialabs/P2SURF
CCCCCCCn1cc[n+](c1)COCCOC[n+]1ccn(c1)CCCCCCC.[Cl-].[Cl-].CCCCCCCn1cc[n+](c1)COCCOC[n+]1ccn(c1)CCCCCCC.[Cl-].[Cl-],cationic mixture,1.0,0.0,0.00223872113856834,,,,,,P2SURF mixture; updated_CMC-Data-for-mixed-micelle.csv; experimental CMC dataset; mol_fraction_A=0.5; mol_fraction_B=0.5; logCMC(uM)=3.35 converted to mol/L; https://github.com/sandialabs/P2SURF
CCCCCCn1cc[n+](c1)COCCCCCOC[n+]1ccn(c1)CCCCCC.[Cl-].[Cl-].CCCCCCn1cc[n+](c1)COCCCCCOC[n+]1ccn(c1)CCCCCC.[Cl-].[Cl-],cationic mixture,1.0,0.0,0.0021379620895022326,,,,,,P2SURF mixture; updated_CMC-Data-for-mixed-micelle.csv; experimental CMC dataset; mol_fraction_A=0.5; mol_fraction_B=0.5; logCMC(uM)=3.33 converted to mol/L; https://github.com/sandialabs/P2SURF
CCCCCCCn1cc[n+](c1)COCCCOC[n+]1ccn(c1)CCCCCCC.[Cl-].[Cl-].CCCCCCCn1cc[n+](c1)COCCCOC[n+]1ccn(c1)CCCCCCC.[Cl-].[Cl-],cationic mixture,1.0,0.0,0.0020892961308540386,,,,,,P2SURF mixture; updated_CMC-Data-for-mixed-micelle.csv; experimental CMC dataset; mol_fraction_A=0.5; mol_fraction_B=0.5; logCMC(uM)=3.32 converted to mol/L; https://github.com/sandialabs/P2SURF
CCCCCCCn1cc[n+](c1)COCCCCOC[n+]1ccn(c1)CCCCCCC.[Cl-].[Cl-].CCCCCCCn1cc[n+](c1)COCCCCOC[n+]1ccn(c1)CCCCCCC.[Cl-].[Cl-],cationic mixture,1.0,0.0,0.0019498445997580456,,,,,,P2SURF mixture; updated_CMC-Data-for-mixed-micelle.csv; experimental CMC dataset; mol_fraction_A=0.5; mol_fraction_B=0.5; logCMC(uM)=3.29 converted to mol/L; https://github.com/sandialabs/P2SURF
CCCCCCn1cc[n+](c1)COCCCCCCOC[n+]1ccn(c1)CCCCCC.[Cl-].[Cl-].CCCCCCn1cc[n+](c1)COCCCCCCOC[n+]1ccn(c1)CCCCCC.[Cl-].[Cl-],cationic mixture,1.0,0.0,0.0019498445997580456,,,,,,P2SURF mixture; updated_CMC-Data-for-mixed-micelle.csv; experimental CMC dataset; mol_fraction_A=0.5; mol_fraction_B=0.5; logCMC(uM)=3.29 converted to mol/L; https://github.com/sandialabs/P2SURF
CCCCCCCCn1cc[n+](c1)COCCOC[n+]1ccn(c1)CCCCCCCC.[Cl-].[Cl-].CCCCCCCCn1cc[n+](c1)COCCOC[n+]1ccn(c1)CCCCCCCC.[Cl-].[Cl-],cationic mixture,1.0,0.0,0.0019054607179632462,,,,,,P2SURF mixture; updated_CMC-Data-for-mixed-micelle.csv; experimental CMC dataset; mol_fraction_A=0.5; mol_fraction_B=0.5; logCMC(uM)=3.28 converted to mol/L; https://github.com/sandialabs/P2SURF
CCCCCCCCn1cc[n+](c1)COCCCOC[n+]1ccn(c1)CCCCCCCC.[Cl-].[Cl-].CCCCCCCCn1cc[n+](c1)COCCCOC[n+]1ccn(c1)CCCCCCCC.[Cl-].[Cl-],cationic mixture,1.0,0.0,0.0017782794100389228,,,,,,P2SURF mixture; updated_CMC-Data-for-mixed-micelle.csv; experimental CMC dataset; mol_fraction_A=0.5; mol_fraction_B=0.5; logCMC(uM)=3.25 converted to mol/L; https://github.com/sandialabs/P2SURF
CCCCCCCn1cc[n+](c1)COCCCCCOC[n+]1ccn(c1)CCCCCCC.[Cl-].[Cl-].CCCCCCCn1cc[n+](c1)COCCCCCOC[n+]1ccn(c1)CCCCCCC.[Cl-].[Cl-],cationic mixture,1.0,0.0,0.0017782794100389228,,,,,,P2SURF mixture; updated_CMC-Data-for-mixed-micelle.csv; experimental CMC dataset; mol_fraction_A=0.5; mol_fraction_B=0.5; logCMC(uM)=3.25 converted to mol/L; https://github.com/sandialabs/P2SURF
CCCCCCCCn1cc[n+](c1)COCCCCOC[n+]1ccn(c1)CCCCCCCC.[Cl-].[Cl-].CCCCCCCCn1cc[n+](c1)COCCCCOC[n+]1ccn(c1)CCCCCCCC.[Cl-].[Cl-],cationic mixture,1.0,0.0,0.0016218100973589297,,,,,,P2SURF mixture; updated_CMC-Data-for-mixed-micelle.csv; experimental CMC dataset; mol_fraction_A=0.5; mol_fraction_B=0.5; logCMC(uM)=3.21 converted to mol/L; https://github.com/sandialabs/P2SURF
CCCCCCCn1cc[n+](c1)COCCCCCCOC[n+]1ccn(c1)CCCCCCC.[Cl-].[Cl-].CCCCCCCn1cc[n+](c1)COCCCCCCOC[n+]1ccn(c1)CCCCCCC.[Cl-].[Cl-],cationic mixture,1.0,0.0,0.0016218100973589297,,,,,,P2SURF mixture; updated_CMC-Data-for-mixed-micelle.csv; experimental CMC dataset; mol_fraction_A=0.5; mol_fraction_B=0.5; logCMC(uM)=3.21 converted to mol/L; https://github.com/sandialabs/P2SURF
CCCCCCCCCn1cc[n+](c1)COCCOC[n+]1ccn(c1)CCCCCCCCC.[Cl-].[Cl-].CCCCCCCCCn1cc[n+](c1)COCCOC[n+]1ccn(c1)CCCCCCCCC.[Cl-].[Cl-],cationic mixture,1.0,0.0,0.0015488166189124811,,,,,,P2SURF mixture; updated_CMC-Data-for-mixed-micelle.csv; experimental CMC dataset; mol_fraction_A=0.5; mol_fraction_B=0.5; logCMC(uM)=3.19 converted to mol/L; https://github.com/sandialabs/P2SURF
CCCCCCCCCn1cc[n+](c1)COCCCOC[n+]1ccn(c1)CCCCCCCCC.[Cl-].[Cl-].CCCCCCCCCn1cc[n+](c1)COCCCOC[n+]1ccn(c1)CCCCCCCCC.[Cl-].[Cl-],cationic mixture,1.0,0.0,0.001445439770745928,,,,,,P2SURF mixture; updated_CMC-Data-for-mixed-micelle.csv; experimental CMC dataset; mol_fraction_A=0.5; mol_fraction_B=0.5; logCMC(uM)=3.16 converted to mol/L; https://github.com/sandialabs/P2SURF
CCCCCCCCn1cc[n+](c1)COCCCCCCOC[n+]1ccn(c1)CCCCCCCC.[Cl-].[Cl-].CCCCCCCCn1cc[n+](c1)COCCCCCCOC[n+]1ccn(c1)CCCCCCCC.[Cl-].[Cl-],cationic mixture,1.0,0.0,0.0013489628825916532,,,,,,P2SURF mixture; updated_CMC-Data-for-mixed-micelle.csv; experimental CMC dataset; mol_fraction_A=0.5; mol_fraction_B=0.5; logCMC(uM)=3.13 converted to mol/L; https://github.com/sandialabs/P2SURF
CCCCCCCCCn1cc[n+](c1)COCCCCOC[n+]1ccn(c1)CCCCCCCCC.[Cl-].[Cl-].CCCCCCCCCn1cc[n+](c1)COCCCCOC[n+]1ccn(c1)CCCCCCCCC.[Cl-].[Cl-],cationic mixture,1.0,0.0,0.0013182567385564075,,,,,,P2SURF mixture; updated_CMC-Data-for-mixed-micelle.csv; experimental CMC dataset; mol_fraction_A=0.5; mol_fraction_B=0.5; logCMC(uM)=3.12 converted to mol/L; https://github.com/sandialabs/P2SURF
CCCCCCCCCn1cc[n+](c1)COCCCCCOC[n+]1ccn(c1)CCCCCCCCC.[Cl-].[Cl-].CCCCCCCCCn1cc[n+](c1)COCCCCCOC[n+]1ccn(c1)CCCCCCCCC.[Cl-].[Cl-],cationic mixture,1.0,0.0,0.0012302687708123812,,,,,,P2SURF mixture; updated_CMC-Data-for-mixed-micelle.csv; experimental CMC dataset; mol_fraction_A=0.5; mol_fraction_B=0.5; logCMC(uM)=3.09 converted to mol/L; https://github.com/sandialabs/P2SURF
CCCCCCCCCCn1cc[n+](c1)COCCCOC[n+]1ccn(c1)CCCCCCCCCC.[Cl-].[Cl-].CCCCCCCCCCn1cc[n+](c1)COCCCOC[n+]1ccn(c1)CCCCCCCCCC.[Cl-].[Cl-],cationic mixture,1.0,0.0,0.001122018454301963,,,,,,P2SURF mixture; updated_CMC-Data-for-mixed-micelle.csv; experimental CMC dataset; mol_fraction_A=0.5; mol_fraction_B=0.5; logCMC(uM)=3.05 converted to mol/L; https://github.com/sandialabs/P2SURF
CCCCCCCCCn1cc[n+](c1)COCCCCCCOC[n+]1ccn(c1)CCCCCCCCC.[Cl-].[Cl-].CCCCCCCCCn1cc[n+](c1)COCCCCCCOC[n+]1ccn(c1)CCCCCCCCC.[Cl-].[Cl-],cationic mixture,1.0,0.0,0.001122018454301963,,,,,,P2SURF mixture; updated_CMC-Data-for-mixed-micelle.csv; experimental CMC dataset; mol_fraction_A=0.5; mol_fraction_B=0.5; logCMC(uM)=3.05 converted to mol/L; https://github.com/sandialabs/P2SURF
CCCCCCCCCCn1cc[n+](c1)COCCCCOC[n+]1ccn(c1)CCCCCCCCCC.[Cl-].[Cl-].CCCCCCCCCCn1cc[n+](c1)COCCCCOC[n+]1ccn(c1)CCCCCCCCCC.[Cl-].[Cl-],cationic mixture,1.0,0.0,0.001,,,,,,P2SURF mixture; updated_CMC-Data-for-mixed-micelle.csv; experimental CMC dataset; mol_fraction_A=0.5; mol_fraction_B=0.5; logCMC(uM)=3 converted to mol/L; https://github.com/sandialabs/P2SURF
CCCCCCCCCCCn1cc[n+](c1)COCCOC[n+]1ccn(c1)CCCCCCCCCCC.[Cl-].[Cl-].CCCCCCCCCCCn1cc[n+](c1)COCCOC[n+]1ccn(c1)CCCCCCCCCCC.[Cl-].[Cl-],cationic mixture,1.0,0.0,0.0009120108393559096,,,,,,P2SURF mixture; updated_CMC-Data-for-mixed-micelle.csv; experimental CMC dataset; mol_fraction_A=0.5; mol_fraction_B=0.5; logCMC(uM)=2.96 converted to mol/L; https://github.com/sandialabs/P2SURF
CCCCCCCCCCCn1cc[n+](c1)COCCCOC[n+]1ccn(c1)CCCCCCCCCCC.[Cl-].[Cl-].CCCCCCCCCCCn1cc[n+](c1)COCCCOC[n+]1ccn(c1)CCCCCCCCCCC.[Cl-].[Cl-],cationic mixture,1.0,0.0,0.0008511380382023768,,,,,,P2SURF mixture; updated_CMC-Data-for-mixed-micelle.csv; experimental CMC dataset; mol_fraction_A=0.5; mol_fraction_B=0.5; logCMC(uM)=2.93 converted to mol/L; https://github.com/sandialabs/P2SURF
CCCCCCCCCCn1cc[n+](c1)COCCCCCOC[n+]1ccn(c1)CCCCCCCCCC.[Cl-].[Cl-].CCCCCCCCCCn1cc[n+](c1)COCCCCCOC[n+]1ccn(c1)CCCCCCCCCC.[Cl-].[Cl-],cationic mixture,1.0,0.0,0.0008511380382023768,,,,,,P2SURF mixture; updated_CMC-Data-for-mixed-micelle.csv; experimental CMC dataset; mol_fraction_A=0.5; mol_fraction_B=0.5; logCMC(uM)=2.93 converted to mol/L; https://github.com/sandialabs/P2SURF
CCCCCCCCCCn1cc[n+](c1)COCCCCCCOC[n+]1ccn(c1)CCCCCCCCCC.[Cl-].[Cl-].CCCCCCCCCCn1cc[n+](c1)COCCCCCCOC[n+]1ccn(c1)CCCCCCCCCC.[Cl-].[Cl-],cationic mixture,1.0,0.0,0.0008511380382023768,,,,,,P2SURF mixture; updated_CMC-Data-for-mixed-micelle.csv; experimental CMC dataset; mol_fraction_A=0.5; mol_fraction_B=0.5; logCMC(uM)=2.93 converted to mol/L; https://github.com/sandialabs/P2SURF
CCCCCCCCCCCn1cc[n+](c1)COCCCCOC[n+]1ccn(c1)CCCCCCCCCCC.[Cl-].[Cl-].CCCCCCCCCCCn1cc[n+](c1)COCCCCOC[n+]1ccn(c1)CCCCCCCCCCC.[Cl-].[Cl-],cationic mixture,1.0,0.0,0.0007413102413009177,,,,,,P2SURF mixture; updated_CMC-Data-for-mixed-micelle.csv; experimental CMC dataset; mol_fraction_A=0.5; mol_fraction_B=0.5; logCMC(uM)=2.87 converted to mol/L; https://github.com/sandialabs/P2SURF
CCCCCCCCCCCCn1cc[n+](c1)COCCOC[n+]1ccn(c1)CCCCCCCCCCCC.[Cl-].[Cl-].CCCCCCCCCCCCn1cc[n+](c1)COCCOC[n+]1ccn(c1)CCCCCCCCCCCC.[Cl-].[Cl-],cationic mixture,1.0,0.0,0.000707945784384138,,,,,,P2SURF mixture; updated_CMC-Data-for-mixed-micelle.csv; experimental CMC dataset; mol_fraction_A=0.5; mol_fraction_B=0.5; logCMC(uM)=2.85 converted to mol/L; https://github.com/sandialabs/P2SURF
CCCCCCCCCCCn1cc[n+](c1)COCCCCCOC[n+]1ccn(c1)CCCCCCCCCCC.[Cl-].[Cl-].CCCCCCCCCCCn1cc[n+](c1)COCCCCCOC[n+]1ccn(c1)CCCCCCCCCCC.[Cl-].[Cl-],cationic mixture,1.0,0.0,0.0006918309709189362,,,,,,P2SURF mixture; updated_CMC-Data-for-mixed-micelle.csv; experimental CMC dataset; mol_fraction_A=0.5; mol_fraction_B=0.5; logCMC(uM)=2.84 converted to mol/L; https://github.com/sandialabs/P2SURF
CCCCCCCCCCCCn1cc[n+](c1)COCCCOC[n+]1ccn(c1)CCCCCCCCCCCC.[Cl-].[Cl-].CCCCCCCCCCCCn1cc[n+](c1)COCCCOC[n+]1ccn(c1)CCCCCCCCCCCC.[Cl-].[Cl-],cationic mixture,1.0,0.0,0.0006606934480075957,,,,,,P2SURF mixture; updated_CMC-Data-for-mixed-micelle.csv; experimental CMC dataset; mol_fraction_A=0.5; mol_fraction_B=0.5; logCMC(uM)=2.82 converted to mol/L; https://github.com/sandialabs/P2SURF
CCCCCCCCCCCn1cc[n+](c1)COCCCCCCOC[n+]1ccn(c1)CCCCCCCCCCC.[Cl-].[Cl-].CCCCCCCCCCCn1cc[n+](c1)COCCCCCCOC[n+]1ccn(c1)CCCCCCCCCCC.[Cl-].[Cl-],cationic mixture,1.0,0.0,0.000630957344480193,,,,,,P2SURF mixture; updated_CMC-Data-for-mixed-micelle.csv; experimental CMC dataset; mol_fraction_A=0.5; mol_fraction_B=0.5; logCMC(uM)=2.8 converted to mol/L; https://github.com/sandialabs/P2SURF
CCCC[N+](CCOCC[N+](CCCC)(C)C)(C)C.[Br-].[Br-].CCCC[N+](CCOCC[N+](CCCC)(C)C)(C)C.[Br-].[Br-],cationic mixture,1.0,0.0,0.15848931924611143,,,,,,P2SURF mixture; updated_CMC-Data-for-mixed-micelle.csv; experimental CMC dataset; mol_fraction_A=0.5; mol_fraction_B=0.5; logCMC(uM)=5.2 converted to mol/L; https://github.com/sandialabs/P2SURF
CCCCCC[N+](CCOCC[N+](CCCCCC)(C)C)(C)C.[Br-].[Br-].CCCCCC[N+](CCOCC[N+](CCCCCC)(C)C)(C)C.[Br-].[Br-],cationic mixture,1.0,0.0,0.08109610578538404,,,,,,P2SURF mixture; updated_CMC-Data-for-mixed-micelle.csv; experimental CMC dataset; mol_fraction_A=0.5; mol_fraction_B=0.5; logCMC(uM)=4.909 converted to mol/L; https://github.com/sandialabs/P2SURF
Cn1cc[n+](c1)COCCCCOC[n+]1ccn(c1)C.[Cl-].[Cl-].Cn1cc[n+](c1)COCCCCOC[n+]1ccn(c1)C.[Cl-].[Cl-],cationic mixture,1.0,0.0,0.006025595860743574,,,,,,P2SURF mixture; updated_CMC-Data-for-mixed-micelle.csv; experimental CMC dataset; mol_fraction_A=0.5; mol_fraction_B=0.5; logCMC(uM)=3.78 converted to mol/L; https://github.com/sandialabs/P2SURF
Cn1cc[n+](c1)COCCCCCCOC[n+]1ccn(c1)C.[Cl-].[Cl-].Cn1cc[n+](c1)COCCCCCCOC[n+]1ccn(c1)C.[Cl-].[Cl-],cationic mixture,1.0,0.0,0.005128613839913648,,,,,,P2SURF mixture; updated_CMC-Data-for-mixed-micelle.csv; experimental CMC dataset; mol_fraction_A=0.5; mol_fraction_B=0.5; logCMC(uM)=3.71 converted to mol/L; https://github.com/sandialabs/P2SURF
CCCn1cc[n+](c1)COCCCOC[n+]1ccn(c1)CCC.[Cl-].[Cl-].CCCn1cc[n+](c1)COCCCOC[n+]1ccn(c1)CCC.[Cl-].[Cl-],cationic mixture,1.0,0.0,0.004786300923226385,,,,,,P2SURF mixture; updated_CMC-Data-for-mixed-micelle.csv; experimental CMC dataset; mol_fraction_A=0.5; mol_fraction_B=0.5; logCMC(uM)=3.68 converted to mol/L; https://github.com/sandialabs/P2SURF
CCCCn1cc[n+](c1)COCCCCOC[n+]1ccn(c1)CCCC.[Cl-].[Cl-].CCCCn1cc[n+](c1)COCCCCOC[n+]1ccn(c1)CCCC.[Cl-].[Cl-],cationic mixture,1.0,0.0,0.0035481338923357532,,,,,,P2SURF mixture; updated_CMC-Data-for-mixed-micelle.csv; experimental CMC dataset; mol_fraction_A=0.5; mol_fraction_B=0.5; logCMC(uM)=3.55 converted to mol/L; https://github.com/sandialabs/P2SURF
CCCCCn1cc[n+](c1)COCCCCCOC[n+]1ccn(c1)CCCCC.[Cl-].[Cl-].CCCCCn1cc[n+](c1)COCCCCCOC[n+]1ccn(c1)CCCCC.[Cl-].[Cl-],cationic mixture,1.0,0.0,0.0026302679918953813,,,,,,P2SURF mixture; updated_CMC-Data-for-mixed-micelle.csv; experimental CMC dataset; mol_fraction_A=0.5; mol_fraction_B=0.5; logCMC(uM)=3.42 converted to mol/L; https://github.com/sandialabs/P2SURF
CCCCCCn1cc[n+](c1)COCCOC[n+]1ccn(c1)CCCCCC.[Cl-].[Cl-].CCCCCCn1cc[n+](c1)COCCOC[n+]1ccn(c1)CCCCCC.[Cl-].[Cl-],cationic mixture,1.0,0.0,0.0026302679918953813,,,,,,P2SURF mixture; updated_CMC-Data-for-mixed-micelle.csv; experimental CMC dataset; mol_fraction_A=0.5; mol_fraction_B=0.5; logCMC(uM)=3.42 converted to mol/L; https://github.com/sandialabs/P2SURF
CCCCCCn1cc[n+](c1)COCCCOC[n+]1ccn(c1)CCCCCC.[Cl-].[Cl-].CCCCCCn1cc[n+](c1)COCCCOC[n+]1ccn(c1)CCCCCC.[Cl-].[Cl-],cationic mixture,1.0,0.0,0.002454708915685031,,,,,,P2SURF mixture; updated_CMC-Data-for-mixed-micelle.csv; experimental CMC dataset; mol_fraction_A=0.5; mol_fraction_B=0.5; logCMC(uM)=3.39 converted to mol/L; https://github.com/sandialabs/P2SURF
CCCCCCCCn1cc[n+](c1)COCCCCCOC[n+]1ccn(c1)CCCCCCCC.[Cl-].[Cl-].CCCCCCCCn1cc[n+](c1)COCCCCCOC[n+]1ccn(c1)CCCCCCCC.[Cl-].[Cl-],cationic mixture,1.0,0.0,0.0014791083881682072,,,,,,P2SURF mixture; updated_CMC-Data-for-mixed-micelle.csv; experimental CMC dataset; mol_fraction_A=0.5; mol_fraction_B=0.5; logCMC(uM)=3.17 converted to mol/L; https://github.com/sandialabs/P2SURF
CCCCCCCCCCn1cc[n+](c1)COCCOC[n+]1ccn(c1)CCCCCCCCCC.[Cl-].[Cl-].CCCCCCCCCCn1cc[n+](c1)COCCOC[n+]1ccn(c1)CCCCCCCCCC.[Cl-].[Cl-],cationic mixture,1.0,0.0,0.001202264434617413,,,,,,P2SURF mixture; updated_CMC-Data-for-mixed-micelle.csv; experimental CMC dataset; mol_fraction_A=0.5; mol_fraction_B=0.5; logCMC(uM)=3.08 converted to mol/L; https://github.com/sandialabs/P2SURF
CCCCCCCCCCCCOC(=O)C[n+]1ccc(cc1)CCCc1cc[n+](cc1)CC(=O)OCCCCCCCCCCCC.[Br-].[Br-].CCCCCCCCCCCCOC(=O)C[n+]1ccc(cc1)CCCc1cc[n+](cc1)CC(=O)OCCCCCCCCCCCC.[Br-].[Br-],cationic mixture,1.0,0.0,3.5974933515574234e-05,,,,,,P2SURF mixture; updated_CMC-Data-for-mixed-micelle.csv; experimental CMC dataset; mol_fraction_A=0.5; mol_fraction_B=0.5; logCMC(uM)=1.556 converted to mol/L; https://github.com/sandialabs/P2SURF
CCCCCCCCCCCCOCC(Cn1cc[n+](c1)CCC[n+]1ccn(c1)CC(COCCCCCCCCCCCC)O)O.[Br-].[Br-].CCCCCCCCCCCCOCC(Cn1cc[n+](c1)CCC[n+]1ccn(c1)CC(COCCCCCCCCCCCC)O)O.[Br-].[Br-],cationic mixture,1.0,0.0,1.9998618696327447e-05,,,,,,P2SURF mixture; updated_CMC-Data-for-mixed-micelle.csv; experimental CMC dataset; mol_fraction_A=0.5; mol_fraction_B=0.5; logCMC(uM)=1.301 converted to mol/L; https://github.com/sandialabs/P2SURF
CCCCCCCCCCCCCCCCOc1ccc(cc1)NC(=O)C[N+](CCCC[N+](CC(=O)Nc1ccc(cc1)OCCCCCCCCCCCCCCCC)(C)C)(C)C.[Br-].[Br-].CCCCCCCCCCCCCCCCOc1ccc(cc1)NC(=O)C[N+](CCCC[N+](CC(=O)Nc1ccc(cc1)OCCCCCCCCCCCCCCCC)(C)C)(C)C.[Br-].[Br-],cationic mixture,1.0,0.0,1.981527025805097e-05,,,,,,P2SURF mixture; updated_CMC-Data-for-mixed-micelle.csv; experimental CMC dataset; mol_fraction_A=0.5; mol_fraction_B=0.5; logCMC(uM)=1.297 converted to mol/L; https://github.com/sandialabs/P2SURF
CCCCCCCCCCCCCCCCOc1ccc(cc1)NC(=O)C[N+](CC[N+](CC(=O)Nc1ccc(cc1)OCCCCCCCCCCCCCCCC)(C)C)(C)C.[Br-].[Br-] .CCCCCCCCCCCCCCCCOc1ccc(cc1)NC(=O)C[N+](CC[N+](CC(=O)Nc1ccc(cc1)OCCCCCCCCCCCCCCCC)(C)C)(C)C.[Br-].[Br-] ,cationic mixture,1.0,0.0,1.3995873225726178e-05,,,,,,P2SURF mixture; updated_CMC-Data-for-mixed-micelle.csv; experimental CMC dataset; mol_fraction_A=0.5; mol_fraction_B=0.5; logCMC(uM)=1.146 converted to mol/L; https://github.com/sandialabs/P2SURF
CCCCCCCCCCCCCCOc1ccc(cc1)NC(=O)C[N+](CCCCCC[N+](CC(=O)Nc1ccc(cc1)OCCCCCCCCCCCCCC)(C)C)(C)C.[Br-].[Br-].CCCCCCCCCCCCCCOc1ccc(cc1)NC(=O)C[N+](CCCCCC[N+](CC(=O)Nc1ccc(cc1)OCCCCCCCCCCCCCC)(C)C)(C)C.[Br-].[Br-],cationic mixture,1.0,0.0,2.5003453616964294e-05,,,,,,P2SURF mixture; updated_CMC-Data-for-mixed-micelle.csv; experimental CMC dataset; mol_fraction_A=0.5; mol_fraction_B=0.5; logCMC(uM)=1.398 converted to mol/L; https://github.com/sandialabs/P2SURF
CCCCCCCCCCOc1ccc(cc1)NC(=O)C[N+](CCCCCC[N+](CC(=O)Nc1ccc(cc1)OCCCCCCCCCC)(C)C)(C)C.[Br-].[Br-].CCCCCCCCCCOc1ccc(cc1)NC(=O)C[N+](CCCCCC[N+](CC(=O)Nc1ccc(cc1)OCCCCCCCCCC)(C)C)(C)C.[Br-].[Br-],cationic mixture,1.0,0.0,2.0417379446695318e-05,,,,,,P2SURF mixture; updated_CMC-Data-for-mixed-micelle.csv; experimental CMC dataset; mol_fraction_A=0.5; mol_fraction_B=0.5; logCMC(uM)=1.31 converted to mol/L; https://github.com/sandialabs/P2SURF
CCCCCCCCCCCCCCOc1ccc[n+](c1)CC[n+]1cccc(c1)OCCCCCCCCCCCCCC.[Br-].[Br-].CCCCCCCCCCCCCCOc1ccc[n+](c1)CC[n+]1cccc(c1)OCCCCCCCCCCCCCC.[Br-].[Br-],cationic mixture,1.0,0.0,3.3962527259040815e-05,,,,,,P2SURF mixture; updated_CMC-Data-for-mixed-micelle.csv; experimental CMC dataset; mol_fraction_A=0.5; mol_fraction_B=0.5; logCMC(uM)=1.531 converted to mol/L; https://github.com/sandialabs/P2SURF
CCCCCCCCCCCCCCCCCC[N+](CCOCC[N+](CCCCCCCCCCCCCCCCCC)(C)C)(C) C.[Br-].[Br-].CCCCCCCCCCCCCCCCCC[N+](CCOCC[N+](CCCCCCCCCCCCCCCCCC)(C)C)(C) C.[Br-].[Br-],cationic mixture,1.0,0.0,3.303695410368149e-05,,,,,,P2SURF mixture; updated_CMC-Data-for-mixed-micelle.csv; experimental CMC dataset; mol_fraction_A=0.5; mol_fraction_B=0.5; logCMC(uM)=1.519 converted to mol/L; https://github.com/sandialabs/P2SURF
CCCCCCCCCCCCCCCC[N+](CCOCC[N+](CCCCCCCCCCCCCCCC)(C)C)(C)C.[Br-].[Br-].CCCCCCCCCCCCCCCC[N+](CCOCC[N+](CCCCCCCCCCCCCCCC)(C)C)(C)C.[Br-].[Br-],cationic mixture,1.0,0.0,3.1988951096913973e-05,,,,,,P2SURF mixture; updated_CMC-Data-for-mixed-micelle.csv; experimental CMC dataset; mol_fraction_A=0.5; mol_fraction_B=0.5; logCMC(uM)=1.505 converted to mol/L; https://github.com/sandialabs/P2SURF
CCCCCCCCCCCCCCOc1ccc[n+](c1)CCCC[n+]1cccc(c1)OCCCCCCCCCCCCCC.[Br-].[Br-].CCCCCCCCCCCCCCOc1ccc[n+](c1)CCCC[n+]1cccc(c1)OCCCCCCCCCCCCCC.[Br-].[Br-],cationic mixture,1.0,0.0,5.9979107625551005e-05,,,,,,P2SURF mixture; updated_CMC-Data-for-mixed-micelle.csv; experimental CMC dataset; mol_fraction_A=0.5; mol_fraction_B=0.5; logCMC(uM)=1.778 converted to mol/L; https://github.com/sandialabs/P2SURF
CCCCCCCCCCCCCCOc1ccc[n+](c1)CCC[n+]1cccc(c1)OCCCCCCCCCCCCCC.[Br-].[Br-].CCCCCCCCCCCCCCOc1ccc[n+](c1)CCC[n+]1cccc(c1)OCCCCCCCCCCCCCC.[Br-].[Br-],cationic mixture,1.0,0.0,5.199959965335162e-05,,,,,,P2SURF mixture; updated_CMC-Data-for-mixed-micelle.csv; experimental CMC dataset; mol_fraction_A=0.5; mol_fraction_B=0.5; logCMC(uM)=1.716 converted to mol/L; https://github.com/sandialabs/P2SURF
CCCCCCCCCCCCCCOc1ccc[n+](c1)CC(C[n+]1cccc(c1)OCCCCCCCCCCCCCC)O.[Br-].[Br-].CCCCCCCCCCCCCCOc1ccc[n+](c1)CC(C[n+]1cccc(c1)OCCCCCCCCCCCCCC)O.[Br-].[Br-],cationic mixture,1.0,0.0,2.6977394324449205e-05,,,,,,P2SURF mixture; updated_CMC-Data-for-mixed-micelle.csv; experimental CMC dataset; mol_fraction_A=0.5; mol_fraction_B=0.5; logCMC(uM)=1.431 converted to mol/L; https://github.com/sandialabs/P2SURF
CCCCCCCCCCCCCCCCC(=O)OCC[n+]1ccc(cc1)CCCc1cc[n+](cc1)CCOC(=O)CCCCCCCCCCCCCCCC.[Br-].[Br-].CCCCCCCCCCCCCCCCC(=O)OCC[n+]1ccc(cc1)CCCc1cc[n+](cc1)CCOC(=O)CCCCCCCCCCCCCCCC.[Br-].[Br-],cationic mixture,1.0,0.0,3.5974933515574234e-05,,,,,,P2SURF mixture; updated_CMC-Data-for-mixed-micelle.csv; experimental CMC dataset; mol_fraction_A=0.5; mol_fraction_B=0.5; logCMC(uM)=1.556 converted to mol/L; https://github.com/sandialabs/P2SURF
CCCCCCCCCCCCCCCCC(=O)OCC[n+]1ccc(cc1)CCCc1cc[n+](cc1)CCOC(=O)CCCCCCCCCCCCCCCC.[Cl-].[Cl-].CCCCCCCCCCCCCCCCC(=O)OCC[n+]1ccc(cc1)CCCc1cc[n+](cc1)CCOC(=O)CCCCCCCCCCCCCCCC.[Cl-].[Cl-],cationic mixture,1.0,0.0,5.495408738576248e-05,,,,,,P2SURF mixture; updated_CMC-Data-for-mixed-micelle.csv; experimental CMC dataset; mol_fraction_A=0.5; mol_fraction_B=0.5; logCMC(uM)=1.74 converted to mol/L; https://github.com/sandialabs/P2SURF
CCCCCCCCCCCCCCOCC(Cn1cc[n+](c1)CCC[n+]1ccn(c1)CC(COCCCCCCCCCCCCCC)O)O.[Br-].[Br-].CCCCCCCCCCCCCCOCC(Cn1cc[n+](c1)CCC[n+]1ccn(c1)CC(COCCCCCCCCCCCCCC)O)O.[Br-].[Br-],cationic mixture,1.0,0.0,7.095777679633887e-05,,,,,,P2SURF mixture; updated_CMC-Data-for-mixed-micelle.csv; experimental CMC dataset; mol_fraction_A=0.5; mol_fraction_B=0.5; logCMC(uM)=1.851 converted to mol/L; https://github.com/sandialabs/P2SURF
