名称,smiles,EO,PO,亲油亲水值HLB,CMC（临界胶束浓度）,表面张力（γcmc）,界面张力（IFT）,润湿性接触角θ,最小分子截面积Amin,最大表面过剩浓度Γmax,表面张力降低效率参数Pc20,文献或来源（如果可以）,source_temperature
SODIUM DODECYL 1 SULFATE,CCCCCCCCCCCCOS(=O)(=O)[O-].[Na+],0.0,0.0,,0.007665,,,,,,,PSDI/NIST Critical Micelle Concentrations of Aqueous Surfactant Systems; Compound No. 1; name=SODIUM DODECYL 1 SULFATE; temperature=25; additives=nan; authors=SCHI FOWK; reference=57014; original CMC=2.21 X10-1 D 7.665X10-3 M; DOI 10.6028/NBS.NSRDS.36; https://github.com/PSDI-UK/psdi-datasets,25
SODIUM DODECYL 1 SULFATE,CCCCCCCCCCCCOS(=O)(=O)[O-].[Na+],0.0,0.0,,0.008081,,,,,,,PSDI/NIST Critical Micelle Concentrations of Aqueous Surfactant Systems; Compound No. 1; name=SODIUM DODECYL 1 SULFATE; temperature=25; additives=nan; authors=WILL MYSE; reference=55005; original CMC=2.330X10-1 D 8.081X10-3 M; DOI 10.6028/NBS.NSRDS.36; https://github.com/PSDI-UK/psdi-datasets,25
SODIUM DODECYL 1 SULFATE,CCCCCCCCCCCCOS(=O)(=O)[O-].[Na+],0.0,0.0,,0.008116,,,,,,,PSDI/NIST Critical Micelle Concentrations of Aqueous Surfactant Systems; Compound No. 1; name=SODIUM DODECYL 1 SULFATE; temperature=25; additives=nan; authors=WILL MYSE; reference=55005; original CMC=2.340X10-1 D 8.116X10-3 M; DOI 10.6028/NBS.NSRDS.36; https://github.com/PSDI-UK/psdi-datasets,25
SODIUM DODECYL 1 SULFATE,CCCCCCCCCCCCOS(=O)(=O)[O-].[Na+],0.0,0.0,,0.003185,,,,,,,PSDI/NIST Critical Micelle Concentrations of Aqueous Surfactant Systems; Compound No. 1; name=SODIUM DODECYL 1 SULFATE; temperature=25; additives=nan; authors=WILL MYSE; reference=55005; original CMC=2.36 X10-1 D 3.185X10-3 M; DOI 10.6028/NBS.NSRDS.36; https://github.com/PSDI-UK/psdi-datasets,25
SODIUM DODECYL 1 SULFATE,CCCCCCCCCCCCOS(=O)(=O)[O-].[Na+],0.0,0.0,,0.0082,,,,,,,PSDI/NIST Critical Micelle Concentrations of Aqueous Surfactant Systems; Compound No. 1; name=SODIUM DODECYL 1 SULFATE; temperature=25; additives=nan; authors=CORK GOOD; reference=62006; original CMC=8.2 X10-3 M; DOI 10.6028/NBS.NSRDS.36; https://github.com/PSDI-UK/psdi-datasets,25
SODIUM DODECYL 1 SULFATE,CCCCCCCCCCCCOS(=O)(=O)[O-].[Na+],0.0,0.0,,0.0058,,,,,,,PSDI/NIST Critical Micelle Concentrations of Aqueous Surfactant Systems; Compound No. 1; name=SODIUM DODECYL 1 SULFATE; temperature=25; additives=nan; authors=KLEV; reference=48005; original CMC=5.8 X10-3 M; DOI 10.6028/NBS.NSRDS.36; https://github.com/PSDI-UK/psdi-datasets,25
SODIUM DODECYL 1 SULFATE,CCCCCCCCCCCCOS(=O)(=O)[O-].[Na+],0.0,0.0,,0.006,,,,,,,PSDI/NIST Critical Micelle Concentrations of Aqueous Surfactant Systems; Compound No. 1; name=SODIUM DODECYL 1 SULFATE; temperature=25; additives=nan; authors=STAN RADL; reference=60021; original CMC=6. X10-3 M; DOI 10.6028/NBS.NSRDS.36; https://github.com/PSDI-UK/psdi-datasets,25
SODIUM DODECYL 1 SULFATE,CCCCCCCCCCCCOS(=O)(=O)[O-].[Na+],0.0,0.0,,0.0078,,,,,,,PSDI/NIST Critical Micelle Concentrations of Aqueous Surfactant Systems; Compound No. 1; name=SODIUM DODECYL 1 SULFATE; temperature=25; additives=nan; authors=GODD HIGH; reference=55018; original CMC=7.8 X10-3 M; DOI 10.6028/NBS.NSRDS.36; https://github.com/PSDI-UK/psdi-datasets,25
SODIUM DODECYL 1 SULFATE,CCCCCCCCCCCCOS(=O)(=O)[O-].[Na+],0.0,0.0,,0.0081,,,,,,,PSDI/NIST Critical Micelle Concentrations of Aqueous Surfactant Systems; Compound No. 1; name=SODIUM DODECYL 1 SULFATE; temperature=25; additives=nan; authors=GODD HIGH; reference=55018; original CMC=8.1 X10-3 M; DOI 10.6028/NBS.NSRDS.36; https://github.com/PSDI-UK/psdi-datasets,25
SODIUM DODECYL 1 SULFATE,CCCCCCCCCCCCOS(=O)(=O)[O-].[Na+],0.0,0.0,,0.0083,,,,,,,PSDI/NIST Critical Micelle Concentrations of Aqueous Surfactant Systems; Compound No. 1; name=SODIUM DODECYL 1 SULFATE; temperature=25; additives=nan; authors=GINN HARR; reference=60010; original CMC=8.3 X10-3 M; DOI 10.6028/NBS.NSRDS.36; https://github.com/PSDI-UK/psdi-datasets,25
SODIUM DODECYL 1 SULFATE,CCCCCCCCCCCCOS(=O)(=O)[O-].[Na+],0.0,0.0,,0.008061,,,,,,,PSDI/NIST Critical Micelle Concentrations of Aqueous Surfactant Systems; Compound No. 1; name=SODIUM DODECYL 1 SULFATE; temperature=25; additives=nan; authors=SCHO; reference=66036; original CMC=2.324X10-1 D 8.061X10-3 M; DOI 10.6028/NBS.NSRDS.36; https://github.com/PSDI-UK/psdi-datasets,25
SODIUM DODECYL 1 SULFATE,CCCCCCCCCCCCOS(=O)(=O)[O-].[Na+],0.0,0.0,,0.00811,,,,,,,PSDI/NIST Critical Micelle Concentrations of Aqueous Surfactant Systems; Compound No. 1; name=SODIUM DODECYL 1 SULFATE; temperature=25; additives=nan; authors=BENT SPAR; reference=66038; original CMC=8.11 X10-3 M; DOI 10.6028/NBS.NSRDS.36; https://github.com/PSDI-UK/psdi-datasets,25
SODIUM DODECYL 1 SULFATE,CCCCCCCCCCCCOS(=O)(=O)[O-].[Na+],0.0,0.0,,0.0088,,,,,,,PSDI/NIST Critical Micelle Concentrations of Aqueous Surfactant Systems; Compound No. 1; name=SODIUM DODECYL 1 SULFATE; temperature=25; additives=nan; authors=MIUR MATS; reference=57025; original CMC=8.8 X10-3 M; DOI 10.6028/NBS.NSRDS.36; https://github.com/PSDI-UK/psdi-datasets,25
SODIUM DODECYL 1 SULFATE,CCCCCCCCCCCCOS(=O)(=O)[O-].[Na+],0.0,0.0,,0.00816,,,,,,,PSDI/NIST Critical Micelle Concentrations of Aqueous Surfactant Systems; Compound No. 1; name=SODIUM DODECYL 1 SULFATE; temperature=25; additives=nan; authors=FLOC; reference=61007; original CMC=8.16 X10-3 M; DOI 10.6028/NBS.NSRDS.36; https://github.com/PSDI-UK/psdi-datasets,25
SODIUM DODECYL 1 SULFATE,CCCCCCCCCCCCOS(=O)(=O)[O-].[Na+],0.0,0.0,,0.00073,,,,,,,PSDI/NIST Critical Micelle Concentrations of Aqueous Surfactant Systems; Compound No. 1; name=SODIUM DODECYL 1 SULFATE; temperature=25; additives=nan; authors=GINN HARR; reference=58008; original CMC=7.3 X10-4 M; DOI 10.6028/NBS.NSRDS.36; https://github.com/PSDI-UK/psdi-datasets,25
SODIUM DODECYL 1 SULFATE,CCCCCCCCCCCCOS(=O)(=O)[O-].[Na+],0.0,0.0,,0.00563,,,,,,,PSDI/NIST Critical Micelle Concentrations of Aqueous Surfactant Systems; Compound No. 1; name=SODIUM DODECYL 1 SULFATE; temperature=25; additives=nan; authors=GINN HARR; reference=58008; original CMC=5.63 X10-3 M; DOI 10.6028/NBS.NSRDS.36; https://github.com/PSDI-UK/psdi-datasets,25
SODIUM DODECYL 1 SULFATE,CCCCCCCCCCCCOS(=O)(=O)[O-].[Na+],0.0,0.0,,0.0072,,,,,,,PSDI/NIST Critical Micelle Concentrations of Aqueous Surfactant Systems; Compound No. 1; name=SODIUM DODECYL 1 SULFATE; temperature=25; additives=nan; authors=SCHI MANN; reference=66001; original CMC=7.2 X10-3 M; DOI 10.6028/NBS.NSRDS.36; https://github.com/PSDI-UK/psdi-datasets,25
SODIUM DODECYL 1 SULFATE,CCCCCCCCCCCCOS(=O)(=O)[O-].[Na+],0.0,0.0,,0.00163,,,,,,,PSDI/NIST Critical Micelle Concentrations of Aqueous Surfactant Systems; Compound No. 1; name=SODIUM DODECYL 1 SULFATE; temperature=25; additives=nan; authors=GINN HARR; reference=58008; original CMC=1.63 X10-3 M; DOI 10.6028/NBS.NSRDS.36; https://github.com/PSDI-UK/psdi-datasets,25
SODIUM DODECYL 1 SULFATE,CCCCCCCCCCCCOS(=O)(=O)[O-].[Na+],0.0,0.0,,0.00403,,,,,,,PSDI/NIST Critical Micelle Concentrations of Aqueous Surfactant Systems; Compound No. 1; name=SODIUM DODECYL 1 SULFATE; temperature=25; additives=nan; authors=GINN HARR; reference=58008; original CMC=4.03 X10-3 M; DOI 10.6028/NBS.NSRDS.36; https://github.com/PSDI-UK/psdi-datasets,25
SODIUM DODECYL 1 SULFATE,CCCCCCCCCCCCOS(=O)(=O)[O-].[Na+],0.0,0.0,,0.007943,,,,,,,PSDI/NIST Critical Micelle Concentrations of Aqueous Surfactant Systems; Compound No. 1; name=SODIUM DODECYL 1 SULFATE; temperature=25; additives=nan; authors=GINN KINN; reference=61015; original CMC=2.29 X10-1 D 7.943X10-3 M; DOI 10.6028/NBS.NSRDS.36; https://github.com/PSDI-UK/psdi-datasets,25
SODIUM DODECYL 1 SULFATE,CCCCCCCCCCCCOS(=O)(=O)[O-].[Na+],0.0,0.0,,0.00822,,,,,,,PSDI/NIST Critical Micelle Concentrations of Aqueous Surfactant Systems; Compound No. 1; name=SODIUM DODECYL 1 SULFATE; temperature=25; additives=nan; authors=MYSE OTTE; reference=61017; original CMC=8.22 X10-3 M; DOI 10.6028/NBS.NSRDS.36; https://github.com/PSDI-UK/psdi-datasets,25
SODIUM DODECYL 1 SULFATE,CCCCCCCCCCCCOS(=O)(=O)[O-].[Na+],0.0,0.0,,0.00783,,,,,,,PSDI/NIST Critical Micelle Concentrations of Aqueous Surfactant Systems; Compound No. 1; name=SODIUM DODECYL 1 SULFATE; temperature=25; additives=nan; authors=MYSE OTTE; reference=61017; original CMC=7.83 X10-3 M; DOI 10.6028/NBS.NSRDS.36; https://github.com/PSDI-UK/psdi-datasets,25
SODIUM DODECYL 1 SULFATE,CCCCCCCCCCCCOS(=O)(=O)[O-].[Na+],0.0,0.0,,0.00827,,,,,,,PSDI/NIST Critical Micelle Concentrations of Aqueous Surfactant Systems; Compound No. 1; name=SODIUM DODECYL 1 SULFATE; temperature=25; additives=nan; authors=MUKE KAPA; reference=66002; original CMC=8.27 X10-3 M; DOI 10.6028/NBS.NSRDS.36; https://github.com/PSDI-UK/psdi-datasets,25
SODIUM DODECYL 1 SULFATE,CCCCCCCCCCCCOS(=O)(=O)[O-].[Na+],0.0,0.0,,0.00815,,,,,,,PSDI/NIST Critical Micelle Concentrations of Aqueous Surfactant Systems; Compound No. 1; name=SODIUM DODECYL 1 SULFATE; temperature=25; additives=nan; authors=ELWO MYSE; reference=66007; original CMC=8.15 X10-3 M; DOI 10.6028/NBS.NSRDS.36; https://github.com/PSDI-UK/psdi-datasets,25
SODIUM DODECYL 1 SULFATE,CCCCCCCCCCCCOS(=O)(=O)[O-].[Na+],0.0,0.0,,0.0084,,,,,,,PSDI/NIST Critical Micelle Concentrations of Aqueous Surfactant Systems; Compound No. 1; name=SODIUM DODECYL 1 SULFATE; temperature=25; additives=nan; authors=ELWO MYSE; reference=66007; original CMC=8.4 X10-3 M; DOI 10.6028/NBS.NSRDS.36; https://github.com/PSDI-UK/psdi-datasets,25
SODIUM DODECYL 1 SULFATE,CCCCCCCCCCCCOS(=O)(=O)[O-].[Na+],0.0,0.0,,0.00291,,,,,,,PSDI/NIST Critical Micelle Concentrations of Aqueous Surfactant Systems; Compound No. 1; name=SODIUM DODECYL 1 SULFATE; temperature=25; additives=2.22 E N-C10 GLYCEROL ETHER; authors=SCHI FOWK; reference=57014; original CMC=8.4 X10-2 D 2.91 X10-3 M; DOI 10.6028/NBS.NSRDS.36; https://github.com/PSDI-UK/psdi-datasets,25
SODIUM DODECYL 1 SULFATE,CCCCCCCCCCCCOS(=O)(=O)[O-].[Na+],0.0,0.0,,0.00336,,,,,,,PSDI/NIST Critical Micelle Concentrations of Aqueous Surfactant Systems; Compound No. 1; name=SODIUM DODECYL 1 SULFATE; temperature=25; additives=N-C10 GLYCEROL ETHER; authors=SCHI FOWK; reference=57014; original CMC=9.7 X10-2 D 3.36 X10-3 M; DOI 10.6028/NBS.NSRDS.36; https://github.com/PSDI-UK/psdi-datasets,25
SODIUM DODECYL 1 SULFATE,CCCCCCCCCCCCOS(=O)(=O)[O-].[Na+],0.0,0.0,,0.00801,,,,,,,PSDI/NIST Critical Micelle Concentrations of Aqueous Surfactant Systems; Compound No. 1; name=SODIUM DODECYL 1 SULFATE; temperature=25; additives=2. EOH DIOXANE; authors=SHIR MATU; reference=65020; original CMC=8.01 X10-3 M; DOI 10.6028/NBS.NSRDS.36; https://github.com/PSDI-UK/psdi-datasets,25
SODIUM DODECYL 1 SULFATE,CCCCCCCCCCCCOS(=O)(=O)[O-].[Na+],0.0,0.0,,0.00806,,,,,,,PSDI/NIST Critical Micelle Concentrations of Aqueous Surfactant Systems; Compound No. 1; name=SODIUM DODECYL 1 SULFATE; temperature=25; additives=3. EOH DIOXANE; authors=SHIR MATU; reference=65020; original CMC=8.06 X10-3 M; DOI 10.6028/NBS.NSRDS.36; https://github.com/PSDI-UK/psdi-datasets,25
SODIUM DODECYL 1 SULFATE,CCCCCCCCCCCCOS(=O)(=O)[O-].[Na+],0.0,0.0,,0.0131,,,,,,,PSDI/NIST Critical Micelle Concentrations of Aqueous Surfactant Systems; Compound No. 1; name=SODIUM DODECYL 1 SULFATE; temperature=25; additives=1.5 E1H DIOXANE; authors=SHIR MATU; reference=65020; original CMC=1.31 X10-2 M; DOI 10.6028/NBS.NSRDS.36; https://github.com/PSDI-UK/psdi-datasets,25
SODIUM DODECYL 1 SULFATE,CCCCCCCCCCCCOS(=O)(=O)[O-].[Na+],0.0,0.0,,0.0212,,,,,,,PSDI/NIST Critical Micelle Concentrations of Aqueous Surfactant Systems; Compound No. 1; name=SODIUM DODECYL 1 SULFATE; temperature=25; additives=2.0 E1H DIOXANE; authors=SHIR MATU; reference=65020; original CMC=2.12 X10-2 M; DOI 10.6028/NBS.NSRDS.36; https://github.com/PSDI-UK/psdi-datasets,25
SODIUM DODECYL 1 SULFATE,CCCCCCCCCCCCOS(=O)(=O)[O-].[Na+],0.0,0.0,,0.03,,,,,,,PSDI/NIST Critical Micelle Concentrations of Aqueous Surfactant Systems; Compound No. 1; name=SODIUM DODECYL 1 SULFATE; temperature=25; additives=2.5 E1H DIOXANE; authors=SHIR MATU; reference=65020; original CMC=3.0 X10-2 M; DOI 10.6028/NBS.NSRDS.36; https://github.com/PSDI-UK/psdi-datasets,25
SODIUM DODECYL 1 SULFATE,CCCCCCCCCCCCOS(=O)(=O)[O-].[Na+],0.0,0.0,,0.005896,,,,,,,PSDI/NIST Critical Micelle Concentrations of Aqueous Surfactant Systems; Compound No. 1; name=SODIUM DODECYL 1 SULFATE; temperature=25; additives=2.22 1 Q 3.5(CH3)2 C6H3 GLET*; authors=SCHI FOWK; reference=57014; original CMC=1.70 X10-1 D 5.896X10-3 M; DOI 10.6028/NBS.NSRDS.36; https://github.com/PSDI-UK/psdi-datasets,25
SODIUM DODECYL 1 SULFATE,CCCCCCCCCCCCOS(=O)(=O)[O-].[Na+],0.0,0.0,,0.00485,,,,,,,PSDI/NIST Critical Micelle Concentrations of Aqueous Surfactant Systems; Compound No. 1; name=SODIUM DODECYL 1 SULFATE; temperature=25; additives=2.22 3.5(CH3)2 C6H3 GLET*; authors=SCHI FOWK; reference=57014; original CMC=1.4 X10-1 D 4.85 X10-3 M; DOI 10.6028/NBS.NSRDS.36; https://github.com/PSDI-UK/psdi-datasets,25
SODIUM DODECYL 1 SULFATE,CCCCCCCCCCCCOS(=O)(=O)[O-].[Na+],0.0,0.0,,0.00805,,,,,,,PSDI/NIST Critical Micelle Concentrations of Aqueous Surfactant Systems; Compound No. 1; name=SODIUM DODECYL 1 SULFATE; temperature=25; additives=1.00 E 2 A DEUTERIUM OXIDE; authors=MUKE KAPA; reference=66002; original CMC=8.05 X10-3 M; DOI 10.6028/NBS.NSRDS.36; https://github.com/PSDI-UK/psdi-datasets,25
SODIUM DODECYL 1 SULFATE,CCCCCCCCCCCCOS(=O)(=O)[O-].[Na+],0.0,0.0,,0.00596,,,,,,,PSDI/NIST Critical Micelle Concentrations of Aqueous Surfactant Systems; Compound No. 1; name=SODIUM DODECYL 1 SULFATE; temperature=25; additives=9.27 E 0 P ETHANOL; authors=FLOC; reference=57013; original CMC=5.96 X10-3 M; DOI 10.6028/NBS.NSRDS.36; https://github.com/PSDI-UK/psdi-datasets,25
SODIUM DODECYL 1 SULFATE,CCCCCCCCCCCCOS(=O)(=O)[O-].[Na+],0.0,0.0,,0.01067,,,,,,,PSDI/NIST Critical Micelle Concentrations of Aqueous Surfactant Systems; Compound No. 1; name=SODIUM DODECYL 1 SULFATE; temperature=25; additives=2.498E 1 P ETHANOL; authors=FLOC; reference=57013; original CMC=1.067X10-2 M; DOI 10.6028/NBS.NSRDS.36; https://github.com/PSDI-UK/psdi-datasets,25
SODIUM DODECYL 1 SULFATE,CCCCCCCCCCCCOS(=O)(=O)[O-].[Na+],0.0,0.0,,0.00228,,,,,,,PSDI/NIST Critical Micelle Concentrations of Aqueous Surfactant Systems; Compound No. 1; name=SODIUM DODECYL 1 SULFATE; temperature=25; additives=2.22 E Q LAURYL ALCOHOL; authors=SCHI FOWK; reference=57014; original CMC=6.6 X10-2 D 2.28 X10-3 M; DOI 10.6028/NBS.NSRDS.36; https://github.com/PSDI-UK/psdi-datasets,25
SODIUM DODECYL 1 SULFATE,CCCCCCCCCCCCOS(=O)(=O)[O-].[Na+],0.0,0.0,,0.003815,,,,,,,PSDI/NIST Critical Micelle Concentrations of Aqueous Surfactant Systems; Compound No. 1; name=SODIUM DODECYL 1 SULFATE; temperature=25; additives=2. E-2 M NA CL; authors=WILL MYSE; reference=55005; original CMC=1.10 X10-1 D 3.815X10-3 M; DOI 10.6028/NBS.NSRDS.36; https://github.com/PSDI-UK/psdi-datasets,25
SODIUM DODECYL 1 SULFATE,CCCCCCCCCCCCOS(=O)(=O)[O-].[Na+],0.0,0.0,,0.003642,,,,,,,PSDI/NIST Critical Micelle Concentrations of Aqueous Surfactant Systems; Compound No. 1; name=SODIUM DODECYL 1 SULFATE; temperature=25; additives=2. E-2 M NA CL; authors=WILL MYSE; reference=55005; original CMC=1.05 X10-1 D 3.642X10-3 M; DOI 10.6028/NBS.NSRDS.36; https://github.com/PSDI-UK/psdi-datasets,25
SODIUM DODECYL 1 SULFATE,CCCCCCCCCCCCOS(=O)(=O)[O-].[Na+],0.0,0.0,,0.003121,,,,,,,PSDI/NIST Critical Micelle Concentrations of Aqueous Surfactant Systems; Compound No. 1; name=SODIUM DODECYL 1 SULFATE; temperature=25; additives=3. E-2 M NA CL; authors=WILL MYSE; reference=55005; original CMC=9.00 X10-2 D 3.121X10-3 M; DOI 10.6028/NBS.NSRDS.36; https://github.com/PSDI-UK/psdi-datasets,25
SODIUM DODECYL 1 SULFATE,CCCCCCCCCCCCOS(=O)(=O)[O-].[Na+],0.0,0.0,,0.003132,,,,,,,PSDI/NIST Critical Micelle Concentrations of Aqueous Surfactant Systems; Compound No. 1; name=SODIUM DODECYL 1 SULFATE; temperature=25; additives=3. E-2 M NA CL; authors=WILL MYSE; reference=55005; original CMC=9.03 X10-2 D 3.132X10-3 M; DOI 10.6028/NBS.NSRDS.36; https://github.com/PSDI-UK/psdi-datasets,25
SODIUM DODECYL 1 SULFATE,CCCCCCCCCCCCOS(=O)(=O)[O-].[Na+],0.0,0.0,,0.00308,,,,,,,PSDI/NIST Critical Micelle Concentrations of Aqueous Surfactant Systems; Compound No. 1; name=SODIUM DODECYL 1 SULFATE; temperature=25; additives=3. E-2 M NA CL; authors=WILL MYSE; reference=55005; original CMC=8.9 X10-2 D 3.08 X10-3 M; DOI 10.6028/NBS.NSRDS.36; https://github.com/PSDI-UK/psdi-datasets,25
SODIUM DODECYL 1 SULFATE,CCCCCCCCCCCCOS(=O)(=O)[O-].[Na+],0.0,0.0,,0.00287,,,,,,,PSDI/NIST Critical Micelle Concentrations of Aqueous Surfactant Systems; Compound No. 1; name=SODIUM DODECYL 1 SULFATE; temperature=25; additives=3. E-2 M NA CL; authors=WILL MYSE; reference=55005; original CMC=8.3 X10-2 D 2.87 X10-3 M; DOI 10.6028/NBS.NSRDS.36; https://github.com/PSDI-UK/psdi-datasets,25
SODIUM DODECYL 1 SULFATE,CCCCCCCCCCCCOS(=O)(=O)[O-].[Na+],0.0,0.0,,0.003184,,,,,,,PSDI/NIST Critical Micelle Concentrations of Aqueous Surfactant Systems; Compound No. 1; name=SODIUM DODECYL 1 SULFATE; temperature=25; additives=3. E-2 M NA CL; authors=SCHO; reference=66036; original CMC=9.18 X10-2 D 3.184X10-3 M; DOI 10.6028/NBS.NSRDS.36; https://github.com/PSDI-UK/psdi-datasets,25
SODIUM DODECYL 1 SULFATE,CCCCCCCCCCCCOS(=O)(=O)[O-].[Na+],0.0,0.0,,0.00034,,,,,,,PSDI/NIST Critical Micelle Concentrations of Aqueous Surfactant Systems; Compound No. 1; name=SODIUM DODECYL 1 SULFATE; temperature=25; additives=7.5 E-2 M NA CL; authors=PRIN HERM; reference=56011; original CMC=1. X10-2 D 3.4 X10-4 M; DOI 10.6028/NBS.NSRDS.36; https://github.com/PSDI-UK/psdi-datasets,25
SODIUM DODECYL 1 SULFATE,CCCCCCCCCCCCOS(=O)(=O)[O-].[Na+],0.0,0.0,,0.0017,,,,,,,PSDI/NIST Critical Micelle Concentrations of Aqueous Surfactant Systems; Compound No. 1; name=SODIUM DODECYL 1 SULFATE; temperature=25; additives=1. E-1 M NA CL; authors=ANAC JOHN; reference=64017; original CMC=1.7 X10-3 M; DOI 10.6028/NBS.NSRDS.36; https://github.com/PSDI-UK/psdi-datasets,25
SODIUM DODECYL 1 SULFATE,CCCCCCCCCCCCOS(=O)(=O)[O-].[Na+],0.0,0.0,,0.00104,,,,,,,PSDI/NIST Critical Micelle Concentrations of Aqueous Surfactant Systems; Compound No. 1; name=SODIUM DODECYL 1 SULFATE; temperature=25; additives=1. E-1 M NA CL; authors=WILL MYSE; reference=55005; original CMC=3.0 X10-2 D 1.04 X10-3 M; DOI 10.6028/NBS.NSRDS.36; https://github.com/PSDI-UK/psdi-datasets,25
SODIUM DODECYL 1 SULFATE,CCCCCCCCCCCCOS(=O)(=O)[O-].[Na+],0.0,0.0,,0.00128,,,,,,,PSDI/NIST Critical Micelle Concentrations of Aqueous Surfactant Systems; Compound No. 1; name=SODIUM DODECYL 1 SULFATE; temperature=25; additives=1. E-1 M NA CL; authors=WILL MYSE; reference=55005; original CMC=3.7 X10-2 D 1.28 X10-3 M; DOI 10.6028/NBS.NSRDS.36; https://github.com/PSDI-UK/psdi-datasets,25
SODIUM DODECYL 1 SULFATE,CCCCCCCCCCCCOS(=O)(=O)[O-].[Na+],0.0,0.0,,0.001422,,,,,,,PSDI/NIST Critical Micelle Concentrations of Aqueous Surfactant Systems; Compound No. 1; name=SODIUM DODECYL 1 SULFATE; temperature=25; additives=1.0 E-1 M NA CL; authors=SCHO; reference=66036; original CMC=4.10 X10-2 D 1.422X10-3 M; DOI 10.6028/NBS.NSRDS.36; https://github.com/PSDI-UK/psdi-datasets,25
SODIUM DODECYL 1 SULFATE,CCCCCCCCCCCCOS(=O)(=O)[O-].[Na+],0.0,0.0,,0.001439,,,,,,,PSDI/NIST Critical Micelle Concentrations of Aqueous Surfactant Systems; Compound No. 1; name=SODIUM DODECYL 1 SULFATE; temperature=25; additives=1.00 E-1 M NA CL; authors=WILL MYSE; reference=55005; original CMC=4.15 X10-2 D 1.439X10-3 M; DOI 10.6028/NBS.NSRDS.36; https://github.com/PSDI-UK/psdi-datasets,25
SODIUM DODECYL 1 SULFATE,CCCCCCCCCCCCOS(=O)(=O)[O-].[Na+],0.0,0.0,,0.001491,,,,,,,PSDI/NIST Critical Micelle Concentrations of Aqueous Surfactant Systems; Compound No. 1; name=SODIUM DODECYL 1 SULFATE; temperature=25; additives=1.00 E-1 M NA CL; authors=WILL MYSE; reference=55005; original CMC=4.30 X10-2 D 1.491X10-3 M; DOI 10.6028/NBS.NSRDS.36; https://github.com/PSDI-UK/psdi-datasets,25
SODIUM DODECYL 1 SULFATE,CCCCCCCCCCCCOS(=O)(=O)[O-].[Na+],0.0,0.0,,0.000971,,,,,,,PSDI/NIST Critical Micelle Concentrations of Aqueous Surfactant Systems; Compound No. 1; name=SODIUM DODECYL 1 SULFATE; temperature=25; additives=2. E-1 M NA CL; authors=WILL MYSE; reference=55005; original CMC=2.8 X10-2 D 9.71 X10-4 M; DOI 10.6028/NBS.NSRDS.36; https://github.com/PSDI-UK/psdi-datasets,25
SODIUM DODECYL 1 SULFATE,CCCCCCCCCCCCOS(=O)(=O)[O-].[Na+],0.0,0.0,,0.000867,,,,,,,PSDI/NIST Critical Micelle Concentrations of Aqueous Surfactant Systems; Compound No. 1; name=SODIUM DODECYL 1 SULFATE; temperature=25; additives=2. E-1 M NA CL; authors=WILL MYSE; reference=55005; original CMC=2.5 X10-2 D 8.67 X10-4 M; DOI 10.6028/NBS.NSRDS.36; https://github.com/PSDI-UK/psdi-datasets,25
SODIUM DODECYL 1 SULFATE,CCCCCCCCCCCCOS(=O)(=O)[O-].[Na+],0.0,0.0,,0.00075,,,,,,,PSDI/NIST Critical Micelle Concentrations of Aqueous Surfactant Systems; Compound No. 1; name=SODIUM DODECYL 1 SULFATE; temperature=25; additives=2. E-1 M NA CL; authors=SCHI; reference=63026; original CMC=7.5 X10-4 M; DOI 10.6028/NBS.NSRDS.36; https://github.com/PSDI-UK/psdi-datasets,25
SODIUM DODECYL 1 SULFATE,CCCCCCCCCCCCOS(=O)(=O)[O-].[Na+],0.0,0.0,,0.0009,,,,,,,PSDI/NIST Critical Micelle Concentrations of Aqueous Surfactant Systems; Compound No. 1; name=SODIUM DODECYL 1 SULFATE; temperature=25; additives=2. E-1 M NA CL; authors=MYSE MYSE; reference=65018; original CMC=9.0 X10-4 M; DOI 10.6028/NBS.NSRDS.36; https://github.com/PSDI-UK/psdi-datasets,25
SODIUM DODECYL 1 SULFATE,CCCCCCCCCCCCOS(=O)(=O)[O-].[Na+],0.0,0.0,,0.0007,,,,,,,PSDI/NIST Critical Micelle Concentrations of Aqueous Surfactant Systems; Compound No. 1; name=SODIUM DODECYL 1 SULFATE; temperature=25; additives=3. E-1 M NA CL; authors=MYSE MYSE; reference=65018; original CMC=7. X10-4 M; DOI 10.6028/NBS.NSRDS.36; https://github.com/PSDI-UK/psdi-datasets,25
SODIUM DODECYL 1 SULFATE,CCCCCCCCCCCCOS(=O)(=O)[O-].[Na+],0.0,0.0,,0.000554,,,,,,,PSDI/NIST Critical Micelle Concentrations of Aqueous Surfactant Systems; Compound No. 1; name=SODIUM DODECYL 1 SULFATE; temperature=25; additives=4. E-1 M NA CL; authors=WILL MYSE; reference=55005; original CMC=1.6 X10-2 D 5.89 X10-4 M 5.54 X10-4 M; DOI 10.6028/NBS.NSRDS.36; https://github.com/PSDI-UK/psdi-datasets,25
SODIUM DODECYL 1 SULFATE,CCCCCCCCCCCCOS(=O)(=O)[O-].[Na+],0.0,0.0,,0.0006569,,,,,,,PSDI/NIST Critical Micelle Concentrations of Aqueous Surfactant Systems; Compound No. 1; name=SODIUM DODECYL 1 SULFATE; temperature=25; additives=4.0 E-1 M NA CL; authors=SCHO; reference=66036; original CMC=1.894X10-2 D 6.569X10-4 M; DOI 10.6028/NBS.NSRDS.36; https://github.com/PSDI-UK/psdi-datasets,25
SODIUM DODECYL 1 SULFATE,CCCCCCCCCCCCOS(=O)(=O)[O-].[Na+],0.0,0.0,,0.006104,,,,,,,PSDI/NIST Critical Micelle Concentrations of Aqueous Surfactant Systems; Compound No. 1; name=SODIUM DODECYL 1 SULFATE; temperature=25; additives=2.22 E Q PENTADECANOL V.BR*; authors=SCHI FOWK; reference=57014; original CMC=1.76 X10-1 D 6.104X10-3 M; DOI 10.6028/NBS.NSRDS.36; https://github.com/PSDI-UK/psdi-datasets,25
SODIUM DODECYL 1 SULFATE,CCCCCCCCCCCCOS(=O)(=O)[O-].[Na+],0.0,0.0,,0.0102,,,,,,,PSDI/NIST Critical Micelle Concentrations of Aqueous Surfactant Systems; Compound No. 1; name=SODIUM DODECYL 1 SULFATE; temperature=25; additives=4.5 EOM UREA; authors=SCHI; reference=64020; original CMC=1.02 X10-2 M; DOI 10.6028/NBS.NSRDS.36; https://github.com/PSDI-UK/psdi-datasets,25
SODIUM DODECYL 1 SULFATE,CCCCCCCCCCCCOS(=O)(=O)[O-].[Na+],0.0,0.0,,0.00832,,,,,,,PSDI/NIST Critical Micelle Concentrations of Aqueous Surfactant Systems; Compound No. 1; name=SODIUM DODECYL 1 SULFATE; temperature=25; additives=1.078E 1 C 0003; authors=MYSE OTTE; reference=61017; original CMC=8.32 X10-3 M; DOI 10.6028/NBS.NSRDS.36; https://github.com/PSDI-UK/psdi-datasets,25
SODIUM DODECYL 1 SULFATE,CCCCCCCCCCCCOS(=O)(=O)[O-].[Na+],0.0,0.0,,0.00854,,,,,,,PSDI/NIST Critical Micelle Concentrations of Aqueous Surfactant Systems; Compound No. 1; name=SODIUM DODECYL 1 SULFATE; temperature=25; additives=2.006E 1 C 0003; authors=MYSE OTTE; reference=61017; original CMC=8.54 X10-3 M; DOI 10.6028/NBS.NSRDS.36; https://github.com/PSDI-UK/psdi-datasets,25
SODIUM DODECYL 1 SULFATE,CCCCCCCCCCCCOS(=O)(=O)[O-].[Na+],0.0,0.0,,0.00988,,,,,,,PSDI/NIST Critical Micelle Concentrations of Aqueous Surfactant Systems; Compound No. 1; name=SODIUM DODECYL 1 SULFATE; temperature=25; additives=3.478E 1 C 0003; authors=MYSE OTTE; reference=61017; original CMC=9.88 X10-3 M; DOI 10.6028/NBS.NSRDS.36; https://github.com/PSDI-UK/psdi-datasets,25
SODIUM DODECYL 1 SULFATE,CCCCCCCCCCCCOS(=O)(=O)[O-].[Na+],0.0,0.0,,0.01115,,,,,,,PSDI/NIST Critical Micelle Concentrations of Aqueous Surfactant Systems; Compound No. 1; name=SODIUM DODECYL 1 SULFATE; temperature=25; additives=4.912E 1 C 0003; authors=MYSE OTTE; reference=61017; original CMC=1.115X10-2 M; DOI 10.6028/NBS.NSRDS.36; https://github.com/PSDI-UK/psdi-datasets,25
SODIUM DODECYL 1 SULFATE,CCCCCCCCCCCCOS(=O)(=O)[O-].[Na+],0.0,0.0,,0.01281,,,,,,,PSDI/NIST Critical Micelle Concentrations of Aqueous Surfactant Systems; Compound No. 1; name=SODIUM DODECYL 1 SULFATE; temperature=25; additives=5.998E 1 C 0003; authors=MYSE OTTE; reference=61017; original CMC=1.281X10-2 M; DOI 10.6028/NBS.NSRDS.36; https://github.com/PSDI-UK/psdi-datasets,25
SODIUM DODECYL 1 SULFATE,CCCCCCCCCCCCOS(=O)(=O)[O-].[Na+],0.0,0.0,,0.01498,,,,,,,PSDI/NIST Critical Micelle Concentrations of Aqueous Surfactant Systems; Compound No. 1; name=SODIUM DODECYL 1 SULFATE; temperature=25; additives=7.100E 1 C 0003; authors=MYSE OTTE; reference=61017; original CMC=1.498x10-2 M; DOI 10.6028/NBS.NSRDS.36; https://github.com/PSDI-UK/psdi-datasets,25
SODIUM DODECYL 1 SULFATE,CCCCCCCCCCCCOS(=O)(=O)[O-].[Na+],0.0,0.0,,0.0191,,,,,,,PSDI/NIST Critical Micelle Concentrations of Aqueous Surfactant Systems; Compound No. 1; name=SODIUM DODECYL 1 SULFATE; temperature=25; additives=8.466E 1 C 0003; authors=MYSE OTTE; reference=61017; original CMC=1.91 X10-2 M; DOI 10.6028/NBS.NSRDS.36; https://github.com/PSDI-UK/psdi-datasets,25
SODIUM DODECYL 1 SULFATE,CCCCCCCCCCCCOS(=O)(=O)[O-].[Na+],0.0,0.0,,0.0265,,,,,,,PSDI/NIST Critical Micelle Concentrations of Aqueous Surfactant Systems; Compound No. 1; name=SODIUM DODECYL 1 SULFATE; temperature=25; additives=9.495E 1 C 0003; authors=MYSE OTTE; reference=61017; original CMC=2.65 X10-2 M; DOI 10.6028/NBS.NSRDS.36; https://github.com/PSDI-UK/psdi-datasets,25
SODIUM DODECYL 1 SULFATE,CCCCCCCCCCCCOS(=O)(=O)[O-].[Na+],0.0,0.0,,0.0064,,,,,,,PSDI/NIST Critical Micelle Concentrations of Aqueous Surfactant Systems; Compound No. 1; name=SODIUM DODECYL 1 SULFATE; temperature=25; additives=3.80 1 C 0092; authors=KLEV; reference=48005; original CMC=6.4 X10-3 M; DOI 10.6028/NBS.NSRDS.36; https://github.com/PSDI-UK/psdi-datasets,25
SODIUM DODECYL 1 SULFATE,CCCCCCCCCCCCOS(=O)(=O)[O-].[Na+],0.0,0.0,,0.0037,,,,,,,PSDI/NIST Critical Micelle Concentrations of Aqueous Surfactant Systems; Compound No. 1; name=SODIUM DODECYL 1 SULFATE; temperature=25; additives=9. E-3 M H CL 1. E-3 M NA CL; authors=JAME PETH; reference=60020; original CMC=3.7 X10-3 M; DOI 10.6028/NBS.NSRDS.36; https://github.com/PSDI-UK/psdi-datasets,25
SODIUM OCTYL 1 SULFATE,CCCCC(CC)COS(=O)(=O)[O-].[Na+],0.0,0.0,,0.129,,,,,,,PSDI/NIST Critical Micelle Concentrations of Aqueous Surfactant Systems; Compound No. 2; name=SODIUM OCTYL 1 SULFATE; temperature=25; additives=nan; authors=PRIN HERM; reference=56011; original CMC=3.0 X10 0 D 1.29 X10-1 M; DOI 10.6028/NBS.NSRDS.36; https://github.com/PSDI-UK/psdi-datasets,25
SODIUM DECYL 1 SULFATE,CCCCCCCCCCOS(=O)(=O)[O-].[Na+],0.0,0.0,,0.0326,,,,,,,PSDI/NIST Critical Micelle Concentrations of Aqueous Surfactant Systems; Compound No. 3; name=SODIUM DECYL 1 SULFATE; temperature=25; additives=nan; authors=MYSE KAPA; reference=61005; original CMC=3.26 X10-2 M; DOI 10.6028/NBS.NSRDS.36; https://github.com/PSDI-UK/psdi-datasets,25
SODIUM DECYL 1 SULFATE,CCCCCCCCCCOS(=O)(=O)[O-].[Na+],0.0,0.0,,0.0335,,,,,,,PSDI/NIST Critical Micelle Concentrations of Aqueous Surfactant Systems; Compound No. 3; name=SODIUM DECYL 1 SULFATE; temperature=25; additives=nan; authors=MYSE KAPA; reference=61005; original CMC=3.35 X10-2 M; DOI 10.6028/NBS.NSRDS.36; https://github.com/PSDI-UK/psdi-datasets,25
SODIUM DECYL 1 SULFATE,CCCCCCCCCCOS(=O)(=O)[O-].[Na+],0.0,0.0,,0.0327,,,,,,,PSDI/NIST Critical Micelle Concentrations of Aqueous Surfactant Systems; Compound No. 3; name=SODIUM DECYL 1 SULFATE; temperature=25; additives=nan; authors=FLOC; reference=61007; original CMC=3.27 X10-2 M; DOI 10.6028/NBS.NSRDS.36; https://github.com/PSDI-UK/psdi-datasets,25
SODIUM DECYL 1 SULFATE,CCCCCCCCCCOS(=O)(=O)[O-].[Na+],0.0,0.0,,0.0322,,,,,,,PSDI/NIST Critical Micelle Concentrations of Aqueous Surfactant Systems; Compound No. 3; name=SODIUM DECYL 1 SULFATE; temperature=25; additives=nan; authors=PRIN HERM; reference=56011; original CMC=8.4 X10-1 D 3.22 X10-2 M; DOI 10.6028/NBS.NSRDS.36; https://github.com/PSDI-UK/psdi-datasets,25
SODIUM DECYL 1 SULFATE,CCCCCCCCCCOS(=O)(=O)[O-].[Na+],0.0,0.0,,0.031,,,,,,,PSDI/NIST Critical Micelle Concentrations of Aqueous Surfactant Systems; Compound No. 3; name=SODIUM DECYL 1 SULFATE; temperature=25; additives=nan; authors=SCHI; reference=64020; original CMC=3.1 X10-2 M; DOI 10.6028/NBS.NSRDS.36; https://github.com/PSDI-UK/psdi-datasets,25
SODIUM DECYL 1 SULFATE,CCCCCCCCCCOS(=O)(=O)[O-].[Na+],0.0,0.0,,0.0332,,,,,,,PSDI/NIST Critical Micelle Concentrations of Aqueous Surfactant Systems; Compound No. 3; name=SODIUM DECYL 1 SULFATE; temperature=25; additives=nan; authors=MUKE KAPA; reference=66002; original CMC=3.32 X10-2 M; DOI 10.6028/NBS.NSRDS.36; https://github.com/PSDI-UK/psdi-datasets,25
SODIUM DECYL 1 SULFATE,CCCCCCCCCCOS(=O)(=O)[O-].[Na+],0.0,0.0,,0.0325,,,,,,,PSDI/NIST Critical Micelle Concentrations of Aqueous Surfactant Systems; Compound No. 3; name=SODIUM DECYL 1 SULFATE; temperature=25; additives=1.00 A DEUTERIUM OXIDE; authors=MUKE KAPA; reference=66002; original CMC=3.25 X10-2 M; DOI 10.6028/NBS.NSRDS.36; https://github.com/PSDI-UK/psdi-datasets,25
SODIUM DECYL 1 SULFATE,CCCCCCCCCCOS(=O)(=O)[O-].[Na+],0.0,0.0,,0.0302,,,,,,,PSDI/NIST Critical Micelle Concentrations of Aqueous Surfactant Systems; Compound No. 3; name=SODIUM DECYL 1 SULFATE; temperature=25; additives=1.00 E-2 M NA CL; authors=MYSE KAPA; reference=61005; original CMC=3.02 X10-2 M; DOI 10.6028/NBS.NSRDS.36; https://github.com/PSDI-UK/psdi-datasets,25
SODIUM DECYL 1 SULFATE,CCCCCCCCCCOS(=O)(=O)[O-].[Na+],0.0,0.0,,0.0161,,,,,,,PSDI/NIST Critical Micelle Concentrations of Aqueous Surfactant Systems; Compound No. 3; name=SODIUM DECYL 1 SULFATE; temperature=25; additives=7.5 E-2 M NA CL; authors=PRIN HERM; reference=56011; original CMC=4.2 X10-1 D 1.61 X10-2 M; DOI 10.6028/NBS.NSRDS.36; https://github.com/PSDI-UK/psdi-datasets,25
SODIUM DECYL 1 SULFATE,CCCCCCCCCCOS(=O)(=O)[O-].[Na+],0.0,0.0,,0.0151,,,,,,,PSDI/NIST Critical Micelle Concentrations of Aqueous Surfactant Systems; Compound No. 3; name=SODIUM DECYL 1 SULFATE; temperature=25; additives=1.00 E-1 M NA CL; authors=MYSE KAPA; reference=61005; original CMC=1.51 X10-2 M; DOI 10.6028/NBS.NSRDS.36; https://github.com/PSDI-UK/psdi-datasets,25
SODIUM DECYL 1 SULFATE,CCCCCCCCCCOS(=O)(=O)[O-].[Na+],0.0,0.0,,0.0073,,,,,,,PSDI/NIST Critical Micelle Concentrations of Aqueous Surfactant Systems; Compound No. 3; name=SODIUM DECYL 1 SULFATE; temperature=25; additives=3. E-1 M NA CL; authors=MYSE MYSE; reference=65018; original CMC=7.3 X10-3 M; DOI 10.6028/NBS.NSRDS.36; https://github.com/PSDI-UK/psdi-datasets,25
SODIUM DECYL 1 SULFATE,CCCCCCCCCCOS(=O)(=O)[O-].[Na+],0.0,0.0,,0.008,,,,,,,PSDI/NIST Critical Micelle Concentrations of Aqueous Surfactant Systems; Compound No. 3; name=SODIUM DECYL 1 SULFATE; temperature=25; additives=3.00 E-1 M NA CL; authors=MYSE KAPA; reference=61005; original CMC=8.0 X10-3 M; DOI 10.6028/NBS.NSRDS.36; https://github.com/PSDI-UK/psdi-datasets,25
SODIUM DECYL 1 SULFATE,CCCCCCCCCCOS(=O)(=O)[O-].[Na+],0.0,0.0,,0.0065,,,,,,,PSDI/NIST Critical Micelle Concentrations of Aqueous Surfactant Systems; Compound No. 3; name=SODIUM DECYL 1 SULFATE; temperature=25; additives=4. E-1 M NA CL; authors=MYSE MYSE; reference=65018; original CMC=6.5 X10-3 M; DOI 10.6028/NBS.NSRDS.36; https://github.com/PSDI-UK/psdi-datasets,25
SODIUM DECYL 1 SULFATE,CCCCCCCCCCOS(=O)(=O)[O-].[Na+],0.0,0.0,,0.0046,,,,,,,PSDI/NIST Critical Micelle Concentrations of Aqueous Surfactant Systems; Compound No. 3; name=SODIUM DECYL 1 SULFATE; temperature=25; additives=6. E-1 M NA CL; authors=MYSE MYSE; reference=65018; original CMC=4.6 X10-3 M; DOI 10.6028/NBS.NSRDS.36; https://github.com/PSDI-UK/psdi-datasets,25
SODIUM DECYL 1 SULFATE,CCCCCCCCCCOS(=O)(=O)[O-].[Na+],0.0,0.0,,0.00277,,,,,,,PSDI/NIST Critical Micelle Concentrations of Aqueous Surfactant Systems; Compound No. 3; name=SODIUM DECYL 1 SULFATE; temperature=25; additives=1.0 EOM NA CL; authors=MYSE MYSE; reference=65018; original CMC=2.77 X10-3 M; DOI 10.6028/NBS.NSRDS.36; https://github.com/PSDI-UK/psdi-datasets,25
SODIUM DECYL 1 SULFATE,CCCCCCCCCCOS(=O)(=O)[O-].[Na+],0.0,0.0,,0.0015,,,,,,,PSDI/NIST Critical Micelle Concentrations of Aqueous Surfactant Systems; Compound No. 3; name=SODIUM DECYL 1 SULFATE; temperature=25; additives=1.2 EOM NA CL; authors=PRIN HERM; reference=56011; original CMC=4. X10-2 D 1.5 X10-3 M; DOI 10.6028/NBS.NSRDS.36; https://github.com/PSDI-UK/psdi-datasets,25
SODIUM DECYL 1 SULFATE,CCCCCCCCCCOS(=O)(=O)[O-].[Na+],0.0,0.0,,0.037,,,,,,,PSDI/NIST Critical Micelle Concentrations of Aqueous Surfactant Systems; Compound No. 3; name=SODIUM DECYL 1 SULFATE; temperature=25; additives=3. EOM UREA; authors=SCHI; reference=64020; original CMC=3.7 X10-2 M; DOI 10.6028/NBS.NSRDS.36; https://github.com/PSDI-UK/psdi-datasets,25
SODIUM DECYL 1 SULFATE,CCCCCCCCCCOS(=O)(=O)[O-].[Na+],0.0,0.0,,0.043,,,,,,,PSDI/NIST Critical Micelle Concentrations of Aqueous Surfactant Systems; Compound No. 3; name=SODIUM DECYL 1 SULFATE; temperature=25; additives=4.5 EOM UREA; authors=SCHI; reference=64020; original CMC=4.3 X10-2 M; DOI 10.6028/NBS.NSRDS.36; https://github.com/PSDI-UK/psdi-datasets,25
SODIUM DECYL 1 SULFATE,CCCCCCCCCCOS(=O)(=O)[O-].[Na+],0.0,0.0,,0.05,,,,,,,PSDI/NIST Critical Micelle Concentrations of Aqueous Surfactant Systems; Compound No. 3; name=SODIUM DECYL 1 SULFATE; temperature=25; additives=6. EOM UREA; authors=SCHI; reference=64020; original CMC=5.0 X10-2 M; DOI 10.6028/NBS.NSRDS.36; https://github.com/PSDI-UK/psdi-datasets,25
SODIUM DECYL 1 SULFATE,CCCCCCCCCCOS(=O)(=O)[O-].[Na+],0.0,0.0,,0.00303,,,,,,,PSDI/NIST Critical Micelle Concentrations of Aqueous Surfactant Systems; Compound No. 3; name=SODIUM DECYL 1 SULFATE; temperature=25; additives=5.00 0004; authors=FLOC; reference=61007; original CMC=3.03 X10-3 M; DOI 10.6028/NBS.NSRDS.36; https://github.com/PSDI-UK/psdi-datasets,25
SODIUM TETRADECYL 1 SULFATE,CCCCCCCCCCCCCCOS(=O)(=O)[O-].[Na+],0.0,0.0,,0.0014,,,,,,,PSDI/NIST Critical Micelle Concentrations of Aqueous Surfactant Systems; Compound No. 4; name=SODIUM TETRADECYL 1 SULFATE; temperature=25; additives=nan; authors=BENT SPAR; reference=66038; original CMC=1.4 X10-3 M; DOI 10.6028/NBS.NSRDS.36; https://github.com/PSDI-UK/psdi-datasets,25
SODIUM TETRADECYL 1 SULFATE,CCCCCCCCCCCCCCOS(=O)(=O)[O-].[Na+],0.0,0.0,,0.00205,,,,,,,PSDI/NIST Critical Micelle Concentrations of Aqueous Surfactant Systems; Compound No. 4; name=SODIUM TETRADECYL 1 SULFATE; temperature=25; additives=nan; authors=FLOC; reference=61007; original CMC=2.05 X10-3 M; DOI 10.6028/NBS.NSRDS.36; https://github.com/PSDI-UK/psdi-datasets,25
SODIUM HEXADECYL 1 SULFATE,CCCCCCCCCCCCCCCCOS(=O)(=O)[O-].[Na+],0.0,0.0,,0.00021,,,,,,,PSDI/NIST Critical Micelle Concentrations of Aqueous Surfactant Systems; Compound No. 5; name=SODIUM HEXADECYL 1 SULFATE; temperature=25; additives=nan; authors=BENT SPAR; reference=66038; original CMC=2.1 X10-4 M; DOI 10.6028/NBS.NSRDS.36; https://github.com/PSDI-UK/psdi-datasets,25
SODIUM DECYL 2 SULFATE,CCCCCCCCCCOS(=O)(=O)[O-].[Na+],0.0,0.0,,0.0456,,,,,,,PSDI/NIST Critical Micelle Concentrations of Aqueous Surfactant Systems; Compound No. 15; name=SODIUM DECYL 2 SULFATE; temperature=25; additives=nan; authors=FLOC; reference=61007; original CMC=4.56 X10-2 M; DOI 10.6028/NBS.NSRDS.36; https://github.com/PSDI-UK/psdi-datasets,25
SODIUM TETRADECYL 2 SULFATE,CCCCCCCCCCCCCCOS(=O)(=O)[O-].[Na+],0.0,0.0,,0.00327,,,,,,,PSDI/NIST Critical Micelle Concentrations of Aqueous Surfactant Systems; Compound No. 16; name=SODIUM TETRADECYL 2 SULFATE; temperature=25; additives=nan; authors=FLOC; reference=61007; original CMC=3.27 X10-3 M; DOI 10.6028/NBS.NSRDS.36; https://github.com/PSDI-UK/psdi-datasets,25
SODIUM TETRADECYL 4 SULFATE,CCCCCCCCCCCCCCOS(=O)(=O)[O-].[Na+],0.0,0.0,,0.00512,,,,,,,PSDI/NIST Critical Micelle Concentrations of Aqueous Surfactant Systems; Compound No. 17; name=SODIUM TETRADECYL 4 SULFATE; temperature=25; additives=nan; authors=FLOC; reference=61007; original CMC=5.12 X10-3 M; DOI 10.6028/NBS.NSRDS.36; https://github.com/PSDI-UK/psdi-datasets,25
OCTYL BETA D GLUCOSIDE,CCCCCCCCOC1C(C(C(C(O1)CO)O)O)O,0.0,0.0,,0.025,,,,,,,PSDI/NIST Critical Micelle Concentrations of Aqueous Surfactant Systems; Compound No. 18; name=OCTYL BETA D GLUCOSIDE; temperature=25; additives=nan; authors=SHIN YAMA; reference=61008; original CMC=2.5 X10-2 M; DOI 10.6028/NBS.NSRDS.36; https://github.com/PSDI-UK/psdi-datasets,25
OCTYL BETA D GLUCOSIDE,CCCCCCCCOC1C(C(C(C(O1)CO)O)O)O,0.0,0.0,,0.017,,,,,,,PSDI/NIST Critical Micelle Concentrations of Aqueous Surfactant Systems; Compound No. 18; name=OCTYL BETA D GLUCOSIDE; temperature=25; additives=9.3 E-1 N CA CL2; authors=SHIN YAMA; reference=61008; original CMC=1.7 X10-2 M; DOI 10.6028/NBS.NSRDS.36; https://github.com/PSDI-UK/psdi-datasets,25
OCTYL BETA D GLUCOSIDE,CCCCCCCCOC1C(C(C(C(O1)CO)O)O)O,0.0,0.0,,0.012,,,,,,,PSDI/NIST Critical Micelle Concentrations of Aqueous Surfactant Systems; Compound No. 18; name=OCTYL BETA D GLUCOSIDE; temperature=25; additives=9.3 E-1 N NA CL; authors=SHIN YAMA; reference=61008; original CMC=1.2 X10-2 M; DOI 10.6028/NBS.NSRDS.36; https://github.com/PSDI-UK/psdi-datasets,25
OCTYL BETA D GLUCOSIDE,CCCCCCCCOC1C(C(C(C(O1)CO)O)O)O,0.0,0.0,,0.009,,,,,,,PSDI/NIST Critical Micelle Concentrations of Aqueous Surfactant Systems; Compound No. 18; name=OCTYL BETA D GLUCOSIDE; temperature=25; additives=9.3 E-1 N NA2 S04; authors=SHIN YAMA; reference=61008; original CMC=9. X10-3 M; DOI 10.6028/NBS.NSRDS.36; https://github.com/PSDI-UK/psdi-datasets,25
OCTYL BETA D GLUCOSIDE,CCCCCCCCOC1C(C(C(C(O1)CO)O)O)O,0.0,0.0,,0.0125,,,,,,,PSDI/NIST Critical Micelle Concentrations of Aqueous Surfactant Systems; Compound No. 18; name=OCTYL BETA D GLUCOSIDE; temperature=25; additives=8.9 C 0019; authors=SHIN YAMA; reference=61008; original CMC=1.25 X10-2 M; DOI 10.6028/NBS.NSRDS.36; https://github.com/PSDI-UK/psdi-datasets,25
OCTYL BETA D GLUCOSIDE,CCCCCCCCOC1C(C(C(C(O1)CO)O)O)O,0.0,0.0,,0.015,,,,,,,PSDI/NIST Critical Micelle Concentrations of Aqueous Surfactant Systems; Compound No. 18; name=OCTYL BETA D GLUCOSIDE; temperature=25; additives=3.4 E-1 C 0020; authors=SHIN YAMA; reference=61008; original CMC=1.5 X10-2 M; DOI 10.6028/NBS.NSRDS.36; https://github.com/PSDI-UK/psdi-datasets,25
DECYL BETA D GLUCOSIDE,CCCCCCCCCCOC1C(C(C(C(O1)CO)O)O)O,0.0,0.0,,0.0022,,,,,,,PSDI/NIST Critical Micelle Concentrations of Aqueous Surfactant Systems; Compound No. 19; name=DECYL BETA D GLUCOSIDE; temperature=25; additives=nan; authors=SHIN YAMA; reference=61008; original CMC=2.2 X10-3 M; DOI 10.6028/NBS.NSRDS.36; https://github.com/PSDI-UK/psdi-datasets,25
DODECYL BETA D GLUCOSIDE,CCCCCCCCCCCCOC1C(C(C(C(O1)CO)O)O)O,0.0,0.0,,0.00019,,,,,,,PSDI/NIST Critical Micelle Concentrations of Aqueous Surfactant Systems; Compound No. 20; name=DODECYL BETA D GLUCOSIDE; temperature=25; additives=nan; authors=SHIN YAMA; reference=61008; original CMC=1.9 X10-4 M; DOI 10.6028/NBS.NSRDS.36; https://github.com/PSDI-UK/psdi-datasets,25
DIMETHYL DODECYL AMINE OXIDE,CCCCCCCCCCCC[N+](C)(C)[O-],0.0,0.0,,0.002,,,,,,,PSDI/NIST Critical Micelle Concentrations of Aqueous Surfactant Systems; Compound No. 21; name=DIMETHYL DODECYL AMINE OXIDE; temperature=25; additives=nan; authors=BENJ; reference=64016; original CMC=2. X10-3 M; DOI 10.6028/NBS.NSRDS.36; https://github.com/PSDI-UK/psdi-datasets,25
DIMETHYL DODECYL AMINE OXIDE,CCCCCCCCCCCC[N+](C)(C)[O-],0.0,0.0,,0.0035,,,,,,,PSDI/NIST Critical Micelle Concentrations of Aqueous Surfactant Systems; Compound No. 21; name=DIMETHYL DODECYL AMINE OXIDE; temperature=25; additives=1. E-1 M NA CL 2.0 E O PH OF SOLUTION; authors=TOKI OHKI; reference=66027; original CMC=3.50 X10-3 M; DOI 10.6028/NBS.NSRDS.36; https://github.com/PSDI-UK/psdi-datasets,25
DIMETHYL DODECYL AMINE OXIDE,CCCCCCCCCCCC[N+](C)(C)[O-],0.0,0.0,,0.0031,,,,,,,PSDI/NIST Critical Micelle Concentrations of Aqueous Surfactant Systems; Compound No. 21; name=DIMETHYL DODECYL AMINE OXIDE; temperature=25; additives=1. E-1 M NA CL 3.2 E 0 PH OF SOLUTION; authors=TOKI OHKI; reference=66027; original CMC=3.10 X10-3 M; DOI 10.6028/NBS.NSRDS.36; https://github.com/PSDI-UK/psdi-datasets,25
DIMETHYL DODECYL AMINE OXIDE,CCCCCCCCCCCC[N+](C)(C)[O-],0.0,0.0,,0.00195,,,,,,,PSDI/NIST Critical Micelle Concentrations of Aqueous Surfactant Systems; Compound No. 21; name=DIMETHYL DODECYL AMINE OXIDE; temperature=25; additives=1. E-1 M NA CL 4.2 E 0 PH OF SOLUTION; authors=TOKI OHKI; reference=66027; original CMC=1.95 X10-3 M; DOI 10.6028/NBS.NSRDS.36; https://github.com/PSDI-UK/psdi-datasets,25
DIMETHYL DODECYL AMINE OXIDE,CCCCCCCCCCCC[N+](C)(C)[O-],0.0,0.0,,0.00125,,,,,,,PSDI/NIST Critical Micelle Concentrations of Aqueous Surfactant Systems; Compound No. 21; name=DIMETHYL DODECYL AMINE OXIDE; temperature=25; additives=1. E-1 M NA CL 5.1 E 0 PH OF SOLUTION; authors=TOKI OHKI; reference=66027; original CMC=1.25 X10-3 M; DOI 10.6028/NBS.NSRDS.36; https://github.com/PSDI-UK/psdi-datasets,25
DIMETHYL DODECYL AMINE OXIDE,CCCCCCCCCCCC[N+](C)(C)[O-],0.0,0.0,,0.00101,,,,,,,PSDI/NIST Critical Micelle Concentrations of Aqueous Surfactant Systems; Compound No. 21; name=DIMETHYL DODECYL AMINE OXIDE; temperature=25; additives=1. E-1 M NA CL 6.1 E 0 PH OF SOLUTION; authors=TOKI OHKI; reference=66027; original CMC=1.01 X10-3 M; DOI 10.6028/NBS.NSRDS.36; https://github.com/PSDI-UK/psdi-datasets,25
DIMETHYL DODECYL AMINE OXIDE,CCCCCCCCCCCC[N+](C)(C)[O-],0.0,0.0,,0.001,,,,,,,PSDI/NIST Critical Micelle Concentrations of Aqueous Surfactant Systems; Compound No. 21; name=DIMETHYL DODECYL AMINE OXIDE; temperature=25; additives=1. E-1 M NA CL 7.1 E 0 PH OF SOLUTION; authors=TOKI OHKI; reference=66027; original CMC=1.00 X10-3 M; DOI 10.6028/NBS.NSRDS.36; https://github.com/PSDI-UK/psdi-datasets,25
DIMETHYL DODECYL AMINE OXIDE HYDROCHLORIDE,CC(C)CCCN(CCCC(C)C)CCO.Cl,0.0,0.0,,0.005,,,,,,,PSDI/NIST Critical Micelle Concentrations of Aqueous Surfactant Systems; Compound No. 22; name=DIMETHYL DODECYL AMINE OXIDE HYDROCHLORIDE; temperature=25; additives=1. E-2 M H CL; authors=BENJ; reference=64016; original CMC=5. X10-3 M; DOI 10.6028/NBS.NSRDS.36; https://github.com/PSDI-UK/psdi-datasets,25
DECYLAMMONIUM CHLORIDE,CCCCCCCCCCN.Cl,0.0,0.0,,0.04,,,,,,,PSDI/NIST Critical Micelle Concentrations of Aqueous Surfactant Systems; Compound No. 37; name=DECYLAMMONIUM CHLORIDE; temperature=25; additives=nan; authors=KLEV; reference=48005; original CMC=4. X10-2 M; DOI 10.6028/NBS.NSRDS.36; https://github.com/PSDI-UK/psdi-datasets,25
DECYLAMMONIUM CHLORIDE,CCCCCCCCCCN.Cl,0.0,0.0,,0.048,,,,,,,PSDI/NIST Critical Micelle Concentrations of Aqueous Surfactant Systems; Compound No. 37; name=DECYLAMMONIUM CHLORIDE; temperature=25; additives=nan; authors=KLEV; reference=53010; original CMC=4.8 X10-2 M; DOI 10.6028/NBS.NSRDS.36; https://github.com/PSDI-UK/psdi-datasets,25
DECYLAMMONIUM CHLORIDE,CCCCCCCCCCN.Cl,0.0,0.0,,0.054,,,,,,,PSDI/NIST Critical Micelle Concentrations of Aqueous Surfactant Systems; Compound No. 37; name=DECYLAMMONIUM CHLORIDE; temperature=25; additives=nan; authors=HOYE GREE; reference=57004; original CMC=5.40 X10-2 M; DOI 10.6028/NBS.NSRDS.36; https://github.com/PSDI-UK/psdi-datasets,25
DODECYL AMMONIUM CHLORIDE,CCCCCCCCCCCCN.Cl,0.0,0.0,,0.0143,,,,,,,PSDI/NIST Critical Micelle Concentrations of Aqueous Surfactant Systems; Compound No. 38; name=DODECYL AMMONIUM CHLORIDE; temperature=25; additives=nan; authors=BROW GRIE; reference=49014; original CMC=1.43 X10-2 M; DOI 10.6028/NBS.NSRDS.36; https://github.com/PSDI-UK/psdi-datasets,25
DODECYL AMMONIUM CHLORIDE,CCCCCCCCCCCCN.Cl,0.0,0.0,,0.0146,,,,,,,PSDI/NIST Critical Micelle Concentrations of Aqueous Surfactant Systems; Compound No. 38; name=DODECYL AMMONIUM CHLORIDE; temperature=25; additives=nan; authors=BROW GRIE; reference=49014; original CMC=1.46 X10-2 M; DOI 10.6028/NBS.NSRDS.36; https://github.com/PSDI-UK/psdi-datasets,25
DODECYL AMMONIUM CHLORIDE,CCCCCCCCCCCCN.Cl,0.0,0.0,,0.0128,,,,,,,PSDI/NIST Critical Micelle Concentrations of Aqueous Surfactant Systems; Compound No. 38; name=DODECYL AMMONIUM CHLORIDE; temperature=25; additives=nan; authors=CORR HARK; reference=50008; original CMC=1.28 X10-2 M; DOI 10.6028/NBS.NSRDS.36; https://github.com/PSDI-UK/psdi-datasets,25
DODECYL AMMONIUM CHLORIDE,CCCCCCCCCCCCN.Cl,0.0,0.0,,0.0152,,,,,,,PSDI/NIST Critical Micelle Concentrations of Aqueous Surfactant Systems; Compound No. 38; name=DODECYL AMMONIUM CHLORIDE; temperature=25; additives=nan; authors=EGGE HARW; reference=51006; original CMC=1.52 X10-2 M; DOI 10.6028/NBS.NSRDS.36; https://github.com/PSDI-UK/psdi-datasets,25
DODECYL AMMONIUM CHLORIDE,CCCCCCCCCCCCN.Cl,0.0,0.0,,0.0134,,,,,,,PSDI/NIST Critical Micelle Concentrations of Aqueous Surfactant Systems; Compound No. 38; name=DODECYL AMMONIUM CHLORIDE; temperature=25; additives=nan; authors=OSUG SATO; reference=65036; original CMC=1.34 X10-2 M; DOI 10.6028/NBS.NSRDS.36; https://github.com/PSDI-UK/psdi-datasets,25
DODECYL AMMONIUM CHLORIDE,CCCCCCCCCCCCN.Cl,0.0,0.0,,0.0147,,,,,,,PSDI/NIST Critical Micelle Concentrations of Aqueous Surfactant Systems; Compound No. 38; name=DODECYL AMMONIUM CHLORIDE; temperature=25; additives=nan; authors=RALS EGGE; reference=48027; original CMC=1.47 X10-2 M; DOI 10.6028/NBS.NSRDS.36; https://github.com/PSDI-UK/psdi-datasets,25
DODECYL AMMONIUM CHLORIDE,CCCCCCCCCCCCN.Cl,0.0,0.0,,0.0138,,,,,,,PSDI/NIST Critical Micelle Concentrations of Aqueous Surfactant Systems; Compound No. 38; name=DODECYL AMMONIUM CHLORIDE; temperature=25; additives=nan; authors=HOYE GREE; reference=57004; original CMC=1.38 X10-2 M; DOI 10.6028/NBS.NSRDS.36; https://github.com/PSDI-UK/psdi-datasets,25
SODIUM METHYL ALPHA SULFOPALMITATE,CCCCCCCCCCCCCCC(C(=O)OC)S(=O)(=O)[O-].[Na+],0.0,0.0,,0.00903,,,,,,,PSDI/NIST Critical Micelle Concentrations of Aqueous Surfactant Systems; Compound No. 36; name=SODIUM METHYL ALPHA SULFOPALMITATE; temperature=25; additives=1.55 E-1 M BUTANOL-1; authors=CORR HARK; reference=50008; original CMC=9.03 X10-3 M; DOI 10.6028/NBS.NSRDS.36; https://github.com/PSDI-UK/psdi-datasets,25
SODIUM METHYL ALPHA SULFOPALMITATE,CCCCCCCCCCCCCCC(C(=O)OC)S(=O)(=O)[O-].[Na+],0.0,0.0,,0.00596,,,,,,,PSDI/NIST Critical Micelle Concentrations of Aqueous Surfactant Systems; Compound No. 36; name=SODIUM METHYL ALPHA SULFOPALMITATE; temperature=25; additives=3.42 E-1 M BUTANOL-1; authors=CORR HARK; reference=50008; original CMC=5.96 X10-3 M; DOI 10.6028/NBS.NSRDS.36; https://github.com/PSDI-UK/psdi-datasets,25
SODIUM METHYL ALPHA SULFOPALMITATE,CCCCCCCCCCCCCCC(C(=O)OC)S(=O)(=O)[O-].[Na+],0.0,0.0,,0.00406,,,,,,,PSDI/NIST Critical Micelle Concentrations of Aqueous Surfactant Systems; Compound No. 36; name=SODIUM METHYL ALPHA SULFOPALMITATE; temperature=25; additives=4.64 E-1 M BUTANOL-1; authors=CORR HARK; reference=50008; original CMC=4.06 X10-3 M; DOI 10.6028/NBS.NSRDS.36; https://github.com/PSDI-UK/psdi-datasets,25
SODIUM METHYL ALPHA SULFOPALMITATE,CCCCCCCCCCCCCCC(C(=O)OC)S(=O)(=O)[O-].[Na+],0.0,0.0,,0.00943,,,,,,,PSDI/NIST Critical Micelle Concentrations of Aqueous Surfactant Systems; Compound No. 36; name=SODIUM METHYL ALPHA SULFOPALMITATE; temperature=25; additives=1.43 E-4 M DECANOL-1; authors=CORR HARK; reference=50008; original CMC=9.43 X10-3 M; DOI 10.6028/NBS.NSRDS.36; https://github.com/PSDI-UK/psdi-datasets,25
SODIUM METHYL ALPHA SULFOPALMITATE,CCCCCCCCCCCCCCC(C(=O)OC)S(=O)(=O)[O-].[Na+],0.0,0.0,,0.00827,,,,,,,PSDI/NIST Critical Micelle Concentrations of Aqueous Surfactant Systems; Compound No. 36; name=SODIUM METHYL ALPHA SULFOPALMITATE; temperature=25; additives=1.88 E-4 M DECANOL-1; authors=CORR HARK; reference=50008; original CMC=8.27 X10-3 M; DOI 10.6028/NBS.NSRDS.36; https://github.com/PSDI-UK/psdi-datasets,25
SODIUM METHYL ALPHA SULFOPALMITATE,CCCCCCCCCCCCCCC(C(=O)OC)S(=O)(=O)[O-].[Na+],0.0,0.0,,0.00791,,,,,,,PSDI/NIST Critical Micelle Concentrations of Aqueous Surfactant Systems; Compound No. 36; name=SODIUM METHYL ALPHA SULFOPALMITATE; temperature=25; additives=2.00 E-4 M DECANOL-1; authors=CORR HARK; reference=50008; original CMC=7.91 X10-3 M; DOI 10.6028/NBS.NSRDS.36; https://github.com/PSDI-UK/psdi-datasets,25
SODIUM METHYL ALPHA SULFOPALMITATE,CCCCCCCCCCCCCCC(C(=O)OC)S(=O)(=O)[O-].[Na+],0.0,0.0,,0.00761,,,,,,,PSDI/NIST Critical Micelle Concentrations of Aqueous Surfactant Systems; Compound No. 36; name=SODIUM METHYL ALPHA SULFOPALMITATE; temperature=25; additives=2.31 E-4 M DECANOL-1; authors=CORR HARK; reference=50008; original CMC=7.61 X10-3 M; DOI 10.6028/NBS.NSRDS.36; https://github.com/PSDI-UK/psdi-datasets,25
SODIUM METHYL ALPHA SULFOPALMITATE,CCCCCCCCCCCCCCC(C(=O)OC)S(=O)(=O)[O-].[Na+],0.0,0.0,,0.0126,,,,,,,PSDI/NIST Critical Micelle Concentrations of Aqueous Surfactant Systems; Compound No. 36; name=SODIUM METHYL ALPHA SULFOPALMITATE; temperature=25; additives=5.69 E-1 M ETHANOL; authors=CORR HARK; reference=50008; original CMC=1.26 X10-2 M; DOI 10.6028/NBS.NSRDS.36; https://github.com/PSDI-UK/psdi-datasets,25
SODIUM METHYL ALPHA SULFOPALMITATE,CCCCCCCCCCCCCCC(C(=O)OC)S(=O)(=O)[O-].[Na+],0.0,0.0,,0.0106,,,,,,,PSDI/NIST Critical Micelle Concentrations of Aqueous Surfactant Systems; Compound No. 36; name=SODIUM METHYL ALPHA SULFOPALMITATE; temperature=25; additives=1.918E 0 M ETHANOL; authors=CORR HARK; reference=50008; original CMC=1.06 X10-2 M; DOI 10.6028/NBS.NSRDS.36; https://github.com/PSDI-UK/psdi-datasets,25
SODIUM METHYL ALPHA SULFOPALMITATE,CCCCCCCCCCCCCCC(C(=O)OC)S(=O)(=O)[O-].[Na+],0.0,0.0,,0.00973,,,,,,,PSDI/NIST Critical Micelle Concentrations of Aqueous Surfactant Systems; Compound No. 36; name=SODIUM METHYL ALPHA SULFOPALMITATE; temperature=25; additives=2.627E 0 M ETHANOL; authors=CORR HARK; reference=50008; original CMC=9.73 X10-3 M; DOI 10.6028/NBS.NSRDS.36; https://github.com/PSDI-UK/psdi-datasets,25
SODIUM METHYL ALPHA SULFOPALMITATE,CCCCCCCCCCCCCCC(C(=O)OC)S(=O)(=O)[O-].[Na+],0.0,0.0,,0.00875,,,,,,,PSDI/NIST Critical Micelle Concentrations of Aqueous Surfactant Systems; Compound No. 36; name=SODIUM METHYL ALPHA SULFOPALMITATE; temperature=25; additives=3.163E 0 M ETHANOL; authors=CORR HARK; reference=50008; original CMC=8.75 X10-3 M; DOI 10.6028/NBS.NSRDS.36; https://github.com/PSDI-UK/psdi-datasets,25
SODIUM METHYL ALPHA SULFOPALMITATE,CCCCCCCCCCCCCCC(C(=O)OC)S(=O)(=O)[O-].[Na+],0.0,0.0,,0.0117,,,,,,,PSDI/NIST Critical Micelle Concentrations of Aqueous Surfactant Systems; Compound No. 36; name=SODIUM METHYL ALPHA SULFOPALMITATE; temperature=25; additives=5.0 E-3 M HEXANOL-1; authors=CORR HARK; reference=50008; original CMC=1.17 X10-2 M; DOI 10.6028/NBS.NSRDS.36; https://github.com/PSDI-UK/psdi-datasets,25
SODIUM METHYL ALPHA SULFOPALMITATE,CCCCCCCCCCCCCCC(C(=O)OC)S(=O)(=O)[O-].[Na+],0.0,0.0,,0.0101,,,,,,,PSDI/NIST Critical Micelle Concentrations of Aqueous Surfactant Systems; Compound No. 36; name=SODIUM METHYL ALPHA SULFOPALMITATE; temperature=25; additives=1.18 E-2 M HEXANOL-1; authors=CORR HARK; reference=50008; original CMC=1.01 X10-2 M; DOI 10.6028/NBS.NSRDS.36; https://github.com/PSDI-UK/psdi-datasets,25
SODIUM METHYL ALPHA SULFOPALMITATE,CCCCCCCCCCCCCCC(C(=O)OC)S(=O)(=O)[O-].[Na+],0.0,0.0,,0.0095,,,,,,,PSDI/NIST Critical Micelle Concentrations of Aqueous Surfactant Systems; Compound No. 36; name=SODIUM METHYL ALPHA SULFOPALMITATE; temperature=25; additives=1.46 E-2 M HEXANOL-1; authors=CORR HARK; reference=50008; original CMC=9.5 X10-3 M; DOI 10.6028/NBS.NSRDS.36; https://github.com/PSDI-UK/psdi-datasets,25
SODIUM METHYL ALPHA SULFOPALMITATE,CCCCCCCCCCCCCCC(C(=O)OC)S(=O)(=O)[O-].[Na+],0.0,0.0,,0.0091,,,,,,,PSDI/NIST Critical Micelle Concentrations of Aqueous Surfactant Systems; Compound No. 36; name=SODIUM METHYL ALPHA SULFOPALMITATE; temperature=25; additives=1.68 E-2 M HEXANOL-1; authors=CORR HARK; reference=50008; original CMC=9.1 X10-3 M; DOI 10.6028/NBS.NSRDS.36; https://github.com/PSDI-UK/psdi-datasets,25
SODIUM METHYL ALPHA SULFOPALMITATE,CCCCCCCCCCCCCCC(C(=O)OC)S(=O)(=O)[O-].[Na+],0.0,0.0,,0.0084,,,,,,,PSDI/NIST Critical Micelle Concentrations of Aqueous Surfactant Systems; Compound No. 36; name=SODIUM METHYL ALPHA SULFOPALMITATE; temperature=25; additives=1.96 E-2 M HEXANOL-1; authors=CORR HARK; reference=50008; original CMC=8.4 X10-3 M; DOI 10.6028/NBS.NSRDS.36; https://github.com/PSDI-UK/psdi-datasets,25
SODIUM METHYL ALPHA SULFOPALMITATE,CCCCCCCCCCCCCCC(C(=O)OC)S(=O)(=O)[O-].[Na+],0.0,0.0,,0.0111,,,,,,,PSDI/NIST Critical Micelle Concentrations of Aqueous Surfactant Systems; Compound No. 36; name=SODIUM METHYL ALPHA SULFOPALMITATE; temperature=25; additives=2.74 E-3 M HEPTANOL-1; authors=CORR HARK; reference=50008; original CMC=1.11 X10-2 M; DOI 10.6028/NBS.NSRDS.36; https://github.com/PSDI-UK/psdi-datasets,25
SODIUM METHYL ALPHA SULFOPALMITATE,CCCCCCCCCCCCCCC(C(=O)OC)S(=O)(=O)[O-].[Na+],0.0,0.0,,0.00997,,,,,,,PSDI/NIST Critical Micelle Concentrations of Aqueous Surfactant Systems; Compound No. 36; name=SODIUM METHYL ALPHA SULFOPALMITATE; temperature=25; additives=4.94 E-3 M HEPTANOL-1; authors=CORR HARK; reference=50008; original CMC=9.97 X10-3 M; DOI 10.6028/NBS.NSRDS.36; https://github.com/PSDI-UK/psdi-datasets,25
SODIUM METHYL ALPHA SULFOPALMITATE,CCCCCCCCCCCCCCC(C(=O)OC)S(=O)(=O)[O-].[Na+],0.0,0.0,,0.00902,,,,,,,PSDI/NIST Critical Micelle Concentrations of Aqueous Surfactant Systems; Compound No. 36; name=SODIUM METHYL ALPHA SULFOPALMITATE; temperature=25; additives=5.96 E-3 M HEPTANOL-1; authors=CORR HARK; reference=50008; original CMC=9.02 X10-3 M; DOI 10.6028/NBS.NSRDS.36; https://github.com/PSDI-UK/psdi-datasets,25
SODIUM METHYL ALPHA SULFOPALMITATE,CCCCCCCCCCCCCCC(C(=O)OC)S(=O)(=O)[O-].[Na+],0.0,0.0,,0.00865,,,,,,,PSDI/NIST Critical Micelle Concentrations of Aqueous Surfactant Systems; Compound No. 36; name=SODIUM METHYL ALPHA SULFOPALMITATE; temperature=25; additives=6.43 E-3 M HEPTANOL-1; authors=CORR HARK; reference=50008; original CMC=8.65 X10-3 M; DOI 10.6028/NBS.NSRDS.36; https://github.com/PSDI-UK/psdi-datasets,25
SODIUM METHYL ALPHA SULFOPALMITATE,CCCCCCCCCCCCCCC(C(=O)OC)S(=O)(=O)[O-].[Na+],0.0,0.0,,0.00855,,,,,,,PSDI/NIST Critical Micelle Concentrations of Aqueous Surfactant Systems; Compound No. 36; name=SODIUM METHYL ALPHA SULFOPALMITATE; temperature=25; additives=7.07 E-3 M HEPTANOL-1; authors=CORR HARK; reference=50008; original CMC=8.55 X10-3 M; DOI 10.6028/NBS.NSRDS.36; https://github.com/PSDI-UK/psdi-datasets,25
SODIUM METHYL ALPHA SULFOPALMITATE,CCCCCCCCCCCCCCC(C(=O)OC)S(=O)(=O)[O-].[Na+],0.0,0.0,,0.0078,,,,,,,PSDI/NIST Critical Micelle Concentrations of Aqueous Surfactant Systems; Compound No. 36; name=SODIUM METHYL ALPHA SULFOPALMITATE; temperature=25; additives=7.73 E-3 M HEPTANOL-1; authors=CORR HARK; reference=50008; original CMC=7.80 X10-3 M; DOI 10.6028/NBS.NSRDS.36; https://github.com/PSDI-UK/psdi-datasets,25
SODIUM METHYL ALPHA SULFOPALMITATE,CCCCCCCCCCCCCCC(C(=O)OC)S(=O)(=O)[O-].[Na+],0.0,0.0,,0.00806,,,,,,,PSDI/NIST Critical Micelle Concentrations of Aqueous Surfactant Systems; Compound No. 36; name=SODIUM METHYL ALPHA SULFOPALMITATE; temperature=25; additives=1.50 E-2 M K CL; authors=CORR HARK; reference=50008; original CMC=8.06 X10-3 M; DOI 10.6028/NBS.NSRDS.36; https://github.com/PSDI-UK/psdi-datasets,25
SODIUM METHYL ALPHA SULFOPALMITATE,CCCCCCCCCCCCCCC(C(=O)OC)S(=O)(=O)[O-].[Na+],0.0,0.0,,0.00662,,,,,,,PSDI/NIST Critical Micelle Concentrations of Aqueous Surfactant Systems; Compound No. 36; name=SODIUM METHYL ALPHA SULFOPALMITATE; temperature=25; additives=3.00 E-2 M K CL; authors=CORR HARK; reference=50008; original CMC=6.62 X10-3 M; DOI 10.6028/NBS.NSRDS.36; https://github.com/PSDI-UK/psdi-datasets,25
SODIUM METHYL ALPHA SULFOPALMITATE,CCCCCCCCCCCCCCC(C(=O)OC)S(=O)(=O)[O-].[Na+],0.0,0.0,,0.0047,,,,,,,PSDI/NIST Critical Micelle Concentrations of Aqueous Surfactant Systems; Compound No. 36; name=SODIUM METHYL ALPHA SULFOPALMITATE; temperature=25; additives=6.00 E-2 M K CL; authors=CORR HARK; reference=50008; original CMC=4.70 X10-3 M; DOI 10.6028/NBS.NSRDS.36; https://github.com/PSDI-UK/psdi-datasets,25
SODIUM METHYL ALPHA SULFOPALMITATE,CCCCCCCCCCCCCCC(C(=O)OC)S(=O)(=O)[O-].[Na+],0.0,0.0,,0.031,,,,,,,PSDI/NIST Critical Micelle Concentrations of Aqueous Surfactant Systems; Compound No. 36; name=SODIUM METHYL ALPHA SULFOPALMITATE; temperature=25; additives=1.619E 1 H METHANOL; authors=BROW GRIE; reference=49014; original CMC=3.1 X10-2 M; DOI 10.6028/NBS.NSRDS.36; https://github.com/PSDI-UK/psdi-datasets,25
SODIUM METHYL ALPHA SULFOPALMITATE,CCCCCCCCCCCCCCC(C(=O)OC)S(=O)(=O)[O-].[Na+],0.0,0.0,,0.0177,,,,,,,PSDI/NIST Critical Micelle Concentrations of Aqueous Surfactant Systems; Compound No. 36; name=SODIUM METHYL ALPHA SULFOPALMITATE; temperature=25; additives=1.619E 1 H METHANOL; authors=BROW GRIE; reference=49014; original CMC=1.77 X10-2 M; DOI 10.6028/NBS.NSRDS.36; https://github.com/PSDI-UK/psdi-datasets,25
SODIUM METHYL ALPHA SULFOPALMITATE,CCCCCCCCCCCCCCC(C(=O)OC)S(=O)(=O)[O-].[Na+],0.0,0.0,,0.0237,,,,,,,PSDI/NIST Critical Micelle Concentrations of Aqueous Surfactant Systems; Compound No. 36; name=SODIUM METHYL ALPHA SULFOPALMITATE; temperature=25; additives=2.465E 1 H METHANOL; authors=BROW GRIE; reference=49014; original CMC=2.37 X10-2 M; DOI 10.6028/NBS.NSRDS.36; https://github.com/PSDI-UK/psdi-datasets,25
SODIUM METHYL ALPHA SULFOPALMITATE,CCCCCCCCCCCCCCC(C(=O)OC)S(=O)(=O)[O-].[Na+],0.0,0.0,,0.052,,,,,,,PSDI/NIST Critical Micelle Concentrations of Aqueous Surfactant Systems; Compound No. 36; name=SODIUM METHYL ALPHA SULFOPALMITATE; temperature=25; additives=2.465E 1 H METHANOL; authors=BROW GRIE; reference=49014; original CMC=5.2 X10-2 M; DOI 10.6028/NBS.NSRDS.36; https://github.com/PSDI-UK/psdi-datasets,25
SODIUM METHYL ALPHA SULFOPALMITATE,CCCCCCCCCCCCCCC(C(=O)OC)S(=O)(=O)[O-].[Na+],0.0,0.0,,0.00899,,,,,,,PSDI/NIST Critical Micelle Concentrations of Aqueous Surfactant Systems; Compound No. 36; name=SODIUM METHYL ALPHA SULFOPALMITATE; temperature=25; additives=6.31 E-1 M PROPANOL-1; authors=CORR HARK; reference=50008; original CMC=8.99 X10-3 M; DOI 10.6028/NBS.NSRDS.36; https://github.com/PSDI-UK/psdi-datasets,25
SODIUM METHYL ALPHA SULFOPALMITATE,CCCCCCCCCCCCCCC(C(=O)OC)S(=O)(=O)[O-].[Na+],0.0,0.0,,0.00703,,,,,,,PSDI/NIST Critical Micelle Concentrations of Aqueous Surfactant Systems; Compound No. 36; name=SODIUM METHYL ALPHA SULFOPALMITATE; temperature=25; additives=9.88 E-1 M PROPANOL-1; authors=CORR HARK; reference=50008; original CMC=7.03 X10-3 M; DOI 10.6028/NBS.NSRDS.36; https://github.com/PSDI-UK/psdi-datasets,25
SODIUM METHYL ALPHA SULFOPALMITATE,CCCCCCCCCCCCCCC(C(=O)OC)S(=O)(=O)[O-].[Na+],0.0,0.0,,0.00953,,,,,,,PSDI/NIST Critical Micelle Concentrations of Aqueous Surfactant Systems; Compound No. 36; name=SODIUM METHYL ALPHA SULFOPALMITATE; temperature=25; additives=6.54 E-1 M PROPANOL-2; authors=CORR HARK; reference=50008; original CMC=9.53 X10-3 M; DOI 10.6028/NBS.NSRDS.36; https://github.com/PSDI-UK/psdi-datasets,25
SODIUM METHYL ALPHA SULFOPALMITATE,CCCCCCCCCCCCCCC(C(=O)OC)S(=O)(=O)[O-].[Na+],0.0,0.0,,0.00762,,,,,,,PSDI/NIST Critical Micelle Concentrations of Aqueous Surfactant Systems; Compound No. 36; name=SODIUM METHYL ALPHA SULFOPALMITATE; temperature=25; additives=1.046E 0 M PROPANOL-2; authors=CORR HARK; reference=50008; original CMC=7.62 X10-3 M; DOI 10.6028/NBS.NSRDS.36; https://github.com/PSDI-UK/psdi-datasets,25
SODIUM METHYL ALPHA SULFOPALMITATE,CCCCCCCCCCCCCCC(C(=O)OC)S(=O)(=O)[O-].[Na+],0.0,0.0,,0.0104,,,,,,,PSDI/NIST Critical Micelle Concentrations of Aqueous Surfactant Systems; Compound No. 36; name=SODIUM METHYL ALPHA SULFOPALMITATE; temperature=25; additives=1.619E 1 H PROPANOL-2; authors=BROW GRIE; reference=49014; original CMC=1.04 X10-2 M; DOI 10.6028/NBS.NSRDS.36; https://github.com/PSDI-UK/psdi-datasets,25
SODIUM METHYL ALPHA SULFOPALMITATE,CCCCCCCCCCCCCCC(C(=O)OC)S(=O)(=O)[O-].[Na+],0.0,0.0,,0.0141,,,,,,,PSDI/NIST Critical Micelle Concentrations of Aqueous Surfactant Systems; Compound No. 36; name=SODIUM METHYL ALPHA SULFOPALMITATE; temperature=25; additives=1. E3Y PRESSURE; authors=OSUG SATO; reference=65036; original CMC=1.41 X10-2 M; DOI 10.6028/NBS.NSRDS.36; https://github.com/PSDI-UK/psdi-datasets,25
SODIUM METHYL ALPHA SULFOPALMITATE,CCCCCCCCCCCCCCC(C(=O)OC)S(=O)(=O)[O-].[Na+],0.0,0.0,,0.00919,,,,,,,PSDI/NIST Critical Micelle Concentrations of Aqueous Surfactant Systems; Compound No. 36; name=SODIUM METHYL ALPHA SULFOPALMITATE; temperature=25; additives=8.31 E-5 M UNDECANOL-1; authors=CORR HARK; reference=50008; original CMC=9.19 X10-3 M; DOI 10.6028/NBS.NSRDS.36; https://github.com/PSDI-UK/psdi-datasets,25
SODIUM METHYL ALPHA SULFOPALMITATE,CCCCCCCCCCCCCCC(C(=O)OC)S(=O)(=O)[O-].[Na+],0.0,0.0,,0.00747,,,,,,,PSDI/NIST Critical Micelle Concentrations of Aqueous Surfactant Systems; Compound No. 36; name=SODIUM METHYL ALPHA SULFOPALMITATE; temperature=25; additives=1.01 E-4 M UNDECANOL-1; authors=CORR HARK; reference=50008; original CMC=7.47 X10-3 M; DOI 10.6028/NBS.NSRDS.36; https://github.com/PSDI-UK/psdi-datasets,25
SODIUM METHYL ALPHA SULFOPALMITATE,CCCCCCCCCCCCCCC(C(=O)OC)S(=O)(=O)[O-].[Na+],0.0,0.0,,0.00707,,,,,,,PSDI/NIST Critical Micelle Concentrations of Aqueous Surfactant Systems; Compound No. 36; name=SODIUM METHYL ALPHA SULFOPALMITATE; temperature=25; additives=1.28 E-4 M UNDECANOL-1; authors=CORR HARK; reference=50008; original CMC=7.07 X10-3 M; DOI 10.6028/NBS.NSRDS.36; https://github.com/PSDI-UK/psdi-datasets,25
SODIUM METHYL ALPHA SULFOPALMITATE,CCCCCCCCCCCCCCC(C(=O)OC)S(=O)(=O)[O-].[Na+],0.0,0.0,,0.0079,,,,,,,PSDI/NIST Critical Micelle Concentrations of Aqueous Surfactant Systems; Compound No. 36; name=SODIUM METHYL ALPHA SULFOPALMITATE; temperature=25; additives=5.66 E 0 H TERTIARY BUTANOL; authors=BROW GRIE; reference=49014; original CMC=7.9 X10-3 M; DOI 10.6028/NBS.NSRDS.36; https://github.com/PSDI-UK/psdi-datasets,25
SODIUM METHYL ALPHA SULFOPALMITATE,CCCCCCCCCCCCCCC(C(=O)OC)S(=O)(=O)[O-].[Na+],0.0,0.0,,0.0074,,,,,,,PSDI/NIST Critical Micelle Concentrations of Aqueous Surfactant Systems; Compound No. 36; name=SODIUM METHYL ALPHA SULFOPALMITATE; temperature=25; additives=7.88 E 0 H TERTIARY BUTANOL; authors=BROW GRIE; reference=49014; original CMC=7.4 X10-3 M; DOI 10.6028/NBS.NSRDS.36; https://github.com/PSDI-UK/psdi-datasets,25
SODIUM METHYL ALPHA SULFOPALMITATE,CCCCCCCCCCCCCCC(C(=O)OC)S(=O)(=O)[O-].[Na+],0.0,0.0,,0.0118,,,,,,,PSDI/NIST Critical Micelle Concentrations of Aqueous Surfactant Systems; Compound No. 36; name=SODIUM METHYL ALPHA SULFOPALMITATE; temperature=25; additives=6.39 E-3 M TRIETHYL CARBINOL; authors=CORR HARK; reference=50008; original CMC=1.18 X10-2 M; DOI 10.6028/NBS.NSRDS.36; https://github.com/PSDI-UK/psdi-datasets,25
SODIUM METHYL ALPHA SULFOPALMITATE,CCCCCCCCCCCCCCC(C(=O)OC)S(=O)(=O)[O-].[Na+],0.0,0.0,,0.00932,,,,,,,PSDI/NIST Critical Micelle Concentrations of Aqueous Surfactant Systems; Compound No. 36; name=SODIUM METHYL ALPHA SULFOPALMITATE; temperature=25; additives=3.08 E-2 M TRIETHYL CARBINOL; authors=CORR HARK; reference=50008; original CMC=9.32 X10-3 M; DOI 10.6028/NBS.NSRDS.36; https://github.com/PSDI-UK/psdi-datasets,25
SODIUM METHYL ALPHA SULFOPALMITATE,CCCCCCCCCCCCCCC(C(=O)OC)S(=O)(=O)[O-].[Na+],0.0,0.0,,0.00844,,,,,,,PSDI/NIST Critical Micelle Concentrations of Aqueous Surfactant Systems; Compound No. 36; name=SODIUM METHYL ALPHA SULFOPALMITATE; temperature=25; additives=3.72 E-2 M TRIETHYL CARBINOL; authors=CORR HARK; reference=50008; original CMC=8.44 X10-3 M; DOI 10.6028/NBS.NSRDS.36; https://github.com/PSDI-UK/psdi-datasets,25
SODIUM METHYL ALPHA SULFOPALMITATE,CCCCCCCCCCCCCCC(C(=O)OC)S(=O)(=O)[O-].[Na+],0.0,0.0,,0.00776,,,,,,,PSDI/NIST Critical Micelle Concentrations of Aqueous Surfactant Systems; Compound No. 36; name=SODIUM METHYL ALPHA SULFOPALMITATE; temperature=25; additives=4.27 E-2 M TRIETHYL CARBINOL; authors=CORR HARK; reference=50008; original CMC=7.76 X10-3 M; DOI 10.6028/NBS.NSRDS.36; https://github.com/PSDI-UK/psdi-datasets,25
SODIUM METHYL ALPHA SULFOPALMITATE,CCCCCCCCCCCCCCC(C(=O)OC)S(=O)(=O)[O-].[Na+],0.0,0.0,,0.00727,,,,,,,PSDI/NIST Critical Micelle Concentrations of Aqueous Surfactant Systems; Compound No. 36; name=SODIUM METHYL ALPHA SULFOPALMITATE; temperature=25; additives=4.80 E-2 M TRIETHYL CARBINOL; authors=CORR HARK; reference=50008; original CMC=7.27 X10-3 M; DOI 10.6028/NBS.NSRDS.36; https://github.com/PSDI-UK/psdi-datasets,25
SODIUM METHYL ALPHA SULFOPALMITATE,CCCCCCCCCCCCCCC(C(=O)OC)S(=O)(=O)[O-].[Na+],0.0,0.0,,0.00443,,,,,,,PSDI/NIST Critical Micelle Concentrations of Aqueous Surfactant Systems; Compound No. 36; name=SODIUM METHYL ALPHA SULFOPALMITATE; temperature=25; additives=2.52 E-5 M DECANOL-1 6.00 K CL E-2 M; authors=CORR HARK; reference=50008; original CMC=4.43 X10-3 M; DOI 10.6028/NBS.NSRDS.36; https://github.com/PSDI-UK/psdi-datasets,25
SODIUM METHYL ALPHA SULFOPALMITATE,CCCCCCCCCCCCCCC(C(=O)OC)S(=O)(=O)[O-].[Na+],0.0,0.0,,0.00398,,,,,,,PSDI/NIST Critical Micelle Concentrations of Aqueous Surfactant Systems; Compound No. 36; name=SODIUM METHYL ALPHA SULFOPALMITATE; temperature=25; additives=4.53 E-5 M DECANOL-1 6.00 E-2 M K CL; authors=CORR HARK; reference=50008; original CMC=3.98 X10-3 M; DOI 10.6028/NBS.NSRDS.36; https://github.com/PSDI-UK/psdi-datasets,25
SODIUM METHYL ALPHA SULFOPALMITATE,CCCCCCCCCCCCCCC(C(=O)OC)S(=O)(=O)[O-].[Na+],0.0,0.0,,0.00673,,,,,,,PSDI/NIST Critical Micelle Concentrations of Aqueous Surfactant Systems; Compound No. 36; name=SODIUM METHYL ALPHA SULFOPALMITATE; temperature=25; additives=5.52 E-5 M DECANOL-1 1.50 E-2 M K CL; authors=CORR HARK; reference=50008; original CMC=6.73 X10-3 M; DOI 10.6028/NBS.NSRDS.36; https://github.com/PSDI-UK/psdi-datasets,25
SODIUM METHYL ALPHA SULFOPALMITATE,CCCCCCCCCCCCCCC(C(=O)OC)S(=O)(=O)[O-].[Na+],0.0,0.0,,0.0037,,,,,,,PSDI/NIST Critical Micelle Concentrations of Aqueous Surfactant Systems; Compound No. 36; name=SODIUM METHYL ALPHA SULFOPALMITATE; temperature=25; additives=6.32 E-5 M DECANOL-1 6.00 E-2 M K CL; authors=CORR HARK; reference=50008; original CMC=3.70 X10-3 M; DOI 10.6028/NBS.NSRDS.36; https://github.com/PSDI-UK/psdi-datasets,25
SODIUM METHYL ALPHA SULFOPALMITATE,CCCCCCCCCCCCCCC(C(=O)OC)S(=O)(=O)[O-].[Na+],0.0,0.0,,0.00863,,,,,,,PSDI/NIST Critical Micelle Concentrations of Aqueous Surfactant Systems; Compound No. 36; name=SODIUM METHYL ALPHA SULFOPALMITATE; temperature=25; additives=6.81 E-5 M DECANOL-1 7.5 E-3 M K CL; authors=CORR HARK; reference=50008; original CMC=8.63 X10-3 M; DOI 10.6028/NBS.NSRDS.36; https://github.com/PSDI-UK/psdi-datasets,25
SODIUM METHYL ALPHA SULFOPALMITATE,CCCCCCCCCCCCCCC(C(=O)OC)S(=O)(=O)[O-].[Na+],0.0,0.0,,0.00353,,,,,,,PSDI/NIST Critical Micelle Concentrations of Aqueous Surfactant Systems; Compound No. 36; name=SODIUM METHYL ALPHA SULFOPALMITATE; temperature=25; additives=8.05 E-5 M DECANOL-1 6.00 E-2 M K CL; authors=CORR HARK; reference=50008; original CMC=3.53 X10-3 M; DOI 10.6028/NBS.NSRDS.36; https://github.com/PSDI-UK/psdi-datasets,25
SODIUM METHYL ALPHA SULFOPALMITATE,CCCCCCCCCCCCCCC(C(=O)OC)S(=O)(=O)[O-].[Na+],0.0,0.0,,0.00498,,,,,,,PSDI/NIST Critical Micelle Concentrations of Aqueous Surfactant Systems; Compound No. 36; name=SODIUM METHYL ALPHA SULFOPALMITATE; temperature=25; additives=8.23 E-5 M DECANOL-1 3.00 E-2 M K CL; authors=CORR HARK; reference=50008; original CMC=4.98 X10-3 M; DOI 10.6028/NBS.NSRDS.36; https://github.com/PSDI-UK/psdi-datasets,25
SODIUM METHYL ALPHA SULFOPALMITATE,CCCCCCCCCCCCCCC(C(=O)OC)S(=O)(=O)[O-].[Na+],0.0,0.0,,0.00311,,,,,,,PSDI/NIST Critical Micelle Concentrations of Aqueous Surfactant Systems; Compound No. 36; name=SODIUM METHYL ALPHA SULFOPALMITATE; temperature=25; additives=8.86 E-5 M DECANOL-1 6.00 E-2 M K CL; authors=CORR HARK; reference=50008; original CMC=3.11 X10-3 M; DOI 10.6028/NBS.NSRDS.36; https://github.com/PSDI-UK/psdi-datasets,25
SODIUM METHYL ALPHA SULFOPALMITATE,CCCCCCCCCCCCCCC(C(=O)OC)S(=O)(=O)[O-].[Na+],0.0,0.0,,0.00574,,,,,,,PSDI/NIST Critical Micelle Concentrations of Aqueous Surfactant Systems; Compound No. 36; name=SODIUM METHYL ALPHA SULFOPALMITATE; temperature=25; additives=9.42 E-5 M DECANOL-1 1.50 E-2 M K CL; authors=CORR HARK; reference=50008; original CMC=5.74 X10-3 M; DOI 10.6028/NBS.NSRDS.36; https://github.com/PSDI-UK/psdi-datasets,25
SODIUM METHYL ALPHA SULFOPALMITATE,CCCCCCCCCCCCCCC(C(=O)OC)S(=O)(=O)[O-].[Na+],0.0,0.0,,0.00295,,,,,,,PSDI/NIST Critical Micelle Concentrations of Aqueous Surfactant Systems; Compound No. 36; name=SODIUM METHYL ALPHA SULFOPALMITATE; temperature=25; additives=1.01 E-4 M DECANOL-1 6.00 E-2 M K CL; authors=CORR HARK; reference=50008; original CMC=2.95 X10-3 M; DOI 10.6028/NBS.NSRDS.36; https://github.com/PSDI-UK/psdi-datasets,25
SODIUM METHYL ALPHA SULFOPALMITATE,CCCCCCCCCCCCCCC(C(=O)OC)S(=O)(=O)[O-].[Na+],0.0,0.0,,0.00414,,,,,,,PSDI/NIST Critical Micelle Concentrations of Aqueous Surfactant Systems; Compound No. 36; name=SODIUM METHYL ALPHA SULFOPALMITATE; temperature=25; additives=1.03 E-4 M DECANOL-1 3.00 E-2 M K CL; authors=CORR HARK; reference=50008; original CMC=4.14 X10-3 M; DOI 10.6028/NBS.NSRDS.36; https://github.com/PSDI-UK/psdi-datasets,25
SODIUM METHYL ALPHA SULFOPALMITATE,CCCCCCCCCCCCCCC(C(=O)OC)S(=O)(=O)[O-].[Na+],0.0,0.0,,0.00382,,,,,,,PSDI/NIST Critical Micelle Concentrations of Aqueous Surfactant Systems; Compound No. 36; name=SODIUM METHYL ALPHA SULFOPALMITATE; temperature=25; additives=1.26 E-4 M DECANOL-1 3.00 E-2 M K CL; authors=CORR HARK; reference=50008; original CMC=3.82 X10-3 M; DOI 10.6028/NBS.NSRDS.36; https://github.com/PSDI-UK/psdi-datasets,25
SODIUM METHYL ALPHA SULFOPALMITATE,CCCCCCCCCCCCCCC(C(=O)OC)S(=O)(=O)[O-].[Na+],0.0,0.0,,0.00348,,,,,,,PSDI/NIST Critical Micelle Concentrations of Aqueous Surfactant Systems; Compound No. 36; name=SODIUM METHYL ALPHA SULFOPALMITATE; temperature=25; additives=1.44 E-4 M DECANOL-1 3.00 E-2 M K CL; authors=CORR HARK; reference=50008; original CMC=3.48 X10-3 M; DOI 10.6028/NBS.NSRDS.36; https://github.com/PSDI-UK/psdi-datasets,25
SODIUM METHYL ALPHA SULFOPALMITATE,CCCCCCCCCCCCCCC(C(=O)OC)S(=O)(=O)[O-].[Na+],0.0,0.0,,0.00461,,,,,,,PSDI/NIST Critical Micelle Concentrations of Aqueous Surfactant Systems; Compound No. 36; name=SODIUM METHYL ALPHA SULFOPALMITATE; temperature=25; additives=1.51 E-4 M DECANOL-1 1.50 E-2 M K CL; authors=CORR HARK; reference=50008; original CMC=4.61 X10-3 M; DOI 10.6028/NBS.NSRDS.36; https://github.com/PSDI-UK/psdi-datasets,25
SODIUM METHYL ALPHA SULFOPALMITATE,CCCCCCCCCCCCCCC(C(=O)OC)S(=O)(=O)[O-].[Na+],0.0,0.0,,0.00657,,,,,,,PSDI/NIST Critical Micelle Concentrations of Aqueous Surfactant Systems; Compound No. 36; name=SODIUM METHYL ALPHA SULFOPALMITATE; temperature=25; additives=1.56 E-4 M DECANOL-1 7.5 E-3 M K CL; authors=CORR HARK; reference=50008; original CMC=6.57 X10-3 M; DOI 10.6028/NBS.NSRDS.36; https://github.com/PSDI-UK/psdi-datasets,25
SODIUM METHYL ALPHA SULFOPALMITATE,CCCCCCCCCCCCCCC(C(=O)OC)S(=O)(=O)[O-].[Na+],0.0,0.0,,0.00321,,,,,,,PSDI/NIST Critical Micelle Concentrations of Aqueous Surfactant Systems; Compound No. 36; name=SODIUM METHYL ALPHA SULFOPALMITATE; temperature=25; additives=1.63 E-4 M DECANOL-1 3.00 E-2 M K CL; authors=CORR HARK; reference=50008; original CMC=3.21 X10-3 M; DOI 10.6028/NBS.NSRDS.36; https://github.com/PSDI-UK/psdi-datasets,25
SODIUM METHYL ALPHA SULFOPALMITATE,CCCCCCCCCCCCCCC(C(=O)OC)S(=O)(=O)[O-].[Na+],0.0,0.0,,0.00417,,,,,,,PSDI/NIST Critical Micelle Concentrations of Aqueous Surfactant Systems; Compound No. 36; name=SODIUM METHYL ALPHA SULFOPALMITATE; temperature=25; additives=1.71 E-4 M DECANOL-1 1.50 E-2 M K CL; authors=CORR HARK; reference=50008; original CMC=4.17 X10-3 M; DOI 10.6028/NBS.NSRDS.36; https://github.com/PSDI-UK/psdi-datasets,25
SODIUM METHYL ALPHA SULFOPALMITATE,CCCCCCCCCCCCCCC(C(=O)OC)S(=O)(=O)[O-].[Na+],0.0,0.0,,0.00379,,,,,,,PSDI/NIST Critical Micelle Concentrations of Aqueous Surfactant Systems; Compound No. 36; name=SODIUM METHYL ALPHA SULFOPALMITATE; temperature=25; additives=1.86 E-4 M DECANOL-1 1.50 E-2 M K CL; authors=CORR HARK; reference=50008; original CMC=3.79 X10-3 M; DOI 10.6028/NBS.NSRDS.36; https://github.com/PSDI-UK/psdi-datasets,25
SODIUM METHYL ALPHA SULFOPALMITATE,CCCCCCCCCCCCCCC(C(=O)OC)S(=O)(=O)[O-].[Na+],0.0,0.0,,0.00623,,,,,,,PSDI/NIST Critical Micelle Concentrations of Aqueous Surfactant Systems; Compound No. 36; name=SODIUM METHYL ALPHA SULFOPALMITATE; temperature=25; additives=1.97 E-4 M DECANOL-1 7.5 E-3 M K CL; authors=CORR HARK; reference=50008; original CMC=6.23 X10-3 M; DOI 10.6028/NBS.NSRDS.36; https://github.com/PSDI-UK/psdi-datasets,25
SODIUM METHYL ALPHA SULFOPALMITATE,CCCCCCCCCCCCCCC(C(=O)OC)S(=O)(=O)[O-].[Na+],0.0,0.0,,0.00553,,,,,,,PSDI/NIST Critical Micelle Concentrations of Aqueous Surfactant Systems; Compound No. 36; name=SODIUM METHYL ALPHA SULFOPALMITATE; temperature=25; additives=2.18 E-4 M DECANOL-1 7.5 E-3 M K CL; authors=CORR HARK; reference=50008; original CMC=5.53 X10-3 M; DOI 10.6028/NBS.NSRDS.36; https://github.com/PSDI-UK/psdi-datasets,25
SODIUM METHYL ALPHA SULFOPALMITATE,CCCCCCCCCCCCCCC(C(=O)OC)S(=O)(=O)[O-].[Na+],0.0,0.0,,0.00515,,,,,,,PSDI/NIST Critical Micelle Concentrations of Aqueous Surfactant Systems; Compound No. 36; name=SODIUM METHYL ALPHA SULFOPALMITATE; temperature=25; additives=2.44 E-4 M DECANOL-1 7.5 E-3 M K CL; authors=CORR HARK; reference=50008; original CMC=5.15 X10-3 M; DOI 10.6028/NBS.NSRDS.36; https://github.com/PSDI-UK/psdi-datasets,25
SODIUM METHYL ALPHA SULFOPALMITATE,CCCCCCCCCCCCCCC(C(=O)OC)S(=O)(=O)[O-].[Na+],0.0,0.0,,0.00779,,,,,,,PSDI/NIST Critical Micelle Concentrations of Aqueous Surfactant Systems; Compound No. 36; name=SODIUM METHYL ALPHA SULFOPALMITATE; temperature=25; additives=3.46 E-3 M HEXANOL-1 1.50 E-2 M K CL; authors=CORR HARK; reference=50008; original CMC=7.79 X10-3 M; DOI 10.6028/NBS.NSRDS.36; https://github.com/PSDI-UK/psdi-datasets,25
SODIUM METHYL ALPHA SULFOPALMITATE,CCCCCCCCCCCCCCC(C(=O)OC)S(=O)(=O)[O-].[Na+],0.0,0.0,,0.00941,,,,,,,PSDI/NIST Critical Micelle Concentrations of Aqueous Surfactant Systems; Compound No. 36; name=SODIUM METHYL ALPHA SULFOPALMITATE; temperature=25; additives=4.03 E-3 M HEXANOL-1 7.5 E-3 M K CL; authors=CORR HARK; reference=50008; original CMC=9.41 X10-3 M; DOI 10.6028/NBS.NSRDS.36; https://github.com/PSDI-UK/psdi-datasets,25
SODIUM METHYL ALPHA SULFOPALMITATE,CCCCCCCCCCCCCCC(C(=O)OC)S(=O)(=O)[O-].[Na+],0.0,0.0,,0.00386,,,,,,,PSDI/NIST Critical Micelle Concentrations of Aqueous Surfactant Systems; Compound No. 36; name=SODIUM METHYL ALPHA SULFOPALMITATE; temperature=25; additives=4.78 E-3 M HEXANOL-1 6.00 E-2 M K CL; authors=CORR HARK; reference=50008; original CMC=3.86 X10-3 M; DOI 10.6028/NBS.NSRDS.36; https://github.com/PSDI-UK/psdi-datasets,25
SODIUM METHYL ALPHA SULFOPALMITATE,CCCCCCCCCCCCCCC(C(=O)OC)S(=O)(=O)[O-].[Na+],0.0,0.0,,0.0057,,,,,,,PSDI/NIST Critical Micelle Concentrations of Aqueous Surfactant Systems; Compound No. 36; name=SODIUM METHYL ALPHA SULFOPALMITATE; temperature=25; additives=4.88 E-3 M HEXANOL-1 3.00 E-2 M K CL; authors=CORR HARK; reference=50008; original CMC=5.70 X10-3 M; DOI 10.6028/NBS.NSRDS.36; https://github.com/PSDI-UK/psdi-datasets,25
SODIUM METHYL ALPHA SULFOPALMITATE,CCCCCCCCCCCCCCC(C(=O)OC)S(=O)(=O)[O-].[Na+],0.0,0.0,,0.00305,,,,,,,PSDI/NIST Critical Micelle Concentrations of Aqueous Surfactant Systems; Compound No. 36; name=SODIUM METHYL ALPHA SULFOPALMITATE; temperature=25; additives=7.54 E-3 M HEXANOL-1 6.00 E-2 M K CL; authors=CORR HARK; reference=50008; original CMC=3.05 X10-3 M; DOI 10.6028/NBS.NSRDS.36; https://github.com/PSDI-UK/psdi-datasets,25
SODIUM METHYL ALPHA SULFOPALMITATE,CCCCCCCCCCCCCCC(C(=O)OC)S(=O)(=O)[O-].[Na+],0.0,0.0,,0.0087,,,,,,,PSDI/NIST Critical Micelle Concentrations of Aqueous Surfactant Systems; Compound No. 36; name=SODIUM METHYL ALPHA SULFOPALMITATE; temperature=25; additives=8.20 E-3 M HEXANOL-1 7.5 E-3 M K CL; authors=CORR HARK; reference=50008; original CMC=8.70 X10-3 M; DOI 10.6028/NBS.NSRDS.36; https://github.com/PSDI-UK/psdi-datasets,25
SODIUM METHYL ALPHA SULFOPALMITATE,CCCCCCCCCCCCCCC(C(=O)OC)S(=O)(=O)[O-].[Na+],0.0,0.0,,0.00602,,,,,,,PSDI/NIST Critical Micelle Concentrations of Aqueous Surfactant Systems; Compound No. 36; name=SODIUM METHYL ALPHA SULFOPALMITATE; temperature=25; additives=9.79 E-3 M HEXANOL-1 1.50 E-2 M K CL; authors=CORR HARK; reference=50008; original CMC=6.02 X10-3 M; DOI 10.6028/NBS.NSRDS.36; https://github.com/PSDI-UK/psdi-datasets,25
SODIUM METHYL ALPHA SULFOPALMITATE,CCCCCCCCCCCCCCC(C(=O)OC)S(=O)(=O)[O-].[Na+],0.0,0.0,,0.00268,,,,,,,PSDI/NIST Critical Micelle Concentrations of Aqueous Surfactant Systems; Compound No. 36; name=SODIUM METHYL ALPHA SULFOPALMITATE; temperature=25; additives=9.96 E-3 M HEXANOL-1 6.00 E-2 M K CL; authors=CORR HARK; reference=50008; original CMC=2.68 X10-3 M; DOI 10.6028/NBS.NSRDS.36; https://github.com/PSDI-UK/psdi-datasets,25
SODIUM METHYL ALPHA SULFOPALMITATE,CCCCCCCCCCCCCCC(C(=O)OC)S(=O)(=O)[O-].[Na+],0.0,0.0,,0.0043,,,,,,,PSDI/NIST Critical Micelle Concentrations of Aqueous Surfactant Systems; Compound No. 36; name=SODIUM METHYL ALPHA SULFOPALMITATE; temperature=25; additives=1.10 E-2 M HEXANOL-1 3.00 E-2 M K CL; authors=CCRR HARK; reference=50008; original CMC=4.30 X10-3 M; DOI 10.6028/NBS.NSRDS.36; https://github.com/PSDI-UK/psdi-datasets,25
SODIUM METHYL ALPHA SULFOPALMITATE,CCCCCCCCCCCCCCC(C(=O)OC)S(=O)(=O)[O-].[Na+],0.0,0.0,,0.00236,,,,,,,PSDI/NIST Critical Micelle Concentrations of Aqueous Surfactant Systems; Compound No. 36; name=SODIUM METHYL ALPHA SULFOPALMITATE; temperature=25; additives=1.17 E-2 M HEXANOL-1 6.00 E-2 M K CL; authors=CORR HARK; reference=50008; original CMC=2.36 X10-3 M; DOI 10.6028/NBS.NSRDS.36; https://github.com/PSDI-UK/psdi-datasets,25
SODIUM METHYL ALPHA SULFOPALMITATE,CCCCCCCCCCCCCCC(C(=O)OC)S(=O)(=O)[O-].[Na+],0.0,0.0,,0.00209,,,,,,,PSDI/NIST Critical Micelle Concentrations of Aqueous Surfactant Systems; Compound No. 36; name=SODIUM METHYL ALPHA SULFOPALMITATE; temperature=25; additives=1.29 E-2 M HEXANOL-1 6.00 E-2 M K CL; authors=CORR HARK; reference=50008; original CMC=2.09 X10-3 M; DOI 10.6028/NBS.NSRDS.36; https://github.com/PSDI-UK/psdi-datasets,25
SODIUM METHYL ALPHA SULFOPALMITATE,CCCCCCCCCCCCCCC(C(=O)OC)S(=O)(=O)[O-].[Na+],0.0,0.0,,0.00397,,,,,,,PSDI/NIST Critical Micelle Concentrations of Aqueous Surfactant Systems; Compound No. 36; name=SODIUM METHYL ALPHA SULFOPALMITATE; temperature=25; additives=1.36 E-2 M HEXANOL-1 3.00 E-2 M K CL; authors=CORR HARK; reference=50008; original CMC=3.97 X10-3 M; DOI 10.6028/NBS.NSRDS.36; https://github.com/PSDI-UK/psdi-datasets,25
SODIUM METHYL ALPHA SULFOPALMITATE,CCCCCCCCCCCCCCC(C(=O)OC)S(=O)(=O)[O-].[Na+],0.0,0.0,,0.00562,,,,,,,PSDI/NIST Critical Micelle Concentrations of Aqueous Surfactant Systems; Compound No. 36; name=SODIUM METHYL ALPHA SULFOPALMITATE; temperature=25; additives=1.37 E-2 M HEXANOL-1 1.50 E-2 M K CL; authors=CORR HARK; reference=50008; original CMC=5.62 X10-3 M; DOI 10.6028/NBS.NSRDS.36; https://github.com/PSDI-UK/psdi-datasets,25
SODIUM METHYL ALPHA SULFOPALMITATE,CCCCCCCCCCCCCCC(C(=O)OC)S(=O)(=O)[O-].[Na+],0.0,0.0,,0.0019,,,,,,,PSDI/NIST Critical Micelle Concentrations of Aqueous Surfactant Systems; Compound No. 36; name=SODIUM METHYL ALPHA SULFOPALMITATE; temperature=25; additives=1.41 E-2 M HEXANOL-1 6.00 E-2 M K CL; authors=CORR HARK; reference=50008; original CMC=1.90 X10-3 M; DOI 10.6028/NBS.NSRDS.36; https://github.com/PSDI-UK/psdi-datasets,25
SODIUM METHYL ALPHA SULFOPALMITATE,CCCCCCCCCCCCCCC(C(=O)OC)S(=O)(=O)[O-].[Na+],0.0,0.0,,0.00338,,,,,,,PSDI/NIST Critical Micelle Concentrations of Aqueous Surfactant Systems; Compound No. 36; name=SODIUM METHYL ALPHA SULFOPALMITATE; temperature=25; additives=1.44 E-2 M HEXANOL-1 3.00 E-2 M K CL; authors=CORR HARK; reference=50008; original CMC=3.38 X10-3 M; DOI 10.6028/NBS.NSRDS.36; https://github.com/PSDI-UK/psdi-datasets,25
SODIUM METHYL ALPHA SULFOPALMITATE,CCCCCCCCCCCCCCC(C(=O)OC)S(=O)(=O)[O-].[Na+],0.0,0.0,,0.00679,,,,,,,PSDI/NIST Critical Micelle Concentrations of Aqueous Surfactant Systems; Compound No. 36; name=SODIUM METHYL ALPHA SULFOPALMITATE; temperature=25; additives=1.60 E-2 M HEXANOL-1 7.5 E-3 M K CL; authors=CORR HARK; reference=50008; original CMC=6.79 X10-3 M; DOI 10.6028/NBS.NSRDS.36; https://github.com/PSDI-UK/psdi-datasets,25
SODIUM METHYL ALPHA SULFOPALMITATE,CCCCCCCCCCCCCCC(C(=O)OC)S(=O)(=O)[O-].[Na+],0.0,0.0,,0.00508,,,,,,,PSDI/NIST Critical Micelle Concentrations of Aqueous Surfactant Systems; Compound No. 36; name=SODIUM METHYL ALPHA SULFOPALMITATE; temperature=25; additives=1.65 E-2 M HEXANOL-1 1.50 E-2 M K CL; authors=CORR HARK; reference=50008; original CMC=5.08 X10-3 M; DOI 10.6028/NBS.NSRDS.36; https://github.com/PSDI-UK/psdi-datasets,25
SODIUM METHYL ALPHA SULFOPALMITATE,CCCCCCCCCCCCCCC(C(=O)OC)S(=O)(=O)[O-].[Na+],0.0,0.0,,0.00329,,,,,,,PSDI/NIST Critical Micelle Concentrations of Aqueous Surfactant Systems; Compound No. 36; name=SODIUM METHYL ALPHA SULFOPALMITATE; temperature=25; additives=1.69 E-2 M HEXANOL-1 3.00 E-2 M K CL; authors=CORR HARK; reference=50008; original CMC=3.29 X10-3 M; DOI 10.6028/NBS.NSRDS.36; https://github.com/PSDI-UK/psdi-datasets,25
SODIUM METHYL ALPHA SULFOPALMITATE,CCCCCCCCCCCCCCC(C(=O)OC)S(=O)(=O)[O-].[Na+],0.0,0.0,,0.00471,,,,,,,PSDI/NIST Critical Micelle Concentrations of Aqueous Surfactant Systems; Compound No. 36; name=SODIUM METHYL ALPHA SULFOPALMITATE; temperature=25; additives=1.91 E-2 M HEXANOL-1 1.50 E-2 M K CL; authors=CORR HARK; reference=50008; original CMC=4.71 X10-3 M; DOI 10.6028/NBS.NSRDS.36; https://github.com/PSDI-UK/psdi-datasets,25
SODIUM METHYL ALPHA SULFOPALMITATE,CCCCCCCCCCCCCCC(C(=O)OC)S(=O)(=O)[O-].[Na+],0.0,0.0,,0.00613,,,,,,,PSDI/NIST Critical Micelle Concentrations of Aqueous Surfactant Systems; Compound No. 36; name=SODIUM METHYL ALPHA SULFOPALMITATE; temperature=25; additives=1.93 E-2 M HEXANOL-1 7.5 E-3 M K CL; authors=CORR HARK; reference=50008; original CMC=6.13 X10-3 M; DOI 10.6028/NBS.NSRDS.36; https://github.com/PSDI-UK/psdi-datasets,25
SODIUM METHYL ALPHA SULFOPALMITATE,CCCCCCCCCCCCCCC(C(=O)OC)S(=O)(=O)[O-].[Na+],0.0,0.0,,0.00569,,,,,,,PSDI/NIST Critical Micelle Concentrations of Aqueous Surfactant Systems; Compound No. 36; name=SODIUM METHYL ALPHA SULFOPALMITATE; temperature=25; additives=2.23 E-2 M HEXANOL-1 7.5 E-3 M K CL; authors=CORR HARK; reference=50008; original CMC=5.69 X10-3 M; DOI 10.6028/NBS.NSRDS.36; https://github.com/PSDI-UK/psdi-datasets,25
SODIUM METHYL ALPHA SULFOPALMITATE,CCCCCCCCCCCCCCC(C(=O)OC)S(=O)(=O)[O-].[Na+],0.0,0.0,,0.00539,,,,,,,PSDI/NIST Critical Micelle Concentrations of Aqueous Surfactant Systems; Compound No. 36; name=SODIUM METHYL ALPHA SULFOPALMITATE; temperature=25; additives=2.54 E-2 M HEXANOL-1 7.5 E-3 M K CL; authors=CORR HARK; reference=50008; original CMC=5.39 X10-3 M; DOI 10.6028/NBS.NSRDS.36; https://github.com/PSDI-UK/psdi-datasets,25
SODIUM METHYL ALPHA SULFOPALMITATE,CCCCCCCCCCCCCCC(C(=O)OC)S(=O)(=O)[O-].[Na+],0.0,0.0,,0.0169,,,,,,,PSDI/NIST Critical Micelle Concentrations of Aqueous Surfactant Systems; Compound No. 36; name=SODIUM METHYL ALPHA SULFOPALMITATE; temperature=25; additives=2.564E 1 H METHANOL 4.4 EOI LAURYL ALCOHOL; authors=BROW GRIE; reference=49014; original CMC=1.69 X10-2 M; DOI 10.6028/NBS.NSRDS.36; https://github.com/PSDI-UK/psdi-datasets,25
SODIUM METHYL ALPHA SULFOPALMITATE,CCCCCCCCCCCCCCC(C(=O)OC)S(=O)(=O)[O-].[Na+],0.0,0.0,,0.0108,,,,,,,PSDI/NIST Critical Micelle Concentrations of Aqueous Surfactant Systems; Compound No. 36; name=SODIUM METHYL ALPHA SULFOPALMITATE; temperature=25; additives=2.564E 1 H METHANOL 1.11E11 LAURYL ALCOHOL; authors=BROW GRIE; reference=49014; original CMC=1.08 X10-2 M; DOI 10.6028/NBS.NSRDS.36; https://github.com/PSDI-UK/psdi-datasets,25
SODIUM METHYL ALPHA SULFOPALMITATE,CCCCCCCCCCCCCCC(C(=O)OC)S(=O)(=O)[O-].[Na+],0.0,0.0,,0.0083,,,,,,,PSDI/NIST Critical Micelle Concentrations of Aqueous Surfactant Systems; Compound No. 36; name=SODIUM METHYL ALPHA SULFOPALMITATE; temperature=25; additives=2.564E 1 H METHANOL 2.61 1 I LAURYL ALCOHOL; authors=BROW GRIE; reference=49014; original CMC=8.3 X10-3 M; DOI 10.6028/NBS.NSRDS.36; https://github.com/PSDI-UK/psdi-datasets,25
SODIUM METHYL ALPHA SULFOPALMITATE,CCCCCCCCCCCCCCC(C(=O)OC)S(=O)(=O)[O-].[Na+],0.0,0.0,,0.0069,,,,,,,PSDI/NIST Critical Micelle Concentrations of Aqueous Surfactant Systems; Compound No. 36; name=SODIUM METHYL ALPHA SULFOPALMITATE; temperature=25; additives=2.564E H METHANOL 6.51 I LAURYL ALCOHOL; authors=BROW GRIE; reference=49014; original CMC=6.9 X10-3 M; DOI 10.6028/NBS.NSRDS.36; https://github.com/PSDI-UK/psdi-datasets,25
TETRADECYL AMMONIUM CHLORIDE,CCCCCCCCCCCCN(C)C.Cl,0.0,0.0,,0.0028,,,,,,,PSDI/NIST Critical Micelle Concentrations of Aqueous Surfactant Systems; Compound No. 39; name=TETRADECYL AMMONIUM CHLORIDE; temperature=25; additives=nan; authors=HOYE GREE; reference=57004; original CMC=2.8 X10-3 M; DOI 10.6028/NBS.NSRDS.36; https://github.com/PSDI-UK/psdi-datasets,25
POTASSIUM DODECYL 1 SULFONATE,CCCCCCCCCCCCS(=O)(=O)[O-].[K+],0.0,0.0,,0.009,,,,,,,PSDI/NIST Critical Micelle Concentrations of Aqueous Surfactant Systems; Compound No. 40; name=POTASSIUM DODECYL 1 SULFONATE; temperature=25; additives=nan; authors=LIN; reference=55008; original CMC=9.00 X10-3 M; DOI 10.6028/NBS.NSRDS.36; https://github.com/PSDI-UK/psdi-datasets,25
POTASSIUM DODECYL 1 SULFONATE,CCCCCCCCCCCCS(=O)(=O)[O-].[K+],0.0,0.0,,0.00865,,,,,,,PSDI/NIST Critical Micelle Concentrations of Aqueous Surfactant Systems; Compound No. 40; name=POTASSIUM DODECYL 1 SULFONATE; temperature=25; additives=5. E-2 D BENZENE; authors=LIN; reference=55008; original CMC=8.65 X10-3 M; DOI 10.6028/NBS.NSRDS.36; https://github.com/PSDI-UK/psdi-datasets,25
POTASSIUM DODECYL 1 SULFONATE,CCCCCCCCCCCCS(=O)(=O)[O-].[K+],0.0,0.0,,0.00825,,,,,,,PSDI/NIST Critical Micelle Concentrations of Aqueous Surfactant Systems; Compound No. 40; name=POTASSIUM DODECYL 1 SULFONATE; temperature=25; additives=1.0 E-1 D BENZENE; authors=LIN; reference=55008; original CMC=8.25 X10-3 M; DOI 10.6028/NBS.NSRDS.36; https://github.com/PSDI-UK/psdi-datasets,25
POTASSIUM DODECYL 1 SULFONATE,CCCCCCCCCCCCS(=O)(=O)[O-].[K+],0.0,0.0,,0.0076,,,,,,,PSDI/NIST Critical Micelle Concentrations of Aqueous Surfactant Systems; Compound No. 40; name=POTASSIUM DODECYL 1 SULFONATE; temperature=25; additives=1.5 E-1 D BENZENE; authors=LIN; reference=55008; original CMC=7.60 X10-3 M; DOI 10.6028/NBS.NSRDS.36; https://github.com/PSDI-UK/psdi-datasets,25
DODECYL TRIMETHYL AMMONIUM CHLORIDE,CCCCCCCCCCCC[N+](C)(C)C.[Cl-],0.0,0.0,,0.0172,,,,,,,PSDI/NIST Critical Micelle Concentrations of Aqueous Surfactant Systems; Compound No. 41; name=DODECYL TRIMETHYL AMMONIUM CHLORIDE; temperature=25; additives=nan; authors=HOYE MARM; reference=61002; original CMC=1.72 X10-2 M; DOI 10.6028/NBS.NSRDS.36; https://github.com/PSDI-UK/psdi-datasets,25
DODECYL TRIMETHYL AMMONIUM CHLORIDE,CCCCCCCCCCCC[N+](C)(C)C.[Cl-],0.0,0.0,,0.02,,,,,,,PSDI/NIST Critical Micelle Concentrations of Aqueous Surfactant Systems; Compound No. 41; name=DODECYL TRIMETHYL AMMONIUM CHLORIDE; temperature=25; additives=nan; authors=WEIN ZOGR; reference=65026; original CMC=2.0 X10-2 M; DOI 10.6028/NBS.NSRDS.36; https://github.com/PSDI-UK/psdi-datasets,25
DODECYL TRIMETHYL AMMONIUM CHLORIDE,CCCCCCCCCCCC[N+](C)(C)C.[Cl-],0.0,0.0,,0.0203,,,,,,,PSDI/NIST Critical Micelle Concentrations of Aqueous Surfactant Systems; Compound No. 41; name=DODECYL TRIMETHYL AMMONIUM CHLORIDE; temperature=25; additives=nan; authors=OSUG SATO; reference=65036; original CMC=2.03 X10-2 M; DOI 10.6028/NBS.NSRDS.36; https://github.com/PSDI-UK/psdi-datasets,25
DODECYL TRIMETHYL AMMONIUM CHLORIDE,CCCCCCCCCCCC[N+](C)(C)C.[Cl-],0.0,0.0,,0.0075,,,,,,,PSDI/NIST Critical Micelle Concentrations of Aqueous Surfactant Systems; Compound No. 41; name=DODECYL TRIMETHYL AMMONIUM CHLORIDE; temperature=25; additives=1. E-1 M K CL; authors=WEIN ZOGR; reference=65026; original CMC=7.5 X10-3 M; DOI 10.6028/NBS.NSRDS.36; https://github.com/PSDI-UK/psdi-datasets,25
DODECYL TRIMETHYL AMMONIUM CHLORIDE,CCCCCCCCCCCC[N+](C)(C)C.[Cl-],0.0,0.0,,0.0209,,,,,,,PSDI/NIST Critical Micelle Concentrations of Aqueous Surfactant Systems; Compound No. 41; name=DODECYL TRIMETHYL AMMONIUM CHLORIDE; temperature=25; additives=5. E2Y PRESSURE; authors=OSUG SATO; reference=65036; original CMC=2.09 X10-2 M; DOI 10.6028/NBS.NSRDS.36; https://github.com/PSDI-UK/psdi-datasets,25
DODECYL TRIMETHYL AMMONIUM CHLORIDE,CCCCCCCCCCCC[N+](C)(C)C.[Cl-],0.0,0.0,,0.0211,,,,,,,PSDI/NIST Critical Micelle Concentrations of Aqueous Surfactant Systems; Compound No. 41; name=DODECYL TRIMETHYL AMMONIUM CHLORIDE; temperature=25; additives=1. E3Y PRESSURE; authors=OSUG SATO; reference=65036; original CMC=2.11 X10-2 M; DOI 10.6028/NBS.NSRDS.36; https://github.com/PSDI-UK/psdi-datasets,25
DODECYL TRIMETHYL AMMONIUM CHLORIDE,CCCCCCCCCCCC[N+](C)(C)C.[Cl-],0.0,0.0,,0.0204,,,,,,,PSDI/NIST Critical Micelle Concentrations of Aqueous Surfactant Systems; Compound No. 41; name=DODECYL TRIMETHYL AMMONIUM CHLORIDE; temperature=25; additives=1.5 E3Y PRESSURE; authors=OSUG SATO; reference=65036; original CMC=2.04 X10-2 M; DOI 10.6028/NBS.NSRDS.36; https://github.com/PSDI-UK/psdi-datasets,25
DODECYL TRIMETHYL AMMONIUM CHLORIDE,CCCCCCCCCCCC[N+](C)(C)C.[Cl-],0.0,0.0,,0.0198,,,,,,,PSDI/NIST Critical Micelle Concentrations of Aqueous Surfactant Systems; Compound No. 41; name=DODECYL TRIMETHYL AMMONIUM CHLORIDE; temperature=25; additives=2. E3Y PRESSURE; authors=OSUG SATO; reference=65036; original CMC=1.98 X10-2 M; DOI 10.6028/NBS.NSRDS.36; https://github.com/PSDI-UK/psdi-datasets,25
DODECYL TRIMETHYL AMMONIUM CHLORIDE,CCCCCCCCCCCC[N+](C)(C)C.[Cl-],0.0,0.0,,0.0187,,,,,,,PSDI/NIST Critical Micelle Concentrations of Aqueous Surfactant Systems; Compound No. 41; name=DODECYL TRIMETHYL AMMONIUM CHLORIDE; temperature=25; additives=3. E3Y PRESSURE; authors=OSUG SATO; reference=65036; original CMC=1.87 X10-2 M; DOI 10.6028/NBS.NSRDS.36; https://github.com/PSDI-UK/psdi-datasets,25
DODECYL TRIMETHYL AMMONIUM CHLORIDE,CCCCCCCCCCCC[N+](C)(C)C.[Cl-],0.0,0.0,,0.0183,,,,,,,PSDI/NIST Critical Micelle Concentrations of Aqueous Surfactant Systems; Compound No. 41; name=DODECYL TRIMETHYL AMMONIUM CHLORIDE; temperature=25; additives=4. E3Y PRESSURE; authors=OSUG SATO; reference=65036; original CMC=1.83 X10-2 M; DOI 10.6028/NBS.NSRDS.36; https://github.com/PSDI-UK/psdi-datasets,25
DODECYL TRIMETHYL AMMONIUM CHLORIDE,CCCCCCCCCCCC[N+](C)(C)C.[Cl-],0.0,0.0,,0.0181,,,,,,,PSDI/NIST Critical Micelle Concentrations of Aqueous Surfactant Systems; Compound No. 41; name=DODECYL TRIMETHYL AMMONIUM CHLORIDE; temperature=25; additives=5. E3Y PRESSURE; authors=OSUG SATO; reference=65036; original CMC=1.81 X10-2 M; DOI 10.6028/NBS.NSRDS.36; https://github.com/PSDI-UK/psdi-datasets,25
DODECYL TRIMETHYL AMMONIUM CHLORIDE,CCCCCCCCCCCC[N+](C)(C)C.[Cl-],0.0,0.0,,0.0114,,,,,,,PSDI/NIST Critical Micelle Concentrations of Aqueous Surfactant Systems; Compound No. 41; name=DODECYL TRIMETHYL AMMONIUM CHLORIDE; temperature=25; additives=2.59 E1C 0042; authors=HOYE MARM; reference=61002; original CMC=1.14 X10-2 M; DOI 10.6028/NBS.NSRDS.36; https://github.com/PSDI-UK/psdi-datasets,25
DODECYL TRIMETHYL AMMONIUM CHLORIDE,CCCCCCCCCCCC[N+](C)(C)C.[Cl-],0.0,0.0,,0.00747,,,,,,,PSDI/NIST Critical Micelle Concentrations of Aqueous Surfactant Systems; Compound No. 41; name=DODECYL TRIMETHYL AMMONIUM CHLORIDE; temperature=25; additives=5.00 E 1 C 0042; authors=HOYE MARM; reference=61002; original CMC=7.47 X10-3 M; DOI 10.6028/NBS.NSRDS.36; https://github.com/PSDI-UK/psdi-datasets,25
DODECYL TRIMETHYL AMMONIUM CHLORIDE,CCCCCCCCCCCC[N+](C)(C)C.[Cl-],0.0,0.0,,0.00501,,,,,,,PSDI/NIST Critical Micelle Concentrations of Aqueous Surfactant Systems; Compound No. 41; name=DODECYL TRIMETHYL AMMONIUM CHLORIDE; temperature=25; additives=7.59 E 1 C 0042; authors=HOYE MARM; reference=61002; original CMC=5.01 X10-3 M; DOI 10.6028/NBS.NSRDS.36; https://github.com/PSDI-UK/psdi-datasets,25
TETRADECYL TRIMETHYL AMMONIUM CHLORIDE,CCCCCCCCCCCCCC[N+](C)(C)C.[Cl-],0.0,0.0,,0.003,,,,,,,PSDI/NIST Critical Micelle Concentrations of Aqueous Surfactant Systems; Compound No. 42; name=TETRADECYL TRIMETHYL AMMONIUM CHLORIDE; temperature=25; additives=nan; authors=BRAD MCBA; reference=48009; original CMC=3.0 X10-3 M; DOI 10.6028/NBS.NSRDS.36; https://github.com/PSDI-UK/psdi-datasets,25
TETRADECYL TRIMETHYL AMMONIUM CHLORIDE,CCCCCCCCCCCCCC[N+](C)(C)C.[Cl-],0.0,0.0,,0.00447,,,,,,,PSDI/NIST Critical Micelle Concentrations of Aqueous Surfactant Systems; Compound No. 42; name=TETRADECYL TRIMETHYL AMMONIUM CHLORIDE; temperature=25; additives=nan; authors=HOYE MARM; reference=61002; original CMC=4.47 X10-3 M; DOI 10.6028/NBS.NSRDS.36; https://github.com/PSDI-UK/psdi-datasets,25
BUTYRIC ACID,CC(C)C(=O)O,0.0,0.0,,1.75,,,,,,,PSDI/NIST Critical Micelle Concentrations of Aqueous Surfactant Systems; Compound No. 43; name=BUTYRIC ACID; temperature=25; additives=nan; authors=MOUL BENS; reference=59007; original CMC=1.75 X10 0 M; DOI 10.6028/NBS.NSRDS.36; https://github.com/PSDI-UK/psdi-datasets,25
POTASSIUM OCTANOATE,CCCCCCCC(=O)[O-].[K+],0.0,0.0,,0.47,,,,,,,PSDI/NIST Critical Micelle Concentrations of Aqueous Surfactant Systems; Compound No. 44; name=POTASSIUM OCTANOATE; temperature=25; additives=nan; authors=DAVI BURY; reference=30001; original CMC=4.7 X10-1 M; DOI 10.6028/NBS.NSRDS.36; https://github.com/PSDI-UK/psdi-datasets,25
POTASSIUM OCTANOATE,CCCCCCCC(=O)[O-].[K+],0.0,0.0,,0.39,,,,,,,PSDI/NIST Critical Micelle Concentrations of Aqueous Surfactant Systems; Compound No. 44; name=POTASSIUM OCTANOATE; temperature=25; additives=nan; authors=KLEV; reference=48005; original CMC=3.9 X10-1 M; DOI 10.6028/NBS.NSRDS.36; https://github.com/PSDI-UK/psdi-datasets,25
POTASSIUM OCTANOATE,CCCCCCCC(=O)[O-].[K+],0.0,0.0,,0.395,,,,,,,PSDI/NIST Critical Micelle Concentrations of Aqueous Surfactant Systems; Compound No. 44; name=POTASSIUM OCTANOATE; temperature=25; additives=nan; authors=KLEV; reference=50003; original CMC=3.95 X10-1 M; DOI 10.6028/NBS.NSRDS.36; https://github.com/PSDI-UK/psdi-datasets,25
POTASSIUM OCTANOATE,CCCCCCCC(=O)[O-].[K+],0.0,0.0,,0.4,,,,,,,PSDI/NIST Critical Micelle Concentrations of Aqueous Surfactant Systems; Compound No. 44; name=POTASSIUM OCTANOATE; temperature=25; additives=nan; authors=HERZ; reference=52017; original CMC=4.00 X10-1 M; DOI 10.6028/NBS.NSRDS.36; https://github.com/PSDI-UK/psdi-datasets,25
POTASSIUM OCTANOATE,CCCCCCCC(=O)[O-].[K+],0.0,0.0,,0.384,,,,,,,PSDI/NIST Critical Micelle Concentrations of Aqueous Surfactant Systems; Compound No. 44; name=POTASSIUM OCTANOATE; temperature=25; additives=2.2 E-1 P BENZENE; authors=KLEV; reference=50003; original CMC=3.84 X10-1 M; DOI 10.6028/NBS.NSRDS.36; https://github.com/PSDI-UK/psdi-datasets,25
POTASSIUM OCTANOATE,CCCCCCCC(=O)[O-].[K+],0.0,0.0,,0.376,,,,,,,PSDI/NIST Critical Micelle Concentrations of Aqueous Surfactant Systems; Compound No. 44; name=POTASSIUM OCTANOATE; temperature=25; additives=7.5 E-2 M K CL; authors=HERZ; reference=52017; original CMC=3.76 X10-1 M; DOI 10.6028/NBS.NSRDS.36; https://github.com/PSDI-UK/psdi-datasets,25
POTASSIUM OCTANOATE,CCCCCCCC(=O)[O-].[K+],0.0,0.0,,0.309,,,,,,,PSDI/NIST Critical Micelle Concentrations of Aqueous Surfactant Systems; Compound No. 44; name=POTASSIUM OCTANOATE; temperature=25; additives=3.09 E-1 M K CL; authors=HERZ; reference=52017; original CMC=3.09 X10-1 M; DOI 10.6028/NBS.NSRDS.36; https://github.com/PSDI-UK/psdi-datasets,25
POTASSIUM OCTANOATE,CCCCCCCC(=O)[O-].[K+],0.0,0.0,,0.265,,,,,,,PSDI/NIST Critical Micelle Concentrations of Aqueous Surfactant Systems; Compound No. 44; name=POTASSIUM OCTANOATE; temperature=25; additives=5.30 E-1 M K CL; authors=HERZ; reference=52017; original CMC=2.65 X10-1 M; DOI 10.6028/NBS.NSRDS.36; https://github.com/PSDI-UK/psdi-datasets,25
POTASSIUM OCTANOATE,CCCCCCCC(=O)[O-].[K+],0.0,0.0,,0.216,,,,,,,PSDI/NIST Critical Micelle Concentrations of Aqueous Surfactant Systems; Compound No. 44; name=POTASSIUM OCTANOATE; temperature=25; additives=8.65 E-1 M K CL; authors=HERZ; reference=52017; original CMC=2.16 X10-1 M; DOI 10.6028/NBS.NSRDS.36; https://github.com/PSDI-UK/psdi-datasets,25
POTASSIUM OCTANOATE,CCCCCCCC(=O)[O-].[K+],0.0,0.0,,0.175,,,,,,,PSDI/NIST Critical Micelle Concentrations of Aqueous Surfactant Systems; Compound No. 44; name=POTASSIUM OCTANOATE; temperature=25; additives=1.22 E 0 M K CL; authors=HERZ; reference=52017; original CMC=1.75 X10-1 M; DOI 10.6028/NBS.NSRDS.36; https://github.com/PSDI-UK/psdi-datasets,25
POTASSIUM OCTANOATE,CCCCCCCC(=O)[O-].[K+],0.0,0.0,,0.152,,,,,,,PSDI/NIST Critical Micelle Concentrations of Aqueous Surfactant Systems; Compound No. 44; name=POTASSIUM OCTANOATE; temperature=25; additives=1.52 E 0 M K CL; authors=HERZ; reference=52017; original CMC=1.52 X10-1 M; DOI 10.6028/NBS.NSRDS.36; https://github.com/PSDI-UK/psdi-datasets,25
POTASSIUM OCTANOATE,CCCCCCCC(=O)[O-].[K+],0.0,0.0,,0.111,,,,,,,PSDI/NIST Critical Micelle Concentrations of Aqueous Surfactant Systems; Compound No. 44; name=POTASSIUM OCTANOATE; temperature=25; additives=2.22 E 0 M K CL; authors=HERZ; reference=52017; original CMC=1.11 X10-1 M; DOI 10.6028/NBS.NSRDS.36; https://github.com/PSDI-UK/psdi-datasets,25
POTASSIUM OCTANOATE,CCCCCCCC(=O)[O-].[K+],0.0,0.0,,0.091,,,,,,,PSDI/NIST Critical Micelle Concentrations of Aqueous Surfactant Systems; Compound No. 44; name=POTASSIUM OCTANOATE; temperature=25; additives=2.73 E 0 M K CL; authors=HERZ; reference=52017; original CMC=9.1 X10-2 M; DOI 10.6028/NBS.NSRDS.36; https://github.com/PSDI-UK/psdi-datasets,25
POTASSIUM OCTANOATE,CCCCCCCC(=O)[O-].[K+],0.0,0.0,,0.085,,,,,,,PSDI/NIST Critical Micelle Concentrations of Aqueous Surfactant Systems; Compound No. 44; name=POTASSIUM OCTANOATE; temperature=25; additives=2.97 E 0 M K CL; authors=HERZ; reference=52017; original CMC=8.5 X10-2 M; DOI 10.6028/NBS.NSRDS.36; https://github.com/PSDI-UK/psdi-datasets,25
POTASSIUM OCTANOATE,CCCCCCCC(=O)[O-].[K+],0.0,0.0,,0.08,,,,,,,PSDI/NIST Critical Micelle Concentrations of Aqueous Surfactant Systems; Compound No. 44; name=POTASSIUM OCTANOATE; temperature=25; additives=3.20 E 0 M K CL; authors=HERZ; reference=52017; original CMC=8.0 X10-2 M; DOI 10.6028/NBS.NSRDS.36; https://github.com/PSDI-UK/psdi-datasets,25
POTASSIUM OCTANOATE,CCCCCCCC(=O)[O-].[K+],0.0,0.0,,0.38,,,,,,,PSDI/NIST Critical Micelle Concentrations of Aqueous Surfactant Systems; Compound No. 44; name=POTASSIUM OCTANOATE; temperature=25; additives=2. EOI K OH; authors=SHIN; reference=54005; original CMC=3.8 X10-1 M; DOI 10.6028/NBS.NSRDS.36; https://github.com/PSDI-UK/psdi-datasets,25
POTASSIUM OCTANOATE,CCCCCCCC(=O)[O-].[K+],0.0,0.0,,0.34,,,,,,,PSDI/NIST Critical Micelle Concentrations of Aqueous Surfactant Systems; Compound No. 44; name=POTASSIUM OCTANOATE; temperature=25; additives=1. E-5 N PINACYANOL CL (DYE); authors=HERZ; reference=52015; original CMC=3.40 X10-1 M; DOI 10.6028/NBS.NSRDS.36; https://github.com/PSDI-UK/psdi-datasets,25
POTASSIUM OCTANOATE,CCCCCCCC(=O)[O-].[K+],0.0,0.0,,0.388,,,,,,,PSDI/NIST Critical Micelle Concentrations of Aqueous Surfactant Systems; Compound No. 44; name=POTASSIUM OCTANOATE; temperature=25; additives=2.5 E-5 N PINACYANOL CL (DYE); authors=HERZ; reference=52015; original CMC=3.88 X10-1 M; DOI 10.6028/NBS.NSRDS.36; https://github.com/PSDI-UK/psdi-datasets,25
POTASSIUM OCTANOATE,CCCCCCCC(=O)[O-].[K+],0.0,0.0,,0.401,,,,,,,PSDI/NIST Critical Micelle Concentrations of Aqueous Surfactant Systems; Compound No. 44; name=POTASSIUM OCTANOATE; temperature=25; additives=5. E-5 N PINACYANOL CL (DYE); authors=HERZ; reference=52015; original CMC=4.01 X10-1 M; DOI 10.6028/NBS.NSRDS.36; https://github.com/PSDI-UK/psdi-datasets,25
POTASSIUM OCTANOATE,CCCCCCCC(=O)[O-].[K+],0.0,0.0,,0.402,,,,,,,PSDI/NIST Critical Micelle Concentrations of Aqueous Surfactant Systems; Compound No. 44; name=POTASSIUM OCTANOATE; temperature=25; additives=1. E-4 N PINACYANOL CL (DYE); authors=HERZ; reference=52015; original CMC=4.02 X10-1 M; DOI 10.6028/NBS.NSRDS.36; https://github.com/PSDI-UK/psdi-datasets,25
POTASSIUM OCTANOATE,CCCCCCCC(=O)[O-].[K+],0.0,0.0,,0.31,,,,,,,PSDI/NIST Critical Micelle Concentrations of Aqueous Surfactant Systems; Compound No. 44; name=POTASSIUM OCTANOATE; temperature=25; additives=5.6 E O C 0090 2. EOI K OH; authors=SHIN; reference=54005; original CMC=3.1 X10-1 M; DOI 10.6028/NBS.NSRDS.36; https://github.com/PSDI-UK/psdi-datasets,25
POTASSIUM OCTANOATE,CCCCCCCC(=O)[O-].[K+],0.0,0.0,,0.28,,,,,,,PSDI/NIST Critical Micelle Concentrations of Aqueous Surfactant Systems; Compound No. 44; name=POTASSIUM OCTANOATE; temperature=25; additives=9.4 E O C 0090 2. E 0 I K OH; authors=SHIN; reference=54005; original CMC=2.8 X10-1 M; DOI 10.6028/NBS.NSRDS.36; https://github.com/PSDI-UK/psdi-datasets,25
POTASSIUM OCTANOATE,CCCCCCCC(=O)[O-].[K+],0.0,0.0,,0.25,,,,,,,PSDI/NIST Critical Micelle Concentrations of Aqueous Surfactant Systems; Compound No. 44; name=POTASSIUM OCTANOATE; temperature=25; additives=1.36 E 1 C 0090 2. EOI K OH; authors=SHIN; reference=54005; original CMC=2.5 X10-1 M; DOI 10.6028/NBS.NSRDS.36; https://github.com/PSDI-UK/psdi-datasets,25
POTASSIUM OCTANOATE,CCCCCCCC(=O)[O-].[K+],0.0,0.0,,0.21,,,,,,,PSDI/NIST Critical Micelle Concentrations of Aqueous Surfactant Systems; Compound No. 44; name=POTASSIUM OCTANOATE; temperature=25; additives=2.19 E1C 0090 2. EOI K OH; authors=SHIN; reference=54003; original CMC=2.1 X10-1 M; DOI 10.6028/NBS.NSRDS.36; https://github.com/PSDI-UK/psdi-datasets,25
POTASSIUM OCTANOATE,CCCCCCCC(=O)[O-].[K+],0.0,0.0,,0.2,,,,,,,PSDI/NIST Critical Micelle Concentrations of Aqueous Surfactant Systems; Compound No. 44; name=POTASSIUM OCTANOATE; temperature=25; additives=2.51 E1C 0090 2. EOI K OH; authors=SHIN; reference=54005; original CMC=2.0 X10-1 M; DOI 10.6028/NBS.NSRDS.36; https://github.com/PSDI-UK/psdi-datasets,25
POTASSIUM OCTANOATE,CCCCCCCC(=O)[O-].[K+],0.0,0.0,,0.18,,,,,,,PSDI/NIST Critical Micelle Concentrations of Aqueous Surfactant Systems; Compound No. 44; name=POTASSIUM OCTANOATE; temperature=25; additives=3.32 E 1 C 0090 2. EOI K OH; authors=SHIN; reference=54005; original CMC=1.8 X10-1 M; DOI 10.6028/NBS.NSRDS.36; https://github.com/PSDI-UK/psdi-datasets,25
POTASSIUM OCTANOATE,CCCCCCCC(=O)[O-].[K+],0.0,0.0,,0.15,,,,,,,PSDI/NIST Critical Micelle Concentrations of Aqueous Surfactant Systems; Compound No. 44; name=POTASSIUM OCTANOATE; temperature=25; additives=4.30 E1C 0090 2. EOI K OH; authors=SHIN; reference=54005; original CMC=1.5 X10-1 M; DOI 10.6028/NBS.NSRDS.36; https://github.com/PSDI-UK/psdi-datasets,25
POTASSIUM OCTANOATE,CCCCCCCC(=O)[O-].[K+],0.0,0.0,,0.13,,,,,,,PSDI/NIST Critical Micelle Concentrations of Aqueous Surfactant Systems; Compound No. 44; name=POTASSIUM OCTANOATE; temperature=25; additives=5.91 E1C 0090 2. EOI K OH; authors=SHIN; reference=54005; original CMC=1.3 X10-1 M; DOI 10.6028/NBS.NSRDS.36; https://github.com/PSDI-UK/psdi-datasets,25
POTASSIUM OCTANOATE,CCCCCCCC(=O)[O-].[K+],0.0,0.0,,0.11,,,,,,,PSDI/NIST Critical Micelle Concentrations of Aqueous Surfactant Systems; Compound No. 44; name=POTASSIUM OCTANOATE; temperature=25; additives=7.58 E1C 0090 2. EOI K OH; authors=SHIN; reference=54005; original CMC=1.1 X10-1 M; DOI 10.6028/NBS.NSRDS.36; https://github.com/PSDI-UK/psdi-datasets,25
POTASSIUM OCTANOATE,CCCCCCCC(=O)[O-].[K+],0.0,0.0,,0.14,,,,,,,PSDI/NIST Critical Micelle Concentrations of Aqueous Surfactant Systems; Compound No. 44; name=POTASSIUM OCTANOATE; temperature=25; additives=4.4 E O C 0091 2. EOI K OH; authors=SHIN; reference=54005; original CMC=1.4 X10-1 M; DOI 10.6028/NBS.NSRDS.36; https://github.com/PSDI-UK/psdi-datasets,25
POTASSIUM OCTANOATE,CCCCCCCC(=O)[O-].[K+],0.0,0.0,,0.087,,,,,,,PSDI/NIST Critical Micelle Concentrations of Aqueous Surfactant Systems; Compound No. 44; name=POTASSIUM OCTANOATE; temperature=25; additives=1.21 E 1 C 0091 2. E O I K OH; authors=SHIN; reference=54005; original CMC=8.7 X10-2 M; DOI 10.6028/NBS.NSRDS.36; https://github.com/PSDI-UK/psdi-datasets,25
POTASSIUM OCTANOATE,CCCCCCCC(=O)[O-].[K+],0.0,0.0,,0.06,,,,,,,PSDI/NIST Critical Micelle Concentrations of Aqueous Surfactant Systems; Compound No. 44; name=POTASSIUM OCTANOATE; temperature=25; additives=2.00 E1C 0091 2. EOI K OH; authors=SHIN; reference=54005; original CMC=6.0 X10-2 M; DOI 10.6028/NBS.NSRDS.36; https://github.com/PSDI-UK/psdi-datasets,25
POTASSIUM OCTANOATE,CCCCCCCC(=O)[O-].[K+],0.0,0.0,,0.042,,,,,,,PSDI/NIST Critical Micelle Concentrations of Aqueous Surfactant Systems; Compound No. 44; name=POTASSIUM OCTANOATE; temperature=25; additives=3.74 E1C 0091 2. EOI K OH; authors=SHIN; reference=54005; original CMC=4.2 X10-2 M; DOI 10.6028/NBS.NSRDS.36; https://github.com/PSDI-UK/psdi-datasets,25
POTASSIUM OCTANOATE,CCCCCCCC(=O)[O-].[K+],0.0,0.0,,0.033,,,,,,,PSDI/NIST Critical Micelle Concentrations of Aqueous Surfactant Systems; Compound No. 44; name=POTASSIUM OCTANOATE; temperature=25; additives=5.62 E1C 0091 2. EOI K OH; authors=SHIN; reference=54005; original CMC=3.3 X10-2 M; DOI 10.6028/NBS.NSRDS.36; https://github.com/PSDI-UK/psdi-datasets,25
POTASSIUM OCTANOATE,CCCCCCCC(=O)[O-].[K+],0.0,0.0,,0.073,,,,,,,PSDI/NIST Critical Micelle Concentrations of Aqueous Surfactant Systems; Compound No. 44; name=POTASSIUM OCTANOATE; temperature=25; additives=1.2 E O C 0092 2. EOI K OH; authors=SHIN; reference=54005; original CMC=7.3 X10-2 M; DOI 10.6028/NBS.NSRDS.36; https://github.com/PSDI-UK/psdi-datasets,25
POTASSIUM OCTANOATE,CCCCCCCC(=O)[O-].[K+],0.0,0.0,,0.055,,,,,,,PSDI/NIST Critical Micelle Concentrations of Aqueous Surfactant Systems; Compound No. 44; name=POTASSIUM OCTANOATE; temperature=25; additives=1.9 E O C 0092 2. EOI K OH; authors=SHIN; reference=54005; original CMC=5.5 X10-2 M; DOI 10.6028/NBS.NSRDS.36; https://github.com/PSDI-UK/psdi-datasets,25
POTASSIUM OCTANOATE,CCCCCCCC(=O)[O-].[K+],0.0,0.0,,0.031,,,,,,,PSDI/NIST Critical Micelle Concentrations of Aqueous Surfactant Systems; Compound No. 44; name=POTASSIUM OCTANOATE; temperature=25; additives=4.6 E O C 0092 2. E 0 : I K OH; authors=SHIN; reference=54005; original CMC=3.1 X10-2 M; DOI 10.6028/NBS.NSRDS.36; https://github.com/PSDI-UK/psdi-datasets,25
POTASSIUM OCTANOATE,CCCCCCCC(=O)[O-].[K+],0.0,0.0,,0.021,,,,,,,PSDI/NIST Critical Micelle Concentrations of Aqueous Surfactant Systems; Compound No. 44; name=POTASSIUM OCTANOATE; temperature=25; additives=1.67 E1C 0092 2. E 0 1 I K OH; authors=SHIN; reference=54005; original CMC=2.1 X10-2 M; DOI 10.6028/NBS.NSRDS.36; https://github.com/PSDI-UK/psdi-datasets,25
POTASSIUM OCTANOATE,CCCCCCCC(=O)[O-].[K+],0.0,0.0,,0.015,,,,,,,PSDI/NIST Critical Micelle Concentrations of Aqueous Surfactant Systems; Compound No. 44; name=POTASSIUM OCTANOATE; temperature=25; additives=3.61 E1C 0092 2. EOI K OH; authors=SHIN; reference=54005; original CMC=1.5 X10-2 M; DOI 10.6028/NBS.NSRDS.36; https://github.com/PSDI-UK/psdi-datasets,25
POTASSIUM OCTANOATE,CCCCCCCC(=O)[O-].[K+],0.0,0.0,,0.011,,,,,,,PSDI/NIST Critical Micelle Concentrations of Aqueous Surfactant Systems; Compound No. 44; name=POTASSIUM OCTANOATE; temperature=25; additives=6.18 E1C 0092 2. E O I K OH; authors=SHIN; reference=54005; original CMC=1.1 X10-2 M; DOI 10.6028/NBS.NSRDS.36; https://github.com/PSDI-UK/psdi-datasets,25
POTASSIUM OCTANOATE,CCCCCCCC(=O)[O-].[K+],0.0,0.0,,0.3,,,,,,,PSDI/NIST Critical Micelle Concentrations of Aqueous Surfactant Systems; Compound No. 44; name=POTASSIUM OCTANOATE; temperature=25; additives=2.3 E O C 0297 2. EOI K OH; authors=SHIN; reference=54005; original CMC=3.0 X10-1 M; DOI 10.6028/NBS.NSRDS.36; https://github.com/PSDI-UK/psdi-datasets,25
POTASSIUM OCTANOATE,CCCCCCCC(=O)[O-].[K+],0.0,0.0,,0.22,,,,,,,PSDI/NIST Critical Micelle Concentrations of Aqueous Surfactant Systems; Compound No. 44; name=POTASSIUM OCTANOATE; temperature=25; additives=6.1 E O C 0297 2. EOI K OH; authors=SHIN; reference=54005; original CMC=2.2 X10-1 M; DOI 10.6028/NBS.NSRDS.36; https://github.com/PSDI-UK/psdi-datasets,25
POTASSIUM OCTANOATE,CCCCCCCC(=O)[O-].[K+],0.0,0.0,,0.17,,,,,,,PSDI/NIST Critical Micelle Concentrations of Aqueous Surfactant Systems; Compound No. 44; name=POTASSIUM OCTANOATE; temperature=25; additives=1.09 E1C 0297 2. EOI K OH; authors=SHIN; reference=54005; original CMC=1.7 X10-1 M; DOI 10.6028/NBS.NSRDS.36; https://github.com/PSDI-UK/psdi-datasets,25
POTASSIUM OCTANOATE,CCCCCCCC(=O)[O-].[K+],0.0,0.0,,0.096,,,,,,,PSDI/NIST Critical Micelle Concentrations of Aqueous Surfactant Systems; Compound No. 44; name=POTASSIUM OCTANOATE; temperature=25; additives=2.94 E1C 0297 2. EOI K OH; authors=SHIN; reference=54005; original CMC=9.6 X10-2 M; DOI 10.6028/NBS.NSRDS.36; https://github.com/PSDI-UK/psdi-datasets,25
POTASSIUM OCTANOATE,CCCCCCCC(=O)[O-].[K+],0.0,0.0,,0.068,,,,,,,PSDI/NIST Critical Micelle Concentrations of Aqueous Surfactant Systems; Compound No. 44; name=POTASSIUM OCTANOATE; temperature=25; additives=5.01 E1C 0297 2. E 0 1 I K OH; authors=SHIN; reference=54005; original CMC=6.8 X10-2 M; DOI 10.6028/NBS.NSRDS.36; https://github.com/PSDI-UK/psdi-datasets,25
POTASSIUM OCTANOATE,CCCCCCCC(=O)[O-].[K+],0.0,0.0,,0.056,,,,,,,PSDI/NIST Critical Micelle Concentrations of Aqueous Surfactant Systems; Compound No. 44; name=POTASSIUM OCTANOATE; temperature=25; additives=6.87 E1C 0297 2. E 0 I K OH; authors=SHIN; reference=54005; original CMC=5.6 X10-2 M; DOI 10.6028/NBS.NSRDS.36; https://github.com/PSDI-UK/psdi-datasets,25
POTASSIUM OCTANOATE,CCCCCCCC(=O)[O-].[K+],0.0,0.0,,0.037,,,,,,,PSDI/NIST Critical Micelle Concentrations of Aqueous Surfactant Systems; Compound No. 44; name=POTASSIUM OCTANOATE; temperature=25; additives=9.7 EOC 0090 5.61 E 1 0091 2. E 0 I K OH; authors=SHIN; reference=54003; original CMC=3.7 X10-2 M; DOI 10.6028/NBS.NSRDS.36; https://github.com/PSDI-UK/psdi-datasets,25
POTASSIUM OCTANOATE,CCCCCCCC(=O)[O-].[K+],0.0,0.0,,0.047,,,,,,,PSDI/NIST Critical Micelle Concentrations of Aqueous Surfactant Systems; Compound No. 44; name=POTASSIUM OCTANOATE; temperature=25; additives=1.40 E 1 0090 3.61 E 1 C 0091 2. E 0 I K OH; authors=SHIN; reference=54003; original CMC=4.7 X10-2 M; DOI 10.6028/NBS.NSRDS.36; https://github.com/PSDI-UK/psdi-datasets,25
POTASSIUM OCTANOATE,CCCCCCCC(=O)[O-].[K+],0.0,0.0,,0.058,,,,,,,PSDI/NIST Critical Micelle Concentrations of Aqueous Surfactant Systems; Compound No. 44; name=POTASSIUM OCTANOATE; temperature=25; additives=1.65 0090 2.49E1 0091 2. E 0 I K OH; authors=SHIN; reference=54003; original CMC=5.8 X10-2 M; DOI 10.6028/NBS.NSRDS.36; https://github.com/PSDI-UK/psdi-datasets,25
POTASSIUM OCTANOATE,CCCCCCCC(=O)[O-].[K+],0.0,0.0,,0.069,,,,,,,PSDI/NIST Critical Micelle Concentrations of Aqueous Surfactant Systems; Compound No. 44; name=POTASSIUM OCTANOATE; temperature=25; additives=1.81 E1C 0090 1.75E1 0091 2. E 0 I K OH; authors=SHIN; reference=54003; original CMC=6.9 X10-2 M; DOI 10.6028/NBS.NSRDS.36; https://github.com/PSDI-UK/psdi-datasets,25
POTASSIUM OCTANOATE,CCCCCCCC(=O)[O-].[K+],0.0,0.0,,0.082,,,,,,,PSDI/NIST Critical Micelle Concentrations of Aqueous Surfactant Systems; Compound No. 44; name=POTASSIUM OCTANOATE; temperature=25; additives=1.92 C 0090 1.24 E 1 0 0091 2. E 0 I K OH; authors=SHIN; reference=54003; original CMC=8.2 X10-2 M; DOI 10.6028/NBS.NSRDS.36; https://github.com/PSDI-UK/psdi-datasets,25
POTASSIUM OCTANOATE,CCCCCCCC(=O)[O-].[K+],0.0,0.0,,0.097,,,,,,,PSDI/NIST Critical Micelle Concentrations of Aqueous Surfactant Systems; Compound No. 44; name=POTASSIUM OCTANOATE; temperature=25; additives=2.01 E1C 0090 8.6 E O C 0091 2. E 0 I K OH; authors=SHIN; reference=54003; original CMC=9.7 X10-2 M; DOI 10.6028/NBS.NSRDS.36; https://github.com/PSDI-UK/psdi-datasets,25
POTASSIUM OCTANOATE,CCCCCCCC(=O)[O-].[K+],0.0,0.0,,0.12,,,,,,,PSDI/NIST Critical Micelle Concentrations of Aqueous Surfactant Systems; Compound No. 44; name=POTASSIUM OCTANOATE; temperature=25; additives=2.07 0090 5.7 E O C 0091 2. E 0 I K OH; authors=SHIN; reference=54003; original CMC=1.2 X10-1 M; DOI 10.6028/NBS.NSRDS.36; https://github.com/PSDI-UK/psdi-datasets,25
SODIUM P OCTYL BENZENE SULFONATE,CCCCCCCCC1=CC=C(C=C1)S(=O)(=O)[O-].[Na+],0.0,0.0,,0.011,,,,,,,PSDI/NIST Critical Micelle Concentrations of Aqueous Surfactant Systems; Compound No. 49; name=SODIUM P OCTYL BENZENE SULFONATE; temperature=25; additives=nan; authors=LING TART; reference=43001; original CMC=1.1 X10-2 M; DOI 10.6028/NBS.NSRDS.36; https://github.com/PSDI-UK/psdi-datasets,25
SODIUM HEXADECYL MONO OXYETHYLENE SULFATE,CCCCCCC(CCCCCCCCCCCOS(=O)(=O)[O-])O.[Na+],1.0,0.0,,0.00022,,,,,,,PSDI/NIST Critical Micelle Concentrations of Aqueous Surfactant Systems; Compound No. 52; name=SODIUM HEXADECYL MONO OXYETHYLENE SULFATE; temperature=25; additives=nan; authors=WEIL BIST; reference=58003; original CMC=2.2 X10-4 M; DOI 10.6028/NBS.NSRDS.36; https://github.com/PSDI-UK/psdi-datasets,25
SODIUM HEXADECYL MONO OXYETHYLENE SULFATE,CCCCCCC(CCCCCCCCCCCOS(=O)(=O)[O-])O.[Na+],1.0,0.0,,0.00021,,,,,,,PSDI/NIST Critical Micelle Concentrations of Aqueous Surfactant Systems; Compound No. 52; name=SODIUM HEXADECYL MONO OXYETHYLENE SULFATE; temperature=25; additives=nan; authors=WEIL BIST; reference=58003; original CMC=2.1 X10-4 M; DOI 10.6028/NBS.NSRDS.36; https://github.com/PSDI-UK/psdi-datasets,25
SODIUM HEXADECYL MONO OXYETHYLENE SULFATE,CCCCCCC(CCCCCCCCCCCOS(=O)(=O)[O-])O.[Na+],1.0,0.0,,0.000234,,,,,,,PSDI/NIST Critical Micelle Concentrations of Aqueous Surfactant Systems; Compound No. 52; name=SODIUM HEXADECYL MONO OXYETHYLENE SULFATE; temperature=25; additives=nan; authors=WEIL BIST; reference=58003; original CMC=2.34 X10-4 M; DOI 10.6028/NBS.NSRDS.36; https://github.com/PSDI-UK/psdi-datasets,25
SODIUM HEXADECYL DI OXYETHYLENE SULFATE,CCCCCCCCCCCCCCCCOCCOCCOS(=O)(=O)[O-].[Na+],2.0,0.0,,0.00014,,,,,,,PSDI/NIST Critical Micelle Concentrations of Aqueous Surfactant Systems; Compound No. 53; name=SODIUM HEXADECYL DI OXYETHYLENE SULFATE; temperature=25; additives=nan; authors=WEIL BIST; reference=58003; original CMC=1.4 X10-4 M; DOI 10.6028/NBS.NSRDS.36; https://github.com/PSDI-UK/psdi-datasets,25
SODIUM HEXADECYL DI OXYETHYLENE SULFATE,CCCCCCCCCCCCCCCCOCCOCCOS(=O)(=O)[O-].[Na+],2.0,0.0,,0.00012,,,,,,,PSDI/NIST Critical Micelle Concentrations of Aqueous Surfactant Systems; Compound No. 53; name=SODIUM HEXADECYL DI OXYETHYLENE SULFATE; temperature=25; additives=nan; authors=WEIL BIST; reference=58003; original CMC=1.2 X10-4 M; DOI 10.6028/NBS.NSRDS.36; https://github.com/PSDI-UK/psdi-datasets,25
SODIUM HEXADECYL DI OXYETHYLENE SULFATE,CCCCCCCCCCCCCCCCOCCOCCOS(=O)(=O)[O-].[Na+],2.0,0.0,,0.000134,,,,,,,PSDI/NIST Critical Micelle Concentrations of Aqueous Surfactant Systems; Compound No. 53; name=SODIUM HEXADECYL DI OXYETHYLENE SULFATE; temperature=25; additives=nan; authors=WEIL BIST; reference=58003; original CMC=1.34 X10-4 M; DOI 10.6028/NBS.NSRDS.36; https://github.com/PSDI-UK/psdi-datasets,25
SODIUM HEXADECYL TRI OXYETHYLENE SULFATE,CCCCCCCCCCCCCCCCOCCOCCOCCOS(=O)(=O)[O-].[Na+],3.0,0.0,,0.0001,,,,,,,PSDI/NIST Critical Micelle Concentrations of Aqueous Surfactant Systems; Compound No. 54; name=SODIUM HEXADECYL TRI OXYETHYLENE SULFATE; temperature=25; additives=nan; authors=WEIL BIST; reference=58003; original CMC=1.0 X10-4 M; DOI 10.6028/NBS.NSRDS.36; https://github.com/PSDI-UK/psdi-datasets,25
SODIUM HEXADECYL TRI OXYETHYLENE SULFATE,CCCCCCCCCCCCCCCCOCCOCCOCCOS(=O)(=O)[O-].[Na+],3.0,0.0,,7e-05,,,,,,,PSDI/NIST Critical Micelle Concentrations of Aqueous Surfactant Systems; Compound No. 54; name=SODIUM HEXADECYL TRI OXYETHYLENE SULFATE; temperature=25; additives=nan; authors=WEIL BIST; reference=58003; original CMC=7.0 X10-5 M; DOI 10.6028/NBS.NSRDS.36; https://github.com/PSDI-UK/psdi-datasets,25
SODIUM HEXADECYL TRI OXYETHYLENE SULFATE,CCCCCCCCCCCCCCCCOCCOCCOCCOS(=O)(=O)[O-].[Na+],3.0,0.0,,0.000123,,,,,,,PSDI/NIST Critical Micelle Concentrations of Aqueous Surfactant Systems; Compound No. 54; name=SODIUM HEXADECYL TRI OXYETHYLENE SULFATE; temperature=25; additives=nan; authors=WEIL BIST; reference=58003; original CMC=1.23 X10-4 M; DOI 10.6028/NBS.NSRDS.36; https://github.com/PSDI-UK/psdi-datasets,25
SODIUM HEXADECYL TETRA OXYETHYLENE SULFATE,CCCCCCCCCCCCCCCCOCCOCCOCCOCCOS(=O)(=O)[O-].[Na+],4.0,0.0,,8e-05,,,,,,,PSDI/NIST Critical Micelle Concentrations of Aqueous Surfactant Systems; Compound No. 55; name=SODIUM HEXADECYL TETRA OXYETHYLENE SULFATE; temperature=25; additives=nan; authors=WEIL BIST; reference=58003; original CMC=8.0 X10-5 M; DOI 10.6028/NBS.NSRDS.36; https://github.com/PSDI-UK/psdi-datasets,25
SODIUM HEXADECYL TETRA OXYETHYLENE SULFATE,CCCCCCCCCCCCCCCCOCCOCCOCCOCCOS(=O)(=O)[O-].[Na+],4.0,0.0,,0.0001,,,,,,,PSDI/NIST Critical Micelle Concentrations of Aqueous Surfactant Systems; Compound No. 55; name=SODIUM HEXADECYL TETRA OXYETHYLENE SULFATE; temperature=25; additives=nan; authors=WEIL BIST; reference=58003; original CMC=1.0 X10-4 M; DOI 10.6028/NBS.NSRDS.36; https://github.com/PSDI-UK/psdi-datasets,25
SODIUM OCTADECYL MONO OXYETHYLENE SULFATE,CCCCCCCCCCCCCCCCCCOCCOS(=O)(=O)[O-].[Na+],1.0,0.0,,0.00011,,,,,,,PSDI/NIST Critical Micelle Concentrations of Aqueous Surfactant Systems; Compound No. 56; name=SODIUM OCTADECYL MONO OXYETHYLENE SULFATE; temperature=25; additives=nan; authors=WEIL BIST; reference=58003; original CMC=1.1 X10-4 M; DOI 10.6028/NBS.NSRDS.36; https://github.com/PSDI-UK/psdi-datasets,25
SODIUM OCTADECYL MONO OXYETHYLENE SULFATE,CCCCCCCCCCCCCCCCCCOCCOS(=O)(=O)[O-].[Na+],1.0,0.0,,0.00019,,,,,,,PSDI/NIST Critical Micelle Concentrations of Aqueous Surfactant Systems; Compound No. 56; name=SODIUM OCTADECYL MONO OXYETHYLENE SULFATE; temperature=25; additives=nan; authors=WEIL BIST; reference=58003; original CMC=1.9 X10-4 M; DOI 10.6028/NBS.NSRDS.36; https://github.com/PSDI-UK/psdi-datasets,25
SODIUM OCTADECYL DI OXYETHYLENE SULFATE,CCCCCCCCCCCCCCCCCCOCCOCCOS(=O)(=O)[O-].[Na+],2.0,0.0,,7e-05,,,,,,,PSDI/NIST Critical Micelle Concentrations of Aqueous Surfactant Systems; Compound No. 57; name=SODIUM OCTADECYL DI OXYETHYLENE SULFATE; temperature=25; additives=nan; authors=WEIL BIST; reference=58003; original CMC=7.0 X10-5 M; DOI 10.6028/NBS.NSRDS.36; https://github.com/PSDI-UK/psdi-datasets,25
SODIUM OCTADECYL DI OXYETHYLENE SULFATE,CCCCCCCCCCCCCCCCCCOCCOCCOS(=O)(=O)[O-].[Na+],2.0,0.0,,8e-05,,,,,,,PSDI/NIST Critical Micelle Concentrations of Aqueous Surfactant Systems; Compound No. 57; name=SODIUM OCTADECYL DI OXYETHYLENE SULFATE; temperature=25; additives=nan; authors=WEIL BIST; reference=58003; original CMC=8.0 X10-5 M; DOI 10.6028/NBS.NSRDS.36; https://github.com/PSDI-UK/psdi-datasets,25
SODIUM OCTADECYL TRI OXYETHYLENE SULFATE,CCCCCCCCCC(CCCCCCCC)OCCOCCOCCOS(=O)(=O)[O-].[Na+],3.0,0.0,,5e-05,,,,,,,PSDI/NIST Critical Micelle Concentrations of Aqueous Surfactant Systems; Compound No. 58; name=SODIUM OCTADECYL TRI OXYETHYLENE SULFATE; temperature=25; additives=nan; authors=WEIL BIST; reference=58003; original CMC=5.0 X10-5 M; DOI 10.6028/NBS.NSRDS.36; https://github.com/PSDI-UK/psdi-datasets,25
SODIUM OCTADECYL TETRA OXYETHYLENE SULFATE,CCCCCCCCCCCCCCCCCCOCCOCCOCCOCCOS(=O)(=O)[O-].[Na+],4.0,0.0,,4e-05,,,,,,,PSDI/NIST Critical Micelle Concentrations of Aqueous Surfactant Systems; Compound No. 59; name=SODIUM OCTADECYL TETRA OXYETHYLENE SULFATE; temperature=25; additives=nan; authors=WEIL BIST; reference=58003; original CMC=4.0 X10-5 M; DOI 10.6028/NBS.NSRDS.36; https://github.com/PSDI-UK/psdi-datasets,25
SODIUM OLEYL/CIS 9 OCTADECENOYL/ SULFATE,CCCCCCCCC=CCCCCCCCCOS(=O)(=O)[O-].[Na+],0.0,0.0,,0.0003,,,,,,,PSDI/NIST Critical Micelle Concentrations of Aqueous Surfactant Systems; Compound No. 61; name=SODIUM OLEYL/CIS 9 OCTADECENOYL/ SULFATE; temperature=25; additives=nan; authors=WEIL STIR; reference=59004; original CMC=3.0 X10-4 M; DOI 10.6028/NBS.NSRDS.36; https://github.com/PSDI-UK/psdi-datasets,25
SODIUM 9 10 DICHLORO OCTADECYL SULFATE,CCCCCCCCC(C(CCCCCCCCOS(=O)(=O)[O-])Cl)Cl.[Na+],0.0,0.0,,0.00031,,,,,,,PSDI/NIST Critical Micelle Concentrations of Aqueous Surfactant Systems; Compound No. 63; name=SODIUM 9 10 DICHLORO OCTADECYL SULFATE; temperature=25; additives=nan; authors=WEIL STIR; reference=59004; original CMC=3.1 X10-4 M; DOI 10.6028/NBS.NSRDS.36; https://github.com/PSDI-UK/psdi-datasets,25
POTASSIUM DECANOATE,CCCCCCCCCC(=O)[O-].[K+],0.0,0.0,,0.099,,,,,,,PSDI/NIST Critical Micelle Concentrations of Aqueous Surfactant Systems; Compound No. 90; name=POTASSIUM DECANOATE; temperature=25; additives=nan; authors=KLEV; reference=48005; original CMC=9.9 X10-2 M; DOI 10.6028/NBS.NSRDS.36; https://github.com/PSDI-UK/psdi-datasets,25
POTASSIUM DECANOATE,CCCCCCCCCC(=O)[O-].[K+],0.0,0.0,,0.1,,,,,,,PSDI/NIST Critical Micelle Concentrations of Aqueous Surfactant Systems; Compound No. 90; name=POTASSIUM DECANOATE; temperature=25; additives=nan; authors=KLEV; reference=50003; original CMC=1.00 X10-1 M; DOI 10.6028/NBS.NSRDS.36; https://github.com/PSDI-UK/psdi-datasets,25
POTASSIUM DECANOATE,CCCCCCCCCC(=O)[O-].[K+],0.0,0.0,,0.0998,,,,,,,PSDI/NIST Critical Micelle Concentrations of Aqueous Surfactant Systems; Compound No. 90; name=POTASSIUM DECANOATE; temperature=25; additives=nan; authors=HERZ; reference=52015; original CMC=9.98 X10-2 M; DOI 10.6028/NBS.NSRDS.36; https://github.com/PSDI-UK/psdi-datasets,25
POTASSIUM DECANOATE,CCCCCCCCCC(=O)[O-].[K+],0.0,0.0,,0.095,,,,,,,PSDI/NIST Critical Micelle Concentrations of Aqueous Surfactant Systems; Compound No. 90; name=POTASSIUM DECANOATE; temperature=25; additives=nan; authors=KLEV; reference=58011; original CMC=9.5 X10-2 M; DOI 10.6028/NBS.NSRDS.36; https://github.com/PSDI-UK/psdi-datasets,25
POTASSIUM DECANOATE,CCCCCCCCCC(=O)[O-].[K+],0.0,0.0,,0.093,,,,,,,PSDI/NIST Critical Micelle Concentrations of Aqueous Surfactant Systems; Compound No. 90; name=POTASSIUM DECANOATE; temperature=25; additives=0.22 E-1 P BENZENE; authors=KLEV; reference=50003; original CMC=9.3 X10-2 M; DOI 10.6028/NBS.NSRDS.36; https://github.com/PSDI-UK/psdi-datasets,25
POTASSIUM DECANOATE,CCCCCCCCCC(=O)[O-].[K+],0.0,0.0,,0.0949,,,,,,,PSDI/NIST Critical Micelle Concentrations of Aqueous Surfactant Systems; Compound No. 90; name=POTASSIUM DECANOATE; temperature=25; additives=1.05 E-2 M K CL; authors=HERZ; reference=52017; original CMC=9.49 X10-2 M; DOI 10.6028/NBS.NSRDS.36; https://github.com/PSDI-UK/psdi-datasets,25
POTASSIUM DECANOATE,CCCCCCCCCC(=O)[O-].[K+],0.0,0.0,,0.0917,,,,,,,PSDI/NIST Critical Micelle Concentrations of Aqueous Surfactant Systems; Compound No. 90; name=POTASSIUM DECANOATE; temperature=25; additives=2.29 E-2 M K CL; authors=HERZ; reference=52017; original CMC=9.17 X10-2 M; DOI 10.6028/NBS.NSRDS.36; https://github.com/PSDI-UK/psdi-datasets,25
POTASSIUM DECANOATE,CCCCCCCCCC(=O)[O-].[K+],0.0,0.0,,0.0885,,,,,,,PSDI/NIST Critical Micelle Concentrations of Aqueous Surfactant Systems; Compound No. 90; name=POTASSIUM DECANOATE; temperature=25; additives=3.79 E-2 M K CL; authors=HERZ; reference=52017; original CMC=8.85 X10-2 M; DOI 10.6028/NBS.NSRDS.36; https://github.com/PSDI-UK/psdi-datasets,25
POTASSIUM DECANOATE,CCCCCCCCCC(=O)[O-].[K+],0.0,0.0,,0.0838,,,,,,,PSDI/NIST Critical Micelle Concentrations of Aqueous Surfactant Systems; Compound No. 90; name=POTASSIUM DECANOATE; temperature=25; additives=5.59 E-2 M K CL; authors=HERZ; reference=52017; original CMC=8.38 X10-2 M; DOI 10.6028/NBS.NSRDS.36; https://github.com/PSDI-UK/psdi-datasets,25
POTASSIUM DECANOATE,CCCCCCCCCC(=O)[O-].[K+],0.0,0.0,,0.0787,,,,,,,PSDI/NIST Critical Micelle Concentrations of Aqueous Surfactant Systems; Compound No. 90; name=POTASSIUM DECANOATE; temperature=25; additives=7.87 E-2 M K CL; authors=HERZ; reference=52017; original CMC=7.87 X10-2 M; DOI 10.6028/NBS.NSRDS.36; https://github.com/PSDI-UK/psdi-datasets,25
POTASSIUM DECANOATE,CCCCCCCCCC(=O)[O-].[K+],0.0,0.0,,0.0731,,,,,,,PSDI/NIST Critical Micelle Concentrations of Aqueous Surfactant Systems; Compound No. 90; name=POTASSIUM DECANOATE; temperature=25; additives=1.10 E-1 M K CL; authors=HERZ; reference=52017; original CMC=7.31 X10-2 M; DOI 10.6028/NBS.NSRDS.36; https://github.com/PSDI-UK/psdi-datasets,25
POTASSIUM DECANOATE,CCCCCCCCCC(=O)[O-].[K+],0.0,0.0,,0.0645,,,,,,,PSDI/NIST Critical Micelle Concentrations of Aqueous Surfactant Systems; Compound No. 90; name=POTASSIUM DECANOATE; temperature=25; additives=1.51 E-1 M K CL; authors=HERZ; reference=52017; original CMC=6.45 X10-2 M; DOI 10.6028/NBS.NSRDS.36; https://github.com/PSDI-UK/psdi-datasets,25
POTASSIUM DECANOATE,CCCCCCCCCC(=O)[O-].[K+],0.0,0.0,,0.0568,,,,,,,PSDI/NIST Critical Micelle Concentrations of Aqueous Surfactant Systems; Compound No. 90; name=POTASSIUM DECANOATE; temperature=25; additives=2.27 E-1 M K CL; authors=HERZ; reference=52017; original CMC=5.68 X10-2 M; DOI 10.6028/NBS.NSRDS.36; https://github.com/PSDI-UK/psdi-datasets,25
POTASSIUM DECANOATE,CCCCCCCCCC(=O)[O-].[K+],0.0,0.0,,0.0469,,,,,,,PSDI/NIST Critical Micelle Concentrations of Aqueous Surfactant Systems; Compound No. 90; name=POTASSIUM DECANOATE; temperature=25; additives=3.44 E-1 M K CL; authors=HERZ; reference=52017; original CMC=4.69 X10-2 M; DOI 10.6028/NBS.NSRDS.36; https://github.com/PSDI-UK/psdi-datasets,25
POTASSIUM DECANOATE,CCCCCCCCCC(=O)[O-].[K+],0.0,0.0,,0.0429,,,,,,,PSDI/NIST Critical Micelle Concentrations of Aqueous Surfactant Systems; Compound No. 90; name=POTASSIUM DECANOATE; temperature=25; additives=3.86 E-1 M K CL; authors=HERZ; reference=52017; original CMC=4.29 X10-2 M; DOI 10.6028/NBS.NSRDS.36; https://github.com/PSDI-UK/psdi-datasets,25
POTASSIUM DECANOATE,CCCCCCCCCC(=O)[O-].[K+],0.0,0.0,,0.052,,,,,,,PSDI/NIST Critical Micelle Concentrations of Aqueous Surfactant Systems; Compound No. 90; name=POTASSIUM DECANOATE; temperature=25; additives=1.10 E 1 C 0092; authors=KLEV; reference=48005; original CMC=5.2 X10-2 M; DOI 10.6028/NBS.NSRDS.36; https://github.com/PSDI-UK/psdi-datasets,25
POTASSIUM DECANOATE,CCCCCCCCCC(=O)[O-].[K+],0.0,0.0,,0.015,,,,,,,PSDI/NIST Critical Micelle Concentrations of Aqueous Surfactant Systems; Compound No. 90; name=POTASSIUM DECANOATE; temperature=25; additives=3.05 E 1 C 0092; authors=KLEV; reference=48005; original CMC=1.5 X10-2 M; DOI 10.6028/NBS.NSRDS.36; https://github.com/PSDI-UK/psdi-datasets,25
POTASSIUM DECANOATE,CCCCCCCCCC(=O)[O-].[K+],0.0,0.0,,0.012,,,,,,,PSDI/NIST Critical Micelle Concentrations of Aqueous Surfactant Systems; Compound No. 90; name=POTASSIUM DECANOATE; temperature=25; additives=4.50 E 1 C 0092; authors=KLEV; reference=48005; original CMC=1.2 X10-2 M; DOI 10.6028/NBS.NSRDS.36; https://github.com/PSDI-UK/psdi-datasets,25
POTASSIUM DECANOATE,CCCCCCCCCC(=O)[O-].[K+],0.0,0.0,,0.074,,,,,,,PSDI/NIST Critical Micelle Concentrations of Aqueous Surfactant Systems; Compound No. 90; name=POTASSIUM DECANOATE; temperature=25; additives=9.0 E O C 0091 2. EOI K OH; authors=SHIN; reference=54005; original CMC=7.4 X10-2 M; DOI 10.6028/NBS.NSRDS.36; https://github.com/PSDI-UK/psdi-datasets,25
POTASSIUM DECANOATE,CCCCCCCCCC(=O)[O-].[K+],0.0,0.0,,0.055,,,,,,,PSDI/NIST Critical Micelle Concentrations of Aqueous Surfactant Systems; Compound No. 90; name=POTASSIUM DECANOATE; temperature=25; additives=2.34 E1C 0091 2. EOI K OH; authors=SHIN; reference=54005; original CMC=5.5 X10-2 M; DOI 10.6028/NBS.NSRDS.36; https://github.com/PSDI-UK/psdi-datasets,25
POTASSIUM DECANOATE,CCCCCCCCCC(=O)[O-].[K+],0.0,0.0,,0.049,,,,,,,PSDI/NIST Critical Micelle Concentrations of Aqueous Surfactant Systems; Compound No. 90; name=POTASSIUM DECANOATE; temperature=25; additives=2.80 E1C 0091 2. E O I K OH; authors=SHIN; reference=54005; original CMC=4.9 X10-2 M; DOI 10.6028/NBS.NSRDS.36; https://github.com/PSDI-UK/psdi-datasets,25
POTASSIUM DECANOATE,CCCCCCCCCC(=O)[O-].[K+],0.0,0.0,,0.044,,,,,,,PSDI/NIST Critical Micelle Concentrations of Aqueous Surfactant Systems; Compound No. 90; name=POTASSIUM DECANOATE; temperature=25; additives=3.58 E1C 0091 2. E O I K OH; authors=SHIN; reference=54005; original CMC=4.4 X10-2 M; DOI 10.6028/NBS.NSRDS.36; https://github.com/PSDI-UK/psdi-datasets,25
POTASSIUM DECANOATE,CCCCCCCCCC(=O)[O-].[K+],0.0,0.0,,0.039,,,,,,,PSDI/NIST Critical Micelle Concentrations of Aqueous Surfactant Systems; Compound No. 90; name=POTASSIUM DECANOATE; temperature=25; additives=4.75 E1C 0091 2. E O I K OH; authors=SHIN; reference=54005; original CMC=3.9 X10-2 M; DOI 10.6028/NBS.NSRDS.36; https://github.com/PSDI-UK/psdi-datasets,25
POTASSIUM DECANOATE,CCCCCCCCCC(=O)[O-].[K+],0.0,0.0,,0.033,,,,,,,PSDI/NIST Critical Micelle Concentrations of Aqueous Surfactant Systems; Compound No. 90; name=POTASSIUM DECANOATE; temperature=25; additives=6.80 E1C 0091 2. E O I K OH; authors=SHIN; reference=54005; original CMC=3.3 X10-2 M; DOI 10.6028/NBS.NSRDS.36; https://github.com/PSDI-UK/psdi-datasets,25
POTASSIUM DECANOATE,CCCCCCCCCC(=O)[O-].[K+],0.0,0.0,,0.041,,,,,,,PSDI/NIST Critical Micelle Concentrations of Aqueous Surfactant Systems; Compound No. 90; name=POTASSIUM DECANOATE; temperature=25; additives=4.2 E O C 0092 2. EOI K OH; authors=CHNGE PNCN SHIN; reference=54005; original CMC=4.1 X10-2 M; DOI 10.6028/NBS.NSRDS.36; https://github.com/PSDI-UK/psdi-datasets,25
POTASSIUM DECANOATE,CCCCCCCCCC(=O)[O-].[K+],0.0,0.0,,0.032,,,,,,,PSDI/NIST Critical Micelle Concentrations of Aqueous Surfactant Systems; Compound No. 90; name=POTASSIUM DECANOATE; temperature=25; additives=6.9 EOC 0092 2. E 0 1 I K OH; authors=CHNGE PNCN SHIN; reference=54005; original CMC=3.2 X10-2 M; DOI 10.6028/NBS.NSRDS.36; https://github.com/PSDI-UK/psdi-datasets,25
POTASSIUM DECANOATE,CCCCCCCCCC(=O)[O-].[K+],0.0,0.0,,0.025,,,,,,,PSDI/NIST Critical Micelle Concentrations of Aqueous Surfactant Systems; Compound No. 90; name=POTASSIUM DECANOATE; temperature=25; additives=1.13 E1 0092 2. EOI K OH; authors=CHNGE PNCN SHIN; reference=54005; original CMC=2.5 X10-2 M; DOI 10.6028/NBS.NSRDS.36; https://github.com/PSDI-UK/psdi-datasets,25
POTASSIUM DECANOATE,CCCCCCCCCC(=O)[O-].[K+],0.0,0.0,,0.02,,,,,,,PSDI/NIST Critical Micelle Concentrations of Aqueous Surfactant Systems; Compound No. 90; name=POTASSIUM DECANOATE; temperature=25; additives=1.78 E1C 0092 2. EOI K OH; authors=CHNGE PNCN SHIN; reference=54005; original CMC=2.0 X10-2 M; DOI 10.6028/NBS.NSRDS.36; https://github.com/PSDI-UK/psdi-datasets,25
POTASSIUM DECANOATE,CCCCCCCCCC(=O)[O-].[K+],0.0,0.0,,0.077,,,,,,,PSDI/NIST Critical Micelle Concentrations of Aqueous Surfactant Systems; Compound No. 90; name=POTASSIUM DECANOATE; temperature=25; additives=2.53 E1C 0297 2. E 0 2 I K OH; authors=CHNGE PNCN SHIN; reference=54005; original CMC=7.7 X10-2 M; DOI 10.6028/NBS.NSRDS.36; https://github.com/PSDI-UK/psdi-datasets,25
POTASSIUM DECANOATE,CCCCCCCCCC(=O)[O-].[K+],0.0,0.0,,0.071,,,,,,,PSDI/NIST Critical Micelle Concentrations of Aqueous Surfactant Systems; Compound No. 90; name=POTASSIUM DECANOATE; temperature=25; additives=3.28 C 0297 2. E 0 I K OH; authors=CHNGE PNCN SHIN; reference=54005; original CMC=7.1 X10-2 M; DOI 10.6028/NBS.NSRDS.36; https://github.com/PSDI-UK/psdi-datasets,25
POTASSIUM DECANOATE,CCCCCCCCCC(=O)[O-].[K+],0.0,0.0,,0.067,,,,,,,PSDI/NIST Critical Micelle Concentrations of Aqueous Surfactant Systems; Compound No. 90; name=POTASSIUM DECANOATE; temperature=25; additives=4.39 E1 C 0297 2. E 0 I K OH; authors=CHNGE PNCN SHIN; reference=54005; original CMC=6.7 X10-2 M; DOI 10.6028/NBS.NSRDS.36; https://github.com/PSDI-UK/psdi-datasets,25
POTASSIUM DECANOATE,CCCCCCCCCC(=O)[O-].[K+],0.0,0.0,,0.062,,,,,,,PSDI/NIST Critical Micelle Concentrations of Aqueous Surfactant Systems; Compound No. 90; name=POTASSIUM DECANOATE; temperature=25; additives=5.36 E1C 0297 2. E 0 I K OH; authors=CHNGE PNCN SHIN; reference=54005; original CMC=6.2 X10-2 M; DOI 10.6028/NBS.NSRDS.36; https://github.com/PSDI-UK/psdi-datasets,25
POTASSIUM DECANOATE,CCCCCCCCCC(=O)[O-].[K+],0.0,0.0,,0.053,,,,,,,PSDI/NIST Critical Micelle Concentrations of Aqueous Surfactant Systems; Compound No. 90; name=POTASSIUM DECANOATE; temperature=25; additives=8.18 E1C 0297 2. EOI K OH; authors=CHNGE PNCN SHIN; reference=54005; original CMC=5.3 X10-2 M; DOI 10.6028/NBS.NSRDS.36; https://github.com/PSDI-UK/psdi-datasets,25
POTASSIUM DECANOATE,CCCCCCCCCC(=O)[O-].[K+],0.0,0.0,,0.031,,,,,,,PSDI/NIST Critical Micelle Concentrations of Aqueous Surfactant Systems; Compound No. 90; name=POTASSIUM DECANOATE; temperature=25; additives=1.24 0091 5.9 0092 2. I K OH; authors=CHNGE PNCN SHIN; reference=54003; original CMC=3.1 X10-2 M; DOI 10.6028/NBS.NSRDS.36; https://github.com/PSDI-UK/psdi-datasets,25
POTASSIUM DECANOATE,CCCCCCCCCC(=O)[O-].[K+],0.0,0.0,,0.03,,,,,,,PSDI/NIST Critical Micelle Concentrations of Aqueous Surfactant Systems; Compound No. 90; name=POTASSIUM DECANOATE; temperature=25; additives=2.74 0091 4.9 E O C 0092 2. EOI K OH; authors=CHNGE PNCN SHIN; reference=54003; original CMC=3.0 X10-2 M; DOI 10.6028/NBS.NSRDS.36; https://github.com/PSDI-UK/psdi-datasets,25
POTASSIUM DECANOATE,CCCCCCCCCC(=O)[O-].[K+],0.0,0.0,,0.029,,,,,,,PSDI/NIST Critical Micelle Concentrations of Aqueous Surfactant Systems; Compound No. 90; name=POTASSIUM DECANOATE; temperature=25; additives=5.68 E1C 0091 2.9 0092 2. E 0 I K OH; authors=CHNGE PNCN SHIN; reference=54003; original CMC=2.9 X10-2 M; DOI 10.6028/NBS.NSRDS.36; https://github.com/PSDI-UK/psdi-datasets,25
POTASSIUM DECANOATE,CCCCCCCCCC(=O)[O-].[K+],0.0,0.0,,0.028,,,,,,,PSDI/NIST Critical Micelle Concentrations of Aqueous Surfactant Systems; Compound No. 90; name=POTASSIUM DECANOATE; temperature=25; additives=6.92 0091 2.1 EOC 0092 2. EOI K OH; authors=CHNGE PNCN SHIN; reference=54003; original CMC=2.8 X10-2 M; DOI 10.6028/NBS.NSRDS.36; https://github.com/PSDI-UK/psdi-datasets,25
POTASSIUM DECANOATE,CCCCCCCCCC(=O)[O-].[K+],0.0,0.0,,0.027,,,,,,,PSDI/NIST Critical Micelle Concentrations of Aqueous Surfactant Systems; Compound No. 90; name=POTASSIUM DECANOATE; temperature=25; additives=3.35 0091 E O C 0092 2. E 0 I K OH; authors=CHNGE PNCN SHIN; reference=54003; original CMC=2.7 X10-2 M; DOI 10.6028/NBS.NSRDS.36; https://github.com/PSDI-UK/psdi-datasets,25
POTASSIUM DECANOATE,CCCCCCCCCC(=O)[O-].[K+],0.0,0.0,,0.092,,,,,,,PSDI/NIST Critical Micelle Concentrations of Aqueous Surfactant Systems; Compound No. 90; name=POTASSIUM DECANOATE; temperature=25; additives=2.3 EOC 0297 1.2 E O C 0091 2. E 0 I K OH; authors=CHNGE PNCN SHIN; reference=54003; original CMC=9.2 X10-2 M; DOI 10.6028/NBS.NSRDS.36; https://github.com/PSDI-UK/psdi-datasets,25
POTASSIUM DECANOATE,CCCCCCCCCC(=O)[O-].[K+],0.0,0.0,,0.059,,,,,,,PSDI/NIST Critical Micelle Concentrations of Aqueous Surfactant Systems; Compound No. 90; name=POTASSIUM DECANOATE; temperature=25; additives=2.14E1 0297 1.09 E 1 C 0091 2. E 0 I K OH; authors=SHIN; reference=54003; original CMC=5.9 X10-2 M; DOI 10.6028/NBS.NSRDS.36; https://github.com/PSDI-UK/psdi-datasets,25
POTASSIUM DECANOATE,CCCCCCCCCC(=O)[O-].[K+],0.0,0.0,,0.048,,,,,,,PSDI/NIST Critical Micelle Concentrations of Aqueous Surfactant Systems; Compound No. 90; name=POTASSIUM DECANOATE; temperature=25; additives=3.75 E 1 C 0297 1.91 E 1 C 0091 2. E 0 I K OH; authors=SHIN; reference=54003; original CMC=4.8 X10-2 M; DOI 10.6028/NBS.NSRDS.36; https://github.com/PSDI-UK/psdi-datasets,25
POTASSIUM DECANOATE,CCCCCCCCCC(=O)[O-].[K+],0.0,0.0,,0.042,,,,,,,PSDI/NIST Critical Micelle Concentrations of Aqueous Surfactant Systems; Compound No. 90; name=POTASSIUM DECANOATE; temperature=25; additives=4.96 E 1 0 0297 2.52 E 1 0091 2. E 0 I K OH; authors=SHIN; reference=54003; original CMC=4.2 X10-2 M; DOI 10.6028/NBS.NSRDS.36; https://github.com/PSDI-UK/psdi-datasets,25
POTASSIUM DODECANOATE,CCCCCCCCCCCC(=O)[O-].[K+],0.0,0.0,,0.0255,,,,,,,PSDI/NIST Critical Micelle Concentrations of Aqueous Surfactant Systems; Compound No. 91; name=POTASSIUM DODECANOATE; temperature=25; additives=nan; authors=KLEV; reference=53010; original CMC=2.55 X10-2 M; DOI 10.6028/NBS.NSRDS.36; https://github.com/PSDI-UK/psdi-datasets,25
POTASSIUM DODECANOATE,CCCCCCCCCCCC(=O)[O-].[K+],0.0,0.0,,0.024,,,,,,,PSDI/NIST Critical Micelle Concentrations of Aqueous Surfactant Systems; Compound No. 91; name=POTASSIUM DODECANOATE; temperature=25; additives=nan; authors=KLEV; reference=50003; original CMC=2.4 X10-2 M; DOI 10.6028/NBS.NSRDS.36; https://github.com/PSDI-UK/psdi-datasets,25
POTASSIUM DODECANOATE,CCCCCCCCCCCC(=O)[O-].[K+],0.0,0.0,,0.0234,,,,,,,PSDI/NIST Critical Micelle Concentrations of Aqueous Surfactant Systems; Compound No. 91; name=POTASSIUM DODECANOATE; temperature=25; additives=nan; authors=HERZ; reference=52015; original CMC=2.34 X10-2 M; DOI 10.6028/NBS.NSRDS.36; https://github.com/PSDI-UK/psdi-datasets,25
POTASSIUM DODECANOATE,CCCCCCCCCCCC(=O)[O-].[K+],0.0,0.0,,0.025,,,,,,,PSDI/NIST Critical Micelle Concentrations of Aqueous Surfactant Systems; Compound No. 91; name=POTASSIUM DODECANOATE; temperature=25; additives=nan; authors=KLEV; reference=58011; original CMC=2.5 X10-2 M; DOI 10.6028/NBS.NSRDS.36; https://github.com/PSDI-UK/psdi-datasets,25
POTASSIUM DODECANOATE,CCCCCCCCCCCC(=O)[O-].[K+],0.0,0.0,,0.02,,,,,,,PSDI/NIST Critical Micelle Concentrations of Aqueous Surfactant Systems; Compound No. 91; name=POTASSIUM DODECANOATE; temperature=25; additives=2.2 E-1 P BENZENE; authors=KLEV; reference=50003; original CMC=2.0 X10-2 M; DOI 10.6028/NBS.NSRDS.36; https://github.com/PSDI-UK/psdi-datasets,25
POTASSIUM DODECANOATE,CCCCCCCCCCCC(=O)[O-].[K+],0.0,0.0,,0.0155,,,,,,,PSDI/NIST Critical Micelle Concentrations of Aqueous Surfactant Systems; Compound No. 91; name=POTASSIUM DODECANOATE; temperature=25; additives=2.65 E-2 M K BR; authors=KLEV; reference=48005; original CMC=1.55 X10-2 M; DOI 10.6028/NBS.NSRDS.36; https://github.com/PSDI-UK/psdi-datasets,25
POTASSIUM DODECANOATE,CCCCCCCCCCCC(=O)[O-].[K+],0.0,0.0,,0.0079,,,,,,,PSDI/NIST Critical Micelle Concentrations of Aqueous Surfactant Systems; Compound No. 91; name=POTASSIUM DODECANOATE; temperature=25; additives=1.735E-1 M K BR; authors=KLEV; reference=48005; original CMC=7.9 X10-3 M; DOI 10.6028/NBS.NSRDS.36; https://github.com/PSDI-UK/psdi-datasets,25
POTASSIUM DODECANOATE,CCCCCCCCCCCC(=O)[O-].[K+],0.0,0.0,,0.0159,,,,,,,PSDI/NIST Critical Micelle Concentrations of Aqueous Surfactant Systems; Compound No. 91; name=POTASSIUM DODECANOATE; temperature=25; additives=2.52 E-2 M K CL; authors=KLEV; reference=48005; original CMC=1.59 X10-2 M; DOI 10.6028/NBS.NSRDS.36; https://github.com/PSDI-UK/psdi-datasets,25
POTASSIUM DODECANOATE,CCCCCCCCCCCC(=O)[O-].[K+],0.0,0.0,,0.0119,,,,,,,PSDI/NIST Critical Micelle Concentrations of Aqueous Surfactant Systems; Compound No. 91; name=POTASSIUM DODECANOATE; temperature=25; additives=6.70 E-2 M K CL; authors=KLEV; reference=48005; original CMC=1.19 X10-2 M; DOI 10.6028/NBS.NSRDS.36; https://github.com/PSDI-UK/psdi-datasets,25
POTASSIUM DODECANOATE,CCCCCCCCCCCC(=O)[O-].[K+],0.0,0.0,,0.0102,,,,,,,PSDI/NIST Critical Micelle Concentrations of Aqueous Surfactant Systems; Compound No. 91; name=POTASSIUM DODECANOATE; temperature=25; additives=1.005E-1 M K CL; authors=KLEV; reference=48005; original CMC=1.02 X10-2 M; DOI 10.6028/NBS.NSRDS.36; https://github.com/PSDI-UK/psdi-datasets,25
POTASSIUM DODECANOATE,CCCCCCCCCCCC(=O)[O-].[K+],0.0,0.0,,0.0071,,,,,,,PSDI/NIST Critical Micelle Concentrations of Aqueous Surfactant Systems; Compound No. 91; name=POTASSIUM DODECANOATE; temperature=25; additives=2.124E-1 M K CL; authors=KLEV; reference=48005; original CMC=7.1 X10-3 M; DOI 10.6028/NBS.NSRDS.36; https://github.com/PSDI-UK/psdi-datasets,25
POTASSIUM DODECANOATE,CCCCCCCCCCCC(=O)[O-].[K+],0.0,0.0,,0.0048,,,,,,,PSDI/NIST Critical Micelle Concentrations of Aqueous Surfactant Systems; Compound No. 91; name=POTASSIUM DODECANOATE; temperature=25; additives=3.825E-1 M K CL; authors=KLEV; reference=48005; original CMC=4.8 X10-3 M; DOI 10.6028/NBS.NSRDS.36; https://github.com/PSDI-UK/psdi-datasets,25
POTASSIUM DODECANOATE,CCCCCCCCCCCC(=O)[O-].[K+],0.0,0.0,,0.0041,,,,,,,PSDI/NIST Critical Micelle Concentrations of Aqueous Surfactant Systems; Compound No. 91; name=POTASSIUM DODECANOATE; temperature=25; additives=5.014E-1 M K CL; authors=KLEV; reference=48005; original CMC=4.1 X10-3 M; DOI 10.6028/NBS.NSRDS.36; https://github.com/PSDI-UK/psdi-datasets,25
POTASSIUM DODECANOATE,CCCCCCCCCCCC(=O)[O-].[K+],0.0,0.0,,0.0181,,,,,,,PSDI/NIST Critical Micelle Concentrations of Aqueous Surfactant Systems; Compound No. 91; name=POTASSIUM DODECANOATE; temperature=25; additives=1.66 E-2 M K I; authors=KLEV; reference=48005; original CMC=1.81 X10-2 M; DOI 10.6028/NBS.NSRDS.36; https://github.com/PSDI-UK/psdi-datasets,25
POTASSIUM DODECANOATE,CCCCCCCCCCCC(=O)[O-].[K+],0.0,0.0,,0.0063,,,,,,,PSDI/NIST Critical Micelle Concentrations of Aqueous Surfactant Systems; Compound No. 91; name=POTASSIUM DODECANOATE; temperature=25; additives=2.615E-1 M K I; authors=KLEV; reference=48005; original CMC=6.3 X10-3 M; DOI 10.6028/NBS.NSRDS.36; https://github.com/PSDI-UK/psdi-datasets,25
POTASSIUM DODECANOATE,CCCCCCCCCCCC(=O)[O-].[K+],0.0,0.0,,0.0154,,,,,,,PSDI/NIST Critical Micelle Concentrations of Aqueous Surfactant Systems; Compound No. 91; name=POTASSIUM DODECANOATE; temperature=25; additives=3.06 E-2 M K N03; authors=KLEV; reference=48005; original CMC=1.54 X10-2 M; DOI 10.6028/NBS.NSRDS.36; https://github.com/PSDI-UK/psdi-datasets,25
POTASSIUM DODECANOATE,CCCCCCCCCCCC(=O)[O-].[K+],0.0,0.0,,0.0088,,,,,,,PSDI/NIST Critical Micelle Concentrations of Aqueous Surfactant Systems; Compound No. 91; name=POTASSIUM DODECANOATE; temperature=25; additives=1.38 E-1 M K N03; authors=KLEV; reference=48005; original CMC=8.8 X10-3 M; DOI 10.6028/NBS.NSRDS.36; https://github.com/PSDI-UK/psdi-datasets,25
POTASSIUM DODECANOATE,CCCCCCCCCCCC(=O)[O-].[K+],0.0,0.0,,0.0053,,,,,,,PSDI/NIST Critical Micelle Concentrations of Aqueous Surfactant Systems; Compound No. 91; name=POTASSIUM DODECANOATE; temperature=25; additives=3.33 E-1 M K N03; authors=KLEV; reference=48005; original CMC=5.3 X10-3 M; DOI 10.6028/NBS.NSRDS.36; https://github.com/PSDI-UK/psdi-datasets,25
POTASSIUM DODECANOATE,CCCCCCCCCCCC(=O)[O-].[K+],0.0,0.0,,0.0069,,,,,,,PSDI/NIST Critical Micelle Concentrations of Aqueous Surfactant Systems; Compound No. 91; name=POTASSIUM DODECANOATE; temperature=25; additives=5.07 E-2 M K4 P207 PYRO; authors=KLEV; reference=48005; original CMC=6.9 X10-3 M; DOI 10.6028/NBS.NSRDS.36; https://github.com/PSDI-UK/psdi-datasets,25
POTASSIUM DODECANOATE,CCCCCCCCCCCC(=O)[O-].[K+],0.0,0.0,,0.0141,,,,,,,PSDI/NIST Critical Micelle Concentrations of Aqueous Surfactant Systems; Compound No. 91; name=POTASSIUM DODECANOATE; temperature=25; additives=1.88 E-2 M K2 S04; authors=KLEV; reference=48005; original CMC=1.41 X10-2 M; DOI 10.6028/NBS.NSRDS.36; https://github.com/PSDI-UK/psdi-datasets,25
POTASSIUM DODECANOATE,CCCCCCCCCCCC(=O)[O-].[K+],0.0,0.0,,0.0103,,,,,,,PSDI/NIST Critical Micelle Concentrations of Aqueous Surfactant Systems; Compound No. 91; name=POTASSIUM DODECANOATE; temperature=25; additives=5.25 E-2 M K2 S04; authors=KLEV; reference=48005; original CMC=1.03 X10-2 M; DOI 10.6028/NBS.NSRDS.36; https://github.com/PSDI-UK/psdi-datasets,25
POTASSIUM DODECANOATE,CCCCCCCCCCCC(=O)[O-].[K+],0.0,0.0,,0.0059,,,,,,,PSDI/NIST Critical Micelle Concentrations of Aqueous Surfactant Systems; Compound No. 91; name=POTASSIUM DODECANOATE; temperature=25; additives=1.38 E 0 M K2 S04; authors=KLEV; reference=48005; original CMC=5.9 X10-3 M; DOI 10.6028/NBS.NSRDS.36; https://github.com/PSDI-UK/psdi-datasets,25
POTASSIUM DODECANOATE,CCCCCCCCCCCC(=O)[O-].[K+],0.0,0.0,,0.01,,,,,,,PSDI/NIST Critical Micelle Concentrations of Aqueous Surfactant Systems; Compound No. 91; name=POTASSIUM DODECANOATE; temperature=25; additives=4.52 E 1 C 0092; authors=KLEV; reference=48005; original CMC=1.0 X10-2 M; DOI 10.6028/NBS.NSRDS.36; https://github.com/PSDI-UK/psdi-datasets,25
POTASSIUM DODECANOATE,CCCCCCCCCCCC(=O)[O-].[K+],0.0,0.0,,0.0078,,,,,,,PSDI/NIST Critical Micelle Concentrations of Aqueous Surfactant Systems; Compound No. 91; name=POTASSIUM DODECANOATE; temperature=25; additives=6.45 C 0092; authors=KLEV; reference=48005; original CMC=7.8 X10-3 M; DOI 10.6028/NBS.NSRDS.36; https://github.com/PSDI-UK/psdi-datasets,25
POTASSIUM TETRADECANOATE,CCCCCCCCCCCCCC(=O)[O-].[K+],0.0,0.0,,0.0063,,,,,,,PSDI/NIST Critical Micelle Concentrations of Aqueous Surfactant Systems; Compound No. 92; name=POTASSIUM TETRADECANOATE; temperature=25; additives=nan; authors=KLEV; reference=50003; original CMC=6.3 X10-3 M; DOI 10.6028/NBS.NSRDS.36; https://github.com/PSDI-UK/psdi-datasets,25
POTASSIUM TETRADECANOATE,CCCCCCCCCCCCCC(=O)[O-].[K+],0.0,0.0,,0.0059,,,,,,,PSDI/NIST Critical Micelle Concentrations of Aqueous Surfactant Systems; Compound No. 92; name=POTASSIUM TETRADECANOATE; temperature=25; additives=nan; authors=HERZ; reference=52015; original CMC=5.9 X10-3 M; DOI 10.6028/NBS.NSRDS.36; https://github.com/PSDI-UK/psdi-datasets,25
POTASSIUM TETRADECANOATE,CCCCCCCCCCCCCC(=O)[O-].[K+],0.0,0.0,,0.0066,,,,,,,PSDI/NIST Critical Micelle Concentrations of Aqueous Surfactant Systems; Compound No. 92; name=POTASSIUM TETRADECANOATE; temperature=25; additives=nan; authors=KLEV; reference=47005; original CMC=6.6 X10-3 M; DOI 10.6028/NBS.NSRDS.36; https://github.com/PSDI-UK/psdi-datasets,25
POTASSIUM TETRADECANOATE,CCCCCCCCCCCCCC(=O)[O-].[K+],0.0,0.0,,0.0058,,,,,,,PSDI/NIST Critical Micelle Concentrations of Aqueous Surfactant Systems; Compound No. 92; name=POTASSIUM TETRADECANOATE; temperature=25; additives=nan; authors=KLEV; reference=58011; original CMC=5.8 X10-3 M; DOI 10.6028/NBS.NSRDS.36; https://github.com/PSDI-UK/psdi-datasets,25
POTASSIUM TETRADECANOATE,CCCCCCCCCCCCCC(=O)[O-].[K+],0.0,0.0,,0.0062,,,,,,,PSDI/NIST Critical Micelle Concentrations of Aqueous Surfactant Systems; Compound No. 92; name=POTASSIUM TETRADECANOATE; temperature=25; additives=8. E-3 P BENZENE; authors=KLEV; reference=50003; original CMC=6.2 X10-3 M; DOI 10.6028/NBS.NSRDS.36; https://github.com/PSDI-UK/psdi-datasets,25
POTASSIUM TETRADECANOATE,CCCCCCCCCCCCCC(=O)[O-].[K+],0.0,0.0,,0.0061,,,,,,,PSDI/NIST Critical Micelle Concentrations of Aqueous Surfactant Systems; Compound No. 92; name=POTASSIUM TETRADECANOATE; temperature=25; additives=1.5 E-2 P BENZENE; authors=KLEV; reference=50003; original CMC=6.1 X10-3 M; DOI 10.6028/NBS.NSRDS.36; https://github.com/PSDI-UK/psdi-datasets,25
POTASSIUM TETRADECANOATE,CCCCCCCCCCCCCC(=O)[O-].[K+],0.0,0.0,,0.0056,,,,,,,PSDI/NIST Critical Micelle Concentrations of Aqueous Surfactant Systems; Compound No. 92; name=POTASSIUM TETRADECANOATE; temperature=25; additives=1.04 E-1 P BENZENE; authors=KLEV; reference=50003; original CMC=5.6 X10-3 M; DOI 10.6028/NBS.NSRDS.36; https://github.com/PSDI-UK/psdi-datasets,25
POTASSIUM TETRADECANOATE,CCCCCCCCCCCCCC(=O)[O-].[K+],0.0,0.0,,0.0054,,,,,,,PSDI/NIST Critical Micelle Concentrations of Aqueous Surfactant Systems; Compound No. 92; name=POTASSIUM TETRADECANOATE; temperature=25; additives=1.55 E-1 P BENZENE; authors=KLEV; reference=50003; original CMC=5.4 X10-3 M; DOI 10.6028/NBS.NSRDS.36; https://github.com/PSDI-UK/psdi-datasets,25
POTASSIUM TETRADECANOATE,CCCCCCCCCCCCCC(=O)[O-].[K+],0.0,0.0,,0.0052,,,,,,,PSDI/NIST Critical Micelle Concentrations of Aqueous Surfactant Systems; Compound No. 92; name=POTASSIUM TETRADECANOATE; temperature=25; additives=1.82 E-1 P BENZENE; authors=KLEV; reference=50003; original CMC=5.2 X10-3 M; DOI 10.6028/NBS.NSRDS.36; https://github.com/PSDI-UK/psdi-datasets,25
POTASSIUM TETRADECANOATE,CCCCCCCCCCCCCC(=O)[O-].[K+],0.0,0.0,,0.0051,,,,,,,PSDI/NIST Critical Micelle Concentrations of Aqueous Surfactant Systems; Compound No. 92; name=POTASSIUM TETRADECANOATE; temperature=25; additives=2.20 E-1 P BENZENE; authors=KLEV; reference=50003; original CMC=5.1 X10-3 M; DOI 10.6028/NBS.NSRDS.36; https://github.com/PSDI-UK/psdi-datasets,25
POTASSIUM TETRADECANOATE,CCCCCCCCCCCCCC(=O)[O-].[K+],0.0,0.0,,0.0049,,,,,,,PSDI/NIST Critical Micelle Concentrations of Aqueous Surfactant Systems; Compound No. 92; name=POTASSIUM TETRADECANOATE; temperature=25; additives=3.35 E-1 P BENZENE; authors=KLEV; reference=50003; original CMC=4.9 X10-3 M; DOI 10.6028/NBS.NSRDS.36; https://github.com/PSDI-UK/psdi-datasets,25
OCTYL TRIMETHYL AMMONIUM BROMIDE,CCCCCCCC[N+](C)(C)C.[Br-],0.0,0.0,,0.14,,,,,,,PSDI/NIST Critical Micelle Concentrations of Aqueous Surfactant Systems; Compound No. 93; name=OCTYL TRIMETHYL AMMONIUM BROMIDE; temperature=25; additives=nan; authors=KLEV; reference=48005; original CMC=1.4 X10-1 M; DOI 10.6028/NBS.NSRDS.36; https://github.com/PSDI-UK/psdi-datasets,25
OCTYL TRIMETHYL AMMONIUM BROMIDE,CCCCCCCC[N+](C)(C)C.[Br-],0.0,0.0,,0.13,,,,,,,PSDI/NIST Critical Micelle Concentrations of Aqueous Surfactant Systems; Compound No. 93; name=OCTYL TRIMETHYL AMMONIUM BROMIDE; temperature=25; additives=nan; authors=SCOT TART; reference=43003; original CMC=1.3 X10-1 M; DOI 10.6028/NBS.NSRDS.36; https://github.com/PSDI-UK/psdi-datasets,25
DODECYL TRIMETHYL AMMONIUM BROMIDE,CCCCCCCCCCCC[N+](C)(C)C.[Br-],0.0,0.0,,0.01452,,,,,,,PSDI/NIST Critical Micelle Concentrations of Aqueous Surfactant Systems; Compound No. 97; name=DODECYL TRIMETHYL AMMONIUM BROMIDE; temperature=25; additives=nan; authors=ANAC JOHN; reference=64017; original CMC=4.48 X10-1 D 1.452X10-2 M; DOI 10.6028/NBS.NSRDS.36; https://github.com/PSDI-UK/psdi-datasets,25
DODECYL TRIMETHYL AMMONIUM BROMIDE,CCCCCCCCCCCC[N+](C)(C)C.[Br-],0.0,0.0,,0.0164,,,,,,,PSDI/NIST Critical Micelle Concentrations of Aqueous Surfactant Systems; Compound No. 97; name=DODECYL TRIMETHYL AMMONIUM BROMIDE; temperature=25; additives=nan; authors=KLEV; reference=48005; original CMC=1.64 X10-2 M; DOI 10.6028/NBS.NSRDS.36; https://github.com/PSDI-UK/psdi-datasets,25
DODECYL TRIMETHYL AMMONIUM BROMIDE,CCCCCCCCCCCC[N+](C)(C)C.[Br-],0.0,0.0,,0.014,,,,,,,PSDI/NIST Critical Micelle Concentrations of Aqueous Surfactant Systems; Compound No. 97; name=DODECYL TRIMETHYL AMMONIUM BROMIDE; temperature=25; additives=nan; authors=SCHI; reference=66025; original CMC=1.40 X10-2 M; DOI 10.6028/NBS.NSRDS.36; https://github.com/PSDI-UK/psdi-datasets,25
DODECYL TRIMETHYL AMMONIUM BROMIDE,CCCCCCCCCCCC[N+](C)(C)C.[Br-],0.0,0.0,,0.0142,,,,,,,PSDI/NIST Critical Micelle Concentrations of Aqueous Surfactant Systems; Compound No. 97; name=DODECYL TRIMETHYL AMMONIUM BROMIDE; temperature=25; additives=nan; authors=BRUN HOLT; reference=61016; original CMC=1.42 X10-2 M; DOI 10.6028/NBS.NSRDS.36; https://github.com/PSDI-UK/psdi-datasets,25
DODECYL TRIMETHYL AMMONIUM BROMIDE,CCCCCCCCCCCC[N+](C)(C)C.[Br-],0.0,0.0,,1.94e-05,,,,,,,PSDI/NIST Critical Micelle Concentrations of Aqueous Surfactant Systems; Compound No. 97; name=DODECYL TRIMETHYL AMMONIUM BROMIDE; temperature=25; additives=1.0 EOM H N03; authors=COLI; reference=50012; original CMC=6.0 X10-4 D 1.94 X10-5 M; DOI 10.6028/NBS.NSRDS.36; https://github.com/PSDI-UK/psdi-datasets,25
DODECYL TRIMETHYL AMMONIUM BROMIDE,CCCCCCCCCCCC[N+](C)(C)C.[Br-],0.0,0.0,,3.08e-06,,,,,,,PSDI/NIST Critical Micelle Concentrations of Aqueous Surfactant Systems; Compound No. 97; name=DODECYL TRIMETHYL AMMONIUM BROMIDE; temperature=25; additives=1.0 E O M H N03; authors=COLI; reference=50012; original CMC=9.5 X10-5 D 3.08 X10-6 M; DOI 10.6028/NBS.NSRDS.36; https://github.com/PSDI-UK/psdi-datasets,25
DODECYL TRIMETHYL AMMONIUM BROMIDE,CCCCCCCCCCCC[N+](C)(C)C.[Br-],0.0,0.0,,0.0004,,,,,,,PSDI/NIST Critical Micelle Concentrations of Aqueous Surfactant Systems; Compound No. 97; name=DODECYL TRIMETHYL AMMONIUM BROMIDE; temperature=25; additives=1.0 E O I M K CL; authors=COLI; reference=50012; original CMC=4.0 X10-4 M; DOI 10.6028/NBS.NSRDS.36; https://github.com/PSDI-UK/psdi-datasets,25
DODECYL TRIMETHYL AMMONIUM BROMIDE,CCCCCCCCCCCC[N+](C)(C)C.[Br-],0.0,0.0,,1.03e-05,,,,,,,PSDI/NIST Critical Micelle Concentrations of Aqueous Surfactant Systems; Compound No. 97; name=DODECYL TRIMETHYL AMMONIUM BROMIDE; temperature=25; additives=1.0 E O M K CL; authors=COLI; reference=50012; original CMC=3.2 X10-4 D 1.03 X10-5 M; DOI 10.6028/NBS.NSRDS.36; https://github.com/PSDI-UK/psdi-datasets,25
DODECYL TRIMETHYL AMMONIUM BROMIDE,CCCCCCCCCCCC[N+](C)(C)C.[Br-],0.0,0.0,,1.71e-05,,,,,,,PSDI/NIST Critical Micelle Concentrations of Aqueous Surfactant Systems; Compound No. 97; name=DODECYL TRIMETHYL AMMONIUM BROMIDE; temperature=25; additives=1.0 0 M K CL; authors=COLI; reference=50012; original CMC=5.3 X10-4 D 1.71 X10-5 M; DOI 10.6028/NBS.NSRDS.36; https://github.com/PSDI-UK/psdi-datasets,25
DODECYL TRIMETHYL AMMONIUM BROMIDE,CCCCCCCCCCCC[N+](C)(C)C.[Br-],0.0,0.0,,3.01e-06,,,,,,,PSDI/NIST Critical Micelle Concentrations of Aqueous Surfactant Systems; Compound No. 97; name=DODECYL TRIMETHYL AMMONIUM BROMIDE; temperature=25; additives=1.0 E 0 M K N03; authors=COLI; reference=50012; original CMC=9.3 X10-5 D 3.01 X10-6 M; DOI 10.6028/NBS.NSRDS.36; https://github.com/PSDI-UK/psdi-datasets,25
DODECYL TRIMETHYL AMMONIUM BROMIDE,CCCCCCCCCCCC[N+](C)(C)C.[Br-],0.0,0.0,,1.23e-05,,,,,,,PSDI/NIST Critical Micelle Concentrations of Aqueous Surfactant Systems; Compound No. 97; name=DODECYL TRIMETHYL AMMONIUM BROMIDE; temperature=25; additives=1.0 E 0 M K N03; authors=COLI; reference=50012; original CMC=3.8 X10-4 D 1.23 X10-5 M; DOI 10.6028/NBS.NSRDS.36; https://github.com/PSDI-UK/psdi-datasets,25
DODECYL TRIMETHYL AMMONIUM BROMIDE,CCCCCCCCCCCC[N+](C)(C)C.[Br-],0.0,0.0,,1.13e-06,,,,,,,PSDI/NIST Critical Micelle Concentrations of Aqueous Surfactant Systems; Compound No. 97; name=DODECYL TRIMETHYL AMMONIUM BROMIDE; temperature=25; additives=1.0 E 0 M K OH; authors=COLI; reference=50012; original CMC=3.5 X10-5 D 1.13 X10-6 M; DOI 10.6028/NBS.NSRDS.36; https://github.com/PSDI-UK/psdi-datasets,25
DODECYL TRIMETHYL AMMONIUM BROMIDE,CCCCCCCCCCCC[N+](C)(C)C.[Br-],0.0,0.0,,0.004474,,,,,,,PSDI/NIST Critical Micelle Concentrations of Aqueous Surfactant Systems; Compound No. 97; name=DODECYL TRIMETHYL AMMONIUM BROMIDE; temperature=25; additives=1.00 E-1 M NA BR; authors=ANAC JOHN; reference=64017; original CMC=1.38 X10-1 D 4.474X10-3 M; DOI 10.6028/NBS.NSRDS.36; https://github.com/PSDI-UK/psdi-datasets,25
DODECYL TRIMETHYL AMMONIUM BROMIDE,CCCCCCCCCCCC[N+](C)(C)C.[Br-],0.0,0.0,,0.002,,,,,,,PSDI/NIST Critical Micelle Concentrations of Aqueous Surfactant Systems; Compound No. 97; name=DODECYL TRIMETHYL AMMONIUM BROMIDE; temperature=25; additives=2. E-1 M NA BR; authors=SCHI; reference=66025; original CMC=2.0 X10-3 M; DOI 10.6028/NBS.NSRDS.36; https://github.com/PSDI-UK/psdi-datasets,25
DODECYL TRIMETHYL AMMONIUM BROMIDE,CCCCCCCCCCCC[N+](C)(C)C.[Br-],0.0,0.0,,0.0025,,,,,,,PSDI/NIST Critical Micelle Concentrations of Aqueous Surfactant Systems; Compound No. 97; name=DODECYL TRIMETHYL AMMONIUM BROMIDE; temperature=25; additives=2. E-1 M NA BR; authors=SCHI; reference=63026; original CMC=2.5 X10-3 M; DOI 10.6028/NBS.NSRDS.36; https://github.com/PSDI-UK/psdi-datasets,25
DODECYL TRIMETHYL AMMONIUM BROMIDE,CCCCCCCCCCCC[N+](C)(C)C.[Br-],0.0,0.0,,0.001,,,,,,,PSDI/NIST Critical Micelle Concentrations of Aqueous Surfactant Systems; Compound No. 97; name=DODECYL TRIMETHYL AMMONIUM BROMIDE; temperature=25; additives=4. E-1 M NA BR; authors=SCHI; reference=66025; original CMC=1.0 X10-3 M; DOI 10.6028/NBS.NSRDS.36; https://github.com/PSDI-UK/psdi-datasets,25
DODECYL TRIMETHYL AMMONIUM BROMIDE,CCCCCCCCCCCC[N+](C)(C)C.[Br-],0.0,0.0,,0.00201,,,,,,,PSDI/NIST Critical Micelle Concentrations of Aqueous Surfactant Systems; Compound No. 97; name=DODECYL TRIMETHYL AMMONIUM BROMIDE; temperature=25; additives=5.02 E-1 M NA BR; authors=ANAC JOHN; reference=64017; original CMC=6.2 X10-2 D 2.01 X10-3 M; DOI 10.6028/NBS.NSRDS.36; https://github.com/PSDI-UK/psdi-datasets,25
DODECYL TRIMETHYL AMMONIUM BROMIDE,CCCCCCCCCCCC[N+](C)(C)C.[Br-],0.0,0.0,,0.00063,,,,,,,PSDI/NIST Critical Micelle Concentrations of Aqueous Surfactant Systems; Compound No. 97; name=DODECYL TRIMETHYL AMMONIUM BROMIDE; temperature=25; additives=8. E-1 M NA BR; authors=SCHI; reference=66025; original CMC=6.3 X10-4 M; DOI 10.6028/NBS.NSRDS.36; https://github.com/PSDI-UK/psdi-datasets,25
DODECYL TRIMETHYL AMMONIUM BROMIDE,CCCCCCCCCCCC[N+](C)(C)C.[Br-],0.0,0.0,,0.0156,,,,,,,PSDI/NIST Critical Micelle Concentrations of Aqueous Surfactant Systems; Compound No. 97; name=DODECYL TRIMETHYL AMMONIUM BROMIDE; temperature=25; additives=5. E-1 M UREA; authors=BRUN HOLT; reference=61016; original CMC=1.56 X10-2 M; DOI 10.6028/NBS.NSRDS.36; https://github.com/PSDI-UK/psdi-datasets,25
DODECYL TRIMETHYL AMMONIUM BROMIDE,CCCCCCCCCCCC[N+](C)(C)C.[Br-],0.0,0.0,,0.0204,,,,,,,PSDI/NIST Critical Micelle Concentrations of Aqueous Surfactant Systems; Compound No. 97; name=DODECYL TRIMETHYL AMMONIUM BROMIDE; temperature=25; additives=2.0 EOM UREA; authors=BRUN HOLT; reference=61016; original CMC=2.04 X10-2 M; DOI 10.6028/NBS.NSRDS.36; https://github.com/PSDI-UK/psdi-datasets,25
DODECYL TRIMETHYL AMMONIUM BROMIDE,CCCCCCCCCCCC[N+](C)(C)C.[Br-],0.0,0.0,,0.0454,,,,,,,PSDI/NIST Critical Micelle Concentrations of Aqueous Surfactant Systems; Compound No. 97; name=DODECYL TRIMETHYL AMMONIUM BROMIDE; temperature=25; additives=6.0 EOM UREA; authors=BRUN HOLT; reference=61016; original CMC=4.54 X10-2 M; DOI 10.6028/NBS.NSRDS.36; https://github.com/PSDI-UK/psdi-datasets,25
DODECYL TRIMETHYL AMMONIUM BROMIDE,CCCCCCCCCCCC[N+](C)(C)C.[Br-],0.0,0.0,,0.00025,,,,,,,PSDI/NIST Critical Micelle Concentrations of Aqueous Surfactant Systems; Compound No. 97; name=DODECYL TRIMETHYL AMMONIUM BROMIDE; temperature=25; additives=2.5 E1C 0115; authors=SCHI; reference=66025; original CMC=2.5 X10-4 M; DOI 10.6028/NBS.NSRDS.36; https://github.com/PSDI-UK/psdi-datasets,25
DODECYL TRIMETHYL AMMONIUM BROMIDE,CCCCCCCCCCCC[N+](C)(C)C.[Br-],0.0,0.0,,0.000125,,,,,,,PSDI/NIST Critical Micelle Concentrations of Aqueous Surfactant Systems; Compound No. 97; name=DODECYL TRIMETHYL AMMONIUM BROMIDE; temperature=25; additives=5.0 E1C 0115; authors=SCHI; reference=66025; original CMC=1.25 X10-4 M; DOI 10.6028/NBS.NSRDS.36; https://github.com/PSDI-UK/psdi-datasets,25
DODECYL TRIMETHYL AMMONIUM BROMIDE,CCCCCCCCCCCC[N+](C)(C)C.[Br-],0.0,0.0,,0.0002,,,,,,,PSDI/NIST Critical Micelle Concentrations of Aqueous Surfactant Systems; Compound No. 97; name=DODECYL TRIMETHYL AMMONIUM BROMIDE; temperature=25; additives=2.5 E1C 0116; authors=SCHI; reference=66025; original CMC=2.0 X10-4 M; DOI 10.6028/NBS.NSRDS.36; https://github.com/PSDI-UK/psdi-datasets,25
DODECYL TRIMETHYL AMMONIUM BROMIDE,CCCCCCCCCCCC[N+](C)(C)C.[Br-],0.0,0.0,,8e-05,,,,,,,PSDI/NIST Critical Micelle Concentrations of Aqueous Surfactant Systems; Compound No. 97; name=DODECYL TRIMETHYL AMMONIUM BROMIDE; temperature=25; additives=5.0 E1C 0116; authors=SCHI; reference=66025; original CMC=8.0 X10-5 M; DOI 10.6028/NBS.NSRDS.36; https://github.com/PSDI-UK/psdi-datasets,25
DODECYL TRIMETHYL AMMONIUM BROMIDE,CCCCCCCCCCCC[N+](C)(C)C.[Br-],0.0,0.0,,0.0008,,,,,,,PSDI/NIST Critical Micelle Concentrations of Aqueous Surfactant Systems; Compound No. 97; name=DODECYL TRIMETHYL AMMONIUM BROMIDE; temperature=25; additives=1.0 E1C 0325; authors=SCHI; reference=66025; original CMC=8.0 X10-4 M; DOI 10.6028/NBS.NSRDS.36; https://github.com/PSDI-UK/psdi-datasets,25
DODECYL TRIMETHYL AMMONIUM BROMIDE,CCCCCCCCCCCC[N+](C)(C)C.[Br-],0.0,0.0,,0.0006,,,,,,,PSDI/NIST Critical Micelle Concentrations of Aqueous Surfactant Systems; Compound No. 97; name=DODECYL TRIMETHYL AMMONIUM BROMIDE; temperature=25; additives=2.5 E1C 0325; authors=SCHI; reference=66025; original CMC=6.0 X10-4 M; DOI 10.6028/NBS.NSRDS.36; https://github.com/PSDI-UK/psdi-datasets,25
DODECYL TRIMETHYL AMMONIUM BROMIDE,CCCCCCCCCCCC[N+](C)(C)C.[Br-],0.0,0.0,,9.72e-06,,,,,,,PSDI/NIST Critical Micelle Concentrations of Aqueous Surfactant Systems; Compound No. 97; name=DODECYL TRIMETHYL AMMONIUM BROMIDE; temperature=25; additives=5.0 EOM NH3 1. E-1 M NH4 CL; authors=COLI; reference=50012; original CMC=3.0 X10-4 D 9.72 X10-6 M; DOI 10.6028/NBS.NSRDS.36; https://github.com/PSDI-UK/psdi-datasets,25
DODECYL TRIMETHYL AMMONIUM BROMIDE,CCCCCCCCCCCC[N+](C)(C)C.[Br-],0.0,0.0,,0.0003,,,,,,,PSDI/NIST Critical Micelle Concentrations of Aqueous Surfactant Systems; Compound No. 97; name=DODECYL TRIMETHYL AMMONIUM BROMIDE; temperature=25; additives=1.0 E1C 0327 2. E-1 NA BR; authors=SCHI; reference=66025; original CMC=3.0 X10-4 M; DOI 10.6028/NBS.NSRDS.36; https://github.com/PSDI-UK/psdi-datasets,25
DODECYL TRIMETHYL AMMONIUM BROMIDE,CCCCCCCCCCCC[N+](C)(C)C.[Br-],0.0,0.0,,0.0001,,,,,,,PSDI/NIST Critical Micelle Concentrations of Aqueous Surfactant Systems; Compound No. 97; name=DODECYL TRIMETHYL AMMONIUM BROMIDE; temperature=25; additives=1.0 E1C 0327 8. E-1 M NA BR; authors=SCHI; reference=66025; original CMC=1.0 X10-4 M; DOI 10.6028/NBS.NSRDS.36; https://github.com/PSDI-UK/psdi-datasets,25
HEXADECYL TRIMETHYLAMMONIUM BROMIDE,CCCCCCCCCCCCCCCC[N+](C)(C)C.[Br-],0.0,0.0,,0.0008,,,,,,,PSDI/NIST Critical Micelle Concentrations of Aqueous Surfactant Systems; Compound No. 99; name=HEXADECYL TRIMETHYLAMMONIUM BROMIDE; temperature=25; additives=nan; authors=SCHI; reference=66025; original CMC=8.0 X10-4 M; DOI 10.6028/NBS.NSRDS.36; https://github.com/PSDI-UK/psdi-datasets,25
HEXADECYL TRIMETHYLAMMONIUM BROMIDE,CCCCCCCCCCCCCCCC[N+](C)(C)C.[Br-],0.0,0.0,,0.00098,,,,,,,PSDI/NIST Critical Micelle Concentrations of Aqueous Surfactant Systems; Compound No. 99; name=HEXADECYL TRIMETHYLAMMONIUM BROMIDE; temperature=25; additives=nan; authors=SCOT TART; reference=43003; original CMC=9.8 X10-4 M; DOI 10.6028/NBS.NSRDS.36; https://github.com/PSDI-UK/psdi-datasets,25
HEXADECYL TRIMETHYLAMMONIUM BROMIDE,CCCCCCCCCCCCCCCC[N+](C)(C)C.[Br-],0.0,0.0,,1.92e-06,,,,,,,PSDI/NIST Critical Micelle Concentrations of Aqueous Surfactant Systems; Compound No. 99; name=HEXADECYL TRIMETHYLAMMONIUM BROMIDE; temperature=25; additives=1.0 EOM H NO3; authors=COLI; reference=50012; original CMC=7.0 X10-5 D 1.92 X10-6 M; DOI 10.6028/NBS.NSRDS.36; https://github.com/PSDI-UK/psdi-datasets,25
HEXADECYL TRIMETHYLAMMONIUM BROMIDE,CCCCCCCCCCCCCCCC[N+](C)(C)C.[Br-],0.0,0.0,,1.04e-05,,,,,,,PSDI/NIST Critical Micelle Concentrations of Aqueous Surfactant Systems; Compound No. 99; name=HEXADECYL TRIMETHYLAMMONIUM BROMIDE; temperature=25; additives=1.0 0 M H N03; authors=COLI; reference=50012; original CMC=3.8 X10-4 D 1.04 X10-5 M; DOI 10.6028/NBS.NSRDS.36; https://github.com/PSDI-UK/psdi-datasets,25
HEXADECYL TRIMETHYLAMMONIUM BROMIDE,CCCCCCCCCCCCCCCC[N+](C)(C)C.[Br-],0.0,0.0,,6e-05,,,,,,,PSDI/NIST Critical Micelle Concentrations of Aqueous Surfactant Systems; Compound No. 99; name=HEXADECYL TRIMETHYLAMMONIUM BROMIDE; temperature=25; additives=1.0 EOM K CL; authors=COLI; reference=50012; original CMC=6.0 X10-5 M; DOI 10.6028/NBS.NSRDS.36; https://github.com/PSDI-UK/psdi-datasets,25
HEXADECYL TRIMETHYLAMMONIUM BROMIDE,CCCCCCCCCCCCCCCC[N+](C)(C)C.[Br-],0.0,0.0,,0.0002,,,,,,,PSDI/NIST Critical Micelle Concentrations of Aqueous Surfactant Systems; Compound No. 99; name=HEXADECYL TRIMETHYLAMMONIUM BROMIDE; temperature=25; additives=1.0 EOM K CL; authors=COLI; reference=50012; original CMC=2.0 X10-4 M; DOI 10.6028/NBS.NSRDS.36; https://github.com/PSDI-UK/psdi-datasets,25
HEXADECYL TRIMETHYLAMMONIUM BROMIDE,CCCCCCCCCCCCCCCC[N+](C)(C)C.[Br-],0.0,0.0,,2.03e-06,,,,,,,PSDI/NIST Critical Micelle Concentrations of Aqueous Surfactant Systems; Compound No. 99; name=HEXADECYL TRIMETHYLAMMONIUM BROMIDE; temperature=25; additives=1.0 EOM K CL; authors=COLI; reference=50012; original CMC=7.4 X10-5 D 2.03 X10-6 M; DOI 10.6028/NBS.NSRDS.36; https://github.com/PSDI-UK/psdi-datasets,25
HEXADECYL TRIMETHYLAMMONIUM BROMIDE,CCCCCCCCCCCCCCCC[N+](C)(C)C.[Br-],0.0,0.0,,9.6e-06,,,,,,,PSDI/NIST Critical Micelle Concentrations of Aqueous Surfactant Systems; Compound No. 99; name=HEXADECYL TRIMETHYLAMMONIUM BROMIDE; temperature=25; additives=1.0 EOM K CL; authors=COLI; reference=50012; original CMC=3.5 X10-4 D 9.60 X10-6 M; DOI 10.6028/NBS.NSRDS.36; https://github.com/PSDI-UK/psdi-datasets,25
HEXADECYL TRIMETHYLAMMONIUM BROMIDE,CCCCCCCCCCCCCCCC[N+](C)(C)C.[Br-],0.0,0.0,,1.78e-06,,,,,,,PSDI/NIST Critical Micelle Concentrations of Aqueous Surfactant Systems; Compound No. 99; name=HEXADECYL TRIMETHYLAMMONIUM BROMIDE; temperature=25; additives=1.0 E 0 M K NO3; authors=COLI; reference=50012; original CMC=6.5 X10-5 D 1.78 X10-6 M 2.03 X10-6 M; DOI 10.6028/NBS.NSRDS.36; https://github.com/PSDI-UK/psdi-datasets,25
HEXADECYL TRIMETHYLAMMONIUM BROMIDE,CCCCCCCCCCCCCCCC[N+](C)(C)C.[Br-],0.0,0.0,,6.31e-06,,,,,,,PSDI/NIST Critical Micelle Concentrations of Aqueous Surfactant Systems; Compound No. 99; name=HEXADECYL TRIMETHYLAMMONIUM BROMIDE; temperature=25; additives=1.0 E 0 M K N03; authors=COLI; reference=50012; original CMC=2.3 X10-4 D 6.31 X10-6 M 1.15 X10-5 M; DOI 10.6028/NBS.NSRDS.36; https://github.com/PSDI-UK/psdi-datasets,25
HEXADECYL TRIMETHYLAMMONIUM BROMIDE,CCCCCCCCCCCCCCCC[N+](C)(C)C.[Br-],0.0,0.0,,1.15e-05,,,,,,,PSDI/NIST Critical Micelle Concentrations of Aqueous Surfactant Systems; Compound No. 99; name=HEXADECYL TRIMETHYLAMMONIUM BROMIDE; temperature=25; additives=1.0 E 0 M K N03; authors=COLI; reference=50012; original CMC=2.3 X10-4 D 6.31 X10-6 M 1.15 X10-5 M; DOI 10.6028/NBS.NSRDS.36; https://github.com/PSDI-UK/psdi-datasets,25
HEXADECYL TRIMETHYLAMMONIUM BROMIDE,CCCCCCCCCCCCCCCC[N+](C)(C)C.[Br-],0.0,0.0,,5.76e-07,,,,,,,PSDI/NIST Critical Micelle Concentrations of Aqueous Surfactant Systems; Compound No. 99; name=HEXADECYL TRIMETHYLAMMONIUM BROMIDE; temperature=25; additives=1.0 EOM K OH; authors=COLI; reference=50012; original CMC=2.1 X10-5 D 5.76 X10-7 M; DOI 10.6028/NBS.NSRDS.36; https://github.com/PSDI-UK/psdi-datasets,25
HEXADECYL TRIMETHYLAMMONIUM BROMIDE,CCCCCCCCCCCCCCCC[N+](C)(C)C.[Br-],0.0,0.0,,3.56e-06,,,,,,,PSDI/NIST Critical Micelle Concentrations of Aqueous Surfactant Systems; Compound No. 99; name=HEXADECYL TRIMETHYLAMMONIUM BROMIDE; temperature=25; additives=1.0 0 M K OH; authors=COLI; reference=50012; original CMC=1.3 X10-4 D 3.56 X10-6 M; DOI 10.6028/NBS.NSRDS.36; https://github.com/PSDI-UK/psdi-datasets,25
HEXADECYL TRIMETHYLAMMONIUM BROMIDE,CCCCCCCCCCCCCCCC[N+](C)(C)C.[Br-],0.0,0.0,,4.5e-05,,,,,,,PSDI/NIST Critical Micelle Concentrations of Aqueous Surfactant Systems; Compound No. 99; name=HEXADECYL TRIMETHYLAMMONIUM BROMIDE; temperature=25; additives=2.5 E1C 0117; authors=SCHI; reference=66025; original CMC=4.5 X10-5 M; DOI 10.6028/NBS.NSRDS.36; https://github.com/PSDI-UK/psdi-datasets,25
HEXADECYL TRIMETHYLAMMONIUM BROMIDE,CCCCCCCCCCCCCCCC[N+](C)(C)C.[Br-],0.0,0.0,,1.4e-05,,,,,,,PSDI/NIST Critical Micelle Concentrations of Aqueous Surfactant Systems; Compound No. 99; name=HEXADECYL TRIMETHYLAMMONIUM BROMIDE; temperature=25; additives=5.0 E1C 0117; authors=SCHI; reference=66025; original CMC=1.4 X10-5 M; DOI 10.6028/NBS.NSRDS.36; https://github.com/PSDI-UK/psdi-datasets,25
HEXADECYL TRIMETHYLAMMONIUM BROMIDE,CCCCCCCCCCCCCCCC[N+](C)(C)C.[Br-],0.0,0.0,,3e-05,,,,,,,PSDI/NIST Critical Micelle Concentrations of Aqueous Surfactant Systems; Compound No. 99; name=HEXADECYL TRIMETHYLAMMONIUM BROMIDE; temperature=25; additives=2.5 E1C 0535; authors=SCHI; reference=66025; original CMC=3.0 X10-5 M; DOI 10.6028/NBS.NSRDS.36; https://github.com/PSDI-UK/psdi-datasets,25
HEXADECYL TRIMETHYLAMMONIUM BROMIDE,CCCCCCCCCCCCCCCC[N+](C)(C)C.[Br-],0.0,0.0,,1.3e-05,,,,,,,PSDI/NIST Critical Micelle Concentrations of Aqueous Surfactant Systems; Compound No. 99; name=HEXADECYL TRIMETHYLAMMONIUM BROMIDE; temperature=25; additives=5.0 E1C 0535; authors=SCHI; reference=66025; original CMC=1.3 X10-5 M; DOI 10.6028/NBS.NSRDS.36; https://github.com/PSDI-UK/psdi-datasets,25
HEXADECYL TRIMETHYLAMMONIUM BROMIDE,CCCCCCCCCCCCCCCC[N+](C)(C)C.[Br-],0.0,0.0,,2.19e-06,,,,,,,PSDI/NIST Critical Micelle Concentrations of Aqueous Surfactant Systems; Compound No. 99; name=HEXADECYL TRIMETHYLAMMONIUM BROMIDE; temperature=25; additives=5.0 EOM NH3 1. E-1 M NH4 CL; authors=COLI; reference=50012; original CMC=8.0 X10-5 D 2.19 X10-6 M; DOI 10.6028/NBS.NSRDS.36; https://github.com/PSDI-UK/psdi-datasets,25
HEXADECYL TRIMETHYLAMMONIUM BROMIDE,CCCCCCCCCCCCCCCC[N+](C)(C)C.[Br-],0.0,0.0,,4.11e-06,,,,,,,PSDI/NIST Critical Micelle Concentrations of Aqueous Surfactant Systems; Compound No. 99; name=HEXADECYL TRIMETHYLAMMONIUM BROMIDE; temperature=25; additives=5.0 E M NH3 1. E-1 M NH4 CL; authors=COLI; reference=50012; original CMC=1.5 X10-4 D 4.11 X10-6 M; DOI 10.6028/NBS.NSRDS.36; https://github.com/PSDI-UK/psdi-datasets,25
TETRADECYL PYRIDINIUM BROMIDE,CCCCCCCCCCCCCC[N+]1=CC=CC=C1.[Br-],0.0,0.0,,0.0029,,,,,,,PSDI/NIST Critical Micelle Concentrations of Aqueous Surfactant Systems; Compound No. 102; name=TETRADECYL PYRIDINIUM BROMIDE; temperature=25; additives=nan; authors=BENT SPAR; reference=66038; original CMC=2.9 X10-3 M; DOI 10.6028/NBS.NSRDS.36; https://github.com/PSDI-UK/psdi-datasets,25
HEXYL /OXYETHYLENE/ 3 ALCOHOL HOMOGENEOUS HEAD GROUP,CCCOCC(C)OCC(C)OCC(C)O,3.0,0.0,,0.1,,,,,,,PSDI/NIST Critical Micelle Concentrations of Aqueous Surfactant Systems; Compound No. 103; name=HEXYL /OXYETHYLENE/ 3 ALCOHOL HOMOGENEOUS HEAD GROUP; temperature=25; additives=nan; authors=CORK GOOD; reference=64003; original CMC=1.00 X10-1 M; DOI 10.6028/NBS.NSRDS.36; https://github.com/PSDI-UK/psdi-datasets,25
OCTYL /OXYETHYLENE/ 3 ALCOHOL HOMOGENEOUS HEAD GROUP,CCCCOCCOCCOCCOCCCC,3.0,0.0,,0.0075,,,,,,,PSDI/NIST Critical Micelle Concentrations of Aqueous Surfactant Systems; Compound No. 104; name=OCTYL /OXYETHYLENE/ 3 ALCOHOL HOMOGENEOUS HEAD GROUP; temperature=25; additives=nan; authors=CORK GOOD; reference=64003; original CMC=7.5 X10-3 M; DOI 10.6028/NBS.NSRDS.36; https://github.com/PSDI-UK/psdi-datasets,25
OCTYL /OXYETHYLENE/ 6 ALCOHOL HOMOGENEOUS HEAD GROUP,CCCCCCCCOCCOCCOCCOCCOCCOCCO,6.0,0.0,,0.0099,,,,,,,PSDI/NIST Critical Micelle Concentrations of Aqueous Surfactant Systems; Compound No. 105; name=OCTYL /OXYETHYLENE/ 6 ALCOHOL HOMOGENEOUS HEAD GROUP; temperature=25; additives=nan; authors=CORK GOOD; reference=64003; original CMC=9.9 X10-3 M; DOI 10.6028/NBS.NSRDS.36; https://github.com/PSDI-UK/psdi-datasets,25
OCTYL /OXYETHYLENE/ 6 ALCOHOL HOMOGENEOUS HEAD GROUP,CCCCCCCCOCCOCCOCCOCCOCCOCCO,6.0,0.0,,0.0098,,,,,,,PSDI/NIST Critical Micelle Concentrations of Aqueous Surfactant Systems; Compound No. 105; name=OCTYL /OXYETHYLENE/ 6 ALCOHOL HOMOGENEOUS HEAD GROUP; temperature=25; additives=nan; authors=GOOD OTTE; reference=61004; original CMC=9.8 X10-3 M; DOI 10.6028/NBS.NSRDS.36; https://github.com/PSDI-UK/psdi-datasets,25
OCTYL /OXYETHYLENE/ 9 ALCOHOL HOMOGENEOUS HEAD GROUP,CCCCCCCCC(=O)O.CCCCCCC(=O)O.CCCCC(=O)O.C(C(CO)(CO)CO)O,9.0,0.0,,0.013,,,,,,,PSDI/NIST Critical Micelle Concentrations of Aqueous Surfactant Systems; Compound No. 106; name=OCTYL /OXYETHYLENE/ 9 ALCOHOL HOMOGENEOUS HEAD GROUP; temperature=25; additives=nan; authors=CORK GOOD; reference=64003; original CMC=1.3 X10-2 M; DOI 10.6028/NBS.NSRDS.36; https://github.com/PSDI-UK/psdi-datasets,25
DECYL /OXYETHYLENE/ 3 ALCOHOL HOMOGENEOUS HEAD GROUP,CC(C)(C)OOC(C)(C)CCC(C)(C)OOC(C)(C)C,3.0,0.0,,0.0006,,,,,,,PSDI/NIST Critical Micelle Concentrations of Aqueous Surfactant Systems; Compound No. 107; name=DECYL /OXYETHYLENE/ 3 ALCOHOL HOMOGENEOUS HEAD GROUP; temperature=25; additives=nan; authors=CORK GOOD; reference=64003; original CMC=6.0 X10-4 M; DOI 10.6028/NBS.NSRDS.36; https://github.com/PSDI-UK/psdi-datasets,25
DECYL /OXYETHYLENE/ 6 ALCOHOL HOMOGENEOUS HEAD GROUP,CCCCCCCCCCOCCOCCOCCOCCOCCOCCO,6.0,0.0,,0.0009,,,,,,,PSDI/NIST Critical Micelle Concentrations of Aqueous Surfactant Systems; Compound No. 108; name=DECYL /OXYETHYLENE/ 6 ALCOHOL HOMOGENEOUS HEAD GROUP; temperature=25; additives=nan; authors=CORK GOOD; reference=64003; original CMC=9.0 X10-4 M; DOI 10.6028/NBS.NSRDS.36; https://github.com/PSDI-UK/psdi-datasets,25
DECYL /OXYETHYLENE/ 6 ALCOHOL HOMOGENEOUS HEAD GROUP,CCCCCCCCCCOCCOCCOCCOCCOCCOCCO,6.0,0.0,,0.0008991,,,,,,,PSDI/NIST Critical Micelle Concentrations of Aqueous Surfactant Systems; Compound No. 108; name=DECYL /OXYETHYLENE/ 6 ALCOHOL HOMOGENEOUS HEAD GROUP; temperature=25; additives=nan; authors=CORK GOOD; reference=64023; original CMC=3.80 X10-2 D 8.991X10-4 M; DOI 10.6028/NBS.NSRDS.36; https://github.com/PSDI-UK/psdi-datasets,25
DECYL /OXYETHYLENE/ 9 ALCOHOL HOMOGENEOUS HEAD GROUP,CCCCCCCCCCOCCOCCOCCOCCOCCOCCOCCOCCOCCO,9.0,0.0,,0.0013,,,,,,,PSDI/NIST Critical Micelle Concentrations of Aqueous Surfactant Systems; Compound No. 109; name=DECYL /OXYETHYLENE/ 9 ALCOHOL HOMOGENEOUS HEAD GROUP; temperature=25; additives=nan; authors=CORK GOOD; reference=64003; original CMC=1.3 X10-3 M; DOI 10.6028/NBS.NSRDS.36; https://github.com/PSDI-UK/psdi-datasets,25
DODECYL /OXYETHYLENE/ 6 ALCOHOL HOMOGENEOUS HEAD GROUP,CCCCCCCCCCCCOCCOCCOCCOCCOCCOCCO,6.0,0.0,,8.7e-05,,,,,,,PSDI/NIST Critical Micelle Concentrations of Aqueous Surfactant Systems; Compound No. 110; name=DODECYL /OXYETHYLENE/ 6 ALCOHOL HOMOGENEOUS HEAD GROUP; temperature=25; additives=nan; authors=GOOD OTTE; reference=61004; original CMC=8.7 X10-5 M; DOI 10.6028/NBS.NSRDS.36; https://github.com/PSDI-UK/psdi-datasets,25
LITHIUM DODECYL 1 SULFATE,[Li+].CCCCCCCCCCCCOS(=O)(=O)[O-],0.0,0.0,,0.0079,,,,,,,PSDI/NIST Critical Micelle Concentrations of Aqueous Surfactant Systems; Compound No. 111; name=LITHIUM DODECYL 1 SULFATE; temperature=25; additives=nan; authors=SCHI; reference=64020; original CMC=7.9 X10-3 M; DOI 10.6028/NBS.NSRDS.36; https://github.com/PSDI-UK/psdi-datasets,25
LITHIUM DODECYL 1 SULFATE,[Li+].CCCCCCCCCCCCOS(=O)(=O)[O-],0.0,0.0,,0.00877,,,,,,,PSDI/NIST Critical Micelle Concentrations of Aqueous Surfactant Systems; Compound No. 111; name=LITHIUM DODECYL 1 SULFATE; temperature=25; additives=nan; authors=MYSE PRIN; reference=59002; original CMC=8.77 X10-3 M; DOI 10.6028/NBS.NSRDS.36; https://github.com/PSDI-UK/psdi-datasets,25
LITHIUM DODECYL 1 SULFATE,[Li+].CCCCCCCCCCCCOS(=O)(=O)[O-],0.0,0.0,,0.00893,,,,,,,PSDI/NIST Critical Micelle Concentrations of Aqueous Surfactant Systems; Compound No. 111; name=LITHIUM DODECYL 1 SULFATE; temperature=25; additives=nan; authors=MYSE PRIN; reference=59002; original CMC=8.93 X10-3 M; DOI 10.6028/NBS.NSRDS.36; https://github.com/PSDI-UK/psdi-datasets,25
LITHIUM DODECYL 1 SULFATE,[Li+].CCCCCCCCCCCCOS(=O)(=O)[O-],0.0,0.0,,0.0082,,,,,,,PSDI/NIST Critical Micelle Concentrations of Aqueous Surfactant Systems; Compound No. 111; name=LITHIUM DODECYL 1 SULFATE; temperature=25; additives=2. EOM UREA; authors=SCHI; reference=64020; original CMC=8.2 X10-3 M; DOI 10.6028/NBS.NSRDS.36; https://github.com/PSDI-UK/psdi-datasets,25
LITHIUM DODECYL 1 SULFATE,[Li+].CCCCCCCCCCCCOS(=O)(=O)[O-],0.0,0.0,,0.0088,,,,,,,PSDI/NIST Critical Micelle Concentrations of Aqueous Surfactant Systems; Compound No. 111; name=LITHIUM DODECYL 1 SULFATE; temperature=25; additives=3. EOM UREA; authors=SCHI; reference=64020; original CMC=8.8 X10-3 M; DOI 10.6028/NBS.NSRDS.36; https://github.com/PSDI-UK/psdi-datasets,25
LITHIUM DODECYL 1 SULFATE,[Li+].CCCCCCCCCCCCOS(=O)(=O)[O-],0.0,0.0,,0.0094,,,,,,,PSDI/NIST Critical Micelle Concentrations of Aqueous Surfactant Systems; Compound No. 111; name=LITHIUM DODECYL 1 SULFATE; temperature=25; additives=4.5 EOM UREA; authors=SCHI; reference=64020; original CMC=9.4 X10-3 M; DOI 10.6028/NBS.NSRDS.36; https://github.com/PSDI-UK/psdi-datasets,25
DODECYL /OXYETHYLENE/7 ALCOHOL REDUCED POLYDISPERSION OF HEAD GROUPS,CCCCCCCCCCCCOCCOCCOCCOCCOCCOCCOCCO,7.0,0.0,,6.25e-05,,,,,,,PSDI/NIST Critical Micelle Concentrations of Aqueous Surfactant Systems; Compound No. 115; name=DODECYL /OXYETHYLENE/7 ALCOHOL REDUCED POLYDISPERSION OF HEAD GROUPS; temperature=25; additives=3. M UREA; authors=SCHI; reference=64020; original CMC=6.25 X10-5 M; DOI 10.6028/NBS.NSRDS.36; https://github.com/PSDI-UK/psdi-datasets,25
DODECYL /OXYETHYLENE/7 ALCOHOL REDUCED POLYDISPERSION OF HEAD GROUPS,CCCCCCCCCCCCOCCOCCOCCOCCOCCOCCOCCO,7.0,0.0,,0.000125,,,,,,,PSDI/NIST Critical Micelle Concentrations of Aqueous Surfactant Systems; Compound No. 115; name=DODECYL /OXYETHYLENE/7 ALCOHOL REDUCED POLYDISPERSION OF HEAD GROUPS; temperature=25; additives=6. M UREA; authors=SCHI; reference=64020; original CMC=1.25 X10-4 M; DOI 10.6028/NBS.NSRDS.36; https://github.com/PSDI-UK/psdi-datasets,25
DODECYL /OXYETHYLENE/7 ALCOHOL REDUCED POLYDISPERSION OF HEAD GROUPS,CCCCCCCCCCCCOCCOCCOCCOCCOCCOCCOCCO,7.0,0.0,,5e-05,,,,,,,PSDI/NIST Critical Micelle Concentrations of Aqueous Surfactant Systems; Compound No. 115; name=DODECYL /OXYETHYLENE/7 ALCOHOL REDUCED POLYDISPERSION OF HEAD GROUPS; temperature=25; additives=2.5 E1I 0001; authors=SCHI MANN; reference=66001; original CMC=5.0 X10-5 M; DOI 10.6028/NBS.NSRDS.36; https://github.com/PSDI-UK/psdi-datasets,25
DODECYL /OXYETHYLENE/7 ALCOHOL REDUCED POLYDISPERSION OF HEAD GROUPS,CCCCCCCCCCCCOCCOCCOCCOCCOCCOCCOCCO,7.0,0.0,,5.1e-05,,,,,,,PSDI/NIST Critical Micelle Concentrations of Aqueous Surfactant Systems; Compound No. 115; name=DODECYL /OXYETHYLENE/7 ALCOHOL REDUCED POLYDISPERSION OF HEAD GROUPS; temperature=25; additives=5.0 E1I 0001; authors=SCHI MANN; reference=66001; original CMC=5.1 X10-5 M; DOI 10.6028/NBS.NSRDS.36; https://github.com/PSDI-UK/psdi-datasets,25
DODECYL /OXYETHYLENE/7 ALCOHOL REDUCED POLYDISPERSION OF HEAD GROUPS,CCCCCCCCCCCCOCCOCCOCCOCCOCCOCCOCCO,7.0,0.0,,7.5e-05,,,,,,,PSDI/NIST Critical Micelle Concentrations of Aqueous Surfactant Systems; Compound No. 115; name=DODECYL /OXYETHYLENE/7 ALCOHOL REDUCED POLYDISPERSION OF HEAD GROUPS; temperature=25; additives=7.5 E1I 0001; authors=SCHI MANN; reference=66001; original CMC=7.5 X10-5 M; DOI 10.6028/NBS.NSRDS.36; https://github.com/PSDI-UK/psdi-datasets,25
DODECYL /OXYETHYLENE/7 ALCOHOL REDUCED POLYDISPERSION OF HEAD GROUPS,CCCCCCCCCCCCOCCOCCOCCOCCOCCOCCOCCO,7.0,0.0,,0.0002,,,,,,,PSDI/NIST Critical Micelle Concentrations of Aqueous Surfactant Systems; Compound No. 115; name=DODECYL /OXYETHYLENE/7 ALCOHOL REDUCED POLYDISPERSION OF HEAD GROUPS; temperature=25; additives=9.0 E1I 0001; authors=SCHI MANN; reference=66001; original CMC=2.0 X10-4 M; DOI 10.6028/NBS.NSRDS.36; https://github.com/PSDI-UK/psdi-datasets,25
SODIUM NONYL BENZENE SULFONATE BRANCHED HYDROCARBON CHAIN,CCCCCCCCCC1=CC=CC=C1S(=O)(=O)[O-].[Na+],0.0,0.0,,0.0157,,,,,,,PSDI/NIST Critical Micelle Concentrations of Aqueous Surfactant Systems; Compound No. 138; name=SODIUM NONYL BENZENE SULFONATE BRANCHED HYDROCARBON CHAIN; temperature=25; additives=nan; authors=GINN HARR; reference=60010; original CMC=1.57 X10-2 M; DOI 10.6028/NBS.NSRDS.36; https://github.com/PSDI-UK/psdi-datasets,25
SODIUM DODECYL BENZENE SULFONATE BRANCHED HYDROCARBON CHAIN,CCCCCCCCCCC(C)C1=CC=C(C=C1)S(=O)(=O)[O-].[Na+],0.0,0.0,,0.0048,,,,,,,PSDI/NIST Critical Micelle Concentrations of Aqueous Surfactant Systems; Compound No. 139; name=SODIUM DODECYL BENZENE SULFONATE BRANCHED HYDROCARBON CHAIN; temperature=25; additives=nan; authors=GINN KINN; reference=59009; original CMC=4.80 X10-3 M; DOI 10.6028/NBS.NSRDS.36; https://github.com/PSDI-UK/psdi-datasets,25
SODIUM DODECYL BENZENE SULFONATE BRANCHED HYDROCARBON CHAIN,CCCCCCCCCCC(C)C1=CC=C(C=C1)S(=O)(=O)[O-].[Na+],0.0,0.0,,0.005,,,,,,,PSDI/NIST Critical Micelle Concentrations of Aqueous Surfactant Systems; Compound No. 139; name=SODIUM DODECYL BENZENE SULFONATE BRANCHED HYDROCARBON CHAIN; temperature=25; additives=nan; authors=GINN HARR; reference=60010; original CMC=5.0 X10-3 M; DOI 10.6028/NBS.NSRDS.36; https://github.com/PSDI-UK/psdi-datasets,25
SODIUM DODECYL BENZENE SULFONATE BRANCHED HYDROCARBON CHAIN,CCCCCCCCCCC(C)C1=CC=C(C=C1)S(=O)(=O)[O-].[Na+],0.0,0.0,,0.0045,,,,,,,PSDI/NIST Critical Micelle Concentrations of Aqueous Surfactant Systems; Compound No. 139; name=SODIUM DODECYL BENZENE SULFONATE BRANCHED HYDROCARBON CHAIN; temperature=25; additives=1. E2I NA CL; authors=GINN KINN; reference=59009; original CMC=4.50 X10-3 M; DOI 10.6028/NBS.NSRDS.36; https://github.com/PSDI-UK/psdi-datasets,25
SODIUM DODECYL BENZENE SULFONATE BRANCHED HYDROCARBON CHAIN,CCCCCCCCCCC(C)C1=CC=C(C=C1)S(=O)(=O)[O-].[Na+],0.0,0.0,,0.00363,,,,,,,PSDI/NIST Critical Micelle Concentrations of Aqueous Surfactant Systems; Compound No. 139; name=SODIUM DODECYL BENZENE SULFONATE BRANCHED HYDROCARBON CHAIN; temperature=25; additives=4. E2I NA CL; authors=GINN KINN; reference=59009; original CMC=3.63 X10-3 M; DOI 10.6028/NBS.NSRDS.36; https://github.com/PSDI-UK/psdi-datasets,25
SODIUM DODECYL BENZENE SULFONATE BRANCHED HYDROCARBON CHAIN,CCCCCCCCCCC(C)C1=CC=C(C=C1)S(=O)(=O)[O-].[Na+],0.0,0.0,,0.004,,,,,,,PSDI/NIST Critical Micelle Concentrations of Aqueous Surfactant Systems; Compound No. 139; name=SODIUM DODECYL BENZENE SULFONATE BRANCHED HYDROCARBON CHAIN; temperature=25; additives=1. E2I NA2 C03; authors=GINN KINN; reference=59009; original CMC=4.00 X10-3 M; DOI 10.6028/NBS.NSRDS.36; https://github.com/PSDI-UK/psdi-datasets,25
SODIUM DODECYL BENZENE SULFONATE BRANCHED HYDROCARBON CHAIN,CCCCCCCCCCC(C)C1=CC=C(C=C1)S(=O)(=O)[O-].[Na+],0.0,0.0,,0.00215,,,,,,,PSDI/NIST Critical Micelle Concentrations of Aqueous Surfactant Systems; Compound No. 139; name=SODIUM DODECYL BENZENE SULFONATE BRANCHED HYDROCARBON CHAIN; temperature=25; additives=4. E2I NA2 CO3; authors=GINN KINN; reference=59009; original CMC=2.15 X10-3 M; DOI 10.6028/NBS.NSRDS.36; https://github.com/PSDI-UK/psdi-datasets,25
SODIUM DODECYL BENZENE SULFONATE BRANCHED HYDROCARBON CHAIN,CCCCCCCCCCC(C)C1=CC=C(C=C1)S(=O)(=O)[O-].[Na+],0.0,0.0,,0.0041,,,,,,,PSDI/NIST Critical Micelle Concentrations of Aqueous Surfactant Systems; Compound No. 139; name=SODIUM DODECYL BENZENE SULFONATE BRANCHED HYDROCARBON CHAIN; temperature=25; additives=1. E2I NA OH; authors=GINN KINN; reference=59009; original CMC=4.10 X10-3 M; DOI 10.6028/NBS.NSRDS.36; https://github.com/PSDI-UK/psdi-datasets,25
SODIUM DODECYL BENZENE SULFONATE BRANCHED HYDROCARBON CHAIN,CCCCCCCCCCC(C)C1=CC=C(C=C1)S(=O)(=O)[O-].[Na+],0.0,0.0,,0.003,,,,,,,PSDI/NIST Critical Micelle Concentrations of Aqueous Surfactant Systems; Compound No. 139; name=SODIUM DODECYL BENZENE SULFONATE BRANCHED HYDROCARBON CHAIN; temperature=25; additives=4. E2I NA OH; authors=GINN KINN; reference=59009; original CMC=3.00 X10-3 M; DOI 10.6028/NBS.NSRDS.36; https://github.com/PSDI-UK/psdi-datasets,25
SODIUM DODECYL BENZENE SULFONATE BRANCHED HYDROCARBON CHAIN,CCCCCCCCCCC(C)C1=CC=C(C=C1)S(=O)(=O)[O-].[Na+],0.0,0.0,,0.00346,,,,,,,PSDI/NIST Critical Micelle Concentrations of Aqueous Surfactant Systems; Compound No. 139; name=SODIUM DODECYL BENZENE SULFONATE BRANCHED HYDROCARBON CHAIN; temperature=25; additives=1. E2I NA4 P207 PYRO; authors=GINN KINN; reference=59009; original CMC=3.46 X10-3 M; DOI 10.6028/NBS.NSRDS.36; https://github.com/PSDI-UK/psdi-datasets,25
SODIUM DODECYL BENZENE SULFONATE BRANCHED HYDROCARBON CHAIN,CCCCCCCCCCC(C)C1=CC=C(C=C1)S(=O)(=O)[O-].[Na+],0.0,0.0,,0.00214,,,,,,,PSDI/NIST Critical Micelle Concentrations of Aqueous Surfactant Systems; Compound No. 139; name=SODIUM DODECYL BENZENE SULFONATE BRANCHED HYDROCARBON CHAIN; temperature=25; additives=4. E2I NA4 P207 PYRO; authors=GINN KINN; reference=59009; original CMC=2.14 X10-3 M; DOI 10.6028/NBS.NSRDS.36; https://github.com/PSDI-UK/psdi-datasets,25
SODIUM DODECYL BENZENE SULFONATE BRANCHED HYDROCARBON CHAIN,CCCCCCCCCCC(C)C1=CC=C(C=C1)S(=O)(=O)[O-].[Na+],0.0,0.0,,0.00365,,,,,,,PSDI/NIST Critical Micelle Concentrations of Aqueous Surfactant Systems; Compound No. 139; name=SODIUM DODECYL BENZENE SULFONATE BRANCHED HYDROCARBON CHAIN; temperature=25; additives=1. E2I NA P04; authors=GINN KINN; reference=59009; original CMC=3.65 X10-3 M; DOI 10.6028/NBS.NSRDS.36; https://github.com/PSDI-UK/psdi-datasets,25
SODIUM DODECYL BENZENE SULFONATE BRANCHED HYDROCARBON CHAIN,CCCCCCCCCCC(C)C1=CC=C(C=C1)S(=O)(=O)[O-].[Na+],0.0,0.0,,0.00212,,,,,,,PSDI/NIST Critical Micelle Concentrations of Aqueous Surfactant Systems; Compound No. 139; name=SODIUM DODECYL BENZENE SULFONATE BRANCHED HYDROCARBON CHAIN; temperature=25; additives=4. E2I NA P04; authors=GINN KINN; reference=59009; original CMC=2.12 X10-3 M; DOI 10.6028/NBS.NSRDS.36; https://github.com/PSDI-UK/psdi-datasets,25
SODIUM DODECYL BENZENE SULFONATE BRANCHED HYDROCARBON CHAIN,CCCCCCCCCCC(C)C1=CC=C(C=C1)S(=O)(=O)[O-].[Na+],0.0,0.0,,0.00288,,,,,,,PSDI/NIST Critical Micelle Concentrations of Aqueous Surfactant Systems; Compound No. 139; name=SODIUM DODECYL BENZENE SULFONATE BRANCHED HYDROCARBON CHAIN; temperature=25; additives=1. E2I NA14 P12037 POLY; authors=GINN KINN; reference=59009; original CMC=2.88 X10-3 M; DOI 10.6028/NBS.NSRDS.36; https://github.com/PSDI-UK/psdi-datasets,25
SODIUM DODECYL BENZENE SULFONATE BRANCHED HYDROCARBON CHAIN,CCCCCCCCCCC(C)C1=CC=C(C=C1)S(=O)(=O)[O-].[Na+],0.0,0.0,,0.00155,,,,,,,PSDI/NIST Critical Micelle Concentrations of Aqueous Surfactant Systems; Compound No. 139; name=SODIUM DODECYL BENZENE SULFONATE BRANCHED HYDROCARBON CHAIN; temperature=25; additives=4. E2I NA14 P12037 POLY; authors=GINN KINN; reference=59009; original CMC=1.55 X10-3 M; DOI 10.6028/NBS.NSRDS.36; https://github.com/PSDI-UK/psdi-datasets,25
SODIUM DODECYL BENZENE SULFONATE BRANCHED HYDROCARBON CHAIN,CCCCCCCCCCC(C)C1=CC=C(C=C1)S(=O)(=O)[O-].[Na+],0.0,0.0,,0.0019,,,,,,,PSDI/NIST Critical Micelle Concentrations of Aqueous Surfactant Systems; Compound No. 139; name=SODIUM DODECYL BENZENE SULFONATE BRANCHED HYDROCARBON CHAIN; temperature=25; additives=1. NA53 P500154 POLY; authors=GINN KINN; reference=59009; original CMC=1.90 X10-3 M; DOI 10.6028/NBS.NSRDS.36; https://github.com/PSDI-UK/psdi-datasets,25
SODIUM DODECYL BENZENE SULFONATE BRANCHED HYDROCARBON CHAIN,CCCCCCCCCCC(C)C1=CC=C(C=C1)S(=O)(=O)[O-].[Na+],0.0,0.0,,0.00216,,,,,,,PSDI/NIST Critical Micelle Concentrations of Aqueous Surfactant Systems; Compound No. 139; name=SODIUM DODECYL BENZENE SULFONATE BRANCHED HYDROCARBON CHAIN; temperature=25; additives=4. E2I NA2 SI03 META; authors=GINN KINN; reference=59009; original CMC=2.16 X10-3 M; DOI 10.6028/NBS.NSRDS.36; https://github.com/PSDI-UK/psdi-datasets,25
SODIUM DODECYL BENZENE SULFONATE BRANCHED HYDROCARBON CHAIN,CCCCCCCCCCC(C)C1=CC=C(C=C1)S(=O)(=O)[O-].[Na+],0.0,0.0,,0.00333,,,,,,,PSDI/NIST Critical Micelle Concentrations of Aqueous Surfactant Systems; Compound No. 139; name=SODIUM DODECYL BENZENE SULFONATE BRANCHED HYDROCARBON CHAIN; temperature=25; additives=1. E2I NA5 P3010 TRIPOLY; authors=GINN KINN; reference=59009; original CMC=3.33 X10-3 M; DOI 10.6028/NBS.NSRDS.36; https://github.com/PSDI-UK/psdi-datasets,25
SODIUM DODECYL BENZENE SULFONATE BRANCHED HYDROCARBON CHAIN,CCCCCCCCCCC(C)C1=CC=C(C=C1)S(=O)(=O)[O-].[Na+],0.0,0.0,,0.0022,,,,,,,PSDI/NIST Critical Micelle Concentrations of Aqueous Surfactant Systems; Compound No. 139; name=SODIUM DODECYL BENZENE SULFONATE BRANCHED HYDROCARBON CHAIN; temperature=25; additives=4. E2I NA5 P3010 TRIPOLY; authors=GINN KINN; reference=59009; original CMC=2.20 X10-3 M; DOI 10.6028/NBS.NSRDS.36; https://github.com/PSDI-UK/psdi-datasets,25
SODIUM DECYL BENZENE SULFONATE BRANCHED HYDROCARBON CHAIN,CCCCCCCCCCC1=CC=C(C=C1)S(=O)(=O)[O-].[Na+],0.0,0.0,,0.0041,,,,,,,PSDI/NIST Critical Micelle Concentrations of Aqueous Surfactant Systems; Compound No. 140; name=SODIUM DECYL BENZENE SULFONATE BRANCHED HYDROCARBON CHAIN; temperature=25; additives=nan; authors=GINN HARR; reference=60010; original CMC=4.1 X10-3 M; DOI 10.6028/NBS.NSRDS.36; https://github.com/PSDI-UK/psdi-datasets,25
SODIUM TRIDECYL BENZENE SULFONATE BRANCHED HYDROCARBON CHAIN,CCCCCCCCCCCCCC1=CC=C(C=C1)S(=O)(=O)[O-].[Na+],0.0,0.0,,0.0013,,,,,,,PSDI/NIST Critical Micelle Concentrations of Aqueous Surfactant Systems; Compound No. 141; name=SODIUM TRIDECYL BENZENE SULFONATE BRANCHED HYDROCARBON CHAIN; temperature=25; additives=nan; authors=GINN HARR; reference=60010; original CMC=1.3 X10-3 M; DOI 10.6028/NBS.NSRDS.36; https://github.com/PSDI-UK/psdi-datasets,25
SODIUM PENTADECYL BENZENE SULFONATE BRANCHED HYDROCARBON CHAIN,CCCCCCCCCCCCCCCC1=CC=CC=C1S(=O)(=O)[O-].[Na+],0.0,0.0,,0.00044,,,,,,,PSDI/NIST Critical Micelle Concentrations of Aqueous Surfactant Systems; Compound No. 142; name=SODIUM PENTADECYL BENZENE SULFONATE BRANCHED HYDROCARBON CHAIN; temperature=25; additives=nan; authors=GINN HARR; reference=60010; original CMC=4.4 X10-4 M; DOI 10.6028/NBS.NSRDS.36; https://github.com/PSDI-UK/psdi-datasets,25
"NONYL BENZENE /OXYETHYLENE/ 20.0 ALCOHOL BRANCHED CHAIN, NATURAL 0E DISTRIBUTION",CCCCCCCCCC1=CC=C(C=C1)OCCOCCOCCOCCOCCOCCOCCOCCOCCOCCOCCOCCOCCOCCOCCOCCOCCOCCOCCOCCO,20.0,0.0,,0.000155,,,,,,,"PSDI/NIST Critical Micelle Concentrations of Aqueous Surfactant Systems; Compound No. 156; name=NONYL BENZENE /OXYETHYLENE/ 20.0 ALCOHOL BRANCHED CHAIN, NATURAL 0E DISTRIBUTION; temperature=25; additives=nan; authors=HSIA DUNN; reference=56014; original CMC=1.55 X10-4 M; DOI 10.6028/NBS.NSRDS.36; https://github.com/PSDI-UK/psdi-datasets",25
"NONYL BENZENE /OXYETHYLENE/ 20.0 ALCOHOL BRANCHED CHAIN, NATURAL 0E DISTRIBUTION",CCCCCCCCCC1=CC=C(C=C1)OCCOCCOCCOCCOCCOCCOCCOCCOCCOCCOCCOCCOCCOCCOCCOCCOCCOCCOCCOCCO,20.0,0.0,,7.8e-05,,,,,,,"PSDI/NIST Critical Micelle Concentrations of Aqueous Surfactant Systems; Compound No. 156; name=NONYL BENZENE /OXYETHYLENE/ 20.0 ALCOHOL BRANCHED CHAIN, NATURAL 0E DISTRIBUTION; temperature=25; additives=8.6 E-1 M NA CL; authors=HSIA DUNN; reference=-56014; original CMC=7.8 X10-5 M; DOI 10.6028/NBS.NSRDS.36; https://github.com/PSDI-UK/psdi-datasets",25
"NONYL BENZENE /OXYETHYLENE/ 15 ALCOHOL BRANCHED CHAIN, NATURAL 0E DISTRIBUTION",CCCCCCCCCC1=CC=CC=C1OCCOCCOCCOCCOCCOCCOCCOCCOCCOCCOCCOCCOCCOCCOCCO,15.0,0.0,,0.00012,,,,,,,"PSDI/NIST Critical Micelle Concentrations of Aqueous Surfactant Systems; Compound No. 168; name=NONYL BENZENE /OXYETHYLENE/ 15 ALCOHOL BRANCHED CHAIN, NATURAL 0E DISTRIBUTION; temperature=25; additives=nan; authors=HSIA DUNN; reference=56014; original CMC=1.2 X10-4 M; DOI 10.6028/NBS.NSRDS.36; https://github.com/PSDI-UK/psdi-datasets",25
"NONYL BENZENE /OXYETHYLENE/ 15 ALCOHOL BRANCHED CHAIN, NATURAL 0E DISTRIBUTION",CCCCCCCCCC1=CC=CC=C1OCCOCCOCCOCCOCCOCCOCCOCCOCCOCCOCCOCCOCCOCCOCCO,15.0,0.0,,0.00015,,,,,,,"PSDI/NIST Critical Micelle Concentrations of Aqueous Surfactant Systems; Compound No. 168; name=NONYL BENZENE /OXYETHYLENE/ 15 ALCOHOL BRANCHED CHAIN, NATURAL 0E DISTRIBUTION; temperature=25; additives=3.1 EOM H CL; authors=HSIA DUNN; reference=56014; original CMC=1.50 X10-4 M; DOI 10.6028/NBS.NSRDS.36; https://github.com/PSDI-UK/psdi-datasets",25
"NONYL BENZENE /OXYETHYLENE/ 15 ALCOHOL BRANCHED CHAIN, NATURAL 0E DISTRIBUTION",CCCCCCCCCC1=CC=CC=C1OCCOCCOCCOCCOCCOCCOCCOCCOCCOCCOCCOCCOCCOCCOCCO,15.0,0.0,,0.00013,,,,,,,"PSDI/NIST Critical Micelle Concentrations of Aqueous Surfactant Systems; Compound No. 168; name=NONYL BENZENE /OXYETHYLENE/ 15 ALCOHOL BRANCHED CHAIN, NATURAL 0E DISTRIBUTION; temperature=25; additives=8.6 E-1 M H N03; authors=HSIA DUNN; reference=56014; original CMC=1.30 X10-4 M; DOI 10.6028/NBS.NSRDS.36; https://github.com/PSDI-UK/psdi-datasets",25
"NONYL BENZENE /OXYETHYLENE/ 15 ALCOHOL BRANCHED CHAIN, NATURAL 0E DISTRIBUTION",CCCCCCCCCC1=CC=CC=C1OCCOCCOCCOCCOCCOCCOCCOCCOCCOCCOCCOCCOCCOCCOCCO,15.0,0.0,,0.00029,,,,,,,"PSDI/NIST Critical Micelle Concentrations of Aqueous Surfactant Systems; Compound No. 168; name=NONYL BENZENE /OXYETHYLENE/ 15 ALCOHOL BRANCHED CHAIN, NATURAL 0E DISTRIBUTION; temperature=25; additives=3.1 EOM H N03; authors=HSIA DUNN; reference=56014; original CMC=2.90 X10-4 M; DOI 10.6028/NBS.NSRDS.36; https://github.com/PSDI-UK/psdi-datasets",25
"NONYL BENZENE /OXYETHYLENE/ 15 ALCOHOL BRANCHED CHAIN, NATURAL 0E DISTRIBUTION",CCCCCCCCCC1=CC=CC=C1OCCOCCOCCOCCOCCOCCOCCOCCOCCOCCOCCOCCOCCOCCOCCO,15.0,0.0,,0.0001,,,,,,,"PSDI/NIST Critical Micelle Concentrations of Aqueous Surfactant Systems; Compound No. 168; name=NONYL BENZENE /OXYETHYLENE/ 15 ALCOHOL BRANCHED CHAIN, NATURAL 0E DISTRIBUTION; temperature=25; additives=5. E-1 M NA BR; authors=HSIA DUNN; reference=56014; original CMC=1.00 X10-4 M; DOI 10.6028/NBS.NSRDS.36; https://github.com/PSDI-UK/psdi-datasets",25
"NONYL BENZENE /OXYETHYLENE/ 15 ALCOHOL BRANCHED CHAIN, NATURAL 0E DISTRIBUTION",CCCCCCCCCC1=CC=CC=C1OCCOCCOCCOCCOCCOCCOCCOCCOCCOCCOCCOCCOCCOCCOCCO,15.0,0.0,,7.6e-05,,,,,,,"PSDI/NIST Critical Micelle Concentrations of Aqueous Surfactant Systems; Compound No. 168; name=NONYL BENZENE /OXYETHYLENE/ 15 ALCOHOL BRANCHED CHAIN, NATURAL 0E DISTRIBUTION; temperature=25; additives=5. E-1 M NA BR03; authors=HSIA DUNN; reference=56014; original CMC=7.6 X10-5 M; DOI 10.6028/NBS.NSRDS.36; https://github.com/PSDI-UK/psdi-datasets",25
"NONYL BENZENE /OXYETHYLENE/ 15 ALCOHOL BRANCHED CHAIN, NATURAL 0E DISTRIBUTION",CCCCCCCCCC1=CC=CC=C1OCCOCCOCCOCCOCCOCCOCCOCCOCCOCCOCCOCCOCCOCCOCCO,15.0,0.0,,8.4e-05,,,,,,,"PSDI/NIST Critical Micelle Concentrations of Aqueous Surfactant Systems; Compound No. 168; name=NONYL BENZENE /OXYETHYLENE/ 15 ALCOHOL BRANCHED CHAIN, NATURAL 0E DISTRIBUTION; temperature=25; additives=5. E-1 M NA CL; authors=HSIA DUNN; reference=56014; original CMC=8.4 X10-5 M; DOI 10.6028/NBS.NSRDS.36; https://github.com/PSDI-UK/psdi-datasets",25
"NONYL BENZENE /OXYETHYLENE/ 15 ALCOHOL BRANCHED CHAIN, NATURAL 0E DISTRIBUTION",CCCCCCCCCC1=CC=CC=C1OCCOCCOCCOCCOCCOCCOCCOCCOCCOCCOCCOCCOCCOCCOCCO,15.0,0.0,,5.1e-05,,,,,,,"PSDI/NIST Critical Micelle Concentrations of Aqueous Surfactant Systems; Compound No. 168; name=NONYL BENZENE /OXYETHYLENE/ 15 ALCOHOL BRANCHED CHAIN, NATURAL 0E DISTRIBUTION; temperature=25; additives=8.6 E-1 M NA CL; authors=HSIA DUNN; reference=56014; original CMC=5.1 X10-5 M; DOI 10.6028/NBS.NSRDS.36; https://github.com/PSDI-UK/psdi-datasets",25
"NONYL BENZENE /OXYETHYLENE/ 15 ALCOHOL BRANCHED CHAIN, NATURAL 0E DISTRIBUTION",CCCCCCCCCC1=CC=CC=C1OCCOCCOCCOCCOCCOCCOCCOCCOCCOCCOCCOCCOCCOCCOCCO,15.0,0.0,,0.000108,,,,,,,"PSDI/NIST Critical Micelle Concentrations of Aqueous Surfactant Systems; Compound No. 168; name=NONYL BENZENE /OXYETHYLENE/ 15 ALCOHOL BRANCHED CHAIN, NATURAL 0E DISTRIBUTION; temperature=25; additives=5. E-1 M NA I; authors=HSIA DUNN; reference=56014; original CMC=1.08 X10-4 M; DOI 10.6028/NBS.NSRDS.36; https://github.com/PSDI-UK/psdi-datasets",25
"NONYL BENZENE /OXYETHYLENE/ 15 ALCOHOL BRANCHED CHAIN, NATURAL 0E DISTRIBUTION",CCCCCCCCCC1=CC=CC=C1OCCOCCOCCOCCOCCOCCOCCOCCOCCOCCOCCOCCOCCOCCOCCO,15.0,0.0,,9.7e-05,,,,,,,"PSDI/NIST Critical Micelle Concentrations of Aqueous Surfactant Systems; Compound No. 168; name=NONYL BENZENE /OXYETHYLENE/ 15 ALCOHOL BRANCHED CHAIN, NATURAL 0E DISTRIBUTION; temperature=25; additives=5. E-1 M NA N03; authors=HSIA DUNN; reference=56014; original CMC=9.7 X10-5 M; DOI 10.6028/NBS.NSRDS.36; https://github.com/PSDI-UK/psdi-datasets",25
SODIUM 2-N-DODECYL BENZENE SULFONATE,CCCCCCCCCCC(C)C1=CC=C(C=C1)S(=O)(=O)[O-].[Na+],0.0,0.0,,0.00119,,,,,,,PSDI/NIST Critical Micelle Concentrations of Aqueous Surfactant Systems; Compound No. 171; name=SODIUM 2-N-DODECYL BENZENE SULFONATE; temperature=25; additives=nan; authors=LUDL; reference=56005; original CMC=1.19 X10-3 M; DOI 10.6028/NBS.NSRDS.36; https://github.com/PSDI-UK/psdi-datasets,25
SODIUM 2-N-DODECYL BENZENE SULFONATE,CCCCCCCCCCC(C)C1=CC=C(C=C1)S(=O)(=O)[O-].[Na+],0.0,0.0,,0.00209,,,,,,,PSDI/NIST Critical Micelle Concentrations of Aqueous Surfactant Systems; Compound No. 171; name=SODIUM 2-N-DODECYL BENZENE SULFONATE; temperature=25; additives=nan; authors=SCHI FOWK; reference=57014; original CMC=7.3 X10-2 D 2.09 X10-3 M; DOI 10.6028/NBS.NSRDS.36; https://github.com/PSDI-UK/psdi-datasets,25
SODIUM 2-N-DODECYL BENZENE SULFONATE,CCCCCCCCCCC(C)C1=CC=C(C=C1)S(=O)(=O)[O-].[Na+],0.0,0.0,,0.00186,,,,,,,PSDI/NIST Critical Micelle Concentrations of Aqueous Surfactant Systems; Compound No. 171; name=SODIUM 2-N-DODECYL BENZENE SULFONATE; temperature=25; additives=nan; authors=SCHI FOWK; reference=57014; original CMC=6.5 X10-2 D 1.86 X10-3 M; DOI 10.6028/NBS.NSRDS.36; https://github.com/PSDI-UK/psdi-datasets,25
SODIUM DODECANE 1-SULFONATE,CCCCCCCCCCCCS(=O)(=O)[O-].[Na+],0.0,0.0,,0.0098,,,,,,,PSDI/NIST Critical Micelle Concentrations of Aqueous Surfactant Systems; Compound No. 179; name=SODIUM DODECANE 1-SULFONATE; temperature=25; additives=nan; authors=BUJA GODD; reference=65007; original CMC=9.8 X10-3 M; DOI 10.6028/NBS.NSRDS.36; https://github.com/PSDI-UK/psdi-datasets,25
SODIUM OCTYL 1-SULFONATE,CCCCCCCCS(=O)(=O)[O-].[Na+],0.0,0.0,,0.14,,,,,,,PSDI/NIST Critical Micelle Concentrations of Aqueous Surfactant Systems; Compound No. 181; name=SODIUM OCTYL 1-SULFONATE; temperature=25; additives=nan; authors=LELO TART; reference=51003; original CMC=1.4 X10-1 M; DOI 10.6028/NBS.NSRDS.36; https://github.com/PSDI-UK/psdi-datasets,25
SODIUM OCTYL 1-SULFONATE,CCCCCCCCS(=O)(=O)[O-].[Na+],0.0,0.0,,0.155,,,,,,,PSDI/NIST Critical Micelle Concentrations of Aqueous Surfactant Systems; Compound No. 181; name=SODIUM OCTYL 1-SULFONATE; temperature=25; additives=nan; authors=KLEV; reference=48005; original CMC=1.55 X10-1 M; DOI 10.6028/NBS.NSRDS.36; https://github.com/PSDI-UK/psdi-datasets,25
SODIUM OCTYL 1-SULFONATE,CCCCCCCCS(=O)(=O)[O-].[Na+],0.0,0.0,,0.153,,,,,,,PSDI/NIST Critical Micelle Concentrations of Aqueous Surfactant Systems; Compound No. 181; name=SODIUM OCTYL 1-SULFONATE; temperature=25; additives=nan; authors=KLEV; reference=47004; original CMC=1.53 X10-1 M; DOI 10.6028/NBS.NSRDS.36; https://github.com/PSDI-UK/psdi-datasets,25
SODIUM OCTYL 1-SULFONATE,CCCCCCCCS(=O)(=O)[O-].[Na+],0.0,0.0,,0.145,,,,,,,PSDI/NIST Critical Micelle Concentrations of Aqueous Surfactant Systems; Compound No. 181; name=SODIUM OCTYL 1-SULFONATE; temperature=25; additives=nan; authors=KLEV; reference=47004; original CMC=1.45 X10-1 M; DOI 10.6028/NBS.NSRDS.36; https://github.com/PSDI-UK/psdi-datasets,25
SODIUM DECYL 1-SULFONATE,CCCCCCCCCCS(=O)(=O)[O-].[Na+],0.0,0.0,,0.038,,,,,,,PSDI/NIST Critical Micelle Concentrations of Aqueous Surfactant Systems; Compound No. 182; name=SODIUM DECYL 1-SULFONATE; temperature=25; additives=nan; authors=KLEV; reference=50003; original CMC=3.8 X10-2 M; DOI 10.6028/NBS.NSRDS.36; https://github.com/PSDI-UK/psdi-datasets,25
SODIUM DECYL 1-SULFONATE,CCCCCCCCCCS(=O)(=O)[O-].[Na+],0.0,0.0,,0.042,,,,,,,PSDI/NIST Critical Micelle Concentrations of Aqueous Surfactant Systems; Compound No. 182; name=SODIUM DECYL 1-SULFONATE; temperature=25; additives=nan; authors=KLEV; reference=47004; original CMC=4.2 X10-2 M; DOI 10.6028/NBS.NSRDS.36; https://github.com/PSDI-UK/psdi-datasets,25
SODIUM DECYL 1-SULFONATE,CCCCCCCCCCS(=O)(=O)[O-].[Na+],0.0,0.0,,0.041,,,,,,,PSDI/NIST Critical Micelle Concentrations of Aqueous Surfactant Systems; Compound No. 182; name=SODIUM DECYL 1-SULFONATE; temperature=25; additives=nan; authors=KLEV; reference=47005; original CMC=4.1 X10-2 M; DOI 10.6028/NBS.NSRDS.36; https://github.com/PSDI-UK/psdi-datasets,25
SODIUM DECYL 1-SULFONATE,CCCCCCCCCCS(=O)(=O)[O-].[Na+],0.0,0.0,,0.034,,,,,,,PSDI/NIST Critical Micelle Concentrations of Aqueous Surfactant Systems; Compound No. 182; name=SODIUM DECYL 1-SULFONATE; temperature=25; additives=2.2 E-1 P BENZENE; authors=KLEV; reference=50003; original CMC=3.4 X10-2 M; DOI 10.6028/NBS.NSRDS.36; https://github.com/PSDI-UK/psdi-datasets,25
POTASSIUM HEXANOATE,CCCCCC(=O)[O-].[K+],0.0,0.0,,1.55,,,,,,,PSDI/NIST Critical Micelle Concentrations of Aqueous Surfactant Systems; Compound No. 188; name=POTASSIUM HEXANOATE; temperature=25; additives=nan; authors=KLEV; reference=48005; original CMC=1.55 X10 0 M; DOI 10.6028/NBS.NSRDS.36; https://github.com/PSDI-UK/psdi-datasets,25
POTASSIUM HEXANOATE,CCCCCC(=O)[O-].[K+],0.0,0.0,,1.68,,,,,,,PSDI/NIST Critical Micelle Concentrations of Aqueous Surfactant Systems; Compound No. 188; name=POTASSIUM HEXANOATE; temperature=25; additives=nan; authors=KLEV; reference=58011; original CMC=1.68 X10 0 M; DOI 10.6028/NBS.NSRDS.36; https://github.com/PSDI-UK/psdi-datasets,25
POTASSIUM HEXANOATE,CCCCCC(=O)[O-].[K+],0.0,0.0,,1.6,,,,,,,PSDI/NIST Critical Micelle Concentrations of Aqueous Surfactant Systems; Compound No. 188; name=POTASSIUM HEXANOATE; temperature=25; additives=2. E I K OH; authors=SHIN; reference=54005; original CMC=1.60 X10 0 M; DOI 10.6028/NBS.NSRDS.36; https://github.com/PSDI-UK/psdi-datasets,25
POTASSIUM HEXANOATE,CCCCCC(=O)[O-].[K+],0.0,0.0,,1.22,,,,,,,PSDI/NIST Critical Micelle Concentrations of Aqueous Surfactant Systems; Compound No. 188; name=POTASSIUM HEXANOATE; temperature=25; additives=5. E-5 N PINACYANOL CL (DYE); authors=HERZ; reference=52015; original CMC=1.22 X10 0 M; DOI 10.6028/NBS.NSRDS.36; https://github.com/PSDI-UK/psdi-datasets,25
POTASSIUM HEXANOATE,CCCCCC(=O)[O-].[K+],0.0,0.0,,1.49,,,,,,,PSDI/NIST Critical Micelle Concentrations of Aqueous Surfactant Systems; Compound No. 188; name=POTASSIUM HEXANOATE; temperature=25; additives=1. E-4 N PINACYANOL CL (DYE); authors=HERZ; reference=52015; original CMC=1.49 X10 0 M; DOI 10.6028/NBS.NSRDS.36; https://github.com/PSDI-UK/psdi-datasets,25
POTASSIUM HEXANOATE,CCCCCC(=O)[O-].[K+],0.0,0.0,,1.0,,,,,,,PSDI/NIST Critical Micelle Concentrations of Aqueous Surfactant Systems; Compound No. 188; name=POTASSIUM HEXANOATE; temperature=25; additives=1. E-4 N PINACYANOL CL (DYE); authors=HERZ; reference=52015; original CMC=1.0 X10 0 M; DOI 10.6028/NBS.NSRDS.36; https://github.com/PSDI-UK/psdi-datasets,25
POTASSIUM HEXANOATE,CCCCCC(=O)[O-].[K+],0.0,0.0,,1.48,,,,,,,PSDI/NIST Critical Micelle Concentrations of Aqueous Surfactant Systems; Compound No. 188; name=POTASSIUM HEXANOATE; temperature=25; additives=2. E-4 N PINACYANOL CL (DYE); authors=HERZ; reference=52015; original CMC=1.48 X10 0 M; DOI 10.6028/NBS.NSRDS.36; https://github.com/PSDI-UK/psdi-datasets,25
POTASSIUM HEXANOATE,CCCCCC(=O)[O-].[K+],0.0,0.0,,1.28,,,,,,,PSDI/NIST Critical Micelle Concentrations of Aqueous Surfactant Systems; Compound No. 188; name=POTASSIUM HEXANOATE; temperature=25; additives=5.1 C 0044 2. E 0 I K OH; authors=SHIN; reference=54005; original CMC=1.28 X10 0 M; DOI 10.6028/NBS.NSRDS.36; https://github.com/PSDI-UK/psdi-datasets,25
POTASSIUM HEXANOATE,CCCCCC(=O)[O-].[K+],0.0,0.0,,1.05,,,,,,,PSDI/NIST Critical Micelle Concentrations of Aqueous Surfactant Systems; Compound No. 188; name=POTASSIUM HEXANOATE; temperature=25; additives=1.27 E 1 0 0044 2. EOI K OH; authors=SHIN; reference=54005; original CMC=1.05 X10 0 M; DOI 10.6028/NBS.NSRDS.36; https://github.com/PSDI-UK/psdi-datasets,25
POTASSIUM HEXANOATE,CCCCCC(=O)[O-].[K+],0.0,0.0,,0.8,,,,,,,PSDI/NIST Critical Micelle Concentrations of Aqueous Surfactant Systems; Compound No. 188; name=POTASSIUM HEXANOATE; temperature=25; additives=2.48 E1C 0044 2. EOI K OH; authors=SHIN; reference=54005; original CMC=8.0 X10-1 M; DOI 10.6028/NBS.NSRDS.36; https://github.com/PSDI-UK/psdi-datasets,25
POTASSIUM HEXANOATE,CCCCCC(=O)[O-].[K+],0.0,0.0,,0.6,,,,,,,PSDI/NIST Critical Micelle Concentrations of Aqueous Surfactant Systems; Compound No. 188; name=POTASSIUM HEXANOATE; temperature=25; additives=4.58 E 1 C 0044 2. E O I K OH; authors=SHIN; reference=54005; original CMC=6.0 X10-1 M; DOI 10.6028/NBS.NSRDS.36; https://github.com/PSDI-UK/psdi-datasets,25
POTASSIUM HEXANOATE,CCCCCC(=O)[O-].[K+],0.0,0.0,,0.49,,,,,,,PSDI/NIST Critical Micelle Concentrations of Aqueous Surfactant Systems; Compound No. 188; name=POTASSIUM HEXANOATE; temperature=25; additives=6.92 E1C 0044 2. E 0 1 I K OH; authors=SHIN; reference=54005; original CMC=4.9 X10-1 M; DOI 10.6028/NBS.NSRDS.36; https://github.com/PSDI-UK/psdi-datasets,25
POTASSIUM HEXANOATE,CCCCCC(=O)[O-].[K+],0.0,0.0,,1.07,,,,,,,PSDI/NIST Critical Micelle Concentrations of Aqueous Surfactant Systems; Compound No. 188; name=POTASSIUM HEXANOATE; temperature=25; additives=1.8 E O C 0090 2. EOI K OH; authors=SHIN; reference=54005; original CMC=1.07 X10 0 M; DOI 10.6028/NBS.NSRDS.36; https://github.com/PSDI-UK/psdi-datasets,25
POTASSIUM HEXANOATE,CCCCCC(=O)[O-].[K+],0.0,0.0,,0.73,,,,,,,PSDI/NIST Critical Micelle Concentrations of Aqueous Surfactant Systems; Compound No. 188; name=POTASSIUM HEXANOATE; temperature=25; additives=3.8 E O C 0090 2. E O I K OH; authors=SHIN; reference=54005; original CMC=7.3 X10-1 M; DOI 10.6028/NBS.NSRDS.36; https://github.com/PSDI-UK/psdi-datasets,25
POTASSIUM HEXANOATE,CCCCCC(=O)[O-].[K+],0.0,0.0,,0.47,,,,,,,PSDI/NIST Critical Micelle Concentrations of Aqueous Surfactant Systems; Compound No. 188; name=POTASSIUM HEXANOATE; temperature=25; additives=8.9 E O C 0090 2. E 0 1 K OH; authors=SHIN; reference=54005; original CMC=4.7 X10-1 M; DOI 10.6028/NBS.NSRDS.36; https://github.com/PSDI-UK/psdi-datasets,25
POTASSIUM HEXANOATE,CCCCCC(=O)[O-].[K+],0.0,0.0,,0.28,,,,,,,PSDI/NIST Critical Micelle Concentrations of Aqueous Surfactant Systems; Compound No. 188; name=POTASSIUM HEXANOATE; temperature=25; additives=2.16 E1C 0090 2. EOI K OH; authors=SHIN; reference=54005; original CMC=2.8 X10-1 M; DOI 10.6028/NBS.NSRDS.36; https://github.com/PSDI-UK/psdi-datasets,25
POTASSIUM HEXANOATE,CCCCCC(=O)[O-].[K+],0.0,0.0,,0.21,,,,,,,PSDI/NIST Critical Micelle Concentrations of Aqueous Surfactant Systems; Compound No. 188; name=POTASSIUM HEXANOATE; temperature=25; additives=3.53 1 C 0090 2. EOI K OH; authors=SHIN; reference=54005; original CMC=2.1 X10-1 M; DOI 10.6028/NBS.NSRDS.36; https://github.com/PSDI-UK/psdi-datasets,25
POTASSIUM HEXANOATE,CCCCCC(=O)[O-].[K+],0.0,0.0,,0.2,,,,,,,PSDI/NIST Critical Micelle Concentrations of Aqueous Surfactant Systems; Compound No. 188; name=POTASSIUM HEXANOATE; temperature=25; additives=1.1 E 0 0092 2. E O I K OH; authors=SHIN; reference=54005; original CMC=2.0 X10-1 M; DOI 10.6028/NBS.NSRDS.36; https://github.com/PSDI-UK/psdi-datasets,25
POTASSIUM HEXANOATE,CCCCCC(=O)[O-].[K+],0.0,0.0,,0.11,,,,,,,PSDI/NIST Critical Micelle Concentrations of Aqueous Surfactant Systems; Compound No. 188; name=POTASSIUM HEXANOATE; temperature=25; additives=1.5 E 0 0092 2. EOI K OH; authors=SHIN; reference=54005; original CMC=1.1 X10-1 M; DOI 10.6028/NBS.NSRDS.36; https://github.com/PSDI-UK/psdi-datasets,25
POTASSIUM HEXANOATE,CCCCCC(=O)[O-].[K+],0.0,0.0,,0.051,,,,,,,PSDI/NIST Critical Micelle Concentrations of Aqueous Surfactant Systems; Compound No. 188; name=POTASSIUM HEXANOATE; temperature=25; additives=4.8 E O C 0092 2. EOI K OH; authors=SHIN; reference=54005; original CMC=5.1 X10-2 M; DOI 10.6028/NBS.NSRDS.36; https://github.com/PSDI-UK/psdi-datasets,25
POTASSIUM HEXANOATE,CCCCCC(=O)[O-].[K+],0.0,0.0,,1.52,,,,,,,PSDI/NIST Critical Micelle Concentrations of Aqueous Surfactant Systems; Compound No. 188; name=POTASSIUM HEXANOATE; temperature=25; additives=5.3 E O C 0296 2. EOI K OH; authors=SHIN; reference=54005; original CMC=1.52 X10 0 M; DOI 10.6028/NBS.NSRDS.36; https://github.com/PSDI-UK/psdi-datasets,25
POTASSIUM HEXANOATE,CCCCCC(=O)[O-].[K+],0.0,0.0,,1.44,,,,,,,PSDI/NIST Critical Micelle Concentrations of Aqueous Surfactant Systems; Compound No. 188; name=POTASSIUM HEXANOATE; temperature=25; additives=1.00 0296 2. E 0 : I K OH; authors=SHIN; reference=54005; original CMC=1.44 X10 0 M; DOI 10.6028/NBS.NSRDS.36; https://github.com/PSDI-UK/psdi-datasets,25
POTASSIUM HEXANOATE,CCCCCC(=O)[O-].[K+],0.0,0.0,,1.36,,,,,,,PSDI/NIST Critical Micelle Concentrations of Aqueous Surfactant Systems; Compound No. 188; name=POTASSIUM HEXANOATE; temperature=25; additives=1.60 0296 2. E 0 1 I K OH; authors=SHIN; reference=54005; original CMC=1.36 X10 0 M; DOI 10.6028/NBS.NSRDS.36; https://github.com/PSDI-UK/psdi-datasets,25
POTASSIUM HEXANOATE,CCCCCC(=O)[O-].[K+],0.0,0.0,,1.19,,,,,,,PSDI/NIST Critical Micelle Concentrations of Aqueous Surfactant Systems; Compound No. 188; name=POTASSIUM HEXANOATE; temperature=25; additives=3.11 E1C 0296 2. E 0 : I K OH; authors=SHIN; reference=54005; original CMC=1.19 X10 0 M; DOI 10.6028/NBS.NSRDS.36; https://github.com/PSDI-UK/psdi-datasets,25
POTASSIUM HEXANOATE,CCCCCC(=O)[O-].[K+],0.0,0.0,,1.16,,,,,,,PSDI/NIST Critical Micelle Concentrations of Aqueous Surfactant Systems; Compound No. 188; name=POTASSIUM HEXANOATE; temperature=25; additives=3.33 E1C 0296 2. EOI K OH; authors=SHIN; reference=54003; original CMC=1.16 X10 0 M; DOI 10.6028/NBS.NSRDS.36; https://github.com/PSDI-UK/psdi-datasets,25
POTASSIUM HEXANOATE,CCCCCC(=O)[O-].[K+],0.0,0.0,,1.13,,,,,,,PSDI/NIST Critical Micelle Concentrations of Aqueous Surfactant Systems; Compound No. 188; name=POTASSIUM HEXANOATE; temperature=25; additives=3.85 E1C 0296 2. EOI K OH; authors=SHIN; reference=54005; original CMC=1.13 X10 0 M; DOI 10.6028/NBS.NSRDS.36; https://github.com/PSDI-UK/psdi-datasets,25
POTASSIUM HEXANOATE,CCCCCC(=O)[O-].[K+],0.0,0.0,,1.04,,,,,,,PSDI/NIST Critical Micelle Concentrations of Aqueous Surfactant Systems; Compound No. 188; name=POTASSIUM HEXANOATE; temperature=25; additives=4.92 E 1 C 0296 2. EOI K OH; authors=SHIN; reference=54005; original CMC=1.04 X10 0 M; DOI 10.6028/NBS.NSRDS.36; https://github.com/PSDI-UK/psdi-datasets,25
POTASSIUM HEXANOATE,CCCCCC(=O)[O-].[K+],0.0,0.0,,0.96,,,,,,,PSDI/NIST Critical Micelle Concentrations of Aqueous Surfactant Systems; Compound No. 188; name=POTASSIUM HEXANOATE; temperature=25; additives=6.44 E 1 0 0296 2. EOI K OH; authors=SHIN; reference=54005; original CMC=9.6 X10-1 M; DOI 10.6028/NBS.NSRDS.36; https://github.com/PSDI-UK/psdi-datasets,25
POTASSIUM HEXANOATE,CCCCCC(=O)[O-].[K+],0.0,0.0,,0.9,,,,,,,PSDI/NIST Critical Micelle Concentrations of Aqueous Surfactant Systems; Compound No. 188; name=POTASSIUM HEXANOATE; temperature=25; additives=7.78 E1C 0296 2. EOI K OH; authors=SHIN; reference=54005; original CMC=9.0 X10-1 M; DOI 10.6028/NBS.NSRDS.36; https://github.com/PSDI-UK/psdi-datasets,25
POTASSIUM HEXANOATE,CCCCCC(=O)[O-].[K+],0.0,0.0,,0.87,,,,,,,PSDI/NIST Critical Micelle Concentrations of Aqueous Surfactant Systems; Compound No. 188; name=POTASSIUM HEXANOATE; temperature=25; additives=8. E-1C 0297 2. E O I K OH; authors=SHIN; reference=54005; original CMC=8.7 X10-1 M; DOI 10.6028/NBS.NSRDS.36; https://github.com/PSDI-UK/psdi-datasets,25
POTASSIUM HEXANOATE,CCCCCC(=O)[O-].[K+],0.0,0.0,,0.58,,,,,,,PSDI/NIST Critical Micelle Concentrations of Aqueous Surfactant Systems; Compound No. 188; name=POTASSIUM HEXANOATE; temperature=25; additives=2.1 E O C 0297 2. EOI K OH; authors=SHIN; reference=54005; original CMC=5.8 X10-1 M; DOI 10.6028/NBS.NSRDS.36; https://github.com/PSDI-UK/psdi-datasets,25
POTASSIUM HEXANOATE,CCCCCC(=O)[O-].[K+],0.0,0.0,,0.35,,,,,,,PSDI/NIST Critical Micelle Concentrations of Aqueous Surfactant Systems; Compound No. 188; name=POTASSIUM HEXANOATE; temperature=25; additives=3.9 E O C 0297 2. E O I K OH; authors=SHIN; reference=54005; original CMC=3.5 X10-1 M; DOI 10.6028/NBS.NSRDS.36; https://github.com/PSDI-UK/psdi-datasets,25
POTASSIUM HEXANOATE,CCCCCC(=O)[O-].[K+],0.0,0.0,,0.14,,,,,,,PSDI/NIST Critical Micelle Concentrations of Aqueous Surfactant Systems; Compound No. 188; name=POTASSIUM HEXANOATE; temperature=25; additives=2.63 E1C 0297 2. EOI K OH; authors=SHIN; reference=54005; original CMC=1.4 X10-1 M; DOI 10.6028/NBS.NSRDS.36; https://github.com/PSDI-UK/psdi-datasets,25
POTASSIUM HEXANOATE,CCCCCC(=O)[O-].[K+],0.0,0.0,,0.45,,,,,,,PSDI/NIST Critical Micelle Concentrations of Aqueous Surfactant Systems; Compound No. 188; name=POTASSIUM HEXANOATE; temperature=25; additives=8.8 E O C 0296 7.36 E1C 0044 2. EOI OH; authors=SHIN; reference=54003; original CMC=4.5 X10-1 M; DOI 10.6028/NBS.NSRDS.36; https://github.com/PSDI-UK/psdi-datasets,25
POTASSIUM HEXANOATE,CCCCCC(=O)[O-].[K+],0.0,0.0,,0.52,,,,,,,PSDI/NIST Critical Micelle Concentrations of Aqueous Surfactant Systems; Compound No. 188; name=POTASSIUM HEXANOATE; temperature=25; additives=1.49E1 0296 5.54 E 1 C 0044 2. E O . I K OH; authors=SHIN; reference=54003; original CMC=5.2 X10-1 M; DOI 10.6028/NBS.NSRDS.36; https://github.com/PSDI-UK/psdi-datasets,25
POTASSIUM HEXANOATE,CCCCCC(=O)[O-].[K+],0.0,0.0,,0.59,,,,,,,PSDI/NIST Critical Micelle Concentrations of Aqueous Surfactant Systems; Compound No. 188; name=POTASSIUM HEXANOATE; temperature=25; additives=1.93 E 1 C 0296 4.20 E 1 C 0044 2. E O I K OH; authors=SHIN; reference=54003; original CMC=5.9 X10-1 M; DOI 10.6028/NBS.NSRDS.36; https://github.com/PSDI-UK/psdi-datasets,25
POTASSIUM HEXANOATE,CCCCCC(=O)[O-].[K+],0.0,0.0,,0.66,,,,,,,PSDI/NIST Critical Micelle Concentrations of Aqueous Surfactant Systems; Compound No. 188; name=POTASSIUM HEXANOATE; temperature=25; additives=2.28 E 1 C 0296 3.17E10 0044 2. E O I OH; authors=SHIN; reference=54003; original CMC=6.6 X10-1 M; DOI 10.6028/NBS.NSRDS.36; https://github.com/PSDI-UK/psdi-datasets,25
POTASSIUM HEXANOATE,CCCCCC(=O)[O-].[K+],0.0,0.0,,0.72,,,,,,,PSDI/NIST Critical Micelle Concentrations of Aqueous Surfactant Systems; Compound No. 188; name=POTASSIUM HEXANOATE; temperature=25; additives=2.55 0296 2.36 E 1 C 0044 2. EOI K OH; authors=SHIN; reference=54003; original CMC=7.2 X10-1 M; DOI 10.6028/NBS.NSRDS.36; https://github.com/PSDI-UK/psdi-datasets,25
POTASSIUM HEXANOATE,CCCCCC(=O)[O-].[K+],0.0,0.0,,0.82,,,,,,,PSDI/NIST Critical Micelle Concentrations of Aqueous Surfactant Systems; Compound No. 188; name=POTASSIUM HEXANOATE; temperature=25; additives=2.76 E 1 C 0296 1.72 E1C 0044 2. EOI K OH; authors=SHIN; reference=54003; original CMC=8.2 X10-1 M; DOI 10.6028/NBS.NSRDS.36; https://github.com/PSDI-UK/psdi-datasets,25
POTASSIUM HEXANOATE,CCCCCC(=O)[O-].[K+],0.0,0.0,,0.98,,,,,,,PSDI/NIST Critical Micelle Concentrations of Aqueous Surfactant Systems; Compound No. 188; name=POTASSIUM HEXANOATE; temperature=25; additives=3.10E10 0296 7.2 E O C 0044 2. E 0 I K OH; authors=SHIN; reference=54003; original CMC=9.8 X10-1 M; DOI 10.6028/NBS.NSRDS.36; https://github.com/PSDI-UK/psdi-datasets,25
ALPHA SULFOMYRISTIC ACID,CCCCCCCCSC1C(C(C(C(O1)CO)O)O)O,0.0,0.0,,0.00421,,,,,,,PSDI/NIST Critical Micelle Concentrations of Aqueous Surfactant Systems; Compound No. 189; name=ALPHA SULFOMYRISTIC ACID; temperature=25; additives=nan; authors=WEIL STIR; reference=56008; original CMC=1.3 X10-1 D 4.21 X10-3 M; DOI 10.6028/NBS.NSRDS.36; https://github.com/PSDI-UK/psdi-datasets,25
ALPHA SULFOMYRISTIC ACID,CCCCCCCCSC1C(C(C(C(O1)CO)O)O)O,0.0,0.0,,0.0052,,,,,,,PSDI/NIST Critical Micelle Concentrations of Aqueous Surfactant Systems; Compound No. 189; name=ALPHA SULFOMYRISTIC ACID; temperature=25; additives=nan; authors=WEIL STIR; reference=56008; original CMC=5.2 X10-3 M; DOI 10.6028/NBS.NSRDS.36; https://github.com/PSDI-UK/psdi-datasets,25
DODECYL SULFONIC ACID,CCCCCCCCCCCCS(=O)(=O)O,0.0,0.0,,0.0085,,,,,,,PSDI/NIST Critical Micelle Concentrations of Aqueous Surfactant Systems; Compound No. 200; name=DODECYL SULFONIC ACID; temperature=25; additives=nan; authors=BRAD HUFF; reference=48004; original CMC=8.5 X10-3 M; DOI 10.6028/NBS.NSRDS.36; https://github.com/PSDI-UK/psdi-datasets,25
DECYL TRIMETHYL AMMONIUM CHLORIDE,CCCC[N+](C)(CCCC)CCCC.[Cl-],0.0,0.0,,0.065,,,,,,,PSDI/NIST Critical Micelle Concentrations of Aqueous Surfactant Systems; Compound No. 203; name=DECYL TRIMETHYL AMMONIUM CHLORIDE; temperature=25; additives=nan; authors=KLEV; reference=53010; original CMC=6.5 X10-2 M; DOI 10.6028/NBS.NSRDS.36; https://github.com/PSDI-UK/psdi-datasets,25
DECYL TRIMETHYL AMMONIUM CHLORIDE,CCCC[N+](C)(CCCC)CCCC.[Cl-],0.0,0.0,,0.0611,,,,,,,PSDI/NIST Critical Micelle Concentrations of Aqueous Surfactant Systems; Compound No. 203; name=DECYL TRIMETHYL AMMONIUM CHLORIDE; temperature=25; additives=nan; authors=HOYE MARM; reference=61002; original CMC=6.11 X10-2 M; DOI 10.6028/NBS.NSRDS.36; https://github.com/PSDI-UK/psdi-datasets,25
DECYL TRIMETHYL AMMONIUM CHLORIDE,CCCC[N+](C)(CCCC)CCCC.[Cl-],0.0,0.0,,0.0196,,,,,,,PSDI/NIST Critical Micelle Concentrations of Aqueous Surfactant Systems; Compound No. 203; name=DECYL TRIMETHYL AMMONIUM CHLORIDE; temperature=25; additives=3.33 E 1 C 0041; authors=HOYE MARM; reference=61002; original CMC=1.96 X10-2 M; DOI 10.6028/NBS.NSRDS.36; https://github.com/PSDI-UK/psdi-datasets,25
"P-T-OCTYL BENZENE /OXYETHYLENE/5 ALCOHOL HOMOGENEOUS, HEAD GROUP",CC(C)(C)CC(C)(C)C1=CC=C(C=C1)OCCOCCOCCOCCOCCO,5.0,0.0,,0.000154,,,,,,,"PSDI/NIST Critical Micelle Concentrations of Aqueous Surfactant Systems; Compound No. 211; name=P-T-OCTYL BENZENE /OXYETHYLENE/5 ALCOHOL HOMOGENEOUS, HEAD GROUP; temperature=25; additives=nan; authors=CROO FORD; reference=63017; original CMC=1.54 X10-4 M; DOI 10.6028/NBS.NSRDS.36; https://github.com/PSDI-UK/psdi-datasets",25
"P-T-OCTYL BENZENE /OXYETHYLENE/5 ALCOHOL HOMOGENEOUS, HEAD GROUP",CC(C)(C)CC(C)(C)C1=CC=C(C=C1)OCCOCCOCCOCCOCCO,5.0,0.0,,0.000172,,,,,,,"PSDI/NIST Critical Micelle Concentrations of Aqueous Surfactant Systems; Compound No. 211; name=P-T-OCTYL BENZENE /OXYETHYLENE/5 ALCOHOL HOMOGENEOUS, HEAD GROUP; temperature=25; additives=nan; authors=CROO FORD; reference=64014; original CMC=1.72 X10-4 M; DOI 10.6028/NBS.NSRDS.36; https://github.com/PSDI-UK/psdi-datasets",25
P-T-OCTYL BENZENE /OXYETHYLENE/6 ALCOHOL HOMOGENEOUS HEAD GROUP,CCCCCCC(C(CCC(C1CCC(O1)CCCCC(CC2=CC(OC2=O)C)O)O)O)O,6.0,0.0,,0.000205,,,,,,,PSDI/NIST Critical Micelle Concentrations of Aqueous Surfactant Systems; Compound No. 212; name=P-T-OCTYL BENZENE /OXYETHYLENE/6 ALCOHOL HOMOGENEOUS HEAD GROUP; temperature=25; additives=nan; authors=CROO FORD; reference=63017; original CMC=2.05 X10-4 M; DOI 10.6028/NBS.NSRDS.36; https://github.com/PSDI-UK/psdi-datasets,25
P-T-OCTYL BENZENE /OXYETHYLENE/7 ALCOHOL HOMOGENEOUS HEAD GROUP,CCCCCCOC(=O)CC(CC(=O)OCCCCCC)(C(=O)OCCCCCC)OC(=O)CCC,7.0,0.0,,0.000268,,,,,,,PSDI/NIST Critical Micelle Concentrations of Aqueous Surfactant Systems; Compound No. 213; name=P-T-OCTYL BENZENE /OXYETHYLENE/7 ALCOHOL HOMOGENEOUS HEAD GROUP; temperature=25; additives=nan; authors=CROO FORD; reference=64014; original CMC=2.68 X10-4 M; DOI 10.6028/NBS.NSRDS.36; https://github.com/PSDI-UK/psdi-datasets,25
P-T-OCTYL BENZENE /OXYETHYLENE/8 ALCOHOL HOMOGENEOUS!HEA GROUP,CCCCCCCCC1=CC=C(C=C1)OCCOCCOCCOCCOCCOCCOCCOCCO,8.0,0.0,,0.00028,,,,,,,PSDI/NIST Critical Micelle Concentrations of Aqueous Surfactant Systems; Compound No. 214; name=P-T-OCTYL BENZENE /OXYETHYLENE/8 ALCOHOL HOMOGENEOUS!HEA GROUP; temperature=25; additives=nan; authors=CROO FORD; reference=63017; original CMC=2.80 X10-4 M; DOI 10.6028/NBS.NSRDS.36; https://github.com/PSDI-UK/psdi-datasets,25
P-T-OCTYL BENZENE /OXYETHYLENE/8 ALCOHOL HOMOGENEOUS!HEA GROUP,CCCCCCCCC1=CC=C(C=C1)OCCOCCOCCOCCOCCOCCOCCOCCO,8.0,0.0,,0.000283,,,,,,,PSDI/NIST Critical Micelle Concentrations of Aqueous Surfactant Systems; Compound No. 214; name=P-T-OCTYL BENZENE /OXYETHYLENE/8 ALCOHOL HOMOGENEOUS!HEA GROUP; temperature=25; additives=nan; authors=CROO FORD; reference=64014; original CMC=2.83 X10-4 M; DOI 10.6028/NBS.NSRDS.36; https://github.com/PSDI-UK/psdi-datasets,25
P-T-OCTYL BENZENE /OXYETHYLENE/9 ALCOHOL HOMOGENEOUS HEAD GROUP,CC(C)(C)CC(C)(C)C1=CC=C(C=C1)OCCOCCOCCOCCOCCOCCOCCOCCOCCO,9.0,0.0,,0.000335,,,,,,,PSDI/NIST Critical Micelle Concentrations of Aqueous Surfactant Systems; Compound No. 215; name=P-T-OCTYL BENZENE /OXYETHYLENE/9 ALCOHOL HOMOGENEOUS HEAD GROUP; temperature=25; additives=nan; authors=CROO FORD; reference=63017; original CMC=3.35 X10-4 M; DOI 10.6028/NBS.NSRDS.36; https://github.com/PSDI-UK/psdi-datasets,25
P-T-OCTYL BENZENE /OXYETHYLENE/9 ALCOHOL HOMOGENEOUS HEAD GROUP,CC(C)(C)CC(C)(C)C1=CC=C(C=C1)OCCOCCOCCOCCOCCOCCOCCOCCOCCO,9.0,0.0,,0.000304,,,,,,,PSDI/NIST Critical Micelle Concentrations of Aqueous Surfactant Systems; Compound No. 215; name=P-T-OCTYL BENZENE /OXYETHYLENE/9 ALCOHOL HOMOGENEOUS HEAD GROUP; temperature=25; additives=nan; authors=CROO FORD; reference=64014; original CMC=3.04 X10-4 M; DOI 10.6028/NBS.NSRDS.36; https://github.com/PSDI-UK/psdi-datasets,25
P-T-OCTYL BENZENE /OXYETHYLENE/10 ALCOHOL HOMOGENEOUS HEAD GROUP,CC(C)(C)CC(C)(C)C1=CC=C(C=C1)OCCOCCOCCOCCOCCOCCOCCOCCOCCOCCO,10.0,0.0,,0.000323,,,,,,,PSDI/NIST Critical Micelle Concentrations of Aqueous Surfactant Systems; Compound No. 216; name=P-T-OCTYL BENZENE /OXYETHYLENE/10 ALCOHOL HOMOGENEOUS HEAD GROUP; temperature=25; additives=nan; authors=CROO FORD; reference=64014; original CMC=3.23 X10-4 M; DOI 10.6028/NBS.NSRDS.36; https://github.com/PSDI-UK/psdi-datasets,25
P-T-OCTYL BENZENE /OXYETHYLENE/10 ALCOHOL HOMOGENEOUS HEAD GROUP,CC(C)(C)CC(C)(C)C1=CC=C(C=C1)OCCOCCOCCOCCOCCOCCOCCOCCOCCOCCO,10.0,0.0,,0.000335,,,,,,,PSDI/NIST Critical Micelle Concentrations of Aqueous Surfactant Systems; Compound No. 216; name=P-T-OCTYL BENZENE /OXYETHYLENE/10 ALCOHOL HOMOGENEOUS HEAD GROUP; temperature=25; additives=nan; authors=CROO FORD; reference=63017; original CMC=3.35 X10-4 M; DOI 10.6028/NBS.NSRDS.36; https://github.com/PSDI-UK/psdi-datasets,25
P-T-OCTYL BENZENE /OXYETHYLENE/1 ALCOHOL NATURAL DISTRIBUTION OF HEAD GROUPS,CC(C)(C)CC(C)(C)C1=CC=C(C=C1)OCCO,1.0,0.0,,4.85e-05,,,,,,,PSDI/NIST Critical Micelle Concentrations of Aqueous Surfactant Systems; Compound No. 217; name=P-T-OCTYL BENZENE /OXYETHYLENE/1 ALCOHOL NATURAL DISTRIBUTION OF HEAD GROUPS; temperature=25; additives=nan; authors=CROO FORD; reference=63017; original CMC=4.85 X10-5 M; DOI 10.6028/NBS.NSRDS.36; https://github.com/PSDI-UK/psdi-datasets,25
P-T-OCTYL BENZENE /OXYETHYLENE/2 ALCOHOL NATURAL DISTRIBUTION OF HEAD GROUPS,CC(C)(C)CC(C)(C)C1=CC=C(C=C1)OCCOCCO,2.0,0.0,,6.8e-05,,,,,,,PSDI/NIST Critical Micelle Concentrations of Aqueous Surfactant Systems; Compound No. 218; name=P-T-OCTYL BENZENE /OXYETHYLENE/2 ALCOHOL NATURAL DISTRIBUTION OF HEAD GROUPS; temperature=25; additives=nan; authors=CROO FORD; reference=63017; original CMC=6.8 X10-5 M; DOI 10.6028/NBS.NSRDS.36; https://github.com/PSDI-UK/psdi-datasets,25
P-T-OCTYL BENZENE /OXYETHYLENE/3 ALCOHOL NATURAL DISTRIBUTION OF HEAD GROUPS,CC12CCC(C(C1CCC3C24CCC(C(C3)C4)(CO)O)(C)CO)O,3.0,0.0,,0.000114,,,,,,,PSDI/NIST Critical Micelle Concentrations of Aqueous Surfactant Systems; Compound No. 219; name=P-T-OCTYL BENZENE /OXYETHYLENE/3 ALCOHOL NATURAL DISTRIBUTION OF HEAD GROUPS; temperature=25; additives=nan; authors=CROO FORD; reference=63017; original CMC=1.14 X10-4 M; DOI 10.6028/NBS.NSRDS.36; https://github.com/PSDI-UK/psdi-datasets,25
P-T-OCTYL BENZENE /OXYETHYLENE/4 ALCOHOL NATURAL DISTRIBUTION OF HEAD GROUPS,CCCCC(C)(CC=CC1C(CC(=O)C1CCCCCCC(=O)OC)O)O,4.0,0.0,,0.000105,,,,,,,PSDI/NIST Critical Micelle Concentrations of Aqueous Surfactant Systems; Compound No. 220; name=P-T-OCTYL BENZENE /OXYETHYLENE/4 ALCOHOL NATURAL DISTRIBUTION OF HEAD GROUPS; temperature=25; additives=nan; authors=CROO FORD; reference=63017; original CMC=1.05 X10-4 M; DOI 10.6028/NBS.NSRDS.36; https://github.com/PSDI-UK/psdi-datasets,25
P-T-OCTYL BENZENE /OXYETHYLENE/4 ALCOHOL NATURAL DISTRIBUTION OF HEAD GROUPS,CCCCC(C)(CC=CC1C(CC(=O)C1CCCCCCC(=O)OC)O)O,4.0,0.0,,0.000128,,,,,,,PSDI/NIST Critical Micelle Concentrations of Aqueous Surfactant Systems; Compound No. 220; name=P-T-OCTYL BENZENE /OXYETHYLENE/4 ALCOHOL NATURAL DISTRIBUTION OF HEAD GROUPS; temperature=25; additives=3.33 E 1 C 0226; authors=CROO FORD; reference=63017; original CMC=1.28 X10-4 M; DOI 10.6028/NBS.NSRDS.36; https://github.com/PSDI-UK/psdi-datasets,25
P-T-OCTYL BENZENE /OXYETHYLENE/4 ALCOHOL NATURAL DISTRIBUTION OF HEAD GROUPS,CCCCC(C)(CC=CC1C(CC(=O)C1CCCCCCC(=O)OC)O)O,4.0,0.0,,0.000153,,,,,,,PSDI/NIST Critical Micelle Concentrations of Aqueous Surfactant Systems; Compound No. 220; name=P-T-OCTYL BENZENE /OXYETHYLENE/4 ALCOHOL NATURAL DISTRIBUTION OF HEAD GROUPS; temperature=25; additives=5100 E 1 C 0226; authors=CROO FORD; reference=63017; original CMC=1.53 X10-4 M; DOI 10.6028/NBS.NSRDS.36; https://github.com/PSDI-UK/psdi-datasets,25
P-T-OCTYL BENZENE /OXYETHYLENE/4 ALCOHOL NATURAL DISTRIBUTION OF HEAD GROUPS,CCCCC(C)(CC=CC1C(CC(=O)C1CCCCCCC(=O)OC)O)O,4.0,0.0,,0.000204,,,,,,,PSDI/NIST Critical Micelle Concentrations of Aqueous Surfactant Systems; Compound No. 220; name=P-T-OCTYL BENZENE /OXYETHYLENE/4 ALCOHOL NATURAL DISTRIBUTION OF HEAD GROUPS; temperature=25; additives=6.67 E 1 C 0226; authors=CR00 FORD; reference=63017; original CMC=2.04 X10-4 M; DOI 10.6028/NBS.NSRDS.36; https://github.com/PSDI-UK/psdi-datasets,25
P-T-OCTYL BENZENE /OXYETHYLENE/5 ALCOHOL NATURAL DISTRIBUTION OF HEAD GROUPS,CC(C)(C)CC(C)(C)C1=CC=C(C=C1)OCCOCCOCCOCCOCCO,5.0,0.0,,0.000117,,,,,,,PSDI/NIST Critical Micelle Concentrations of Aqueous Surfactant Systems; Compound No. 221; name=P-T-OCTYL BENZENE /OXYETHYLENE/5 ALCOHOL NATURAL DISTRIBUTION OF HEAD GROUPS; temperature=25; additives=nan; authors=CR00 FORD; reference=63017; original CMC=1.17 X10-4 M; DOI 10.6028/NBS.NSRDS.36; https://github.com/PSDI-UK/psdi-datasets,25
P-T-OCTYL BENZENE /OXYETHYLENE/6 ALCOHOL NATURAL DISTRIBUTION OF HEAD GROUPS,CCCCCCC(C(CCC(C1CCC(O1)CCCCC(CC2=CC(OC2=O)C)O)O)O)O,6.0,0.0,,0.00018,,,,,,,PSDI/NIST Critical Micelle Concentrations of Aqueous Surfactant Systems; Compound No. 222; name=P-T-OCTYL BENZENE /OXYETHYLENE/6 ALCOHOL NATURAL DISTRIBUTION OF HEAD GROUPS; temperature=25; additives=nan; authors=CROO FORD; reference=63017; original CMC=1.80 X10-4 M; DOI 10.6028/NBS.NSRDS.36; https://github.com/PSDI-UK/psdi-datasets,25
P-T-OCTYL BENZENE /OXYETHYLENE/7 ALCOHOL NATURAL DISTRIBUTION OF HEAD GROUPS,CCCCCCOC(=O)CC(CC(=O)OCCCCCC)(C(=O)OCCCCCC)OC(=O)CCC,7.0,0.0,,0.000184,,,,,,,PSDI/NIST Critical Micelle Concentrations of Aqueous Surfactant Systems; Compound No. 223; name=P-T-OCTYL BENZENE /OXYETHYLENE/7 ALCOHOL NATURAL DISTRIBUTION OF HEAD GROUPS; temperature=25; additives=nan; authors=CR00 FORD; reference=63017; original CMC=1.84 X10-4 M; DOI 10.6028/NBS.NSRDS.36; https://github.com/PSDI-UK/psdi-datasets,25
P-T-OCTYL BENZENE /OXYETHYLENE/8 ALCOHOL NATURAL DISTRIBUTION OF HEAD GROUPS,CCCCCCCCC1=CC=C(C=C1)OCCOCCOCCOCCOCCOCCOCCOCCO,8.0,0.0,,0.000247,,,,,,,PSDI/NIST Critical Micelle Concentrations of Aqueous Surfactant Systems; Compound No. 224; name=P-T-OCTYL BENZENE /OXYETHYLENE/8 ALCOHOL NATURAL DISTRIBUTION OF HEAD GROUPS; temperature=25; additives=nan; authors=CR00 FORD; reference=63017; original CMC=2.47 X10-4 M; DOI 10.6028/NBS.NSRDS.36; https://github.com/PSDI-UK/psdi-datasets,25
P-T-OCTYL BENZENE /OXYETHYLENE/9 ALCOHOL NATURAL DISTRIBUTION OF HEAD GROUPS,CC(C)(C)CC(C)(C)C1=CC=C(C=C1)OCCOCCOCCOCCOCCOCCOCCOCCOCCO,9.0,0.0,,0.00029,,,,,,,PSDI/NIST Critical Micelle Concentrations of Aqueous Surfactant Systems; Compound No. 225; name=P-T-OCTYL BENZENE /OXYETHYLENE/9 ALCOHOL NATURAL DISTRIBUTION OF HEAD GROUPS; temperature=25; additives=nan; authors=CR00 FORD; reference=63017; original CMC=2.90 X10-4 M; DOI 10.6028/NBS.NSRDS.36; https://github.com/PSDI-UK/psdi-datasets,25
P-T-OCTYL BENZENE /OXYETHYLENE/10 ALCOHOL NATURAL DISTRIBUTION OF HEAD GROUPS,CC(C)(C)CC(C)(C)C1=CC=C(C=C1)OCCOCCOCCOCCOCCOCCOCCOCCOCCOCCO,10.0,0.0,,0.00032,,,,,,,PSDI/NIST Critical Micelle Concentrations of Aqueous Surfactant Systems; Compound No. 226; name=P-T-OCTYL BENZENE /OXYETHYLENE/10 ALCOHOL NATURAL DISTRIBUTION OF HEAD GROUPS; temperature=25; additives=nan; authors=CR00 FORD; reference=63017; original CMC=3.20 X10-4 M; DOI 10.6028/NBS.NSRDS.36; https://github.com/PSDI-UK/psdi-datasets,25
P-T-OCTYL BENZENE /OXYETHYLENE/16 ALCOHOL NATURAL DISTRIBUTION OF HEAD GROUPS,CC(C)(C)CC(C)(C)C1=CC=C(C=C1)OCCOCCOCCOCCOCCOCCOCCOCCOCCOCCOCCOCCOCCOCCOCCOCCO,16.0,0.0,,0.00043,,,,,,,PSDI/NIST Critical Micelle Concentrations of Aqueous Surfactant Systems; Compound No. 227; name=P-T-OCTYL BENZENE /OXYETHYLENE/16 ALCOHOL NATURAL DISTRIBUTION OF HEAD GROUPS; temperature=25; additives=nan; authors=CROO FORD; reference=63017; original CMC=4.3 X10-4 M; DOI 10.6028/NBS.NSRDS.36; https://github.com/PSDI-UK/psdi-datasets,25
OCTYL DIMETHYL AMINE OXIDE,CCCCN(CCCC)CCO,0.0,0.0,,0.016,,,,,,,PSDI/NIST Critical Micelle Concentrations of Aqueous Surfactant Systems; Compound No. 251; name=OCTYL DIMETHYL AMINE OXIDE; temperature=25; additives=nan; authors=BENJ; reference=64016; original CMC=1.6 X10-2 M; DOI 10.6028/NBS.NSRDS.36; https://github.com/PSDI-UK/psdi-datasets,25
DECYL DIMETHYL AMINE OXIDE,CCCCCCCCCC[N+](C)(C)[O-],0.0,0.0,,0.019,,,,,,,PSDI/NIST Critical Micelle Concentrations of Aqueous Surfactant Systems; Compound No. 252; name=DECYL DIMETHYL AMINE OXIDE; temperature=25; additives=nan; authors=BENJ; reference=64016; original CMC=1.9 X10-2 M; DOI 10.6028/NBS.NSRDS.36; https://github.com/PSDI-UK/psdi-datasets,25
NONYL DIMETHYL AMINE OXIDE,CCCCC(CC)COCCCN,0.0,0.0,,0.054,,,,,,,PSDI/NIST Critical Micelle Concentrations of Aqueous Surfactant Systems; Compound No. 254; name=NONYL DIMETHYL AMINE OXIDE; temperature=25; additives=nan; authors=BENJ; reference=64016; original CMC=5.4 X10-2 M; DOI 10.6028/NBS.NSRDS.36; https://github.com/PSDI-UK/psdi-datasets,25
SODIUM DI-N-BUTYL SULFOSUCCINATE,CC(C)COC(=O)CC(C(=O)OCC(C)C)S(=O)(=O)[O-].[Na+],0.0,0.0,,0.2,,,,,,,PSDI/NIST Critical Micelle Concentrations of Aqueous Surfactant Systems; Compound No. 257; name=SODIUM DI-N-BUTYL SULFOSUCCINATE; temperature=25; additives=nan; authors=WILL DIXO; reference=57009; original CMC=2.0 X10-1 M; DOI 10.6028/NBS.NSRDS.36; https://github.com/PSDI-UK/psdi-datasets,25
SODIUM DI-N-HEXYL SULFOSUCCINATE,CC(C)CCCCCCCCCC(=O)OCCOCCS(=O)(=O)[O-].[Na+],0.0,0.0,,0.0124,,,,,,,PSDI/NIST Critical Micelle Concentrations of Aqueous Surfactant Systems; Compound No. 259; name=SODIUM DI-N-HEXYL SULFOSUCCINATE; temperature=25; additives=nan; authors=WILL DIXO; reference=57009; original CMC=1.24 X10-2 M; DOI 10.6028/NBS.NSRDS.36; https://github.com/PSDI-UK/psdi-datasets,25
SODIUM DI-N-HEXYL SULFOSUCCINATE,CC(C)CCCCCCCCCC(=O)OCCOCCS(=O)(=O)[O-].[Na+],0.0,0.0,,0.027,,,,,,,PSDI/NIST Critical Micelle Concentrations of Aqueous Surfactant Systems; Compound No. 259; name=SODIUM DI-N-HEXYL SULFOSUCCINATE; temperature=25; additives=nan; authors=SATA TYUZ; reference=53006; original CMC=2.7 X10-2 M; DOI 10.6028/NBS.NSRDS.36; https://github.com/PSDI-UK/psdi-datasets,25
SODIUM DI-N-OCTYL SULFOSUCCINATE,CCCCC(CC)COC(=O)CC(C(=O)OCC(CC)CCCC)S(=O)(=O)[O-].[Na+],0.0,0.0,,0.00068,,,,,,,PSDI/NIST Critical Micelle Concentrations of Aqueous Surfactant Systems; Compound No. 260; name=SODIUM DI-N-OCTYL SULFOSUCCINATE; temperature=25; additives=nan; authors=WILL DIXO; reference=57009; original CMC=6.8 X10-4 M; DOI 10.6028/NBS.NSRDS.36; https://github.com/PSDI-UK/psdi-datasets,25
SODIUM DI-ISOBUTYL SULFOSUCCINATE,CCCCCCCCCCOC(=O)C(C)OS(=O)(=O)[O-].[Na+],0.0,0.0,,0.2,,,,,,,PSDI/NIST Critical Micelle Concentrations of Aqueous Surfactant Systems; Compound No. 261; name=SODIUM DI-ISOBUTYL SULFOSUCCINATE; temperature=25; additives=nan; authors=WILL DIXO; reference=57009; original CMC=2.0 X10-1 M; DOI 10.6028/NBS.NSRDS.36; https://github.com/PSDI-UK/psdi-datasets,25
SODIUM DI-2-ETHYL-HEXYL SULFOSUCCINATE,CCCCC(CC)COC(=O)CC(C(=O)OCC(CC)CCCC)S(=O)(=O)[O-].[Na+],0.0,0.0,,0.0025,,,,,,,PSDI/NIST Critical Micelle Concentrations of Aqueous Surfactant Systems; Compound No. 262; name=SODIUM DI-2-ETHYL-HEXYL SULFOSUCCINATE; temperature=25; additives=nan; authors=WILL DIXO; reference=57009; original CMC=2.5 X10-3 M; DOI 10.6028/NBS.NSRDS.36; https://github.com/PSDI-UK/psdi-datasets,25
SODIUM OLEATE /CIS-9-OCTADECENOATE/,CCCCCCCCC=CCCCCCCCC(=O)[O-].[Na+],0.0,0.0,,0.00072,,,,,,,PSDI/NIST Critical Micelle Concentrations of Aqueous Surfactant Systems; Compound No. 263; name=SODIUM OLEATE /CIS-9-OCTADECENOATE/; temperature=25; additives=nan; authors=GINN HARR; reference=58008; original CMC=7.2 X10-4 M; DOI 10.6028/NBS.NSRDS.36; https://github.com/PSDI-UK/psdi-datasets,25
SODIUM OLEATE /CIS-9-OCTADECENOATE/,CCCCCCCCC=CCCCCCCCC(=O)[O-].[Na+],0.0,0.0,,0.00264,,,,,,,PSDI/NIST Critical Micelle Concentrations of Aqueous Surfactant Systems; Compound No. 263; name=SODIUM OLEATE /CIS-9-OCTADECENOATE/; temperature=25; additives=nan; authors=GINN HARR; reference=58008; original CMC=2.64 X10-3 M; DOI 10.6028/NBS.NSRDS.36; https://github.com/PSDI-UK/psdi-datasets,25
SODIUM OLEATE /CIS-9-OCTADECENOATE/,CCCCCCCCC=CCCCCCCCC(=O)[O-].[Na+],0.0,0.0,,0.0021,,,,,,,PSDI/NIST Critical Micelle Concentrations of Aqueous Surfactant Systems; Compound No. 263; name=SODIUM OLEATE /CIS-9-OCTADECENOATE/; temperature=25; additives=nan; authors=FLOC GRAH; reference=53004; original CMC=2.10 X10-3 M; DOI 10.6028/NBS.NSRDS.36; https://github.com/PSDI-UK/psdi-datasets,25
SODIUM OLEATE /CIS-9-OCTADECENOATE/,CCCCCCCCC=CCCCCCCCC(=O)[O-].[Na+],0.0,0.0,,0.0015,,,,,,,PSDI/NIST Critical Micelle Concentrations of Aqueous Surfactant Systems; Compound No. 263; name=SODIUM OLEATE /CIS-9-OCTADECENOATE/; temperature=25; additives=6. EOI NA OH; authors=FLOC GRAH; reference=53004; original CMC=1.5 X10-3 M; DOI 10.6028/NBS.NSRDS.36; https://github.com/PSDI-UK/psdi-datasets,25
SODIUM OLEATE /CIS-9-OCTADECENOATE/,CCCCCCCCC=CCCCCCCCC(=O)[O-].[Na+],0.0,0.0,,0.0012,,,,,,,PSDI/NIST Critical Micelle Concentrations of Aqueous Surfactant Systems; Compound No. 263; name=SODIUM OLEATE /CIS-9-OCTADECENOATE/; temperature=25; additives=1.67 E1I NA OH; authors=FLOC GRAH; reference=53004; original CMC=1.2 X10-3 M; DOI 10.6028/NBS.NSRDS.36; https://github.com/PSDI-UK/psdi-datasets,25
SODIUM OLEATE /CIS-9-OCTADECENOATE/,CCCCCCCCC=CCCCCCCCC(=O)[O-].[Na+],0.0,0.0,,0.002,,,,,,,PSDI/NIST Critical Micelle Concentrations of Aqueous Surfactant Systems; Compound No. 263; name=SODIUM OLEATE /CIS-9-OCTADECENOATE/; temperature=25; additives=3.4 EOI OLEIC ACID; authors=FLOC GRAH; reference=53004; original CMC=2.0 X10-3 M; DOI 10.6028/NBS.NSRDS.36; https://github.com/PSDI-UK/psdi-datasets,25
OCTADECYL TRIMETHYLAMMONIUM CHLORIDE,CCCCCCCCCCCCCCCCCC[N+](C)(C)C.[Cl-],0.0,0.0,,0.00034,,,,,,,PSDI/NIST Critical Micelle Concentrations of Aqueous Surfactant Systems; Compound No. 270; name=OCTADECYL TRIMETHYLAMMONIUM CHLORIDE; temperature=25; additives=nan; authors=GRIE KRAU; reference=48010; original CMC=3.4 X10-4 M; DOI 10.6028/NBS.NSRDS.36; https://github.com/PSDI-UK/psdi-datasets,25
SODIUM DODECANOATE,CCCCCCCCCCCC(=O)[O-].[Na+],0.0,0.0,,0.026,,,,,,,PSDI/NIST Critical Micelle Concentrations of Aqueous Surfactant Systems; Compound No. 273; name=SODIUM DODECANOATE; temperature=25; additives=nan; authors=GINN KINN; reference=59009; original CMC=2.60 X10-2 M; DOI 10.6028/NBS.NSRDS.36; https://github.com/PSDI-UK/psdi-datasets,25
SODIUM DODECANOATE,CCCCCCCCCCCC(=O)[O-].[Na+],0.0,0.0,,0.0264,,,,,,,PSDI/NIST Critical Micelle Concentrations of Aqueous Surfactant Systems; Compound No. 273; name=SODIUM DODECANOATE; temperature=25; additives=nan; authors=GINN KINN; reference=59009; original CMC=2.64 X10-2 M; DOI 10.6028/NBS.NSRDS.36; https://github.com/PSDI-UK/psdi-datasets,25
SODIUM DODECANOATE,CCCCCCCCCCCC(=O)[O-].[Na+],0.0,0.0,,0.0277,,,,,,,PSDI/NIST Critical Micelle Concentrations of Aqueous Surfactant Systems; Compound No. 273; name=SODIUM DODECANOATE; temperature=25; additives=nan; authors=EKWA; reference=42004; original CMC=2.77 X10-2 M; DOI 10.6028/NBS.NSRDS.36; https://github.com/PSDI-UK/psdi-datasets,25
SODIUM DODECANOATE,CCCCCCCCCCCC(=O)[O-].[Na+],0.0,0.0,,0.0237,,,,,,,PSDI/NIST Critical Micelle Concentrations of Aqueous Surfactant Systems; Compound No. 273; name=SODIUM DODECANOATE; temperature=25; additives=nan; authors=MERR GETT; reference=48024; original CMC=2.37 X10-2 M; DOI 10.6028/NBS.NSRDS.36; https://github.com/PSDI-UK/psdi-datasets,25
SODIUM DODECANOATE,CCCCCCCCCCCC(=O)[O-].[Na+],0.0,0.0,,0.0244,,,,,,,PSDI/NIST Critical Micelle Concentrations of Aqueous Surfactant Systems; Compound No. 273; name=SODIUM DODECANOATE; temperature=25; additives=nan; authors=CAMP LAKS; reference=65024; original CMC=2.44 X10-2 M; DOI 10.6028/NBS.NSRDS.36; https://github.com/PSDI-UK/psdi-datasets,25
SODIUM DODECANOATE,CCCCCCCCCCCC(=O)[O-].[Na+],0.0,0.0,,0.023,,,,,,,PSDI/NIST Critical Micelle Concentrations of Aqueous Surfactant Systems; Compound No. 273; name=SODIUM DODECANOATE; temperature=25; additives=nan; authors=CAMP LAKS; reference=65024; original CMC=2.30 X10-2 M; DOI 10.6028/NBS.NSRDS.36; https://github.com/PSDI-UK/psdi-datasets,25
SODIUM DODECANOATE,CCCCCCCCCCCC(=O)[O-].[Na+],0.0,0.0,,0.0172,,,,,,,PSDI/NIST Critical Micelle Concentrations of Aqueous Surfactant Systems; Compound No. 273; name=SODIUM DODECANOATE; temperature=25; additives=03 1: M NA CO3; authors=MERR CETTI; reference=48024; original CMC=1.72 X10-2 M; DOI 10.6028/NBS.NSRDS.36; https://github.com/PSDI-UK/psdi-datasets,25
SODIUM DODECANOATE,CCCCCCCCCCCC(=O)[O-].[Na+],0.0,0.0,,0.0179,,,,,,,PSDI/NIST Critical Micelle Concentrations of Aqueous Surfactant Systems; Compound No. 273; name=SODIUM DODECANOATE; temperature=25; additives=1.07 12 2 M MA OH; authors=MERR GETT; reference=48024; original CMC=1.79 X10-2 M; DOI 10.6028/NBS.NSRDS.36; https://github.com/PSDI-UK/psdi-datasets,25
SODIUM DODECANOATE,CCCCCCCCCCCC(=O)[O-].[Na+],0.0,0.0,,0.0217,,,,,,,"PSDI/NIST Critical Micelle Concentrations of Aqueous Surfactant Systems; Compound No. 273; name=SODIUM DODECANOATE; temperature=25; additives=1.81 ‚ëÜ M HA4 1207 PYRO; authors=MERR GETI""; reference=48024; original CMC=2.17 X10-2 M; DOI 10.6028/NBS.NSRDS.36; https://github.com/PSDI-UK/psdi-datasets",25
SODIUM DODECANOATE,CCCCCCCCCCCC(=O)[O-].[Na+],0.0,0.0,,0.0104,,,,,,,PSDI/NIST Critical Micelle Concentrations of Aqueous Surfactant Systems; Compound No. 273; name=SODIUM DODECANOATE; temperature=25; additives=2.69 ‚ëÜ: M 11A4 P207 PYRO; authors=MERR GETT; reference=48024; original CMC=1.04 X10-2 M; DOI 10.6028/NBS.NSRDS.36; https://github.com/PSDI-UK/psdi-datasets,25
SODIUM DODECANOATE,CCCCCCCCCCCC(=O)[O-].[Na+],0.0,0.0,,0.21,,,,,,,PSDI/NIST Critical Micelle Concentrations of Aqueous Surfactant Systems; Compound No. 273; name=SODIUM DODECANOATE; temperature=25; additives=e ht Im M NA2 81103 META; authors=MERR GETT; reference=48024; original CMC=21 X10-2 M; DOI 10.6028/NBS.NSRDS.36; https://github.com/PSDI-UK/psdi-datasets,25
HEXADECYL PYRIDINIUM CHLORIDE,CCCCCCCCCCCCCCCC[N+]1=CC=CC=C1.[Cl-],0.0,0.0,,0.0009,,,,,,,PSDI/NIST Critical Micelle Concentrations of Aqueous Surfactant Systems; Compound No. 274; name=HEXADECYL PYRIDINIUM CHLORIDE; temperature=25; additives=nan; authors=MALS HART; reference=34001; original CMC=9. X10-4 M; DOI 10.6028/NBS.NSRDS.36; https://github.com/PSDI-UK/psdi-datasets,25
HEXADECYL PYRIDINIUM CHLORIDE,CCCCCCCCCCCCCCCC[N+]1=CC=CC=C1.[Cl-],0.0,0.0,,0.00067,,,,,,,PSDI/NIST Critical Micelle Concentrations of Aqueous Surfactant Systems; Compound No. 274; name=HEXADECYL PYRIDINIUM CHLORIDE; temperature=25; additives=nan; authors=GRIE KRAU; reference=49018; original CMC=6.7 X10-4 M; DOI 10.6028/NBS.NSRDS.36; https://github.com/PSDI-UK/psdi-datasets,25
HEXADECYL PYRIDINIUM CHLORIDE,CCCCCCCCCCCCCCCC[N+]1=CC=CC=C1.[Cl-],0.0,0.0,,0.0004,,,,,,,PSDI/NIST Critical Micelle Concentrations of Aqueous Surfactant Systems; Compound No. 274; name=HEXADECYL PYRIDINIUM CHLORIDE; temperature=25; additives=3.2 E-3 N NA CL; authors=HART; reference=38001; original CMC=4.0 X10-4 M; DOI 10.6028/NBS.NSRDS.36; https://github.com/PSDI-UK/psdi-datasets,25
HEXADECYL PYRIDINIUM CHLORIDE,CCCCCCCCCCCCCCCC[N+]1=CC=CC=C1.[Cl-],0.0,0.0,,0.00018,,,,,,,PSDI/NIST Critical Micelle Concentrations of Aqueous Surfactant Systems; Compound No. 274; name=HEXADECYL PYRIDINIUM CHLORIDE; temperature=25; additives=1.0 E-2 N NA CL; authors=HART; reference=38001; original CMC=1.8 X10-4 M; DOI 10.6028/NBS.NSRDS.36; https://github.com/PSDI-UK/psdi-datasets,25
HEXADECYL PYRIDINIUM CHLORIDE,CCCCCCCCCCCCCCCC[N+]1=CC=CC=C1.[Cl-],0.0,0.0,,8e-05,,,,,,,PSDI/NIST Critical Micelle Concentrations of Aqueous Surfactant Systems; Compound No. 274; name=HEXADECYL PYRIDINIUM CHLORIDE; temperature=25; additives=3.2 E-2 N NA CL; authors=HART; reference=38001; original CMC=8. X10-5 M; DOI 10.6028/NBS.NSRDS.36; https://github.com/PSDI-UK/psdi-datasets,25
HEXADECYL PYRIDINIUM CHLORIDE,CCCCCCCCCCCCCCCC[N+]1=CC=CC=C1.[Cl-],0.0,0.0,,0.00058,,,,,,,PSDI/NIST Critical Micelle Concentrations of Aqueous Surfactant Systems; Compound No. 274; name=HEXADECYL PYRIDINIUM CHLORIDE; temperature=25; additives=1.00 E 2 E NITROBENZENE; authors=GRIE KRAU; reference=49018; original CMC=5.8 X10-4 M; DOI 10.6028/NBS.NSRDS.36; https://github.com/PSDI-UK/psdi-datasets,25
BENZYL TRIMETHYL AMMONIUM DODECANOATE,CCCCCC=CCC=CCC=CCCCCCCC(=O)NCCO,0.0,0.0,,0.01,,,,,,,PSDI/NIST Critical Micelle Concentrations of Aqueous Surfactant Systems; Compound No. 277; name=BENZYL TRIMETHYL AMMONIUM DODECANOATE; temperature=25; additives=4. E 0 I C6H5 (CH3) 3 N OH; authors=BRAD MCBA; reference=48009; original CMC=1 X10-2 M; DOI 10.6028/NBS.NSRDS.36; https://github.com/PSDI-UK/psdi-datasets,25
DODECYL PYRIDINIUM CHLORIDE,CCCCCCCCCCCC[N+]1=CC=CC=C1.[Cl-],0.0,0.0,,0.015,,,,,,,PSDI/NIST Critical Micelle Concentrations of Aqueous Surfactant Systems; Compound No. 278; name=DODECYL PYRIDINIUM CHLORIDE; temperature=25; additives=nan; authors=KLEV; reference=53010; original CMC=1.5 X10-2 M; DOI 10.6028/NBS.NSRDS.36; https://github.com/PSDI-UK/psdi-datasets,25
DODECYL PYRIDINIUM CHLORIDE,CCCCCCCCCCCC[N+]1=CC=CC=C1.[Cl-],0.0,0.0,,0.0028,,,,,,,PSDI/NIST Critical Micelle Concentrations of Aqueous Surfactant Systems; Compound No. 278; name=DODECYL PYRIDINIUM CHLORIDE; temperature=25; additives=nan; authors=BRAD MCBA; reference=48009; original CMC=2.8 X10-3 M; DOI 10.6028/NBS.NSRDS.36; https://github.com/PSDI-UK/psdi-datasets,25
DODECYL PYRIDINIUM CHLORIDE,CCCCCCCCCCCC[N+]1=CC=CC=C1.[Cl-],0.0,0.0,,0.0147,,,,,,,PSDI/NIST Critical Micelle Concentrations of Aqueous Surfactant Systems; Compound No. 278; name=DODECYL PYRIDINIUM CHLORIDE; temperature=25; additives=nan; authors=FORD OTTE; reference=66028; original CMC=1.47 X10-2 M; DOI 10.6028/NBS.NSRDS.36; https://github.com/PSDI-UK/psdi-datasets,25
DODECYL PYRIDINIUM CHLORIDE,CCCCCCCCCCCC[N+]1=CC=CC=C1.[Cl-],0.0,0.0,,0.0146,,,,,,,PSDI/NIST Critical Micelle Concentrations of Aqueous Surfactant Systems; Compound No. 278; name=DODECYL PYRIDINIUM CHLORIDE; temperature=25; additives=nan; authors=FORD OTTE; reference=66028; original CMC=1.46 X10-2 M; DOI 10.6028/NBS.NSRDS.36; https://github.com/PSDI-UK/psdi-datasets,25
DODECYL PYRIDINIUM CHLORIDE,CCCCCCCCCCCC[N+]1=CC=CC=C1.[Cl-],0.0,0.0,,0.014,,,,,,,PSDI/NIST Critical Micelle Concentrations of Aqueous Surfactant Systems; Compound No. 278; name=DODECYL PYRIDINIUM CHLORIDE; temperature=25; additives=nan; authors=WEIN ZOGR; reference=65026; original CMC=1.4 X10-2 M; DOI 10.6028/NBS.NSRDS.36; https://github.com/PSDI-UK/psdi-datasets,25
DODECYL PYRIDINIUM CHLORIDE,CCCCCCCCCCCC[N+]1=CC=CC=C1.[Cl-],0.0,0.0,,0.0113,,,,,,,PSDI/NIST Critical Micelle Concentrations of Aqueous Surfactant Systems; Compound No. 278; name=DODECYL PYRIDINIUM CHLORIDE; temperature=25; additives=2. E-2 M K CL; authors=FORD OTTE; reference=66028; original CMC=1.13 X10-2 M; DOI 10.6028/NBS.NSRDS.36; https://github.com/PSDI-UK/psdi-datasets,25
DODECYL PYRIDINIUM CHLORIDE,CCCCCCCCCCCC[N+]1=CC=CC=C1.[Cl-],0.0,0.0,,0.0122,,,,,,,PSDI/NIST Critical Micelle Concentrations of Aqueous Surfactant Systems; Compound No. 278; name=DODECYL PYRIDINIUM CHLORIDE; temperature=25; additives=2. E-2 M K CL; authors=FORD OTTE; reference=66028; original CMC=1.22 X10-2 M; DOI 10.6028/NBS.NSRDS.36; https://github.com/PSDI-UK/psdi-datasets,25
DODECYL PYRIDINIUM CHLORIDE,CCCCCCCCCCCC[N+]1=CC=CC=C1.[Cl-],0.0,0.0,,0.00846,,,,,,,PSDI/NIST Critical Micelle Concentrations of Aqueous Surfactant Systems; Compound No. 278; name=DODECYL PYRIDINIUM CHLORIDE; temperature=25; additives=5. E-2 M K CL; authors=FORD OTTE; reference=66028; original CMC=8.46 X10-3 M; DOI 10.6028/NBS.NSRDS.36; https://github.com/PSDI-UK/psdi-datasets,25
DODECYL PYRIDINIUM CHLORIDE,CCCCCCCCCCCC[N+]1=CC=CC=C1.[Cl-],0.0,0.0,,0.0086,,,,,,,PSDI/NIST Critical Micelle Concentrations of Aqueous Surfactant Systems; Compound No. 278; name=DODECYL PYRIDINIUM CHLORIDE; temperature=25; additives=5. E-2 M K CL; authors=FORD OTTE; reference=66028; original CMC=8.60 X10-3 M; DOI 10.6028/NBS.NSRDS.36; https://github.com/PSDI-UK/psdi-datasets,25
DODECYL PYRIDINIUM CHLORIDE,CCCCCCCCCCCC[N+]1=CC=CC=C1.[Cl-],0.0,0.0,,0.00688,,,,,,,PSDI/NIST Critical Micelle Concentrations of Aqueous Surfactant Systems; Compound No. 278; name=DODECYL PYRIDINIUM CHLORIDE; temperature=25; additives=8. E-2 M K CL; authors=FORD OTTE; reference=66028; original CMC=6.88 X10-3 M; DOI 10.6028/NBS.NSRDS.36; https://github.com/PSDI-UK/psdi-datasets,25
DODECYL PYRIDINIUM CHLORIDE,CCCCCCCCCCCC[N+]1=CC=CC=C1.[Cl-],0.0,0.0,,0.0023,,,,,,,PSDI/NIST Critical Micelle Concentrations of Aqueous Surfactant Systems; Compound No. 278; name=DODECYL PYRIDINIUM CHLORIDE; temperature=25; additives=1. E-1 M K CL; authors=WEIN ZOGR; reference=65026; original CMC=2.3 X10-3 M; DOI 10.6028/NBS.NSRDS.36; https://github.com/PSDI-UK/psdi-datasets,25
DODECYL BENZYL DIMETHYLAMMONIUM CHLORIDE,CCCCCCCCCCCCCCCC[N+]1=CC=CC=C1.[Cl-],0.0,0.0,,0.0023,,,,,,,PSDI/NIST Critical Micelle Concentrations of Aqueous Surfactant Systems; Compound No. 279; name=DODECYL BENZYL DIMETHYLAMMONIUM CHLORIDE; temperature=25; additives=nan; authors=BRAD MCBA; reference=48009; original CMC=2.3 X10-3 M; DOI 10.6028/NBS.NSRDS.36; https://github.com/PSDI-UK/psdi-datasets,25
DODECYL BENZYL DIMETHYLAMMONIUM CHLORIDE,CCCCCCCCCCCCCCCC[N+]1=CC=CC=C1.[Cl-],0.0,0.0,,0.0078,,,,,,,PSDI/NIST Critical Micelle Concentrations of Aqueous Surfactant Systems; Compound No. 279; name=DODECYL BENZYL DIMETHYLAMMONIUM CHLORIDE; temperature=25; additives=nan; authors=OSUG SATO; reference=65036; original CMC=7.8 X10-3 M; DOI 10.6028/NBS.NSRDS.36; https://github.com/PSDI-UK/psdi-datasets,25
DODECYL BENZYL DIMETHYLAMMONIUM CHLORIDE,CCCCCCCCCCCCCCCC[N+]1=CC=CC=C1.[Cl-],0.0,0.0,,0.00825,,,,,,,PSDI/NIST Critical Micelle Concentrations of Aqueous Surfactant Systems; Compound No. 279; name=DODECYL BENZYL DIMETHYLAMMONIUM CHLORIDE; temperature=25; additives=5. E2Y PRESSURE; authors=OSUG SATO; reference=65036; original CMC=8.25 X10-3 M; DOI 10.6028/NBS.NSRDS.36; https://github.com/PSDI-UK/psdi-datasets,25
DODECYL BENZYL DIMETHYLAMMONIUM CHLORIDE,CCCCCCCCCCCCCCCC[N+]1=CC=CC=C1.[Cl-],0.0,0.0,,0.0085,,,,,,,PSDI/NIST Critical Micelle Concentrations of Aqueous Surfactant Systems; Compound No. 279; name=DODECYL BENZYL DIMETHYLAMMONIUM CHLORIDE; temperature=25; additives=1. E3Y PRESSURE; authors=OSUG SATO; reference=65036; original CMC=8.5 X10-3 M; DOI 10.6028/NBS.NSRDS.36; https://github.com/PSDI-UK/psdi-datasets,25
DODECYL BENZYL DIMETHYLAMMONIUM CHLORIDE,CCCCCCCCCCCCCCCC[N+]1=CC=CC=C1.[Cl-],0.0,0.0,,0.0082,,,,,,,PSDI/NIST Critical Micelle Concentrations of Aqueous Surfactant Systems; Compound No. 279; name=DODECYL BENZYL DIMETHYLAMMONIUM CHLORIDE; temperature=25; additives=2. E3Y PRESSURE; authors=OSUG SATO; reference=65036; original CMC=8.2 X10-3 M; DOI 10.6028/NBS.NSRDS.36; https://github.com/PSDI-UK/psdi-datasets,25
DODECYL BENZYL DIMETHYLAMMONIUM CHLORIDE,CCCCCCCCCCCCCCCC[N+]1=CC=CC=C1.[Cl-],0.0,0.0,,0.0075,,,,,,,PSDI/NIST Critical Micelle Concentrations of Aqueous Surfactant Systems; Compound No. 279; name=DODECYL BENZYL DIMETHYLAMMONIUM CHLORIDE; temperature=25; additives=3. E3Y PRESSURE; authors=OSUG SATO; reference=65036; original CMC=7.5 X10-3 M; DOI 10.6028/NBS.NSRDS.36; https://github.com/PSDI-UK/psdi-datasets,25
DODECYL BENZYL DIMETHYLAMMONIUM CHLORIDE,CCCCCCCCCCCCCCCC[N+]1=CC=CC=C1.[Cl-],0.0,0.0,,0.0071,,,,,,,PSDI/NIST Critical Micelle Concentrations of Aqueous Surfactant Systems; Compound No. 279; name=DODECYL BENZYL DIMETHYLAMMONIUM CHLORIDE; temperature=25; additives=4. E3Y PRESSURE; authors=OSUG SATO; reference=65036; original CMC=7.1 X10-3 M; DOI 10.6028/NBS.NSRDS.36; https://github.com/PSDI-UK/psdi-datasets,25
DODECYL BENZYL DIMETHYLAMMONIUM CHLORIDE,CCCCCCCCCCCCCCCC[N+]1=CC=CC=C1.[Cl-],0.0,0.0,,0.0068,,,,,,,PSDI/NIST Critical Micelle Concentrations of Aqueous Surfactant Systems; Compound No. 279; name=DODECYL BENZYL DIMETHYLAMMONIUM CHLORIDE; temperature=25; additives=5. E 3 Y PRESSURE; authors=OSUG SATO; reference=65036; original CMC=6.8 X10-3 M; DOI 10.6028/NBS.NSRDS.36; https://github.com/PSDI-UK/psdi-datasets,25
DECYL TRIMETHYL AMMONIUM DODECYL SULFATE,CCCCCCCC[N+](C)(CCCCCCCC)CCCCCCCC.OS(=O)(=O)[O-],0.0,0.0,,0.00019,,,,,,,PSDI/NIST Critical Micelle Concentrations of Aqueous Surfactant Systems; Compound No. 280; name=DECYL TRIMETHYL AMMONIUM DODECYL SULFATE; temperature=25; additives=nan; authors=HOYE MARM; reference=61001; original CMC=1.9 X10-4 M; DOI 10.6028/NBS.NSRDS.36; https://github.com/PSDI-UK/psdi-datasets,25
DECYL TRIMETHYL AMMONIUM DODECYL SULFATE,CCCCCCCC[N+](C)(CCCCCCCC)CCCCCCCC.OS(=O)(=O)[O-],0.0,0.0,,0.00021,,,,,,,PSDI/NIST Critical Micelle Concentrations of Aqueous Surfactant Systems; Compound No. 280; name=DECYL TRIMETHYL AMMONIUM DODECYL SULFATE; temperature=25; additives=nan; authors=PACK DONB; reference=63030; original CMC=2.1 X10-4 M; DOI 10.6028/NBS.NSRDS.36; https://github.com/PSDI-UK/psdi-datasets,25
DODECYL TRIMETHYLAMMONIUM DODECYL SULFATE,CCCCCCCCCCCC[N+](C)(C)C.CCCCCCCCCCCCOS(=O)(=O)[O-],0.0,0.0,,3e-05,,,,,,,PSDI/NIST Critical Micelle Concentrations of Aqueous Surfactant Systems; Compound No. 281; name=DODECYL TRIMETHYLAMMONIUM DODECYL SULFATE; temperature=25; additives=nan; authors=HOYE MARM; reference=61001; original CMC=3. X10-5 M; DOI 10.6028/NBS.NSRDS.36; https://github.com/PSDI-UK/psdi-datasets,25
HEXADECYL /OXYETHYLENE/ 6 ALCOHOL HOMOGENEOUS HEAD GROUP,CCCCCCCCCCCCCCCCOCCOCCOCCOCCOCCOCCO,6.0,0.0,,1e-06,,,,,,,PSDI/NIST Critical Micelle Concentrations of Aqueous Surfactant Systems; Compound No. 282; name=HEXADECYL /OXYETHYLENE/ 6 ALCOHOL HOMOGENEOUS HEAD GROUP; temperature=25; additives=nan; authors=GOOD OTTE; reference=61004; original CMC=1.0 X10-6 M; DOI 10.6028/NBS.NSRDS.36; https://github.com/PSDI-UK/psdi-datasets,25
HEXADECYL /OXYETHYLENE/ 6 ALCOHOL HOMOGENEOUS HEAD GROUP,CCCCCCCCCCCCCCCCOCCOCCOCCOCCOCCOCCO,6.0,0.0,,1.66e-06,,,,,,,PSDI/NIST Critical Micelle Concentrations of Aqueous Surfactant Systems; Compound No. 282; name=HEXADECYL /OXYETHYLENE/ 6 ALCOHOL HOMOGENEOUS HEAD GROUP; temperature=25; additives=nan; authors=ELWO MACF; reference=62027; original CMC=1.66 X10-6 M; DOI 10.6028/NBS.NSRDS.36; https://github.com/PSDI-UK/psdi-datasets,25
OCTYL TRIMETHYLAMMONIUM OCTANE SULFONATE,CCCCCCCCCCCCCC[NH+](C)C.CCCS(=O)(=O)[O-],0.0,0.0,,0.021,,,,,,,PSDI/NIST Critical Micelle Concentrations of Aqueous Surfactant Systems; Compound No. 287; name=OCTYL TRIMETHYLAMMONIUM OCTANE SULFONATE; temperature=25; additives=nan; authors=CORK GOOD; reference=66014; original CMC=2.1 X10-2 M; DOI 10.6028/NBS.NSRDS.36; https://github.com/PSDI-UK/psdi-datasets,25
OCTYL TRIMETHYLAMMONIUM OCTANE SULFONATE,CCCCCCCCCCCCCC[NH+](C)C.CCCS(=O)(=O)[O-],0.0,0.0,,0.02016,,,,,,,PSDI/NIST Critical Micelle Concentrations of Aqueous Surfactant Systems; Compound No. 287; name=OCTYL TRIMETHYLAMMONIUM OCTANE SULFONATE; temperature=25; additives=nan; authors=TART LING; reference=43004; original CMC=2.016X10-2 M; DOI 10.6028/NBS.NSRDS.36; https://github.com/PSDI-UK/psdi-datasets,25
DECYL TRIMETHYLAMMONIUM DECANESULFONATE,CCCCCCCCCCCCCCCCCC[NH+](C)C.CCCS(=O)(=O)[O-],0.0,0.0,,0.00136,,,,,,,PSDI/NIST Critical Micelle Concentrations of Aqueous Surfactant Systems; Compound No. 288; name=DECYL TRIMETHYLAMMONIUM DECANESULFONATE; temperature=25; additives=nan; authors=CORK GOOD; reference=66014; original CMC=1.36 X10-3 M; DOI 10.6028/NBS.NSRDS.36; https://github.com/PSDI-UK/psdi-datasets,25
TETRADECYL/OXYETHYLENE/6 ALCOHOL HOMOGENEOUS HEAD GROUP,CCCCCCCCCCCCCCOCCOCCOCCOCCOCCOCCO,6.0,0.0,,1e-05,,,,,,,PSDI/NIST Critical Micelle Concentrations of Aqueous Surfactant Systems; Compound No. 289; name=TETRADECYL/OXYETHYLENE/6 ALCOHOL HOMOGENEOUS HEAD GROUP; temperature=25; additives=nan; authors=CORK GOOD; reference=64023; original CMC=5. X10-4 D 1.0 X10-5 M; DOI 10.6028/NBS.NSRDS.36; https://github.com/PSDI-UK/psdi-datasets,25
DODECYL PYRIDINIUM BROMIDE,CCCCCCCCCCCC[N+]1=CC=CC=C1.[Br-],0.0,0.0,,0.016,,,,,,,PSDI/NIST Critical Micelle Concentrations of Aqueous Surfactant Systems; Compound No. 290; name=DODECYL PYRIDINIUM BROMIDE; temperature=25; additives=nan; authors=KLEV; reference=53010; original CMC=1.6 X10-2 M; DOI 10.6028/NBS.NSRDS.36; https://github.com/PSDI-UK/psdi-datasets,25
DODECYL PYRIDINIUM BROMIDE,CCCCCCCCCCCC[N+]1=CC=CC=C1.[Br-],0.0,0.0,,0.0116,,,,,,,PSDI/NIST Critical Micelle Concentrations of Aqueous Surfactant Systems; Compound No. 290; name=DODECYL PYRIDINIUM BROMIDE; temperature=25; additives=nan; authors=FORD OTTE; reference=66028; original CMC=1.16 X10-2 M; DOI 10.6028/NBS.NSRDS.36; https://github.com/PSDI-UK/psdi-datasets,25
DODECYL PYRIDINIUM BROMIDE,CCCCCCCCCCCC[N+]1=CC=CC=C1.[Br-],0.0,0.0,,0.012,,,,,,,PSDI/NIST Critical Micelle Concentrations of Aqueous Surfactant Systems; Compound No. 290; name=DODECYL PYRIDINIUM BROMIDE; temperature=25; additives=nan; authors=FORD OTTE; reference=66028; original CMC=1.20 X10-2 M; DOI 10.6028/NBS.NSRDS.36; https://github.com/PSDI-UK/psdi-datasets,25
DODECYL PYRIDINIUM BROMIDE,CCCCCCCCCCCC[N+]1=CC=CC=C1.[Br-],0.0,0.0,,0.0113,,,,,,,PSDI/NIST Critical Micelle Concentrations of Aqueous Surfactant Systems; Compound No. 290; name=DODECYL PYRIDINIUM BROMIDE; temperature=25; additives=nan; authors=BENT SPAR; reference=66038; original CMC=1.13 X10-2 M; DOI 10.6028/NBS.NSRDS.36; https://github.com/PSDI-UK/psdi-datasets,25
DODECYL PYRIDINIUM BROMIDE,CCCCCCCCCCCC[N+]1=CC=CC=C1.[Br-],0.0,0.0,,0.0121,,,,,,,PSDI/NIST Critical Micelle Concentrations of Aqueous Surfactant Systems; Compound No. 290; name=DODECYL PYRIDINIUM BROMIDE; temperature=25; additives=nan; authors=MUKE RAY; reference=66006; original CMC=1.21 X10-2 M; DOI 10.6028/NBS.NSRDS.36; https://github.com/PSDI-UK/psdi-datasets,25
DODECYL PYRIDINIUM BROMIDE,CCCCCCCCCCCC[N+]1=CC=CC=C1.[Br-],0.0,0.0,,0.0072,,,,,,,PSDI/NIST Critical Micelle Concentrations of Aqueous Surfactant Systems; Compound No. 290; name=DODECYL PYRIDINIUM BROMIDE; temperature=25; additives=2. E-2 M K BR; authors=FORD OTTE; reference=66028; original CMC=7.20 X10-3 M; DOI 10.6028/NBS.NSRDS.36; https://github.com/PSDI-UK/psdi-datasets,25
DODECYL PYRIDINIUM BROMIDE,CCCCCCCCCCCC[N+]1=CC=CC=C1.[Br-],0.0,0.0,,0.00732,,,,,,,PSDI/NIST Critical Micelle Concentrations of Aqueous Surfactant Systems; Compound No. 290; name=DODECYL PYRIDINIUM BROMIDE; temperature=25; additives=2. E-2 M K BR; authors=FORD OTTE; reference=66028; original CMC=7.32 X10-3 M; DOI 10.6028/NBS.NSRDS.36; https://github.com/PSDI-UK/psdi-datasets,25
DODECYL PYRIDINIUM BROMIDE,CCCCCCCCCCCC[N+]1=CC=CC=C1.[Br-],0.0,0.0,,0.00488,,,,,,,PSDI/NIST Critical Micelle Concentrations of Aqueous Surfactant Systems; Compound No. 290; name=DODECYL PYRIDINIUM BROMIDE; temperature=25; additives=4. E-2 M K BR; authors=FORD OTTE; reference=66028; original CMC=4.88 X10-3 M; DOI 10.6028/NBS.NSRDS.36; https://github.com/PSDI-UK/psdi-datasets,25
DODECYL PYRIDINIUM BROMIDE,CCCCCCCCCCCC[N+]1=CC=CC=C1.[Br-],0.0,0.0,,0.0047,,,,,,,PSDI/NIST Critical Micelle Concentrations of Aqueous Surfactant Systems; Compound No. 290; name=DODECYL PYRIDINIUM BROMIDE; temperature=25; additives=5. E-2 M K BR; authors=FORD OTTE; reference=66028; original CMC=4.70 X10-3 M; DOI 10.6028/NBS.NSRDS.36; https://github.com/PSDI-UK/psdi-datasets,25
DODECYL PYRIDINIUM BROMIDE,CCCCCCCCCCCC[N+]1=CC=CC=C1.[Br-],0.0,0.0,,0.00396,,,,,,,PSDI/NIST Critical Micelle Concentrations of Aqueous Surfactant Systems; Compound No. 290; name=DODECYL PYRIDINIUM BROMIDE; temperature=25; additives=6. E-2 M K BR; authors=FORD OTTE; reference=66028; original CMC=3.96 X10-3 M; DOI 10.6028/NBS.NSRDS.36; https://github.com/PSDI-UK/psdi-datasets,25
DODECYL PYRIDINIUM BROMIDE,CCCCCCCCCCCC[N+]1=CC=CC=C1.[Br-],0.0,0.0,,0.00336,,,,,,,PSDI/NIST Critical Micelle Concentrations of Aqueous Surfactant Systems; Compound No. 290; name=DODECYL PYRIDINIUM BROMIDE; temperature=25; additives=8. E-2 M K BR; authors=FORD OTTE; reference=66028; original CMC=3.36 X10-3 M; DOI 10.6028/NBS.NSRDS.36; https://github.com/PSDI-UK/psdi-datasets,25
DODECYL PYRIDINIUM BROMIDE,CCCCCCCCCCCC[N+]1=CC=CC=C1.[Br-],0.0,0.0,,0.00274,,,,,,,PSDI/NIST Critical Micelle Concentrations of Aqueous Surfactant Systems; Compound No. 290; name=DODECYL PYRIDINIUM BROMIDE; temperature=25; additives=1.0 E-1 M K BR; authors=FORD OTTE; reference=66028; original CMC=2.74 X10-3 M; DOI 10.6028/NBS.NSRDS.36; https://github.com/PSDI-UK/psdi-datasets,25
DODECYL PYRIDINIUM BROMIDE,CCCCCCCCCCCC[N+]1=CC=CC=C1.[Br-],0.0,0.0,,0.00335,,,,,,,PSDI/NIST Critical Micelle Concentrations of Aqueous Surfactant Systems; Compound No. 290; name=DODECYL PYRIDINIUM BROMIDE; temperature=25; additives=6. E-2 M RB BR; authors=FORD OTTE; reference=66028; original CMC=3.35 X10-3 M; DOI 10.6028/NBS.NSRDS.36; https://github.com/PSDI-UK/psdi-datasets,25
HEXYL/OXYETHYLENE/6 ALCOHOL HOMOGENEOUS HEAD GROUP,CC(CO)OCC(C)OCC(C)OCC(C)OCC(C)OCC(C)O,6.0,0.0,,0.118,,,,,,,PSDI/NIST Critical Micelle Concentrations of Aqueous Surfactant Systems; Compound No. 294; name=HEXYL/OXYETHYLENE/6 ALCOHOL HOMOGENEOUS HEAD GROUP; temperature=25; additives=nan; authors=CORK GOOD; reference=64027; original CMC=1.18 X10-1 M; DOI 10.6028/NBS.NSRDS.36; https://github.com/PSDI-UK/psdi-datasets,25
SODIUM NONYL 1-SULFATE,CCCCCCCCCOS(=O)(=O)[O-].[Na+],0.0,0.0,,0.05483,,,,,,,PSDI/NIST Critical Micelle Concentrations of Aqueous Surfactant Systems; Compound No. 295; name=SODIUM NONYL 1-SULFATE; temperature=25; additives=nan; authors=PRIN HERM; reference=56011; original CMC=1.35 X10 0 D 5.483X10-2 M; DOI 10.6028/NBS.NSRDS.36; https://github.com/PSDI-UK/psdi-datasets,25
SODIUM NONYL 1-SULFATE,CCCCCCCCCOS(=O)(=O)[O-].[Na+],0.0,0.0,,0.05889,,,,,,,PSDI/NIST Critical Micelle Concentrations of Aqueous Surfactant Systems; Compound No. 295; name=SODIUM NONYL 1-SULFATE; temperature=25; additives=nan; authors=PRIN HERM; reference=56011; original CMC=1.45 X10 0 D 5.889X10-2 M; DOI 10.6028/NBS.NSRDS.36; https://github.com/PSDI-UK/psdi-datasets,25
SODIUM NONYL 1-SULFATE,CCCCCCCCCOS(=O)(=O)[O-].[Na+],0.0,0.0,,0.0487,,,,,,,PSDI/NIST Critical Micelle Concentrations of Aqueous Surfactant Systems; Compound No. 295; name=SODIUM NONYL 1-SULFATE; temperature=25; additives=7.5 E-2 M NA CL; authors=PRIN HERM; reference=56011; original CMC=1.2 X10 0 D 4.87 X10-2 M; DOI 10.6028/NBS.NSRDS.36; https://github.com/PSDI-UK/psdi-datasets,25
POTASSIUM HEPTANOATE,CCCCCCC(=O)[O-].[K+],0.0,0.0,,0.75,,,,,,,PSDI/NIST Critical Micelle Concentrations of Aqueous Surfactant Systems; Compound No. 296; name=POTASSIUM HEPTANOATE; temperature=25; additives=nan; authors=KLEV; reference=58011; original CMC=7.5 X10-1 M; DOI 10.6028/NBS.NSRDS.36; https://github.com/PSDI-UK/psdi-datasets,25
POTASSIUM HEPTANOATE,CCCCCCC(=O)[O-].[K+],0.0,0.0,,0.8,,,,,,,PSDI/NIST Critical Micelle Concentrations of Aqueous Surfactant Systems; Compound No. 296; name=POTASSIUM HEPTANOATE; temperature=25; additives=2. E I K OH; authors=SHIN; reference=54005; original CMC=8.0 X10-1 M; DOI 10.6028/NBS.NSRDS.36; https://github.com/PSDI-UK/psdi-datasets,25
POTASSIUM HEPTANOATE,CCCCCCC(=O)[O-].[K+],0.0,0.0,,0.45,,,,,,,PSDI/NIST Critical Micelle Concentrations of Aqueous Surfactant Systems; Compound No. 296; name=POTASSIUM HEPTANOATE; temperature=25; additives=1. E-5 N PINACYANOL CL (DYE); authors=HERZ; reference=52015; original CMC=4.5 X10-1 M; DOI 10.6028/NBS.NSRDS.36; https://github.com/PSDI-UK/psdi-datasets,25
POTASSIUM HEPTANOATE,CCCCCCC(=O)[O-].[K+],0.0,0.0,,0.67,,,,,,,PSDI/NIST Critical Micelle Concentrations of Aqueous Surfactant Systems; Compound No. 296; name=POTASSIUM HEPTANOATE; temperature=25; additives=2.5 E-5 N PINACYANOL CL (DYE); authors=HERZ; reference=52015; original CMC=6.70 X10-1 M; DOI 10.6028/NBS.NSRDS.36; https://github.com/PSDI-UK/psdi-datasets,25
POTASSIUM HEPTANOATE,CCCCCCC(=O)[O-].[K+],0.0,0.0,,0.78,,,,,,,PSDI/NIST Critical Micelle Concentrations of Aqueous Surfactant Systems; Compound No. 296; name=POTASSIUM HEPTANOATE; temperature=25; additives=5. E-5 N PINACYANOL CL (DYE); authors=HERZ; reference=52015; original CMC=7.80 X10-1 M; DOI 10.6028/NBS.NSRDS.36; https://github.com/PSDI-UK/psdi-datasets,25
POTASSIUM HEPTANOATE,CCCCCCC(=O)[O-].[K+],0.0,0.0,,0.55,,,,,,,PSDI/NIST Critical Micelle Concentrations of Aqueous Surfactant Systems; Compound No. 296; name=POTASSIUM HEPTANOATE; temperature=25; additives=5. E-5 N PINACYANOL CL (DYE); authors=HERZ; reference=52015; original CMC=5.5 X10-1 M; DOI 10.6028/NBS.NSRDS.36; https://github.com/PSDI-UK/psdi-datasets,25
POTASSIUM HEPTANOATE,CCCCCCC(=O)[O-].[K+],0.0,0.0,,0.662,,,,,,,PSDI/NIST Critical Micelle Concentrations of Aqueous Surfactant Systems; Compound No. 296; name=POTASSIUM HEPTANOATE; temperature=25; additives=2.5 E-5 N PINACYANOL CL (DYE) 6.6 E-2 M K CL; authors=HERZ; reference=52017; original CMC=6.62 X10-1 M; DOI 10.6028/NBS.NSRDS.36; https://github.com/PSDI-UK/psdi-datasets,25
POTASSIUM HEPTANOATE,CCCCCCC(=O)[O-].[K+],0.0,0.0,,0.617,,,,,,,PSDI/NIST Critical Micelle Concentrations of Aqueous Surfactant Systems; Compound No. 296; name=POTASSIUM HEPTANOATE; temperature=25; additives=2.5 E-5 N PINACYANOL CL (DYE) 1.54 E-1 M K CL; authors=HERZ; reference=52017; original CMC=6.17 X10-1 M; DOI 10.6028/NBS.NSRDS.36; https://github.com/PSDI-UK/psdi-datasets,25
POTASSIUM HEPTANOATE,CCCCCCC(=O)[O-].[K+],0.0,0.0,,0.577,,,,,,,PSDI/NIST Critical Micelle Concentrations of Aqueous Surfactant Systems; Compound No. 296; name=POTASSIUM HEPTANOATE; temperature=25; additives=2.5 E-5 N PINACYANOL FL (DYE) 2.89 E-1 M K CL; authors=HERZ; reference=52017; original CMC=5.77 X10-1 M; DOI 10.6028/NBS.NSRDS.36; https://github.com/PSDI-UK/psdi-datasets,25
POTASSIUM HEPTANOATE,CCCCCCC(=O)[O-].[K+],0.0,0.0,,0.543,,,,,,,PSDI/NIST Critical Micelle Concentrations of Aqueous Surfactant Systems; Compound No. 296; name=POTASSIUM HEPTANOATE; temperature=25; additives=2.5 E-5 N PINACYANOL CL (DYE) 4.07 E-1 M K CL; authors=HERZ; reference=52017; original CMC=5.43 X10-1 M; DOI 10.6028/NBS.NSRDS.36; https://github.com/PSDI-UK/psdi-datasets,25
POTASSIUM HEPTANOATE,CCCCCCC(=O)[O-].[K+],0.0,0.0,,0.522,,,,,,,PSDI/NIST Critical Micelle Concentrations of Aqueous Surfactant Systems; Compound No. 296; name=POTASSIUM HEPTANOATE; temperature=25; additives=2.5 E-5 N PINACYANOL CL (DYE) 5.22 E-1 M K CL; authors=HERZ; reference=52017; original CMC=5.22 X10-1 M; DOI 10.6028/NBS.NSRDS.36; https://github.com/PSDI-UK/psdi-datasets,25
POTASSIUM HEPTANOATE,CCCCCCC(=O)[O-].[K+],0.0,0.0,,0.485,,,,,,,PSDI/NIST Critical Micelle Concentrations of Aqueous Surfactant Systems; Compound No. 296; name=POTASSIUM HEPTANOATE; temperature=25; additives=2.5 E-5 N PINACYANOL CL (DYE) 7.28 E-1 M K CL; authors=HERZ; reference=52017; original CMC=4.85 X10-1 M; DOI 10.6028/NBS.NSRDS.36; https://github.com/PSDI-UK/psdi-datasets,25
POTASSIUM HEPTANOATE,CCCCCCC(=O)[O-].[K+],0.0,0.0,,0.43,,,,,,,PSDI/NIST Critical Micelle Concentrations of Aqueous Surfactant Systems; Compound No. 296; name=POTASSIUM HEPTANOATE; temperature=25; additives=2.5 E-5 N PINACYANOL CL (DYE) 1.08 E 0 M K CL; authors=HERZ; reference=52017; original CMC=4.30 X10-1 M; DOI 10.6028/NBS.NSRDS.36; https://github.com/PSDI-UK/psdi-datasets,25
POTASSIUM HEPTANOATE,CCCCCCC(=O)[O-].[K+],0.0,0.0,,0.374,,,,,,,PSDI/NIST Critical Micelle Concentrations of Aqueous Surfactant Systems; Compound No. 296; name=POTASSIUM HEPTANOATE; temperature=25; additives=2.5 E-5 N PINACYANOL CL (DYE) 1.50 E 0 M K CL; authors=HERZ; reference=52017; original CMC=3.74 X10-1 M; DOI 10.6028/NBS.NSRDS.36; https://github.com/PSDI-UK/psdi-datasets,25
POTASSIUM HEPTANOATE,CCCCCCC(=O)[O-].[K+],0.0,0.0,,0.335,,,,,,,PSDI/NIST Critical Micelle Concentrations of Aqueous Surfactant Systems; Compound No. 296; name=POTASSIUM HEPTANOATE; temperature=25; additives=2.5 E-5 N PINACYANOL CL (DYE) 1.79 E 0 M K CL; authors=HERZ; reference=52017; original CMC=3.35 X10-1 M; DOI 10.6028/NBS.NSRDS.36; https://github.com/PSDI-UK/psdi-datasets,25
POTASSIUM HEPTANOATE,CCCCCCC(=O)[O-].[K+],0.0,0.0,,0.307,,,,,,,PSDI/NIST Critical Micelle Concentrations of Aqueous Surfactant Systems; Compound No. 296; name=POTASSIUM HEPTANOATE; temperature=25; additives=2.5 E-5 N PINACYANOL CL (DYE) 2.00 E 0 M K CL; authors=HERZ; reference=52017; original CMC=3.07 X10-1 M; DOI 10.6028/NBS.NSRDS.36; https://github.com/PSDI-UK/psdi-datasets,25
POTASSIUM HEPTANOATE,CCCCCCC(=O)[O-].[K+],0.0,0.0,,0.285,,,,,,,PSDI/NIST Critical Micelle Concentrations of Aqueous Surfactant Systems; Compound No. 296; name=POTASSIUM HEPTANOATE; temperature=25; additives=2.5 E-5 N PINACYANOL CL (DYE) 2.28 E 0 M K CL; authors=HERZ; reference=52017; original CMC=2.85 X10-1 M; DOI 10.6028/NBS.NSRDS.36; https://github.com/PSDI-UK/psdi-datasets,25
POTASSIUM HEPTANOATE,CCCCCCC(=O)[O-].[K+],0.0,0.0,,0.263,,,,,,,PSDI/NIST Critical Micelle Concentrations of Aqueous Surfactant Systems; Compound No. 296; name=POTASSIUM HEPTANOATE; temperature=25; additives=2.5 E-5 N PINACYANOL CL (DYE) 2.45 E 0 M K CL; authors=HERZ; reference=52017; original CMC=2.63 X10-1 M; DOI 10.6028/NBS.NSRDS.36; https://github.com/PSDI-UK/psdi-datasets,25
POTASSIUM HEPTANOATE,CCCCCCC(=O)[O-].[K+],0.0,0.0,,0.247,,,,,,,PSDI/NIST Critical Micelle Concentrations of Aqueous Surfactant Systems; Compound No. 296; name=POTASSIUM HEPTANOATE; temperature=25; additives=2.5 E-5 N PINACYANOL CL (DYE) 2.64 E 0 M K CL; authors=HERZ; reference=52017; original CMC=2.47 X10-1 M; DOI 10.6028/NBS.NSRDS.36; https://github.com/PSDI-UK/psdi-datasets,25
POTASSIUM HEPTANOATE,CCCCCCC(=O)[O-].[K+],0.0,0.0,,0.23,,,,,,,PSDI/NIST Critical Micelle Concentrations of Aqueous Surfactant Systems; Compound No. 296; name=POTASSIUM HEPTANOATE; temperature=25; additives=2.5 E-5 N PINACYANOL CL (DYE) 2.76 E 0 M K CL; authors=HERZ; reference=52017; original CMC=2.30 X10-1 M; DOI 10.6028/NBS.NSRDS.36; https://github.com/PSDI-UK/psdi-datasets,25
POTASSIUM HEPTANOATE,CCCCCCC(=O)[O-].[K+],0.0,0.0,,0.218,,,,,,,PSDI/NIST Critical Micelle Concentrations of Aqueous Surfactant Systems; Compound No. 296; name=POTASSIUM HEPTANOATE; temperature=25; additives=2.5 E-5 N PINACYANOL CL (DYE) 2.91 E 0 M K CL; authors=HERZ; reference=52017; original CMC=2.18 X10-1 M; DOI 10.6028/NBS.NSRDS.36; https://github.com/PSDI-UK/psdi-datasets,25
POTASSIUM HEPTANOATE,CCCCCCC(=O)[O-].[K+],0.0,0.0,,0.728,,,,,,,PSDI/NIST Critical Micelle Concentrations of Aqueous Surfactant Systems; Compound No. 296; name=POTASSIUM HEPTANOATE; temperature=25; additives=5. E-5 N PINACYANOL CL (DYE) 1.46 E-1 M K CL; authors=HERZ; reference=52017; original CMC=7.28 X10-1 M; DOI 10.6028/NBS.NSRDS.36; https://github.com/PSDI-UK/psdi-datasets,25
POTASSIUM HEPTANOATE,CCCCCCC(=O)[O-].[K+],0.0,0.0,,0.691,,,,,,,PSDI/NIST Critical Micelle Concentrations of Aqueous Surfactant Systems; Compound No. 296; name=POTASSIUM HEPTANOATE; temperature=25; additives=5. E-5 N PINACYANOL CL (DYE) 3.46 E-1 M K CL; authors=HERZ; reference=52017; original CMC=6.91 X10-1 M; DOI 10.6028/NBS.NSRDS.36; https://github.com/PSDI-UK/psdi-datasets,25
POTASSIUM HEPTANOATE,CCCCCCC(=O)[O-].[K+],0.0,0.0,,0.633,,,,,,,PSDI/NIST Critical Micelle Concentrations of Aqueous Surfactant Systems; Compound No. 296; name=POTASSIUM HEPTANOATE; temperature=25; additives=5. E-5 N PINACYANOL CL (DYE) 6.33 E-1 M K CL; authors=HERZ; reference=52017; original CMC=6.33 X10-1 M; DOI 10.6028/NBS.NSRDS.36; https://github.com/PSDI-UK/psdi-datasets,25
POTASSIUM HEPTANOATE,CCCCCCC(=O)[O-].[K+],0.0,0.0,,0.542,,,,,,,PSDI/NIST Critical Micelle Concentrations of Aqueous Surfactant Systems; Compound No. 296; name=POTASSIUM HEPTANOATE; temperature=25; additives=5. E-5 N PINACYANOL CL (DYE) 1.08 E 0 M K CL; authors=HERZ; reference=52017; original CMC=5.42 X10-1 M; DOI 10.6028/NBS.NSRDS.36; https://github.com/PSDI-UK/psdi-datasets,25
POTASSIUM HEPTANOATE,CCCCCCC(=O)[O-].[K+],0.0,0.0,,0.34,,,,,,,PSDI/NIST Critical Micelle Concentrations of Aqueous Surfactant Systems; Compound No. 296; name=POTASSIUM HEPTANOATE; temperature=25; additives=5. E-5 N PINACYANOL CL (DYE) 2.38 E 0 M K CL; authors=HERZ; reference=52017; original CMC=3.40 X10-1 M; DOI 10.6028/NBS.NSRDS.36; https://github.com/PSDI-UK/psdi-datasets,25
POTASSIUM HEPTANOATE,CCCCCCC(=O)[O-].[K+],0.0,0.0,,0.28,,,,,,,PSDI/NIST Critical Micelle Concentrations of Aqueous Surfactant Systems; Compound No. 296; name=POTASSIUM HEPTANOATE; temperature=25; additives=5. E-5 N PINACYANOL CL (DYE) 2.80 E 0 M K CL; authors=HERZ; reference=52017; original CMC=2.80 X10-1 M; DOI 10.6028/NBS.NSRDS.36; https://github.com/PSDI-UK/psdi-datasets,25
POTASSIUM HEPTANOATE,CCCCCCC(=O)[O-].[K+],0.0,0.0,,0.7,,,,,,,PSDI/NIST Critical Micelle Concentrations of Aqueous Surfactant Systems; Compound No. 296; name=POTASSIUM HEPTANOATE; temperature=25; additives=1.07 E1C 0044 2. EOI K OH; authors=SHIN; reference=54005; original CMC=7.0 X10-1 M; DOI 10.6028/NBS.NSRDS.36; https://github.com/PSDI-UK/psdi-datasets,25
POTASSIUM HEPTANOATE,CCCCCCC(=O)[O-].[K+],0.0,0.0,,0.66,,,,,,,PSDI/NIST Critical Micelle Concentrations of Aqueous Surfactant Systems; Compound No. 296; name=POTASSIUM HEPTANOATE; temperature=25; additives=1.57 E1C 0044 2. EOI K OH; authors=SHIN; reference=54005; original CMC=6.6 X10-1 M; DOI 10.6028/NBS.NSRDS.36; https://github.com/PSDI-UK/psdi-datasets,25
POTASSIUM HEPTANOATE,CCCCCCC(=O)[O-].[K+],0.0,0.0,,0.61,,,,,,,PSDI/NIST Critical Micelle Concentrations of Aqueous Surfactant Systems; Compound No. 296; name=POTASSIUM HEPTANOATE; temperature=25; additives=2.50 E1C 0044 2. EOI K OH; authors=SHIN; reference=54005; original CMC=6.1 X10-1 M; DOI 10.6028/NBS.NSRDS.36; https://github.com/PSDI-UK/psdi-datasets,25
POTASSIUM HEPTANOATE,CCCCCCC(=O)[O-].[K+],0.0,0.0,,0.56,,,,,,,PSDI/NIST Critical Micelle Concentrations of Aqueous Surfactant Systems; Compound No. 296; name=POTASSIUM HEPTANOATE; temperature=25; additives=3.36 0044 2. EOI K OH; authors=SHIN; reference=54005; original CMC=5.6 X10-1 M; DOI 10.6028/NBS.NSRDS.36; https://github.com/PSDI-UK/psdi-datasets,25
POTASSIUM HEPTANOATE,CCCCCCC(=O)[O-].[K+],0.0,0.0,,0.52,,,,,,,PSDI/NIST Critical Micelle Concentrations of Aqueous Surfactant Systems; Compound No. 296; name=POTASSIUM HEPTANOATE; temperature=25; additives=4.36 E1C 0044 2. EOI K OH; authors=SHIN; reference=54005; original CMC=5.2 X10-1 M; DOI 10.6028/NBS.NSRDS.36; https://github.com/PSDI-UK/psdi-datasets,25
POTASSIUM HEPTANOATE,CCCCCCC(=O)[O-].[K+],0.0,0.0,,0.49,,,,,,,PSDI/NIST Critical Micelle Concentrations of Aqueous Surfactant Systems; Compound No. 296; name=POTASSIUM HEPTANOATE; temperature=25; additives=5.53 E1 C 0044 2. E O I K OH; authors=SHIN; reference=54005; original CMC=4.9 X10-1 M; DOI 10.6028/NBS.NSRDS.36; https://github.com/PSDI-UK/psdi-datasets,25
POTASSIUM HEPTANOATE,CCCCCCC(=O)[O-].[K+],0.0,0.0,,0.41,,,,,,,PSDI/NIST Critical Micelle Concentrations of Aqueous Surfactant Systems; Compound No. 296; name=POTASSIUM HEPTANOATE; temperature=25; additives=8.18 E1C 0044 2. E O I K OH; authors=SHIN; reference=54005; original CMC=4.1 X10-1 M; DOI 10.6028/NBS.NSRDS.36; https://github.com/PSDI-UK/psdi-datasets,25
POTASSIUM HEPTANOATE,CCCCCCC(=O)[O-].[K+],0.0,0.0,,0.59,,,,,,,PSDI/NIST Critical Micelle Concentrations of Aqueous Surfactant Systems; Compound No. 296; name=POTASSIUM HEPTANOATE; temperature=25; additives=2.1 E O C 0090 2. E O I K OH; authors=SHIN; reference=54005; original CMC=5.9 X10-1 M; DOI 10.6028/NBS.NSRDS.36; https://github.com/PSDI-UK/psdi-datasets,25
POTASSIUM HEPTANOATE,CCCCCCC(=O)[O-].[K+],0.0,0.0,,0.44,,,,,,,PSDI/NIST Critical Micelle Concentrations of Aqueous Surfactant Systems; Compound No. 296; name=POTASSIUM HEPTANOATE; temperature=25; additives=6.0 E O C 0090 2. E O . I K OH; authors=SHIN; reference=54005; original CMC=4.4 X10-1 M; DOI 10.6028/NBS.NSRDS.36; https://github.com/PSDI-UK/psdi-datasets,25
POTASSIUM HEPTANOATE,CCCCCCC(=O)[O-].[K+],0.0,0.0,,0.31,,,,,,,PSDI/NIST Critical Micelle Concentrations of Aqueous Surfactant Systems; Compound No. 296; name=POTASSIUM HEPTANOATE; temperature=25; additives=1.40 E1C 0090 2. E 0 : I K OH; authors=SHIN; reference=54005; original CMC=3.1 X10-1 M; DOI 10.6028/NBS.NSRDS.36; https://github.com/PSDI-UK/psdi-datasets,25
POTASSIUM HEPTANOATE,CCCCCCC(=O)[O-].[K+],0.0,0.0,,0.2,,,,,,,PSDI/NIST Critical Micelle Concentrations of Aqueous Surfactant Systems; Compound No. 296; name=POTASSIUM HEPTANOATE; temperature=25; additives=2.88 E1C 0090 2. EOI K OH; authors=SHIN; reference=54005; original CMC=2.0 X10-1 M; DOI 10.6028/NBS.NSRDS.36; https://github.com/PSDI-UK/psdi-datasets,25
POTASSIUM HEPTANOATE,CCCCCCC(=O)[O-].[K+],0.0,0.0,,0.15,,,,,,,PSDI/NIST Critical Micelle Concentrations of Aqueous Surfactant Systems; Compound No. 296; name=POTASSIUM HEPTANOATE; temperature=25; additives=5.41 E1C 0090 2. EOI K OH; authors=SHIN; reference=54005; original CMC=1.5 X10-1 M; DOI 10.6028/NBS.NSRDS.36; https://github.com/PSDI-UK/psdi-datasets,25
POTASSIUM HEPTANOATE,CCCCCCC(=O)[O-].[K+],0.0,0.0,,0.38,,,,,,,PSDI/NIST Critical Micelle Concentrations of Aqueous Surfactant Systems; Compound No. 296; name=POTASSIUM HEPTANOATE; temperature=25; additives=1.2 E O C 0091 2. EOI K OH; authors=SHIN; reference=54005; original CMC=3.8 X10-1 M; DOI 10.6028/NBS.NSRDS.36; https://github.com/PSDI-UK/psdi-datasets,25
POTASSIUM HEPTANOATE,CCCCCCC(=O)[O-].[K+],0.0,0.0,,0.14,,,,,,,PSDI/NIST Critical Micelle Concentrations of Aqueous Surfactant Systems; Compound No. 296; name=POTASSIUM HEPTANOATE; temperature=25; additives=7.3 E O C 0091 2. EOI K OH; authors=SHIN; reference=54005; original CMC=1.4 X10-1 M; DOI 10.6028/NBS.NSRDS.36; https://github.com/PSDI-UK/psdi-datasets,25
POTASSIUM HEPTANOATE,CCCCCCC(=O)[O-].[K+],0.0,0.0,,0.08,,,,,,,PSDI/NIST Critical Micelle Concentrations of Aqueous Surfactant Systems; Compound No. 296; name=POTASSIUM HEPTANOATE; temperature=25; additives=1.94 E1C 0091 2. EOI K OH; authors=SHIN; reference=54005; original CMC=8.0 X10-2 M; DOI 10.6028/NBS.NSRDS.36; https://github.com/PSDI-UK/psdi-datasets,25
POTASSIUM HEPTANOATE,CCCCCCC(=O)[O-].[K+],0.0,0.0,,0.056,,,,,,,PSDI/NIST Critical Micelle Concentrations of Aqueous Surfactant Systems; Compound No. 296; name=POTASSIUM HEPTANOATE; temperature=25; additives=3.97 E1C 0091 2. EOI K OH; authors=SHIN; reference=54005; original CMC=5.6 X10-2 M; DOI 10.6028/NBS.NSRDS.36; https://github.com/PSDI-UK/psdi-datasets,25
POTASSIUM HEPTANOATE,CCCCCCC(=O)[O-].[K+],0.0,0.0,,0.037,,,,,,,PSDI/NIST Critical Micelle Concentrations of Aqueous Surfactant Systems; Compound No. 296; name=POTASSIUM HEPTANOATE; temperature=25; additives=7.02 E1C 0091 2. EO I K OH; authors=SHIN; reference=54005; original CMC=3.7 X10-2 M; DOI 10.6028/NBS.NSRDS.36; https://github.com/PSDI-UK/psdi-datasets,25
POTASSIUM HEPTANOATE,CCCCCCC(=O)[O-].[K+],0.0,0.0,,0.051,,,,,,,PSDI/NIST Critical Micelle Concentrations of Aqueous Surfactant Systems; Compound No. 296; name=POTASSIUM HEPTANOATE; temperature=25; additives=5.4 E O C 0092 2. EOI K OH; authors=SHIN; reference=54005; original CMC=5.1 X10-2 M; DOI 10.6028/NBS.NSRDS.36; https://github.com/PSDI-UK/psdi-datasets,25
POTASSIUM HEPTANOATE,CCCCCCC(=O)[O-].[K+],0.0,0.0,,0.028,,,,,,,PSDI/NIST Critical Micelle Concentrations of Aqueous Surfactant Systems; Compound No. 296; name=POTASSIUM HEPTANOATE; temperature=25; additives=1.42 0092 2. EOI K OH; authors=SHIN; reference=54005; original CMC=2.8 X10-2 M; DOI 10.6028/NBS.NSRDS.36; https://github.com/PSDI-UK/psdi-datasets,25
POTASSIUM HEPTANOATE,CCCCCCC(=O)[O-].[K+],0.0,0.0,,0.016,,,,,,,PSDI/NIST Critical Micelle Concentrations of Aqueous Surfactant Systems; Compound No. 296; name=POTASSIUM HEPTANOATE; temperature=25; additives=3.34 E 0092 2. EOI K OH; authors=SHIN; reference=54005; original CMC=1.6 X10-2 M; DOI 10.6028/NBS.NSRDS.36; https://github.com/PSDI-UK/psdi-datasets,25
POTASSIUM HEPTANOATE,CCCCCCC(=O)[O-].[K+],0.0,0.0,,0.53,,,,,,,PSDI/NIST Critical Micelle Concentrations of Aqueous Surfactant Systems; Compound No. 296; name=POTASSIUM HEPTANOATE; temperature=25; additives=8. E-1 C 0297 2. EOI K OH; authors=SHIN; reference=54005; original CMC=5.3 X10-1 M; DOI 10.6028/NBS.NSRDS.36; https://github.com/PSDI-UK/psdi-datasets,25
POTASSIUM HEPTANOATE,CCCCCCC(=O)[O-].[K+],0.0,0.0,,0.36,,,,,,,PSDI/NIST Critical Micelle Concentrations of Aqueous Surfactant Systems; Compound No. 296; name=POTASSIUM HEPTANOATE; temperature=25; additives=3.1 E O C 0297 2. EOI K OH; authors=SHIN; reference=54005; original CMC=3.6 X10-1 M; DOI 10.6028/NBS.NSRDS.36; https://github.com/PSDI-UK/psdi-datasets,25
POTASSIUM HEPTANOATE,CCCCCCC(=O)[O-].[K+],0.0,0.0,,0.22,,,,,,,PSDI/NIST Critical Micelle Concentrations of Aqueous Surfactant Systems; Compound No. 296; name=POTASSIUM HEPTANOATE; temperature=25; additives=8.1 E O C 0297 2. EOI K OH; authors=SHIN; reference=54005; original CMC=2.2 X10-1 M; DOI 10.6028/NBS.NSRDS.36; https://github.com/PSDI-UK/psdi-datasets,25
POTASSIUM HEPTANOATE,CCCCCCC(=O)[O-].[K+],0.0,0.0,,0.092,,,,,,,PSDI/NIST Critical Micelle Concentrations of Aqueous Surfactant Systems; Compound No. 296; name=POTASSIUM HEPTANOATE; temperature=25; additives=4.05 0297 2. I K OH; authors=SHIN; reference=54005; original CMC=9.2 X10-2 M; DOI 10.6028/NBS.NSRDS.36; https://github.com/PSDI-UK/psdi-datasets,25
POTASSIUM UNDECANOATE,CCCCCCCCCCC(=O)[O-].[K+],0.0,0.0,,0.0492,,,,,,,PSDI/NIST Critical Micelle Concentrations of Aqueous Surfactant Systems; Compound No. 297; name=POTASSIUM UNDECANOATE; temperature=25; additives=nan; authors=HERZ; reference=52015; original CMC=4.92 X10-2 M; DOI 10.6028/NBS.NSRDS.36; https://github.com/PSDI-UK/psdi-datasets,25
POTASSIUM UNDECANOATE,CCCCCCCCCCC(=O)[O-].[K+],0.0,0.0,,0.05,,,,,,,PSDI/NIST Critical Micelle Concentrations of Aqueous Surfactant Systems; Compound No. 297; name=POTASSIUM UNDECANOATE; temperature=25; additives=nan; authors=KLEV; reference=58011; original CMC=5.0 X10-2 M; DOI 10.6028/NBS.NSRDS.36; https://github.com/PSDI-UK/psdi-datasets,25
POTASSIUM UNDECANOATE,CCCCCCCCCCC(=O)[O-].[K+],0.0,0.0,,0.0478,,,,,,,PSDI/NIST Critical Micelle Concentrations of Aqueous Surfactant Systems; Compound No. 297; name=POTASSIUM UNDECANOATE; temperature=25; additives=4.8 E-3 M K CL; authors=HERZ; reference=52017; original CMC=4.78 X10-2 M; DOI 10.6028/NBS.NSRDS.36; https://github.com/PSDI-UK/psdi-datasets,25
POTASSIUM UNDECANOATE,CCCCCCCCCCC(=O)[O-].[K+],0.0,0.0,,0.0456,,,,,,,PSDI/NIST Critical Micelle Concentrations of Aqueous Surfactant Systems; Compound No. 297; name=POTASSIUM UNDECANOATE; temperature=25; additives=1.44 E-2 M K CL; authors=HERZ; reference=52017; original CMC=4.56 X10-2 M; DOI 10.6028/NBS.NSRDS.36; https://github.com/PSDI-UK/psdi-datasets,25
POTASSIUM UNDECANOATE,CCCCCCCCCCC(=O)[O-].[K+],0.0,0.0,,0.0437,,,,,,,PSDI/NIST Critical Micelle Concentrations of Aqueous Surfactant Systems; Compound No. 297; name=POTASSIUM UNDECANOATE; temperature=25; additives=1.87 E-2 M K CL; authors=HERZ; reference=52017; original CMC=4.37 X10-2 M; DOI 10.6028/NBS.NSRDS.36; https://github.com/PSDI-UK/psdi-datasets,25
POTASSIUM UNDECANOATE,CCCCCCCCCCC(=O)[O-].[K+],0.0,0.0,,0.0409,,,,,,,PSDI/NIST Critical Micelle Concentrations of Aqueous Surfactant Systems; Compound No. 297; name=POTASSIUM UNDECANOATE; temperature=25; additives=2.73 E-2 M K CL; authors=HERZ; reference=52017; original CMC=4.09 X10-2 M; DOI 10.6028/NBS.NSRDS.36; https://github.com/PSDI-UK/psdi-datasets,25
POTASSIUM UNDECANOATE,CCCCCCCCCCC(=O)[O-].[K+],0.0,0.0,,0.0386,,,,,,,PSDI/NIST Critical Micelle Concentrations of Aqueous Surfactant Systems; Compound No. 297; name=POTASSIUM UNDECANOATE; temperature=25; additives=3.86 E-2 M K CL; authors=HERZ; reference=52017; original CMC=3.86 X10-2 M; DOI 10.6028/NBS.NSRDS.36; https://github.com/PSDI-UK/psdi-datasets,25
POTASSIUM UNDECANOATE,CCCCCCCCCCC(=O)[O-].[K+],0.0,0.0,,0.0356,,,,,,,PSDI/NIST Critical Micelle Concentrations of Aqueous Surfactant Systems; Compound No. 297; name=POTASSIUM UNDECANOATE; temperature=25; additives=5.34 E-2 M K CL; authors=HERZ; reference=52017; original CMC=3.56 X10-2 M; DOI 10.6028/NBS.NSRDS.36; https://github.com/PSDI-UK/psdi-datasets,25
POTASSIUM UNDECANOATE,CCCCCCCCCCC(=O)[O-].[K+],0.0,0.0,,0.0327,,,,,,,PSDI/NIST Critical Micelle Concentrations of Aqueous Surfactant Systems; Compound No. 297; name=POTASSIUM UNDECANOATE; temperature=25; additives=7.64 E-2 M K CL; authors=HERZ; reference=52017; original CMC=3.27 X10-2 M; DOI 10.6028/NBS.NSRDS.36; https://github.com/PSDI-UK/psdi-datasets,25
POTASSIUM UNDECANOATE,CCCCCCCCCCC(=O)[O-].[K+],0.0,0.0,,0.0294,,,,,,,PSDI/NIST Critical Micelle Concentrations of Aqueous Surfactant Systems; Compound No. 297; name=POTASSIUM UNDECANOATE; temperature=25; additives=1.03 E-1 M K CL; authors=HERZ; reference=52017; original CMC=2.94 X10-2 M; DOI 10.6028/NBS.NSRDS.36; https://github.com/PSDI-UK/psdi-datasets,25
POTASSIUM UNDECANOATE,CCCCCCCCCCC(=O)[O-].[K+],0.0,0.0,,0.0266,,,,,,,PSDI/NIST Critical Micelle Concentrations of Aqueous Surfactant Systems; Compound No. 297; name=POTASSIUM UNDECANOATE; temperature=25; additives=1.33 E-1 M K CL; authors=HERZ; reference=52017; original CMC=2.66 X10-2 M; DOI 10.6028/NBS.NSRDS.36; https://github.com/PSDI-UK/psdi-datasets,25
POTASSIUM UNDECANOATE,CCCCCCCCCCC(=O)[O-].[K+],0.0,0.0,,0.0242,,,,,,,PSDI/NIST Critical Micelle Concentrations of Aqueous Surfactant Systems; Compound No. 297; name=POTASSIUM UNDECANOATE; temperature=25; additives=1.69 E-1 M K CL; authors=HERZ; reference=52017; original CMC=2.42 X10-2 M; DOI 10.6028/NBS.NSRDS.36; https://github.com/PSDI-UK/psdi-datasets,25
POTASSIUM UNDECANOATE,CCCCCCCCCCC(=O)[O-].[K+],0.0,0.0,,0.0216,,,,,,,PSDI/NIST Critical Micelle Concentrations of Aqueous Surfactant Systems; Compound No. 297; name=POTASSIUM UNDECANOATE; temperature=25; additives=2.16 E-1 M K CL; authors=HERZ; reference=52017; original CMC=2.16 X10-2 M; DOI 10.6028/NBS.NSRDS.36; https://github.com/PSDI-UK/psdi-datasets,25
POTASSIUM UNDECANOATE,CCCCCCCCCCC(=O)[O-].[K+],0.0,0.0,,0.0191,,,,,,,PSDI/NIST Critical Micelle Concentrations of Aqueous Surfactant Systems; Compound No. 297; name=POTASSIUM UNDECANOATE; temperature=25; additives=2.87 E-1 M K CL; authors=HERZ; reference=52017; original CMC=1.91 X10-2 M; DOI 10.6028/NBS.NSRDS.36; https://github.com/PSDI-UK/psdi-datasets,25
POTASSIUM UNDECANOATE,CCCCCCCCCCC(=O)[O-].[K+],0.0,0.0,,0.0161,,,,,,,PSDI/NIST Critical Micelle Concentrations of Aqueous Surfactant Systems; Compound No. 297; name=POTASSIUM UNDECANOATE; temperature=25; additives=4.03 E-1 M K CL; authors=HERZ; reference=52017; original CMC=1.61 X10-2 M; DOI 10.6028/NBS.NSRDS.36; https://github.com/PSDI-UK/psdi-datasets,25
POTASSIUM UNDECANOATE,CCCCCCCCCCC(=O)[O-].[K+],0.0,0.0,,0.0145,,,,,,,PSDI/NIST Critical Micelle Concentrations of Aqueous Surfactant Systems; Compound No. 297; name=POTASSIUM UNDECANOATE; temperature=25; additives=5.06 E-1 M K CL; authors=HERZ; reference=52017; original CMC=1.45 X10-2 M; DOI 10.6028/NBS.NSRDS.36; https://github.com/PSDI-UK/psdi-datasets,25
POTASSIUM UNDECANOATE,CCCCCCCCCCC(=O)[O-].[K+],0.0,0.0,,0.0128,,,,,,,PSDI/NIST Critical Micelle Concentrations of Aqueous Surfactant Systems; Compound No. 297; name=POTASSIUM UNDECANOATE; temperature=25; additives=6.42 E-1 M K CL; authors=HERZ; reference=52017; original CMC=1.28 X10-2 M; DOI 10.6028/NBS.NSRDS.36; https://github.com/PSDI-UK/psdi-datasets,25
POTASSIUM UNDECANOATE,CCCCCCCCCCC(=O)[O-].[K+],0.0,0.0,,0.0111,,,,,,,PSDI/NIST Critical Micelle Concentrations of Aqueous Surfactant Systems; Compound No. 297; name=POTASSIUM UNDECANOATE; temperature=25; additives=8.30 E-1 M K CL; authors=HERZ; reference=52017; original CMC=1.11 X10-2 M; DOI 10.6028/NBS.NSRDS.36; https://github.com/PSDI-UK/psdi-datasets,25
POTASSIUM UNDECANOATE,CCCCCCCCCCC(=O)[O-].[K+],0.0,0.0,,0.0101,,,,,,,PSDI/NIST Critical Micelle Concentrations of Aqueous Surfactant Systems; Compound No. 297; name=POTASSIUM UNDECANOATE; temperature=25; additives=1.01 E O M K CL; authors=HERZ; reference=52017; original CMC=1.01 X10-2 M; DOI 10.6028/NBS.NSRDS.36; https://github.com/PSDI-UK/psdi-datasets,25
POTASSIUM UNDECANOATE,CCCCCCCCCCC(=O)[O-].[K+],0.0,0.0,,0.0094,,,,,,,PSDI/NIST Critical Micelle Concentrations of Aqueous Surfactant Systems; Compound No. 297; name=POTASSIUM UNDECANOATE; temperature=25; additives=1.18 E 0 M K CL; authors=HERZ; reference=52017; original CMC=9.4 X10-3 M; DOI 10.6028/NBS.NSRDS.36; https://github.com/PSDI-UK/psdi-datasets,25
POTASSIUM UNDECANOATE,CCCCCCCCCCC(=O)[O-].[K+],0.0,0.0,,0.009,,,,,,,PSDI/NIST Critical Micelle Concentrations of Aqueous Surfactant Systems; Compound No. 297; name=POTASSIUM UNDECANOATE; temperature=25; additives=1.35 EOM K CL; authors=HERZ; reference=52017; original CMC=9.0 X10-3 M; DOI 10.6028/NBS.NSRDS.36; https://github.com/PSDI-UK/psdi-datasets,25
POTASSIUM UNDECANOATE,CCCCCCCCCCC(=O)[O-].[K+],0.0,0.0,,0.0087,,,,,,,PSDI/NIST Critical Micelle Concentrations of Aqueous Surfactant Systems; Compound No. 297; name=POTASSIUM UNDECANOATE; temperature=25; additives=1.52 EOM K CL; authors=HERZ; reference=52017; original CMC=8.7 X10-3 M; DOI 10.6028/NBS.NSRDS.36; https://github.com/PSDI-UK/psdi-datasets,25
POTASSIUM UNDECANOATE,CCCCCCCCCCC(=O)[O-].[K+],0.0,0.0,,0.0085,,,,,,,PSDI/NIST Critical Micelle Concentrations of Aqueous Surfactant Systems; Compound No. 297; name=POTASSIUM UNDECANOATE; temperature=25; additives=1.70 EOM K CL; authors=HERZ; reference=52017; original CMC=8.5 X10-3 M; DOI 10.6028/NBS.NSRDS.36; https://github.com/PSDI-UK/psdi-datasets,25
POTASSIUM UNDECANOATE,CCCCCCCCCCC(=O)[O-].[K+],0.0,0.0,,0.0081,,,,,,,PSDI/NIST Critical Micelle Concentrations of Aqueous Surfactant Systems; Compound No. 297; name=POTASSIUM UNDECANOATE; temperature=25; additives=2.01 EOM K CL; authors=HERZ; reference=52017; original CMC=8.1 X10-3 M; DOI 10.6028/NBS.NSRDS.36; https://github.com/PSDI-UK/psdi-datasets,25
POTASSIUM UNDECANOATE,CCCCCCCCCCC(=O)[O-].[K+],0.0,0.0,,0.0074,,,,,,,PSDI/NIST Critical Micelle Concentrations of Aqueous Surfactant Systems; Compound No. 297; name=POTASSIUM UNDECANOATE; temperature=25; additives=2.22 E 0 M K CL; authors=HERZ; reference=52017; original CMC=7.4 X10-3 M; DOI 10.6028/NBS.NSRDS.36; https://github.com/PSDI-UK/psdi-datasets,25
POTASSIUM UNDECANOATE,CCCCCCCCCCC(=O)[O-].[K+],0.0,0.0,,0.049,,,,,,,PSDI/NIST Critical Micelle Concentrations of Aqueous Surfactant Systems; Compound No. 297; name=POTASSIUM UNDECANOATE; temperature=25; additives=2. E 0 I K OH; authors=SHIN; reference=54005; original CMC=4.9 X10-2 M; DOI 10.6028/NBS.NSRDS.36; https://github.com/PSDI-UK/psdi-datasets,25
POTASSIUM UNDECANOATE,CCCCCCCCCCC(=O)[O-].[K+],0.0,0.0,,0.045,,,,,,,PSDI/NIST Critical Micelle Concentrations of Aqueous Surfactant Systems; Compound No. 297; name=POTASSIUM UNDECANOATE; temperature=25; additives=4.9 E O C 0091 2. E O I K OH; authors=SHIN; reference=54003; original CMC=4.5 X10-2 M; DOI 10.6028/NBS.NSRDS.36; https://github.com/PSDI-UK/psdi-datasets,25
POTASSIUM UNDECANOATE,CCCCCCCCCCC(=O)[O-].[K+],0.0,0.0,,0.04,,,,,,,PSDI/NIST Critical Micelle Concentrations of Aqueous Surfactant Systems; Compound No. 297; name=POTASSIUM UNDECANOATE; temperature=25; additives=1.93 E1C 0091 2. EOI K OH; authors=SHIN; reference=54003; original CMC=4.0 X10-2 M; DOI 10.6028/NBS.NSRDS.36; https://github.com/PSDI-UK/psdi-datasets,25
POTASSIUM UNDECANOATE,CCCCCCCCCCC(=O)[O-].[K+],0.0,0.0,,0.038,,,,,,,PSDI/NIST Critical Micelle Concentrations of Aqueous Surfactant Systems; Compound No. 297; name=POTASSIUM UNDECANOATE; temperature=25; additives=2.76 E 0091 2. EOI K OH; authors=SHIN; reference=54003; original CMC=3.8 X10-2 M; DOI 10.6028/NBS.NSRDS.36; https://github.com/PSDI-UK/psdi-datasets,25
POTASSIUM UNDECANOATE,CCCCCCCCCCC(=O)[O-].[K+],0.0,0.0,,0.036,,,,,,,PSDI/NIST Critical Micelle Concentrations of Aqueous Surfactant Systems; Compound No. 297; name=POTASSIUM UNDECANOATE; temperature=25; additives=3.38 E 0091 2. EOI K OH; authors=SHIN; reference=54003; original CMC=3.6 X10-2 M; DOI 10.6028/NBS.NSRDS.36; https://github.com/PSDI-UK/psdi-datasets,25
POTASSIUM UNDECANOATE,CCCCCCCCCCC(=O)[O-].[K+],0.0,0.0,,0.034,,,,,,,PSDI/NIST Critical Micelle Concentrations of Aqueous Surfactant Systems; Compound No. 297; name=POTASSIUM UNDECANOATE; temperature=25; additives=4.63 0091 2. E O I K OH; authors=SHIN; reference=54003; original CMC=3.4 X10-2 M; DOI 10.6028/NBS.NSRDS.36; https://github.com/PSDI-UK/psdi-datasets,25
POTASSIUM UNDECANOATE,CCCCCCCCCCC(=O)[O-].[K+],0.0,0.0,,0.032,,,,,,,PSDI/NIST Critical Micelle Concentrations of Aqueous Surfactant Systems; Compound No. 297; name=POTASSIUM UNDECANOATE; temperature=25; additives=5.76 E 1 C 0091 2. I K OH; authors=SHIN; reference=54003; original CMC=3.2 X10-2 M; DOI 10.6028/NBS.NSRDS.36; https://github.com/PSDI-UK/psdi-datasets,25
POTASSIUM UNDECANOATE,CCCCCCCCCCC(=O)[O-].[K+],0.0,0.0,,0.03,,,,,,,PSDI/NIST Critical Micelle Concentrations of Aqueous Surfactant Systems; Compound No. 297; name=POTASSIUM UNDECANOATE; temperature=25; additives=6.99 E 1 C 0091 2. 0 I K OH; authors=SHIN; reference=54003; original CMC=3.0 X10-2 M; DOI 10.6028/NBS.NSRDS.36; https://github.com/PSDI-UK/psdi-datasets,25
POTASSIUM UNDECANOATE,CCCCCCCCCCC(=O)[O-].[K+],0.0,0.0,,0.029,,,,,,,PSDI/NIST Critical Micelle Concentrations of Aqueous Surfactant Systems; Compound No. 297; name=POTASSIUM UNDECANOATE; temperature=25; additives=8.38 E 1 0 0091 2. EOI K OH; authors=SHIN; reference=54003; original CMC=2.9 X10-2 M; DOI 10.6028/NBS.NSRDS.36; https://github.com/PSDI-UK/psdi-datasets,25
SODIUM TETRADECANOATE,CCCCCCCCCCCCCC(=O)[O-].[Na+],0.0,0.0,,0.0069,,,,,,,PSDI/NIST Critical Micelle Concentrations of Aqueous Surfactant Systems; Compound No. 298; name=SODIUM TETRADECANOATE; temperature=25; additives=nan; authors=CAMP LAKS; reference=65024; original CMC=6.9 X10-3 M; DOI 10.6028/NBS.NSRDS.36; https://github.com/PSDI-UK/psdi-datasets,25
SODIUM DECANOATE,CCCCCCCCCC(=O)[O-].[Na+],0.0,0.0,,0.094,,,,,,,PSDI/NIST Critical Micelle Concentrations of Aqueous Surfactant Systems; Compound No. 299; name=SODIUM DECANOATE; temperature=25; additives=nan; authors=CAMP LAKS; reference=65024; original CMC=9.40 X10-2 M; DOI 10.6028/NBS.NSRDS.36; https://github.com/PSDI-UK/psdi-datasets,25
SODIUM DECANOATE,CCCCCCCCCC(=O)[O-].[Na+],0.0,0.0,,0.0955,,,,,,,PSDI/NIST Critical Micelle Concentrations of Aqueous Surfactant Systems; Compound No. 299; name=SODIUM DECANOATE; temperature=25; additives=nan; authors=CAMP LAKS; reference=65024; original CMC=9.55 X10-2 M; DOI 10.6028/NBS.NSRDS.36; https://github.com/PSDI-UK/psdi-datasets,25
SODIUM 3-N-DODECYL BENZENE SULFONATE,CCCCCCCCCCC(C)C1=CC=C(C=C1)S(=O)(=O)[O-].[Na+],0.0,0.0,,0.00146,,,,,,,PSDI/NIST Critical Micelle Concentrations of Aqueous Surfactant Systems; Compound No. 301; name=SODIUM 3-N-DODECYL BENZENE SULFONATE; temperature=25; additives=nan; authors=LUDL; reference=56005; original CMC=1.46 X10-3 M; DOI 10.6028/NBS.NSRDS.36; https://github.com/PSDI-UK/psdi-datasets,25
SODIUM 4-N-DODECYL BENZENE SULFONATE,CCCCCCCCCCC(C)C1=CC=C(C=C1)S(=O)(=O)[O-].[Na+],0.0,0.0,,0.00159,,,,,,,PSDI/NIST Critical Micelle Concentrations of Aqueous Surfactant Systems; Compound No. 302; name=SODIUM 4-N-DODECYL BENZENE SULFONATE; temperature=25; additives=nan; authors=LUDL; reference=56005; original CMC=1.59 X10-3 M; DOI 10.6028/NBS.NSRDS.36; https://github.com/PSDI-UK/psdi-datasets,25
POTASSIUM OLEATE/ CIS-9-OCTADECENOATE/,CCCCCCCCC=CCCCCCCCC(=O)[O-].[K+],0.0,0.0,,0.0008,,,,,,,PSDI/NIST Critical Micelle Concentrations of Aqueous Surfactant Systems; Compound No. 305; name=POTASSIUM OLEATE/ CIS-9-OCTADECENOATE/; temperature=25; additives=nan; authors=KLEV; reference=53010; original CMC=8. X10-4 M; DOI 10.6028/NBS.NSRDS.36; https://github.com/PSDI-UK/psdi-datasets,25
POTASSIUM OLEATE/ CIS-9-OCTADECENOATE/,CCCCCCCCC=CCCCCCCCC(=O)[O-].[K+],0.0,0.0,,0.00095,,,,,,,PSDI/NIST Critical Micelle Concentrations of Aqueous Surfactant Systems; Compound No. 305; name=POTASSIUM OLEATE/ CIS-9-OCTADECENOATE/; temperature=25; additives=nan; authors=KLEV; reference=53010; original CMC=9.5 X10-4 M; DOI 10.6028/NBS.NSRDS.36; https://github.com/PSDI-UK/psdi-datasets,25
"TRIDECYL/OXYETHYLENE/5 ALCOHOL BRANCHED CHAIN, REDUCED 0E DISTRIBUTION",CCCCCCCCCC(=O)O.CCCCCCCC(=O)O.CC(C)(CO)CO,5.0,0.0,,0.0001,,,,,,,"PSDI/NIST Critical Micelle Concentrations of Aqueous Surfactant Systems; Compound No. 312; name=TRIDECYL/OXYETHYLENE/5 ALCOHOL BRANCHED CHAIN, REDUCED 0E DISTRIBUTION; temperature=25; additives=nan; authors=SCHI; reference=62019; original CMC=1.00 X10-4 M; DOI 10.6028/NBS.NSRDS.36; https://github.com/PSDI-UK/psdi-datasets",25
"TRIDECYL/OXYETHYLENE/14 ALCOHOL BRANCHED CHAIN, REDUCED 0E DISTRIBUTION",CCCCCCCCCCCCCOCCOCCOCCOCCOCCOCCOCCOCCOCCOCCOCCOCCOCCOCCO,14.0,0.0,,0.000135,,,,,,,"PSDI/NIST Critical Micelle Concentrations of Aqueous Surfactant Systems; Compound No. 314; name=TRIDECYL/OXYETHYLENE/14 ALCOHOL BRANCHED CHAIN, REDUCED 0E DISTRIBUTION; temperature=25; additives=nan; authors=SCHI; reference=62019; original CMC=1.35 X10-4 M; DOI 10.6028/NBS.NSRDS.36; https://github.com/PSDI-UK/psdi-datasets",25
"NONYL BENZENE/OXYETHYLENE/10 ALCOHOL BRANCHED CHAIN, REDUCED 0E DISTRIBUTION",CCCCCCCCCC1=CC=C(C=C1)OCCOCCOCCOCCOCCOCCOCCOCCOCCOCCO,10.0,0.0,,7.5e-05,,,,,,,"PSDI/NIST Critical Micelle Concentrations of Aqueous Surfactant Systems; Compound No. 320; name=NONYL BENZENE/OXYETHYLENE/10 ALCOHOL BRANCHED CHAIN, REDUCED 0E DISTRIBUTION; temperature=25; additives=nan; authors=SCHI; reference=62019; original CMC=7.5 X10-5 M; DOI 10.6028/NBS.NSRDS.36; https://github.com/PSDI-UK/psdi-datasets",25
"NONYL BENZENE/OXYETHYLENE/10 ALCOHOL BRANCHED CHAIN, REDUCED 0E DISTRIBUTION",CCCCCCCCCC1=CC=C(C=C1)OCCOCCOCCOCCOCCOCCOCCOCCOCCOCCO,10.0,0.0,,0.0001,,,,,,,"PSDI/NIST Critical Micelle Concentrations of Aqueous Surfactant Systems; Compound No. 320; name=NONYL BENZENE/OXYETHYLENE/10 ALCOHOL BRANCHED CHAIN, REDUCED 0E DISTRIBUTION; temperature=25; additives=1.5 EOM DIOXANE; authors=SCHI GILB; reference=65011; original CMC=1.00 X10-4 M; DOI 10.6028/NBS.NSRDS.36; https://github.com/PSDI-UK/psdi-datasets",25
"NONYL BENZENE/OXYETHYLENE/10 ALCOHOL BRANCHED CHAIN, REDUCED 0E DISTRIBUTION",CCCCCCCCCC1=CC=C(C=C1)OCCOCCOCCOCCOCCOCCOCCOCCOCCOCCO,10.0,0.0,,0.00018,,,,,,,"PSDI/NIST Critical Micelle Concentrations of Aqueous Surfactant Systems; Compound No. 320; name=NONYL BENZENE/OXYETHYLENE/10 ALCOHOL BRANCHED CHAIN, REDUCED 0E DISTRIBUTION; temperature=25; additives=3.0 EOM DIOXANE; authors=SCHI GILB; reference=65011; original CMC=1.80 X10-4 M; DOI 10.6028/NBS.NSRDS.36; https://github.com/PSDI-UK/psdi-datasets",25
"NONYL BENZENE/OXYETHYLENE/10 ALCOHOL BRANCHED CHAIN, REDUCED 0E DISTRIBUTION",CCCCCCCCCC1=CC=C(C=C1)OCCOCCOCCOCCOCCOCCOCCOCCOCCOCCO,10.0,0.0,,0.00024,,,,,,,"PSDI/NIST Critical Micelle Concentrations of Aqueous Surfactant Systems; Compound No. 320; name=NONYL BENZENE/OXYETHYLENE/10 ALCOHOL BRANCHED CHAIN, REDUCED 0E DISTRIBUTION; temperature=25; additives=6. E 0 M UREA; authors=SCHI GILB; reference=65011; original CMC=2.40 X10-4 M; DOI 10.6028/NBS.NSRDS.36; https://github.com/PSDI-UK/psdi-datasets",25
"NONYL BENZENE/OXYETHYLENE/10 ALCOHOL BRANCHED CHAIN, REDUCED 0E DISTRIBUTION",CCCCCCCCCC1=CC=C(C=C1)OCCOCCOCCOCCOCCOCCOCCOCCOCCOCCO,10.0,0.0,,0.00014,,,,,,,"PSDI/NIST Critical Micelle Concentrations of Aqueous Surfactant Systems; Compound No. 320; name=NONYL BENZENE/OXYETHYLENE/10 ALCOHOL BRANCHED CHAIN, REDUCED 0E DISTRIBUTION; temperature=25; additives=3. 0 M GUANIDINIUM CL 4.6 E 0 PH OF SOLUTION; authors=SCHI GILB; reference=65011; original CMC=1.40 X10-4 M; DOI 10.6028/NBS.NSRDS.36; https://github.com/PSDI-UK/psdi-datasets",25
"NONYL BENZENE/OXYETHYLENE/10 ALCOHOL BRANCHED CHAIN, REDUCED 0E DISTRIBUTION",CCCCCCCCCC1=CC=C(C=C1)OCCOCCOCCOCCOCCOCCOCCOCCOCCOCCO,10.0,0.0,,0.00025,,,,,,,"PSDI/NIST Critical Micelle Concentrations of Aqueous Surfactant Systems; Compound No. 320; name=NONYL BENZENE/OXYETHYLENE/10 ALCOHOL BRANCHED CHAIN, REDUCED 0E DISTRIBUTION; temperature=25; additives=5. M GUANIDINIUM CL 4.6 E O PH OF SOLUTION; authors=SCHI GILB; reference=65011; original CMC=2.50 X10-4 M; DOI 10.6028/NBS.NSRDS.36; https://github.com/PSDI-UK/psdi-datasets",25
"NONYL BENZENE/OXYETHYLENE/15 ALCOHOL BRANCHED CHAIN, REDUCED 0E DISTRIBUTION",CCCCCCCCCCCCCCCCCC(=O)O.CCCCCCCCC=CCCCCCCCCO.C(C(=O)O)C(CC(=O)O)(C(=O)O)O.C(C(CO)(CO)CO)O,15.0,0.0,,0.00011,,,,,,,"PSDI/NIST Critical Micelle Concentrations of Aqueous Surfactant Systems; Compound No. 321; name=NONYL BENZENE/OXYETHYLENE/15 ALCOHOL BRANCHED CHAIN, REDUCED 0E DISTRIBUTION; temperature=25; additives=nan; authors=SCHI; reference=62019; original CMC=1.10 X10-4 M; DOI 10.6028/NBS.NSRDS.36; https://github.com/PSDI-UK/psdi-datasets",25
"NONYL BENZENE/OXYETHYLENE/15 ALCOHOL BRANCHED CHAIN, REDUCED 0E DISTRIBUTION",CCCCCCCCCCCCCCCCCC(=O)O.CCCCCCCCC=CCCCCCCCCO.C(C(=O)O)C(CC(=O)O)(C(=O)O)O.C(C(CO)(CO)CO)O,15.0,0.0,,5e-05,,,,,,,"PSDI/NIST Critical Micelle Concentrations of Aqueous Surfactant Systems; Compound No. 321; name=NONYL BENZENE/OXYETHYLENE/15 ALCOHOL BRANCHED CHAIN, REDUCED 0E DISTRIBUTION; temperature=25; additives=8.6 E-1 N BA CL2; authors=SCHI; reference=62019; original CMC=5.0 X10-5 M; DOI 10.6028/NBS.NSRDS.36; https://github.com/PSDI-UK/psdi-datasets",25
"NONYL BENZENE/OXYETHYLENE/15 ALCOHOL BRANCHED CHAIN, REDUCED 0E DISTRIBUTION",CCCCCCCCCCCCCCCCCC(=O)O.CCCCCCCCC=CCCCCCCCCO.C(C(=O)O)C(CC(=O)O)(C(=O)O)O.C(C(CO)(CO)CO)O,15.0,0.0,,5.7e-05,,,,,,,"PSDI/NIST Critical Micelle Concentrations of Aqueous Surfactant Systems; Compound No. 321; name=NONYL BENZENE/OXYETHYLENE/15 ALCOHOL BRANCHED CHAIN, REDUCED 0E DISTRIBUTION; temperature=25; additives=8.6 E-1 N CA CL2; authors=SCHI; reference=62019; original CMC=5.7 X10-5 M; DOI 10.6028/NBS.NSRDS.36; https://github.com/PSDI-UK/psdi-datasets",25
"NONYL BENZENE/OXYETHYLENE/15 ALCOHOL BRANCHED CHAIN, REDUCED 0E DISTRIBUTION",CCCCCCCCCCCCCCCCCC(=O)O.CCCCCCCCC=CCCCCCCCCO.C(C(=O)O)C(CC(=O)O)(C(=O)O)O.C(C(CO)(CO)CO)O,15.0,0.0,,7.6e-05,,,,,,,"PSDI/NIST Critical Micelle Concentrations of Aqueous Surfactant Systems; Compound No. 321; name=NONYL BENZENE/OXYETHYLENE/15 ALCOHOL BRANCHED CHAIN, REDUCED 0E DISTRIBUTION; temperature=25; additives=8.6 E-1 N CA N03; authors=SCHI; reference=62019; original CMC=7.6 X10-5 M; DOI 10.6028/NBS.NSRDS.36; https://github.com/PSDI-UK/psdi-datasets",25
"NONYL BENZENE/OXYETHYLENE/15 ALCOHOL BRANCHED CHAIN, REDUCED 0E DISTRIBUTION",CCCCCCCCCCCCCCCCCC(=O)O.CCCCCCCCC=CCCCCCCCCO.C(C(=O)O)C(CC(=O)O)(C(=O)O)O.C(C(CO)(CO)CO)O,15.0,0.0,,0.00015,,,,,,,"PSDI/NIST Critical Micelle Concentrations of Aqueous Surfactant Systems; Compound No. 321; name=NONYL BENZENE/OXYETHYLENE/15 ALCOHOL BRANCHED CHAIN, REDUCED 0E DISTRIBUTION; temperature=25; additives=8.6 E-1 M H CL; authors=SCHI; reference=62019; original CMC=1.50 X10-4 M; DOI 10.6028/NBS.NSRDS.36; https://github.com/PSDI-UK/psdi-datasets",25
"NONYL BENZENE/OXYETHYLENE/15 ALCOHOL BRANCHED CHAIN, REDUCED 0E DISTRIBUTION",CCCCCCCCCCCCCCCCCC(=O)O.CCCCCCCCC=CCCCCCCCCO.C(C(=O)O)C(CC(=O)O)(C(=O)O)O.C(C(CO)(CO)CO)O,15.0,0.0,,5.5e-05,,,,,,,"PSDI/NIST Critical Micelle Concentrations of Aqueous Surfactant Systems; Compound No. 321; name=NONYL BENZENE/OXYETHYLENE/15 ALCOHOL BRANCHED CHAIN, REDUCED 0E DISTRIBUTION; temperature=25; additives=8.6 E-1 M K N03; authors=SCHI; reference=62019; original CMC=5.5 X10-5 M; DOI 10.6028/NBS.NSRDS.36; https://github.com/PSDI-UK/psdi-datasets",25
"NONYL BENZENE/OXYETHYLENE/15 ALCOHOL BRANCHED CHAIN, REDUCED 0E DISTRIBUTION",CCCCCCCCCCCCCCCCCC(=O)O.CCCCCCCCC=CCCCCCCCCO.C(C(=O)O)C(CC(=O)O)(C(=O)O)O.C(C(CO)(CO)CO)O,15.0,0.0,,6.5e-05,,,,,,,"PSDI/NIST Critical Micelle Concentrations of Aqueous Surfactant Systems; Compound No. 321; name=NONYL BENZENE/OXYETHYLENE/15 ALCOHOL BRANCHED CHAIN, REDUCED 0E DISTRIBUTION; temperature=25; additives=8.6 E-1 M LI CL; authors=SCHI; reference=62019; original CMC=6.5 X10-5 M; DOI 10.6028/NBS.NSRDS.36; https://github.com/PSDI-UK/psdi-datasets",25
"NONYL BENZENE/OXYETHYLENE/15 ALCOHOL BRANCHED CHAIN, REDUCED 0E DISTRIBUTION",CCCCCCCCCCCCCCCCCC(=O)O.CCCCCCCCC=CCCCCCCCCO.C(C(=O)O)C(CC(=O)O)(C(=O)O)O.C(C(CO)(CO)CO)O,15.0,0.0,,8.7e-05,,,,,,,"PSDI/NIST Critical Micelle Concentrations of Aqueous Surfactant Systems; Compound No. 321; name=NONYL BENZENE/OXYETHYLENE/15 ALCOHOL BRANCHED CHAIN, REDUCED 0E DISTRIBUTION; temperature=25; additives=8.6 E-1 M LI N03; authors=SCHI; reference=62019; original CMC=8.7 X10-5 M; DOI 10.6028/NBS.NSRDS.36; https://github.com/PSDI-UK/psdi-datasets",25
"NONYL BENZENE/OXYETHYLENE/15 ALCOHOL BRANCHED CHAIN, REDUCED 0E DISTRIBUTION",CCCCCCCCCCCCCCCCCC(=O)O.CCCCCCCCC=CCCCCCCCCO.C(C(=O)O)C(CC(=O)O)(C(=O)O)O.C(C(CO)(CO)CO)O,15.0,0.0,,5.3e-05,,,,,,,"PSDI/NIST Critical Micelle Concentrations of Aqueous Surfactant Systems; Compound No. 321; name=NONYL BENZENE/OXYETHYLENE/15 ALCOHOL BRANCHED CHAIN, REDUCED 0E DISTRIBUTION; temperature=25; additives=8.6 E-1 N MG CL2; authors=SCHI; reference=62019; original CMC=5.3 X10-5 M; DOI 10.6028/NBS.NSRDS.36; https://github.com/PSDI-UK/psdi-datasets",25
"NONYL BENZENE/OXYETHYLENE/15 ALCOHOL BRANCHED CHAIN, REDUCED 0E DISTRIBUTION",CCCCCCCCCCCCCCCCCC(=O)O.CCCCCCCCC=CCCCCCCCCO.C(C(=O)O)C(CC(=O)O)(C(=O)O)O.C(C(CO)(CO)CO)O,15.0,0.0,,8e-05,,,,,,,"PSDI/NIST Critical Micelle Concentrations of Aqueous Surfactant Systems; Compound No. 321; name=NONYL BENZENE/OXYETHYLENE/15 ALCOHOL BRANCHED CHAIN, REDUCED 0E DISTRIBUTION; temperature=25; additives=8.6 E-1 M NA BR; authors=SCHI; reference=62019; original CMC=8.0 X10-5 M; DOI 10.6028/NBS.NSRDS.36; https://github.com/PSDI-UK/psdi-datasets",25
"NONYL BENZENE/OXYETHYLENE/15 ALCOHOL BRANCHED CHAIN, REDUCED 0E DISTRIBUTION",CCCCCCCCCCCCCCCCCC(=O)O.CCCCCCCCC=CCCCCCCCCO.C(C(=O)O)C(CC(=O)O)(C(=O)O)O.C(C(CO)(CO)CO)O,15.0,0.0,,5.2e-05,,,,,,,"PSDI/NIST Critical Micelle Concentrations of Aqueous Surfactant Systems; Compound No. 321; name=NONYL BENZENE/OXYETHYLENE/15 ALCOHOL BRANCHED CHAIN, REDUCED 0E DISTRIBUTION; temperature=25; additives=8.6 E-1 M NA BR03; authors=SCHI; reference=62019; original CMC=5.2 X10-5 M; DOI 10.6028/NBS.NSRDS.36; https://github.com/PSDI-UK/psdi-datasets",25
"NONYL BENZENE/OXYETHYLENE/15 ALCOHOL BRANCHED CHAIN, REDUCED 0E DISTRIBUTION",CCCCCCCCCCCCCCCCCC(=O)O.CCCCCCCCC=CCCCCCCCCO.C(C(=O)O)C(CC(=O)O)(C(=O)O)O.C(C(CO)(CO)CO)O,15.0,0.0,,2.5e-05,,,,,,,"PSDI/NIST Critical Micelle Concentrations of Aqueous Surfactant Systems; Compound No. 321; name=NONYL BENZENE/OXYETHYLENE/15 ALCOHOL BRANCHED CHAIN, REDUCED 0E DISTRIBUTION; temperature=25; additives=8.6 E-1 N NA CITRATE; authors=SCHI; reference=62019; original CMC=2.5 X10-5 M; DOI 10.6028/NBS.NSRDS.36; https://github.com/PSDI-UK/psdi-datasets",25
"NONYL BENZENE/OXYETHYLENE/15 ALCOHOL BRANCHED CHAIN, REDUCED 0E DISTRIBUTION",CCCCCCCCCCCCCCCCCC(=O)O.CCCCCCCCC=CCCCCCCCCO.C(C(=O)O)C(CC(=O)O)(C(=O)O)O.C(C(CO)(CO)CO)O,15.0,0.0,,3.2e-05,,,,,,,"PSDI/NIST Critical Micelle Concentrations of Aqueous Surfactant Systems; Compound No. 321; name=NONYL BENZENE/OXYETHYLENE/15 ALCOHOL BRANCHED CHAIN, REDUCED 0E DISTRIBUTION; temperature=25; additives=8.6 E-1 M NA F; authors=SCHI; reference=62019; original CMC=3.2 X10-5 M; DOI 10.6028/NBS.NSRDS.36; https://github.com/PSDI-UK/psdi-datasets",25
"NONYL BENZENE/OXYETHYLENE/15 ALCOHOL BRANCHED CHAIN, REDUCED 0E DISTRIBUTION",CCCCCCCCCCCCCCCCCC(=O)O.CCCCCCCCC=CCCCCCCCCO.C(C(=O)O)C(CC(=O)O)(C(=O)O)O.C(C(CO)(CO)CO)O,15.0,0.0,,8.3e-05,,,,,,,"PSDI/NIST Critical Micelle Concentrations of Aqueous Surfactant Systems; Compound No. 321; name=NONYL BENZENE/OXYETHYLENE/15 ALCOHOL BRANCHED CHAIN, REDUCED 0E DISTRIBUTION; temperature=25; additives=8.6 E-1 M NA I; authors=SCHI; reference=62019; original CMC=8.3 X10-5 M; DOI 10.6028/NBS.NSRDS.36; https://github.com/PSDI-UK/psdi-datasets",25
"NONYL BENZENE/OXYETHYLENE/15 ALCOHOL BRANCHED CHAIN, REDUCED 0E DISTRIBUTION",CCCCCCCCCCCCCCCCCC(=O)O.CCCCCCCCC=CCCCCCCCCO.C(C(=O)O)C(CC(=O)O)(C(=O)O)O.C(C(CO)(CO)CO)O,15.0,0.0,,2.3e-05,,,,,,,"PSDI/NIST Critical Micelle Concentrations of Aqueous Surfactant Systems; Compound No. 321; name=NONYL BENZENE/OXYETHYLENE/15 ALCOHOL BRANCHED CHAIN, REDUCED 0E DISTRIBUTION; temperature=25; additives=8.6 E-1 N NA2 S04; authors=SCHI; reference=62019; original CMC=2.3 X10-5 M; DOI 10.6028/NBS.NSRDS.36; https://github.com/PSDI-UK/psdi-datasets",25
"NONYL BENZENE/OXYETHYLENE/15 ALCOHOL BRANCHED CHAIN, REDUCED 0E DISTRIBUTION",CCCCCCCCCCCCCCCCCC(=O)O.CCCCCCCCC=CCCCCCCCCO.C(C(=O)O)C(CC(=O)O)(C(=O)O)O.C(C(CO)(CO)CO)O,15.0,0.0,,8.5e-05,,,,,,,"PSDI/NIST Critical Micelle Concentrations of Aqueous Surfactant Systems; Compound No. 321; name=NONYL BENZENE/OXYETHYLENE/15 ALCOHOL BRANCHED CHAIN, REDUCED 0E DISTRIBUTION; temperature=25; additives=8.6 E-1 M NA CNS; authors=SCHI; reference=62019; original CMC=8.5 X10-5 M; DOI 10.6028/NBS.NSRDS.36; https://github.com/PSDI-UK/psdi-datasets",25
"NONYL BENZENE/OXYETHYLENE/15 ALCOHOL BRANCHED CHAIN, REDUCED 0E DISTRIBUTION",CCCCCCCCCCCCCCCCCC(=O)O.CCCCCCCCC=CCCCCCCCCO.C(C(=O)O)C(CC(=O)O)(C(=O)O)O.C(C(CO)(CO)CO)O,15.0,0.0,,9e-05,,,,,,,"PSDI/NIST Critical Micelle Concentrations of Aqueous Surfactant Systems; Compound No. 321; name=NONYL BENZENE/OXYETHYLENE/15 ALCOHOL BRANCHED CHAIN, REDUCED 0E DISTRIBUTION; temperature=25; additives=5. E-1 M UREA; authors=SCHI ATLA; reference=62020; original CMC=9.0 X10-5 M; DOI 10.6028/NBS.NSRDS.36; https://github.com/PSDI-UK/psdi-datasets",25
"NONYL BENZENE/OXYETHYLENE/15 ALCOHOL BRANCHED CHAIN, REDUCED 0E DISTRIBUTION",CCCCCCCCCCCCCCCCCC(=O)O.CCCCCCCCC=CCCCCCCCCO.C(C(=O)O)C(CC(=O)O)(C(=O)O)O.C(C(CO)(CO)CO)O,15.0,0.0,,4.2e-05,,,,,,,"PSDI/NIST Critical Micelle Concentrations of Aqueous Surfactant Systems; Compound No. 321; name=NONYL BENZENE/OXYETHYLENE/15 ALCOHOL BRANCHED CHAIN, REDUCED 0E DISTRIBUTION; temperature=25; additives=8.6 E-1 N NA2 S04 4.3 E-1 M NA CNS; authors=SCHI; reference=62019; original CMC=4.2 X10-5 M; DOI 10.6028/NBS.NSRDS.36; https://github.com/PSDI-UK/psdi-datasets",25
DODECYL/OXYETHYLENE/14 ALCOHOL REDUCED POLYDISPERSITY OF HEAD GROUPS,CCCCCCOCCOCCOCCOCCOCCOCCOCCOCCOCCOCCOCCOCCOCCOCCOCCCCCC,14.0,0.0,,5.5e-05,,,,,,,PSDI/NIST Critical Micelle Concentrations of Aqueous Surfactant Systems; Compound No. 326; name=DODECYL/OXYETHYLENE/14 ALCOHOL REDUCED POLYDISPERSITY OF HEAD GROUPS; temperature=25; additives=nan; authors=SCHI; reference=62019; original CMC=5.5 X10-5 M; DOI 10.6028/NBS.NSRDS.36; https://github.com/PSDI-UK/psdi-datasets,25
HEXADECYL/OXYETHYLENE/7 ALCOHOL HOMOGENEOUS HEAD GROUP,CCCCCCCCCCCCCCCCCCCCCC(=O)O.CCOCC.C(C(CO)(CO)CO)O,7.0,0.0,,1.74e-06,,,,,,,PSDI/NIST Critical Micelle Concentrations of Aqueous Surfactant Systems; Compound No. 330; name=HEXADECYL/OXYETHYLENE/7 ALCOHOL HOMOGENEOUS HEAD GROUP; temperature=25; additives=nan; authors=ELWO MACF; reference=62027; original CMC=1.74 X10-6 M; DOI 10.6028/NBS.NSRDS.36; https://github.com/PSDI-UK/psdi-datasets,25
HEXADECYL/OXYETHYLENE/9 ALCOHOL HOMOGENEOUS HEAD GROUP,CCCC(COCC)(COCC)COCC.CCCC(COCC)(COCC)COCC(COCC)(COCC)COCC,9.0,0.0,,2.09e-06,,,,,,,PSDI/NIST Critical Micelle Concentrations of Aqueous Surfactant Systems; Compound No. 331; name=HEXADECYL/OXYETHYLENE/9 ALCOHOL HOMOGENEOUS HEAD GROUP; temperature=25; additives=nan; authors=ELWO MACF; reference=62027; original CMC=2.09 X10-6 M; DOI 10.6028/NBS.NSRDS.36; https://github.com/PSDI-UK/psdi-datasets,25
HEXADECYL/OXYETHYLENE/12 ALCOHOL HOMOGENEOUS HEAD GROUP,CC.CC(CC1CCCCCCCCCCCC1CCC(CC(CCCCCC(CC(CC=O)O)O)O)(O)O)C(C)OC.CO.CO.C=O.C#C.OO,12.0,0.0,,2.34e-06,,,,,,,PSDI/NIST Critical Micelle Concentrations of Aqueous Surfactant Systems; Compound No. 332; name=HEXADECYL/OXYETHYLENE/12 ALCOHOL HOMOGENEOUS HEAD GROUP; temperature=25; additives=nan; authors=ELWO MACF; reference=62027; original CMC=2.34 X10-6 M; DOI 10.6028/NBS.NSRDS.36; https://github.com/PSDI-UK/psdi-datasets,25
"OCTYL BENZENE/OXYETHYLENE/8.5 ALCOHOL BRANCHED CHAIN, NATURAL 0E DISTRIBUTION",CCCCCCCCCCCCCCCOCCOCCOCCOCCOCCOCCOCCOCCO,8.0,0.0,,0.000205,,,,,,,"PSDI/NIST Critical Micelle Concentrations of Aqueous Surfactant Systems; Compound No. 335; name=OCTYL BENZENE/OXYETHYLENE/8.5 ALCOHOL BRANCHED CHAIN, NATURAL 0E DISTRIBUTION; temperature=25; additives=nan; authors=HSIA DUNN; reference=56014; original CMC=2.05 X10-4 M; DOI 10.6028/NBS.NSRDS.36; https://github.com/PSDI-UK/psdi-datasets",25
"NONYL BENZENE/OXYETHYLENE/9.5 ALCOHOL BRANCHED CHAIN, NATURAL 0E DISTRIBUTION",CCCCCCCCCCCCCCCCOCCOCCOCCOCCOCCOCCOCCOCCOCCO,9.0,0.0,,8.5e-05,,,,,,,"PSDI/NIST Critical Micelle Concentrations of Aqueous Surfactant Systems; Compound No. 336; name=NONYL BENZENE/OXYETHYLENE/9.5 ALCOHOL BRANCHED CHAIN, NATURAL 0E DISTRIBUTION; temperature=25; additives=nan; authors=HSIA DUNN; reference=56014; original CMC=8.5 X10-5 M; DOI 10.6028/NBS.NSRDS.36; https://github.com/PSDI-UK/psdi-datasets",25
"NONYL BENZENE/OXYETHYLENE/10.5 ALCOHOL BRANCHED CHAIN, NATURAL 0E DISTRIBUTION",CC(=CCCC(=CCCC(C)(C(CCC(C(C)(CCC=C(C)CCC=C(C)C)O)OC(=O)C)OC1C(C(C(C(O1)CO)O)O)O)O)C)C,10.0,0.0,,8.3e-05,,,,,,,"PSDI/NIST Critical Micelle Concentrations of Aqueous Surfactant Systems; Compound No. 337; name=NONYL BENZENE/OXYETHYLENE/10.5 ALCOHOL BRANCHED CHAIN, NATURAL 0E DISTRIBUTION; temperature=25; additives=nan; authors=HSIA DUNN; reference=56014; original CMC=8.3 X10-5 M; DOI 10.6028/NBS.NSRDS.36; https://github.com/PSDI-UK/psdi-datasets",25
"NONYL BENZENE/OXYETHYLENE/10.5 ALCOHOL BRANCHED CHAIN, NATURAL 0E DISTRIBUTION",CC(=CCCC(=CCCC(C)(C(CCC(C(C)(CCC=C(C)CCC=C(C)C)O)OC(=O)C)OC1C(C(C(C(O1)CO)O)O)O)O)C)C,10.0,0.0,,4.6e-05,,,,,,,"PSDI/NIST Critical Micelle Concentrations of Aqueous Surfactant Systems; Compound No. 337; name=NONYL BENZENE/OXYETHYLENE/10.5 ALCOHOL BRANCHED CHAIN, NATURAL 0E DISTRIBUTION; temperature=25; additives=8.6 E-1 M NA CL; authors=HSIA DUNN; reference=56014; original CMC=4.6 X10-5 M; DOI 10.6028/NBS.NSRDS.36; https://github.com/PSDI-UK/psdi-datasets",25
"NONYL BENZENE/OXYETHYLENE/10.5 ALCOHOL BRANCHED CHAIN, NATURAL 0E DISTRIBUTION",CC(=CCCC(=CCCC(C)(C(CCC(C(C)(CCC=C(C)CCC=C(C)C)O)OC(=O)C)OC1C(C(C(C(O1)CO)O)O)O)O)C)C,10.0,0.0,,9.5e-05,,,,,,,"PSDI/NIST Critical Micelle Concentrations of Aqueous Surfactant Systems; Compound No. 337; name=NONYL BENZENE/OXYETHYLENE/10.5 ALCOHOL BRANCHED CHAIN, NATURAL 0E DISTRIBUTION; temperature=25; additives=5.0 E-1 C 0168; authors=HSIA DUNN; reference=56014; original CMC=9.5 X10-5 M; DOI 10.6028/NBS.NSRDS.36; https://github.com/PSDI-UK/psdi-datasets",25
"NONYL BENZENE/OXYETHYLENE/10.5 ALCOHOL BRANCHED CHAIN, NATURAL 0E DISTRIBUTION",CC(=CCCC(=CCCC(C)(C(CCC(C(C)(CCC=C(C)CCC=C(C)C)O)OC(=O)C)OC1C(C(C(C(O1)CO)O)O)O)O)C)C,10.0,0.0,,0.00013,,,,,,,"PSDI/NIST Critical Micelle Concentrations of Aqueous Surfactant Systems; Compound No. 337; name=NONYL BENZENE/OXYETHYLENE/10.5 ALCOHOL BRANCHED CHAIN, NATURAL 0E DISTRIBUTION; temperature=25; additives=5.0 E-1 C 0169; authors=HSIA DUNN; reference=56014; original CMC=1.30 X10-4 M; DOI 10.6028/NBS.NSRDS.36; https://github.com/PSDI-UK/psdi-datasets",25
SODIUM PENTANE SULFONATE,CCCCCS(=O)(=O)[O-].[Na+],0.0,0.0,,0.99,,,,,,,PSDI/NIST Critical Micelle Concentrations of Aqueous Surfactant Systems; Compound No. 343; name=SODIUM PENTANE SULFONATE; temperature=25; additives=nan; authors=LELO TART; reference=51003; original CMC=9.9 X10-1 M; DOI 10.6028/NBS.NSRDS.36; https://github.com/PSDI-UK/psdi-datasets,25
SODIUM HEXANE SULFONATE,CCCCCCS(=O)(=O)[O-].[Na+],0.0,0.0,,0.46,,,,,,,PSDI/NIST Critical Micelle Concentrations of Aqueous Surfactant Systems; Compound No. 344; name=SODIUM HEXANE SULFONATE; temperature=25; additives=nan; authors=LELO TART; reference=51003; original CMC=4.6 X10-1 M; DOI 10.6028/NBS.NSRDS.36; https://github.com/PSDI-UK/psdi-datasets,25
DECYL TRIMETHYLAMMONIUM DECYL SULFATE,CCCCCCCCCC[N+](C)(C)C.CCCCCCCCCCOS(=O)(=O)[O-],0.0,0.0,,0.00046,,,,,,,PSDI/NIST Critical Micelle Concentrations of Aqueous Surfactant Systems; Compound No. 346; name=DECYL TRIMETHYLAMMONIUM DECYL SULFATE; temperature=25; additives=nan; authors=CORK GOOD; reference=63014; original CMC=4.6 X10-4 M; DOI 10.6028/NBS.NSRDS.36; https://github.com/PSDI-UK/psdi-datasets,25
DECYL TRIMETHYLAMMONIUM DECYL SULFATE,CCCCCCCCCC[N+](C)(C)C.CCCCCCCCCCOS(=O)(=O)[O-],0.0,0.0,,0.00045,,,,,,,PSDI/NIST Critical Micelle Concentrations of Aqueous Surfactant Systems; Compound No. 346; name=DECYL TRIMETHYLAMMONIUM DECYL SULFATE; temperature=25; additives=nan; authors=CORK GOOD; reference=66014; original CMC=4.5 X10-4 M; DOI 10.6028/NBS.NSRDS.36; https://github.com/PSDI-UK/psdi-datasets,25
OCTYL TRIMETHYLAMMOMIUM OCTYL SULFATE,CCCCCCCCCCCCCCCC[N+](C)(C)C.OS(=O)(=O)[O-],0.0,0.0,,0.0075,,,,,,,PSDI/NIST Critical Micelle Concentrations of Aqueous Surfactant Systems; Compound No. 347; name=OCTYL TRIMETHYLAMMOMIUM OCTYL SULFATE; temperature=25; additives=nan; authors=CORK GOOD; reference=66014; original CMC=7.5 X10-3 M; DOI 10.6028/NBS.NSRDS.36; https://github.com/PSDI-UK/psdi-datasets,25
NN-DIMETHYL 1-1-DIHYDROPENTADECAFLUORO OCTYL AMINE N-OXIDE /C7F15CH2N/CH3/20/,C(C(CN)O)C(C(C(C(C(C(F)(F)F)(C(F)(F)F)F)(F)F)(F)F)(F)F)(F)F,0.0,0.0,,0.00047,,,,,,,PSDI/NIST Critical Micelle Concentrations of Aqueous Surfactant Systems; Compound No. 348; name=NN-DIMETHYL 1-1-DIHYDROPENTADECAFLUORO OCTYL AMINE N-OXIDE /C7F15CH2N/CH3/20/; temperature=25; additives=nan; authors=CORK GOOD; reference=65005; original CMC=4.7 X10-4 M; DOI 10.6028/NBS.NSRDS.36; https://github.com/PSDI-UK/psdi-datasets,25
POTASSIUM NONANOATE,CCCCCCCCC(=O)[O-].[K+],0.0,0.0,,0.21,,,,,,,PSDI/NIST Critical Micelle Concentrations of Aqueous Surfactant Systems; Compound No. 350; name=POTASSIUM NONANOATE; temperature=25; additives=nan; authors=HERZ; reference=52015; original CMC=2.1 X10-1 M; DOI 10.6028/NBS.NSRDS.36; https://github.com/PSDI-UK/psdi-datasets,25
POTASSIUM NONANOATE,CCCCCCCCC(=O)[O-].[K+],0.0,0.0,,0.201,,,,,,,PSDI/NIST Critical Micelle Concentrations of Aqueous Surfactant Systems; Compound No. 350; name=POTASSIUM NONANOATE; temperature=25; additives=nan; authors=HERZ; reference=52015; original CMC=2.01 X10-1 M; DOI 10.6028/NBS.NSRDS.36; https://github.com/PSDI-UK/psdi-datasets,25
POTASSIUM NONANOATE,CCCCCCCCC(=O)[O-].[K+],0.0,0.0,,0.2,,,,,,,PSDI/NIST Critical Micelle Concentrations of Aqueous Surfactant Systems; Compound No. 350; name=POTASSIUM NONANOATE; temperature=25; additives=nan; authors=HERZ; reference=52017; original CMC=2.00 X10-1 M; DOI 10.6028/NBS.NSRDS.36; https://github.com/PSDI-UK/psdi-datasets,25
POTASSIUM NONANOATE,CCCCCCCCC(=O)[O-].[K+],0.0,0.0,,0.187,,,,,,,PSDI/NIST Critical Micelle Concentrations of Aqueous Surfactant Systems; Compound No. 350; name=POTASSIUM NONANOATE; temperature=25; additives=3.7 E-2 K CL; authors=HERZ; reference=52017; original CMC=1.87 X10-1 M; DOI 10.6028/NBS.NSRDS.36; https://github.com/PSDI-UK/psdi-datasets,25
POTASSIUM NONANOATE,CCCCCCCCC(=O)[O-].[K+],0.0,0.0,,0.175,,,,,,,PSDI/NIST Critical Micelle Concentrations of Aqueous Surfactant Systems; Compound No. 350; name=POTASSIUM NONANOATE; temperature=25; additives=8.7 E-2 M K CL; authors=HERZ; reference=52017; original CMC=1.75 X10-1 M; DOI 10.6028/NBS.NSRDS.36; https://github.com/PSDI-UK/psdi-datasets,25
POTASSIUM NONANOATE,CCCCCCCCC(=O)[O-].[K+],0.0,0.0,,0.159,,,,,,,PSDI/NIST Critical Micelle Concentrations of Aqueous Surfactant Systems; Compound No. 350; name=POTASSIUM NONANOATE; temperature=25; additives=1.59 E-1 M K CL; authors=HERZ; reference=52017; original CMC=1.59 X10-1 M; DOI 10.6028/NBS.NSRDS.36; https://github.com/PSDI-UK/psdi-datasets,25
POTASSIUM NONANOATE,CCCCCCCCC(=O)[O-].[K+],0.0,0.0,,0.139,,,,,,,PSDI/NIST Critical Micelle Concentrations of Aqueous Surfactant Systems; Compound No. 350; name=POTASSIUM NONANOATE; temperature=25; additives=2.78 E-1 M K CL; authors=HERZ; reference=52017; original CMC=1.39 X10-1 M; DOI 10.6028/NBS.NSRDS.36; https://github.com/PSDI-UK/psdi-datasets,25
POTASSIUM NONANOATE,CCCCCCCCC(=O)[O-].[K+],0.0,0.0,,0.115,,,,,,,PSDI/NIST Critical Micelle Concentrations of Aqueous Surfactant Systems; Compound No. 350; name=POTASSIUM NONANOATE; temperature=25; additives=4.61 E-1 M K CL; authors=HERZ; reference=52017; original CMC=1.15 X10-1 M; DOI 10.6028/NBS.NSRDS.36; https://github.com/PSDI-UK/psdi-datasets,25
POTASSIUM NONANOATE,CCCCCCCCC(=O)[O-].[K+],0.0,0.0,,0.097,,,,,,,PSDI/NIST Critical Micelle Concentrations of Aqueous Surfactant Systems; Compound No. 350; name=POTASSIUM NONANOATE; temperature=25; additives=6.77 E-1 M K CL; authors=HERZ; reference=52017; original CMC=9.7 X10-2 M; DOI 10.6028/NBS.NSRDS.36; https://github.com/PSDI-UK/psdi-datasets,25
POTASSIUM NONANOATE,CCCCCCCCC(=O)[O-].[K+],0.0,0.0,,0.086,,,,,,,PSDI/NIST Critical Micelle Concentrations of Aqueous Surfactant Systems; Compound No. 350; name=POTASSIUM NONANOATE; temperature=25; additives=8.55 E-1 M K CL; authors=HERZ; reference=52017; original CMC=8.6 X10-2 M; DOI 10.6028/NBS.NSRDS.36; https://github.com/PSDI-UK/psdi-datasets,25
POTASSIUM NONANOATE,CCCCCCCCC(=O)[O-].[K+],0.0,0.0,,0.064,,,,,,,PSDI/NIST Critical Micelle Concentrations of Aqueous Surfactant Systems; Compound No. 350; name=POTASSIUM NONANOATE; temperature=25; additives=1.29 E 0 M K CL; authors=HERZ; reference=52017; original CMC=6.4 X10-2 M; DOI 10.6028/NBS.NSRDS.36; https://github.com/PSDI-UK/psdi-datasets,25
POTASSIUM NONANOATE,CCCCCCCCC(=O)[O-].[K+],0.0,0.0,,0.054,,,,,,,PSDI/NIST Critical Micelle Concentrations of Aqueous Surfactant Systems; Compound No. 350; name=POTASSIUM NONANOATE; temperature=25; additives=1.63 E 0 M K CL; authors=HERZ; reference=52017; original CMC=5.4 X10-2 M; DOI 10.6028/NBS.NSRDS.36; https://github.com/PSDI-UK/psdi-datasets,25
POTASSIUM NONANOATE,CCCCCCCCC(=O)[O-].[K+],0.0,0.0,,0.048,,,,,,,PSDI/NIST Critical Micelle Concentrations of Aqueous Surfactant Systems; Compound No. 350; name=POTASSIUM NONANOATE; temperature=25; additives=1.92 E 0 M K CL; authors=HERZ; reference=52017; original CMC=4.8 X10-2 M; DOI 10.6028/NBS.NSRDS.36; https://github.com/PSDI-UK/psdi-datasets,25
POTASSIUM NONANOATE,CCCCCCCCC(=O)[O-].[K+],0.0,0.0,,0.042,,,,,,,PSDI/NIST Critical Micelle Concentrations of Aqueous Surfactant Systems; Compound No. 350; name=POTASSIUM NONANOATE; temperature=25; additives=2.11 E 0 M K CL; authors=HERZ; reference=52017; original CMC=4.2 X10-2 M; DOI 10.6028/NBS.NSRDS.36; https://github.com/PSDI-UK/psdi-datasets,25
POTASSIUM NONANOATE,CCCCCCCCC(=O)[O-].[K+],0.0,0.0,,0.04,,,,,,,PSDI/NIST Critical Micelle Concentrations of Aqueous Surfactant Systems; Compound No. 350; name=POTASSIUM NONANOATE; temperature=25; additives=2.39 E 0 M K CL; authors=HERZ; reference=52017; original CMC=4.0 X10-2 M; DOI 10.6028/NBS.NSRDS.36; https://github.com/PSDI-UK/psdi-datasets,25
POTASSIUM NONANOATE,CCCCCCCCC(=O)[O-].[K+],0.0,0.0,,0.038,,,,,,,PSDI/NIST Critical Micelle Concentrations of Aqueous Surfactant Systems; Compound No. 350; name=POTASSIUM NONANOATE; temperature=25; additives=2.64 E 0 M K CL; authors=HERZ; reference=52017; original CMC=3.8 X10-2 M; DOI 10.6028/NBS.NSRDS.36; https://github.com/PSDI-UK/psdi-datasets,25
POTASSIUM TRIDECANOATE,CC(C)CCCCCCCCCC(=O)[O-].[K+],0.0,0.0,,0.0126,,,,,,,PSDI/NIST Critical Micelle Concentrations of Aqueous Surfactant Systems; Compound No. 351; name=POTASSIUM TRIDECANOATE; temperature=25; additives=nan; authors=HERZ; reference=52015; original CMC=1.26 X10-2 M; DOI 10.6028/NBS.NSRDS.36; https://github.com/PSDI-UK/psdi-datasets,25
POTASSIUM TRIDECANOATE,CC(C)CCCCCCCCCC(=O)[O-].[K+],0.0,0.0,,0.012,,,,,,,PSDI/NIST Critical Micelle Concentrations of Aqueous Surfactant Systems; Compound No. 351; name=POTASSIUM TRIDECANOATE; temperature=25; additives=nan; authors=KLEV; reference=58011; original CMC=1.2 X10-2 M; DOI 10.6028/NBS.NSRDS.36; https://github.com/PSDI-UK/psdi-datasets,25
POTASSIUM TRIDECANOATE,CC(C)CCCCCCCCCC(=O)[O-].[K+],0.0,0.0,,0.0121,,,,,,,PSDI/NIST Critical Micelle Concentrations of Aqueous Surfactant Systems; Compound No. 351; name=POTASSIUM TRIDECANOATE; temperature=25; additives=1.34 E-3 M K CL; authors=HERZ; reference=52017; original CMC=1.21 X10-2 M; DOI 10.6028/NBS.NSRDS.36; https://github.com/PSDI-UK/psdi-datasets,25
POTASSIUM TRIDECANOATE,CC(C)CCCCCCCCCC(=O)[O-].[K+],0.0,0.0,,0.0116,,,,,,,PSDI/NIST Critical Micelle Concentrations of Aqueous Surfactant Systems; Compound No. 351; name=POTASSIUM TRIDECANOATE; temperature=25; additives=2.91 E-3 M K CL; authors=HERZ; reference=52017; original CMC=1.16 X10-2 M; DOI 10.6028/NBS.NSRDS.36; https://github.com/PSDI-UK/psdi-datasets,25
POTASSIUM TRIDECANOATE,CC(C)CCCCCCCCCC(=O)[O-].[K+],0.0,0.0,,0.0112,,,,,,,PSDI/NIST Critical Micelle Concentrations of Aqueous Surfactant Systems; Compound No. 351; name=POTASSIUM TRIDECANOATE; temperature=25; additives=4.78 E-3 M K CL; authors=HERZ; reference=52017; original CMC=1.12 X10-2 M; DOI 10.6028/NBS.NSRDS.36; https://github.com/PSDI-UK/psdi-datasets,25
POTASSIUM TRIDECANOATE,CC(C)CCCCCCCCCC(=O)[O-].[K+],0.0,0.0,,0.0106,,,,,,,PSDI/NIST Critical Micelle Concentrations of Aqueous Surfactant Systems; Compound No. 351; name=POTASSIUM TRIDECANOATE; temperature=25; additives=7.06 E-3 M K CL; authors=HERZ; reference=52017; original CMC=1.06 X10-2 M; DOI 10.6028/NBS.NSRDS.36; https://github.com/PSDI-UK/psdi-datasets,25
POTASSIUM TRIDECANOATE,CC(C)CCCCCCCCCC(=O)[O-].[K+],0.0,0.0,,0.00929,,,,,,,PSDI/NIST Critical Micelle Concentrations of Aqueous Surfactant Systems; Compound No. 351; name=POTASSIUM TRIDECANOATE; temperature=25; additives=9.29 E-3 M K CL; authors=HERZ; reference=52017; original CMC=9.29 X10-3 M; DOI 10.6028/NBS.NSRDS.36; https://github.com/PSDI-UK/psdi-datasets,25
POTASSIUM TRIDECANOATE,CC(C)CCCCCCCCCC(=O)[O-].[K+],0.0,0.0,,0.00892,,,,,,,PSDI/NIST Critical Micelle Concentrations of Aqueous Surfactant Systems; Compound No. 351; name=POTASSIUM TRIDECANOATE; temperature=25; additives=1.34 E-2 M K CL; authors=HERZ; reference=52017; original CMC=8.92 X10-3 M; DOI 10.6028/NBS.NSRDS.36; https://github.com/PSDI-UK/psdi-datasets,25
POTASSIUM TRIDECANOATE,CC(C)CCCCCCCCCC(=O)[O-].[K+],0.0,0.0,,0.00842,,,,,,,PSDI/NIST Critical Micelle Concentrations of Aqueous Surfactant Systems; Compound No. 351; name=POTASSIUM TRIDECANOATE; temperature=25; additives=1.56 E-2 M K CL; authors=HERZ; reference=52017; original CMC=8.42 X10-3 M; DOI 10.6028/NBS.NSRDS.36; https://github.com/PSDI-UK/psdi-datasets,25
POTASSIUM TRIDECANOATE,CC(C)CCCCCCCCCC(=O)[O-].[K+],0.0,0.0,,0.008,,,,,,,PSDI/NIST Critical Micelle Concentrations of Aqueous Surfactant Systems; Compound No. 351; name=POTASSIUM TRIDECANOATE; temperature=25; additives=1.87 E-2 M K CL; authors=HERZ; reference=52017; original CMC=8.00 X10-3 M; DOI 10.6028/NBS.NSRDS.36; https://github.com/PSDI-UK/psdi-datasets,25
POTASSIUM TRIDECANOATE,CC(C)CCCCCCCCCC(=O)[O-].[K+],0.0,0.0,,0.00717,,,,,,,PSDI/NIST Critical Micelle Concentrations of Aqueous Surfactant Systems; Compound No. 351; name=POTASSIUM TRIDECANOATE; temperature=25; additives=2.51 E-2 M K CL; authors=HERZ; reference=52017; original CMC=7.17 X10-3 M; DOI 10.6028/NBS.NSRDS.36; https://github.com/PSDI-UK/psdi-datasets,25
POTASSIUM TRIDECANOATE,CC(C)CCCCCCCCCC(=O)[O-].[K+],0.0,0.0,,0.0069,,,,,,,PSDI/NIST Critical Micelle Concentrations of Aqueous Surfactant Systems; Compound No. 351; name=POTASSIUM TRIDECANOATE; temperature=25; additives=2.76 E-2 M K CL; authors=HERZ; reference=52017; original CMC=6.90 X10-3 M; DOI 10.6028/NBS.NSRDS.36; https://github.com/PSDI-UK/psdi-datasets,25
POTASSIUM TRIDECANOATE,CC(C)CCCCCCCCCC(=O)[O-].[K+],0.0,0.0,,0.00654,,,,,,,PSDI/NIST Critical Micelle Concentrations of Aqueous Surfactant Systems; Compound No. 351; name=POTASSIUM TRIDECANOATE; temperature=25; additives=3.27 E-2 M K CL; authors=HERZ; reference=52017; original CMC=6.54 X10-3 M; DOI 10.6028/NBS.NSRDS.36; https://github.com/PSDI-UK/psdi-datasets,25
POTASSIUM TRIDECANOATE,CC(C)CCCCCCCCCC(=O)[O-].[K+],0.0,0.0,,0.00587,,,,,,,PSDI/NIST Critical Micelle Concentrations of Aqueous Surfactant Systems; Compound No. 351; name=POTASSIUM TRIDECANOATE; temperature=25; additives=4.11 E-2 M K CL; authors=HERZ; reference=52017; original CMC=5.87 X10-3 M; DOI 10.6028/NBS.NSRDS.36; https://github.com/PSDI-UK/psdi-datasets,25
POTASSIUM TRIDECANOATE,CC(C)CCCCCCCCCC(=O)[O-].[K+],0.0,0.0,,0.00529,,,,,,,PSDI/NIST Critical Micelle Concentrations of Aqueous Surfactant Systems; Compound No. 351; name=POTASSIUM TRIDECANOATE; temperature=25; additives=5.29 E-2 M K CL; authors=HERZ; reference=52017; original CMC=5.29 X10-3 M; DOI 10.6028/NBS.NSRDS.36; https://github.com/PSDI-UK/psdi-datasets,25
POTASSIUM TRIDECANOATE,CC(C)CCCCCCCCCC(=O)[O-].[K+],0.0,0.0,,0.00492,,,,,,,PSDI/NIST Critical Micelle Concentrations of Aqueous Surfactant Systems; Compound No. 351; name=POTASSIUM TRIDECANOATE; temperature=25; additives=6.16 E-2 M K CL; authors=HERZ; reference=52017; original CMC=4.92 X10-3 M; DOI 10.6028/NBS.NSRDS.36; https://github.com/PSDI-UK/psdi-datasets,25
POTASSIUM TRIDECANOATE,CC(C)CCCCCCCCCC(=O)[O-].[K+],0.0,0.0,,0.00406,,,,,,,PSDI/NIST Critical Micelle Concentrations of Aqueous Surfactant Systems; Compound No. 351; name=POTASSIUM TRIDECANOATE; temperature=25; additives=9.13 E-2 M K CL; authors=HERZ; reference=52017; original CMC=4.06 X10-3 M; DOI 10.6028/NBS.NSRDS.36; https://github.com/PSDI-UK/psdi-datasets,25
POTASSIUM TRIDECANOATE,CC(C)CCCCCCCCCC(=O)[O-].[K+],0.0,0.0,,0.00357,,,,,,,PSDI/NIST Critical Micelle Concentrations of Aqueous Surfactant Systems; Compound No. 351; name=POTASSIUM TRIDECANOATE; temperature=25; additives=1.16 E-1 M K CL; authors=HERZ; reference=52017; original CMC=3.57 X10-3 M; DOI 10.6028/NBS.NSRDS.36; https://github.com/PSDI-UK/psdi-datasets,25
POTASSIUM TRIDECANOATE,CC(C)CCCCCCCCCC(=O)[O-].[K+],0.0,0.0,,0.00319,,,,,,,PSDI/NIST Critical Micelle Concentrations of Aqueous Surfactant Systems; Compound No. 351; name=POTASSIUM TRIDECANOATE; temperature=25; additives=1.44 E-1 M K CL; authors=HERZ; reference=52017; original CMC=3.19 X10-3 M; DOI 10.6028/NBS.NSRDS.36; https://github.com/PSDI-UK/psdi-datasets,25
POTASSIUM TRIDECANOATE,CC(C)CCCCCCCCCC(=O)[O-].[K+],0.0,0.0,,0.00294,,,,,,,PSDI/NIST Critical Micelle Concentrations of Aqueous Surfactant Systems; Compound No. 351; name=POTASSIUM TRIDECANOATE; temperature=25; additives=1.69 E-1 M K CL; authors=HERZ; reference=52017; original CMC=2.94 X10-3 M; DOI 10.6028/NBS.NSRDS.36; https://github.com/PSDI-UK/psdi-datasets,25
POTASSIUM TRIDECANOATE,CC(C)CCCCCCCCCC(=O)[O-].[K+],0.0,0.0,,0.00277,,,,,,,PSDI/NIST Critical Micelle Concentrations of Aqueous Surfactant Systems; Compound No. 351; name=POTASSIUM TRIDECANOATE; temperature=25; additives=1.94 E-1 M K CL; authors=HERZ; reference=52017; original CMC=2.77 X10-3 M; DOI 10.6028/NBS.NSRDS.36; https://github.com/PSDI-UK/psdi-datasets,25
POTASSIUM TRIDECANOATE,CC(C)CCCCCCCCCC(=O)[O-].[K+],0.0,0.0,,0.00262,,,,,,,PSDI/NIST Critical Micelle Concentrations of Aqueous Surfactant Systems; Compound No. 351; name=POTASSIUM TRIDECANOATE; temperature=25; additives=2.16 E-1 M K CL; authors=HERZ; reference=52017; original CMC=2.62 X10-3 M; DOI 10.6028/NBS.NSRDS.36; https://github.com/PSDI-UK/psdi-datasets,25
POTASSIUM TRIDECANOATE,CC(C)CCCCCCCCCC(=O)[O-].[K+],0.0,0.0,,0.00253,,,,,,,PSDI/NIST Critical Micelle Concentrations of Aqueous Surfactant Systems; Compound No. 351; name=POTASSIUM TRIDECANOATE; temperature=25; additives=2.41 E-1 M K CL; authors=HERZ; reference=52017; original CMC=2.53 X10-3 M; DOI 10.6028/NBS.NSRDS.36; https://github.com/PSDI-UK/psdi-datasets,25
POTASSIUM TRIDECANOATE,CC(C)CCCCCCCCCC(=O)[O-].[K+],0.0,0.0,,0.00238,,,,,,,PSDI/NIST Critical Micelle Concentrations of Aqueous Surfactant Systems; Compound No. 351; name=POTASSIUM TRIDECANOATE; temperature=25; additives=2.68 E-1 M K CL; authors=HERZ; reference=52017; original CMC=2.38 X10-3 M; DOI 10.6028/NBS.NSRDS.36; https://github.com/PSDI-UK/psdi-datasets,25
POTASSIUM TRIDECANOATE,CC(C)CCCCCCCCCC(=O)[O-].[K+],0.0,0.0,,0.00227,,,,,,,PSDI/NIST Critical Micelle Concentrations of Aqueous Surfactant Systems; Compound No. 351; name=POTASSIUM TRIDECANOATE; temperature=25; additives=3.12 E-1 M K CL; authors=HERZ; reference=52017; original CMC=2.27 X10-3 M; DOI 10.6028/NBS.NSRDS.36; https://github.com/PSDI-UK/psdi-datasets,25
DODECAFLUOROHEPTANOIC ACID H/CF2/6C00H,C(C(C(C(C(C(C(=O)O)(F)F)(F)F)(F)F)(F)F)(F)F)(F)F,0.0,0.0,,0.15,,,,,,,PSDI/NIST Critical Micelle Concentrations of Aqueous Surfactant Systems; Compound No. 374; name=DODECAFLUOROHEPTANOIC ACID H/CF2/6C00H; temperature=25; additives=nan; authors=KLEV; reference=58011; original CMC=1.5 X10-1 M; DOI 10.6028/NBS.NSRDS.36; https://github.com/PSDI-UK/psdi-datasets,25
HEXADECAFLUORONONANOIC ACID H/CF2/8COOH,C(C(C(C(C(C(C(C(C(=O)O)(F)F)(F)F)(F)F)(F)F)(F)F)(F)F)(F)F)(F)F,0.0,0.0,,0.03,,,,,,,PSDI/NIST Critical Micelle Concentrations of Aqueous Surfactant Systems; Compound No. 375; name=HEXADECAFLUORONONANOIC ACID H/CF2/8COOH; temperature=25; additives=nan; authors=KLEV; reference=58011; original CMC=3. X10-2 M; DOI 10.6028/NBS.NSRDS.36; https://github.com/PSDI-UK/psdi-datasets,25
DODECYL PYRIDINIUM TODIDE,CCCCCCCCCCCC[N+]1=CC=CC=C1.[I-],0.0,0.0,,0.0056,,,,,,,PSDI/NIST Critical Micelle Concentrations of Aqueous Surfactant Systems; Compound No. 376; name=DODECYL PYRIDINIUM TODIDE; temperature=25; additives=nan; authors=PARR; reference=60015; original CMC=5.60 X10-3 M; DOI 10.6028/NBS.NSRDS.36; https://github.com/PSDI-UK/psdi-datasets,25
DODECYL PYRIDINIUM TODIDE,CCCCCCCCCCCC[N+]1=CC=CC=C1.[I-],0.0,0.0,,0.0057,,,,,,,PSDI/NIST Critical Micelle Concentrations of Aqueous Surfactant Systems; Compound No. 376; name=DODECYL PYRIDINIUM TODIDE; temperature=25; additives=nan; authors=FORD OTTE; reference=66028; original CMC=5.70 X10-3 M; DOI 10.6028/NBS.NSRDS.36; https://github.com/PSDI-UK/psdi-datasets,25
DODECYL PYRIDINIUM TODIDE,CCCCCCCCCCCC[N+]1=CC=CC=C1.[I-],0.0,0.0,,0.00453,,,,,,,PSDI/NIST Critical Micelle Concentrations of Aqueous Surfactant Systems; Compound No. 376; name=DODECYL PYRIDINIUM TODIDE; temperature=25; additives=2.5 E-3 M K I; authors=PARR; reference=60015; original CMC=4.53 X10-3 M; DOI 10.6028/NBS.NSRDS.36; https://github.com/PSDI-UK/psdi-datasets,25
DODECYL PYRIDINIUM TODIDE,CCCCCCCCCCCC[N+]1=CC=CC=C1.[I-],0.0,0.0,,0.00387,,,,,,,PSDI/NIST Critical Micelle Concentrations of Aqueous Surfactant Systems; Compound No. 376; name=DODECYL PYRIDINIUM TODIDE; temperature=25; additives=5.0 E-3 M K I; authors=PARR; reference=60015; original CMC=3.87 X10-3 M; DOI 10.6028/NBS.NSRDS.36; https://github.com/PSDI-UK/psdi-datasets,25
DODECYL PYRIDINIUM TODIDE,CCCCCCCCCCCC[N+]1=CC=CC=C1.[I-],0.0,0.0,,0.00294,,,,,,,PSDI/NIST Critical Micelle Concentrations of Aqueous Surfactant Systems; Compound No. 376; name=DODECYL PYRIDINIUM TODIDE; temperature=25; additives=1.00 E-2 M K I; authors=PARR; reference=60015; original CMC=2.94 X10-3 M; DOI 10.6028/NBS.NSRDS.36; https://github.com/PSDI-UK/psdi-datasets,25
DODECYL PYRIDINIUM TODIDE,CCCCCCCCCCCC[N+]1=CC=CC=C1.[I-],0.0,0.0,,0.0018,,,,,,,PSDI/NIST Critical Micelle Concentrations of Aqueous Surfactant Systems; Compound No. 376; name=DODECYL PYRIDINIUM TODIDE; temperature=25; additives=2. E-2 M K I; authors=FORD OTTE; reference=66028; original CMC=1.80 X10-3 M; DOI 10.6028/NBS.NSRDS.36; https://github.com/PSDI-UK/psdi-datasets,25
DODECYL PYRIDINIUM TODIDE,CCCCCCCCCCCC[N+]1=CC=CC=C1.[I-],0.0,0.0,,0.00515,,,,,,,PSDI/NIST Critical Micelle Concentrations of Aqueous Surfactant Systems; Compound No. 376; name=DODECYL PYRIDINIUM TODIDE; temperature=25; additives=1. E-4 M NA2 S203 TH10SULF; authors=MUKE RAY; reference=63032; original CMC=5.15 X10-3 M; DOI 10.6028/NBS.NSRDS.36; https://github.com/PSDI-UK/psdi-datasets,25
DODECYL PYRIDINIUM TODIDE,CCCCCCCCCCCC[N+]1=CC=CC=C1.[I-],0.0,0.0,,0.00475,,,,,,,PSDI/NIST Critical Micelle Concentrations of Aqueous Surfactant Systems; Compound No. 376; name=DODECYL PYRIDINIUM TODIDE; temperature=25; additives=1. E-3 M NA2 S203 TH10SULF; authors=MUKE RAY; reference=63032; original CMC=4.75 X10-3 M; DOI 10.6028/NBS.NSRDS.36; https://github.com/PSDI-UK/psdi-datasets,25
DODECYL PYRIDINIUM TODIDE,CCCCCCCCCCCC[N+]1=CC=CC=C1.[I-],0.0,0.0,,0.00934,,,,,,,PSDI/NIST Critical Micelle Concentrations of Aqueous Surfactant Systems; Compound No. 376; name=DODECYL PYRIDINIUM TODIDE; temperature=25; additives=3.4 EOM UREA; authors=MUKE RAY; reference=63032; original CMC=9.34 X10-3 M; DOI 10.6028/NBS.NSRDS.36; https://github.com/PSDI-UK/psdi-datasets,25
DODECYL PYRIDINIUM TODIDE,CCCCCCCCCCCC[N+]1=CC=CC=C1.[I-],0.0,0.0,,0.0136,,,,,,,PSDI/NIST Critical Micelle Concentrations of Aqueous Surfactant Systems; Compound No. 376; name=DODECYL PYRIDINIUM TODIDE; temperature=25; additives=5.9 EOM UREA; authors=MUKE RAY; reference=63032; original CMC=1.36 X10-2 M; DOI 10.6028/NBS.NSRDS.36; https://github.com/PSDI-UK/psdi-datasets,25
DODECYL PYRIDINIUM TODIDE,CCCCCCCCCCCC[N+]1=CC=CC=C1.[I-],0.0,0.0,,0.0093,,,,,,,PSDI/NIST Critical Micelle Concentrations of Aqueous Surfactant Systems; Compound No. 376; name=DODECYL PYRIDINIUM TODIDE; temperature=25; additives=1. E-4 M NA2 S203 TH10SULF 3.4 E 0 M UREA; authors=MUKE RAY; reference=63032; original CMC=9.30 X10-3 M; DOI 10.6028/NBS.NSRDS.36; https://github.com/PSDI-UK/psdi-datasets,25
DODECYL PYRIDINIUM TODIDE,CCCCCCCCCCCC[N+]1=CC=CC=C1.[I-],0.0,0.0,,0.0091,,,,,,,PSDI/NIST Critical Micelle Concentrations of Aqueous Surfactant Systems; Compound No. 376; name=DODECYL PYRIDINIUM TODIDE; temperature=25; additives=1. E-3 M NA2 S203 TH10SULF 3.4 E 0 M UREA; authors=MUKE RAY; reference=63032; original CMC=9.10 X10-3 M; DOI 10.6028/NBS.NSRDS.36; https://github.com/PSDI-UK/psdi-datasets,25
DODECYL PYRIDINIUM TODIDE,CCCCCCCCCCCC[N+]1=CC=CC=C1.[I-],0.0,0.0,,0.0133,,,,,,,PSDI/NIST Critical Micelle Concentrations of Aqueous Surfactant Systems; Compound No. 376; name=DODECYL PYRIDINIUM TODIDE; temperature=25; additives=1. E-3 M NA2 S203 TH10SULF 5.9 E 0 M UREA; authors=MUKE RAY; reference=63032; original CMC=1.33 X10-2 M; DOI 10.6028/NBS.NSRDS.36; https://github.com/PSDI-UK/psdi-datasets,25
BUTYL TRIMETHYLAMMONIUM DODECYL SULFATE,CCCCCCCCCCCCCCCC[N+](C)(C)C.OS(=O)(=O)[O-],0.0,0.0,,0.00238,,,,,,,PSDI/NIST Critical Micelle Concentrations of Aqueous Surfactant Systems; Compound No. 383; name=BUTYL TRIMETHYLAMMONIUM DODECYL SULFATE; temperature=25; additives=nan; authors=PACK DONB; reference=63030; original CMC=2.38 X10-3 M; DOI 10.6028/NBS.NSRDS.36; https://github.com/PSDI-UK/psdi-datasets,25
HEXYL TRIMETHYLAMMONIUM DODECYL SULFATE,CCCCCCCCCCCCCCCCC[N+](C)(C)C.COS(=O)(=O)[O-],0.0,0.0,,0.00125,,,,,,,PSDI/NIST Critical Micelle Concentrations of Aqueous Surfactant Systems; Compound No. 384; name=HEXYL TRIMETHYLAMMONIUM DODECYL SULFATE; temperature=25; additives=nan; authors=PACK DONB; reference=63030; original CMC=1.25 X10-3 M; DOI 10.6028/NBS.NSRDS.36; https://github.com/PSDI-UK/psdi-datasets,25
OCTYL TRIMETHYLAMMONIUM DODECYL SULFATE,CCCCCCCCCC[N+](C)(C)C.CCCCCCCCCCOS(=O)(=O)[O-],0.0,0.0,,0.00043,,,,,,,PSDI/NIST Critical Micelle Concentrations of Aqueous Surfactant Systems; Compound No. 385; name=OCTYL TRIMETHYLAMMONIUM DODECYL SULFATE; temperature=25; additives=nan; authors=CORK GOOD; reference=66014; original CMC=4.3 X10-4 M; DOI 10.6028/NBS.NSRDS.36; https://github.com/PSDI-UK/psdi-datasets,25
OCTYL TRIMETHYLAMMONIUM DODECYL SULFATE,CCCCCCCCCC[N+](C)(C)C.CCCCCCCCCCOS(=O)(=O)[O-],0.0,0.0,,0.0004,,,,,,,PSDI/NIST Critical Micelle Concentrations of Aqueous Surfactant Systems; Compound No. 385; name=OCTYL TRIMETHYLAMMONIUM DODECYL SULFATE; temperature=25; additives=nan; authors=PACK DONB; reference=63030; original CMC=4.0 X10-4 M; DOI 10.6028/NBS.NSRDS.36; https://github.com/PSDI-UK/psdi-datasets,25
AMMONIUM DODECYL SULFATE,CCCCCCCCCCCCOS(=O)(=O)[O-].[NH4+],0.0,0.0,,0.00616,,,,,,,PSDI/NIST Critical Micelle Concentrations of Aqueous Surfactant Systems; Compound No. 386; name=AMMONIUM DODECYL SULFATE; temperature=25; additives=nan; authors=PACK DONB; reference=63030; original CMC=6.16 X10-3 M; DOI 10.6028/NBS.NSRDS.36; https://github.com/PSDI-UK/psdi-datasets,25
METHYLAMMONIUM DODECYL SULFATE,CCCCCCCCCCCCCOS(=O)(=O)[O-].[NH4+],0.0,0.0,,0.0057,,,,,,,PSDI/NIST Critical Micelle Concentrations of Aqueous Surfactant Systems; Compound No. 387; name=METHYLAMMONIUM DODECYL SULFATE; temperature=25; additives=nan; authors=PACK DONB; reference=63030; original CMC=5.70 X10-3 M; DOI 10.6028/NBS.NSRDS.36; https://github.com/PSDI-UK/psdi-datasets,25
ETHYLAMMONIUM DODECYL SULFATE,CCCCCCCCCCCCCCOS(=O)(=O)O.N,0.0,0.0,,0.005,,,,,,,PSDI/NIST Critical Micelle Concentrations of Aqueous Surfactant Systems; Compound No. 388; name=ETHYLAMMONIUM DODECYL SULFATE; temperature=25; additives=nan; authors=PACK DONB; reference=63030; original CMC=5.00 X10-3 M; DOI 10.6028/NBS.NSRDS.36; https://github.com/PSDI-UK/psdi-datasets,25
BUTYLAMMONIUM DODECYL SULFATE,CCCC[N+](CCCC)(CCCC)CCCC.OS(=O)(=O)[O-],0.0,0.0,,0.00292,,,,,,,PSDI/NIST Critical Micelle Concentrations of Aqueous Surfactant Systems; Compound No. 389; name=BUTYLAMMONIUM DODECYL SULFATE; temperature=25; additives=nan; authors=PACK DONB; reference=63030; original CMC=2.92 X10-3 M; DOI 10.6028/NBS.NSRDS.36; https://github.com/PSDI-UK/psdi-datasets,25
HEXYLAMMONIUM DODECYL SULFATE,CCCCCCCCCCCC[N+](C)(C)CC.CCOS(=O)(=O)[O-],0.0,0.0,,0.00112,,,,,,,PSDI/NIST Critical Micelle Concentrations of Aqueous Surfactant Systems; Compound No. 390; name=HEXYLAMMONIUM DODECYL SULFATE; temperature=25; additives=nan; authors=PACK DONB; reference=63030; original CMC=1.12 X10-3 M; DOI 10.6028/NBS.NSRDS.36; https://github.com/PSDI-UK/psdi-datasets,25
OCTYLAMMONIUM DODECYL SULFATE,CCCCCCCCCCCCCCCC[N+](C)(C)C.COS(=O)(=O)[O-],0.0,0.0,,0.00028,,,,,,,PSDI/NIST Critical Micelle Concentrations of Aqueous Surfactant Systems; Compound No. 391; name=OCTYLAMMONIUM DODECYL SULFATE; temperature=25; additives=nan; authors=PACK DONB; reference=63030; original CMC=2.8 X10-4 M; DOI 10.6028/NBS.NSRDS.36; https://github.com/PSDI-UK/psdi-datasets,25
OCTYLAMMONIUM CHLORIDE,CC[N+](CC)(CC)CC.[Cl-],0.0,0.0,,0.175,,,,,,,PSDI/NIST Critical Micelle Concentrations of Aqueous Surfactant Systems; Compound No. 392; name=OCTYLAMMONIUM CHLORIDE; temperature=25; additives=nan; authors=KLEV; reference=53010; original CMC=1.75 X10-1 M; DOI 10.6028/NBS.NSRDS.36; https://github.com/PSDI-UK/psdi-datasets,25
BUTYL HEXYL/OXYETHYLENE/6 ALCOHOL HOMOGENEOUS HEAD GROUP,CCCCCCCCCCOCCOCCOCCOCCOCCOCCO,6.0,0.0,,0.00284,,,,,,,PSDI/NIST Critical Micelle Concentrations of Aqueous Surfactant Systems; Compound No. 397; name=BUTYL HEXYL/OXYETHYLENE/6 ALCOHOL HOMOGENEOUS HEAD GROUP; temperature=25; additives=nan; authors=ELWO FLOR; reference=64049; original CMC=2.84 X10-3 M; DOI 10.6028/NBS.NSRDS.36; https://github.com/PSDI-UK/psdi-datasets,25
DODECYL DIMETHYL ETHYLAMMONIUM CHLORIDE,CCCC[N+](CCCC)(CCCC)CCCC.[Cl-],0.0,0.0,,0.019,,,,,,,PSDI/NIST Critical Micelle Concentrations of Aqueous Surfactant Systems; Compound No. 399; name=DODECYL DIMETHYL ETHYLAMMONIUM CHLORIDE; temperature=25; additives=nan; authors=WEIN ZOGR; reference=65026; original CMC=1.9 X10-2 M; DOI 10.6028/NBS.NSRDS.36; https://github.com/PSDI-UK/psdi-datasets,25
DODECYL DIMETHYL ETHYLAMMONIUM CHLORIDE,CCCC[N+](CCCC)(CCCC)CCCC.[Cl-],0.0,0.0,,0.007,,,,,,,PSDI/NIST Critical Micelle Concentrations of Aqueous Surfactant Systems; Compound No. 399; name=DODECYL DIMETHYL ETHYLAMMONIUM CHLORIDE; temperature=25; additives=1. E-1 K CL; authors=WEIN ZOGR; reference=65026; original CMC=7.0 X10-3 M; DOI 10.6028/NBS.NSRDS.36; https://github.com/PSDI-UK/psdi-datasets,25
PERFLUORO HEXANOIC ACID,C(=O)(C(C(C(C(C(F)(F)F)(F)F)(F)F)(F)F)(F)F)O,0.0,0.0,,0.054,,,,,,,PSDI/NIST Critical Micelle Concentrations of Aqueous Surfactant Systems; Compound No. 416; name=PERFLUORO HEXANOIC ACID; temperature=25; additives=nan; authors=KLEV; reference=58011; original CMC=5.4 X10-2 M; DOI 10.6028/NBS.NSRDS.36; https://github.com/PSDI-UK/psdi-datasets,25
PERFLUORO OCTANOIC ACID,C(=O)(C(C(C(C(C(C(C(F)(F)F)(F)F)(F)F)(F)F)(F)F)(F)F)(F)F)O,0.0,0.0,,0.0056,,,,,,,PSDI/NIST Critical Micelle Concentrations of Aqueous Surfactant Systems; Compound No. 417; name=PERFLUORO OCTANOIC ACID; temperature=25; additives=nan; authors=KLEV; reference=58011; original CMC=5.6 X10-3 M; DOI 10.6028/NBS.NSRDS.36; https://github.com/PSDI-UK/psdi-datasets,25
OCTYL/OXYETHYLENE/1 ALCOHOL--OCTYL GLYCOL ETHER HOMOGENEOUS HEAD GROUP,CC(CCCC(C)(C)O)CCO,1.0,0.0,,0.0049,,,,,,,PSDI/NIST Critical Micelle Concentrations of Aqueous Surfactant Systems; Compound No. 423; name=OCTYL/OXYETHYLENE/1 ALCOHOL--OCTYL GLYCOL ETHER HOMOGENEOUS HEAD GROUP; temperature=25; additives=nan; authors=SHIN YAMA; reference=59013; original CMC=4.9 X10-3 M; DOI 10.6028/NBS.NSRDS.36; https://github.com/PSDI-UK/psdi-datasets,25
OCTYL ALPHA-GLYCERYL ETHER,CCCCOCC(COCCCC)O,0.0,0.0,,0.0058,,,,,,,PSDI/NIST Critical Micelle Concentrations of Aqueous Surfactant Systems; Compound No. 424; name=OCTYL ALPHA-GLYCERYL ETHER; temperature=25; additives=nan; authors=SHIN YAMA; reference=59013; original CMC=5.8 X10-3 M; DOI 10.6028/NBS.NSRDS.36; https://github.com/PSDI-UK/psdi-datasets,25
HEXADECYL PYRIDINIUM BROMIDE,CCCCCCCCCCCCCCCC[N+]1=CC=CC=C1.[Br-],0.0,0.0,,0.00062,,,,,,,PSDI/NIST Critical Micelle Concentrations of Aqueous Surfactant Systems; Compound No. 427; name=HEXADECYL PYRIDINIUM BROMIDE; temperature=25; additives=nan; authors=BENT SPAR; reference=66038; original CMC=6.2 X10-4 M; DOI 10.6028/NBS.NSRDS.36; https://github.com/PSDI-UK/psdi-datasets,25
HEXADECYL PYRIDINIUM BROMIDE,CCCCCCCCCCCCCCCC[N+]1=CC=CC=C1.[Br-],0.0,0.0,,0.000581,,,,,,,PSDI/NIST Critical Micelle Concentrations of Aqueous Surfactant Systems; Compound No. 427; name=HEXADECYL PYRIDINIUM BROMIDE; temperature=25; additives=nan; authors=EVER KRAU; reference=48028; original CMC=5.81 X10-4 M; DOI 10.6028/NBS.NSRDS.36; https://github.com/PSDI-UK/psdi-datasets,25
HEXADECYL PYRIDINIUM BROMIDE,CCCCCCCCCCCCCCCC[N+]1=CC=CC=C1.[Br-],0.0,0.0,,0.000751,,,,,,,PSDI/NIST Critical Micelle Concentrations of Aqueous Surfactant Systems; Compound No. 427; name=HEXADECYL PYRIDINIUM BROMIDE; temperature=25; additives=6.4 EOH METHANOL; authors=EVER KRAU; reference=48028; original CMC=7.51 X10-4 M; DOI 10.6028/NBS.NSRDS.36; https://github.com/PSDI-UK/psdi-datasets,25
HEXADECYL PYRIDINIUM BROMIDE,CCCCCCCCCCCCCCCC[N+]1=CC=CC=C1.[Br-],0.0,0.0,,0.00118,,,,,,,PSDI/NIST Critical Micelle Concentrations of Aqueous Surfactant Systems; Compound No. 427; name=HEXADECYL PYRIDINIUM BROMIDE; temperature=25; additives=1.470E 1 H METHANOL; authors=EVER KRAU; reference=48028; original CMC=1.18 X10-3 M; DOI 10.6028/NBS.NSRDS.36; https://github.com/PSDI-UK/psdi-datasets,25
HEXADECYL PYRIDINIUM BROMIDE,CCCCCCCCCCCCCCCC[N+]1=CC=CC=C1.[Br-],0.0,0.0,,0.00169,,,,,,,PSDI/NIST Critical Micelle Concentrations of Aqueous Surfactant Systems; Compound No. 427; name=HEXADECYL PYRIDINIUM BROMIDE; temperature=25; additives=1.991E 1 H METHANOL; authors=EVER KRAU; reference=48028; original CMC=1.69 X10-3 M; DOI 10.6028/NBS.NSRDS.36; https://github.com/PSDI-UK/psdi-datasets,25
HEXADECYL PYRIDINIUM BROMIDE,CCCCCCCCCCCCCCCC[N+]1=CC=CC=C1.[Br-],0.0,0.0,,0.00281,,,,,,,PSDI/NIST Critical Micelle Concentrations of Aqueous Surfactant Systems; Compound No. 427; name=HEXADECYL PYRIDINIUM BROMIDE; temperature=25; additives=2.602E 1 H METHANOL; authors=EVER KRAU; reference=48028; original CMC=2.81 X10-3 M; DOI 10.6028/NBS.NSRDS.36; https://github.com/PSDI-UK/psdi-datasets,25
HEXADECYL PYRIDINIUM BROMIDE,CCCCCCCCCCCCCCCC[N+]1=CC=CC=C1.[Br-],0.0,0.0,,0.00601,,,,,,,PSDI/NIST Critical Micelle Concentrations of Aqueous Surfactant Systems; Compound No. 427; name=HEXADECYL PYRIDINIUM BROMIDE; temperature=25; additives=3.520E 1 H METHANOL; authors=EVER KRAU; reference=48028; original CMC=6.01 X10-3 M; DOI 10.6028/NBS.NSRDS.36; https://github.com/PSDI-UK/psdi-datasets,25
PERFLUORO ACETIC ACID,C(=O)(C(F)(F)F)O,0.0,0.0,,2.6,,,,,,,PSDI/NIST Critical Micelle Concentrations of Aqueous Surfactant Systems; Compound No. 428; name=PERFLUORO ACETIC ACID; temperature=25; additives=nan; authors=KLEV RAIS; reference=54010; original CMC=2.6 X10 0 M; DOI 10.6028/NBS.NSRDS.36; https://github.com/PSDI-UK/psdi-datasets,25
PERFLUORO PROPIONIO ACID,C(=O)(C(C(F)(F)F)(F)F)O,0.0,0.0,,0.00111,,,,,,,PSDI/NIST Critical Micelle Concentrations of Aqueous Surfactant Systems; Compound No. 429; name=PERFLUORO PROPIONIO ACID; temperature=25; additives=nan; authors=KLEV; reference=58011; original CMC=1.11 X10-3 M; DOI 10.6028/NBS.NSRDS.36; https://github.com/PSDI-UK/psdi-datasets,25
PERFLUORO BUTYRIC ACID,C(=O)(C(C(C(F)(F)F)(F)F)(F)F)O,0.0,0.0,,0.71,,,,,,,PSDI/NIST Critical Micelle Concentrations of Aqueous Surfactant Systems; Compound No. 430; name=PERFLUORO BUTYRIC ACID; temperature=25; additives=nan; authors=KLEV RAIS; reference=54010; original CMC=7.1 X10-1 M; DOI 10.6028/NBS.NSRDS.36; https://github.com/PSDI-UK/psdi-datasets,25
PERFLUORO BUTYRIC ACID,C(=O)(C(C(C(F)(F)F)(F)F)(F)F)O,0.0,0.0,,0.53,,,,,,,PSDI/NIST Critical Micelle Concentrations of Aqueous Surfactant Systems; Compound No. 430; name=PERFLUORO BUTYRIC ACID; temperature=25; additives=nan; authors=KLEV; reference=58011; original CMC=5.3 X10-1 M; DOI 10.6028/NBS.NSRDS.36; https://github.com/PSDI-UK/psdi-datasets,25
PERFLUORO DECANOIC ACID,C(=O)(C(C(C(C(C(C(C(C(C(F)(F)F)(F)F)(F)F)(F)F)(F)F)(F)F)(F)F)(F)F)(F)F)O,0.0,0.0,,0.00048,,,,,,,PSDI/NIST Critical Micelle Concentrations of Aqueous Surfactant Systems; Compound No. 455; name=PERFLUORO DECANOIC ACID; temperature=25; additives=nan; authors=KLEV; reference=58011; original CMC=4.8 X10-4 M; DOI 10.6028/NBS.NSRDS.36; https://github.com/PSDI-UK/psdi-datasets,25
DODECYL TROPYLIUM MONOPHOSPHATE,CCOP(=O)(CC1=CC(=C(C(=C1)C(C)(C)C)O)C(C)(C)C)OCC,0.0,0.0,,0.001,,,,,,,PSDI/NIST Critical Micelle Concentrations of Aqueous Surfactant Systems; Compound No. 460; name=DODECYL TROPYLIUM MONOPHOSPHATE; temperature=25; additives=8.5 E 1 H H3 P04; authors=ABUH MYSE; reference=65019; original CMC=1.0 X10-3 M; DOI 10.6028/NBS.NSRDS.36; https://github.com/PSDI-UK/psdi-datasets,25
BUTYL/OXYETHYLENE/1 ALCOHOL--BUTYL GLYCOL ETHER HOMOGENEOUS HEAD GROUP,CC(CC(C)(C)O)O,1.0,0.0,,0.98,,,,,,,PSDI/NIST Critical Micelle Concentrations of Aqueous Surfactant Systems; Compound No. 461; name=BUTYL/OXYETHYLENE/1 ALCOHOL--BUTYL GLYCOL ETHER HOMOGENEOUS HEAD GROUP; temperature=25; additives=nan; authors=DONB JACO; reference=66019; original CMC=9.8 X10-1 M; DOI 10.6028/NBS.NSRDS.36; https://github.com/PSDI-UK/psdi-datasets,25
SODIUM MONOLAURIN SULFATE,CCCCCCCCCCC(C(=O)OCC(CO)O)S(=O)(=O)[O-].[Na+],0.0,0.0,,0.0052,,,,,,,PSDI/NIST Critical Micelle Concentrations of Aqueous Surfactant Systems; Compound No. 462; name=SODIUM MONOLAURIN SULFATE; temperature=25; additives=nan; authors=BISW MUKH; reference=60028; original CMC=5.2 X10-3 M; DOI 10.6028/NBS.NSRDS.36; https://github.com/PSDI-UK/psdi-datasets,25
SODIUM MONOLAURIN SULFATE,CCCCCCCCCCC(C(=O)OCC(CO)O)S(=O)(=O)[O-].[Na+],0.0,0.0,,0.0034,,,,,,,PSDI/NIST Critical Micelle Concentrations of Aqueous Surfactant Systems; Compound No. 462; name=SODIUM MONOLAURIN SULFATE; temperature=25; additives=4. E-3 M NA CL; authors=BISW MUKH; reference=60028; original CMC=3.4 X10-3 M; DOI 10.6028/NBS.NSRDS.36; https://github.com/PSDI-UK/psdi-datasets,25
SODIUM MONOLAURIN SULFATE,CCCCCCCCCCC(C(=O)OCC(CO)O)S(=O)(=O)[O-].[Na+],0.0,0.0,,0.0016,,,,,,,PSDI/NIST Critical Micelle Concentrations of Aqueous Surfactant Systems; Compound No. 462; name=SODIUM MONOLAURIN SULFATE; temperature=25; additives=1. E-2 M NA CL; authors=BISW MUKH; reference=60028; original CMC=1.6 X10-3 M; DOI 10.6028/NBS.NSRDS.36; https://github.com/PSDI-UK/psdi-datasets,25
SODIUM MONOLAURIN SULFATE,CCCCCCCCCCC(C(=O)OCC(CO)O)S(=O)(=O)[O-].[Na+],0.0,0.0,,0.00103,,,,,,,PSDI/NIST Critical Micelle Concentrations of Aqueous Surfactant Systems; Compound No. 462; name=SODIUM MONOLAURIN SULFATE; temperature=25; additives=2. E-2 M NA CL; authors=BISW MUKH; reference=60028; original CMC=1.03 X10-3 M; DOI 10.6028/NBS.NSRDS.36; https://github.com/PSDI-UK/psdi-datasets,25
SODIUM MONOLAURIN SULFATE,CCCCCCCCCCC(C(=O)OCC(CO)O)S(=O)(=O)[O-].[Na+],0.0,0.0,,0.006025,,,,,,,PSDI/NIST Critical Micelle Concentrations of Aqueous Surfactant Systems; Compound No. 462; name=SODIUM MONOLAURIN SULFATE; temperature=25; additives=3. E-2 M NA CL; authors=BISW MUKH; reference=60028; original CMC=6.025X10-3 M; DOI 10.6028/NBS.NSRDS.36; https://github.com/PSDI-UK/psdi-datasets,25
SODIUM OCTANOATE,CCCC(CCC)C(=O)[O-].[Na+],0.0,0.0,,0.34,,,,,,,PSDI/NIST Critical Micelle Concentrations of Aqueous Surfactant Systems; Compound No. 476; name=SODIUM OCTANOATE; temperature=25; additives=nan; authors=CAMP LAKS; reference=65024; original CMC=3.40 X10-1 M; DOI 10.6028/NBS.NSRDS.36; https://github.com/PSDI-UK/psdi-datasets,25
SODIUM OCTANOATE,CCCC(CCC)C(=O)[O-].[Na+],0.0,0.0,,0.351,,,,,,,PSDI/NIST Critical Micelle Concentrations of Aqueous Surfactant Systems; Compound No. 476; name=SODIUM OCTANOATE; temperature=25; additives=nan; authors=CAMP LAKS; reference=65024; original CMC=3.51 X10-1 M; DOI 10.6028/NBS.NSRDS.36; https://github.com/PSDI-UK/psdi-datasets,25
DODECYL TROPYLIUM BISULFATE,CC1=C(OC(=O)C(=C1OC)OC)CCCCCCCCCCSC,0.0,0.0,,0.001,,,,,,,PSDI/NIST Critical Micelle Concentrations of Aqueous Surfactant Systems; Compound No. 491; name=DODECYL TROPYLIUM BISULFATE; temperature=25; additives=6.0 E1H H2 S04; authors=ABUH MYSE; reference=65019; original CMC=1.0 X10-3 M; DOI 10.6028/NBS.NSRDS.36; https://github.com/PSDI-UK/psdi-datasets,25
DODECYL TROPYLIUM BISULFATE,CC1=C(OC(=O)C(=C1OC)OC)CCCCCCCCCCSC,0.0,0.0,,0.0022,,,,,,,PSDI/NIST Critical Micelle Concentrations of Aqueous Surfactant Systems; Compound No. 491; name=DODECYL TROPYLIUM BISULFATE; temperature=25; additives=7.8 E1H H2 S04; authors=ABUH MYSE; reference=65019; original CMC=2.2 X10-3 M; DOI 10.6028/NBS.NSRDS.36; https://github.com/PSDI-UK/psdi-datasets,25
DODECYL TROPYLIUM BISULFATE,CC1=C(OC(=O)C(=C1OC)OC)CCCCCCCCCCSC,0.0,0.0,,0.0125,,,,,,,PSDI/NIST Critical Micelle Concentrations of Aqueous Surfactant Systems; Compound No. 491; name=DODECYL TROPYLIUM BISULFATE; temperature=25; additives=9.6 E1H H2 S04; authors=ABUH MYSE; reference=65019; original CMC=1.25 X10-2 M; DOI 10.6028/NBS.NSRDS.36; https://github.com/PSDI-UK/psdi-datasets,25
DODECYL TROPYLIUM BISULFATE,CC1=C(OC(=O)C(=C1OC)OC)CCCCCCCCCCSC,0.0,0.0,,0.0054,,,,,,,PSDI/NIST Critical Micelle Concentrations of Aqueous Surfactant Systems; Compound No. 491; name=DODECYL TROPYLIUM BISULFATE; temperature=25; additives=9.6 E 1 H H2 S04 9. E-1 M NA2 S04; authors=ABUH MYSE; reference=65019; original CMC=5.4 X10-3 M; DOI 10.6028/NBS.NSRDS.36; https://github.com/PSDI-UK/psdi-datasets,25
DODECYL TROPYLIUM PERCHLORATE,CCC1C=C(C(=O)OC1CC(C(C)C(C(C)CC=CC)OC)O)Cl,0.0,0.0,,0.00086,,,,,,,PSDI/NIST Critical Micelle Concentrations of Aqueous Surfactant Systems; Compound No. 528; name=DODECYL TROPYLIUM PERCHLORATE; temperature=25; additives=7.0 E 1 H H CL04; authors=ABUH MYSE; reference=65019; original CMC=8.6 X10-4 M; DOI 10.6028/NBS.NSRDS.36; https://github.com/PSDI-UK/psdi-datasets,25
LAURIC ACID DIETHANOLAMINE CONDENSATE,CCCCCCCCCCCC(=O)N(CCO)CCO,0.0,0.0,,3.98e-05,,,,,,,PSDI/NIST Critical Micelle Concentrations of Aqueous Surfactant Systems; Compound No. 550; name=LAURIC ACID DIETHANOLAMINE CONDENSATE; temperature=25; additives=E 0 K CL; authors=MALI CHAN; reference=66023; original CMC=3.98 X10-5 M; DOI 10.6028/NBS.NSRDS.36; https://github.com/PSDI-UK/psdi-datasets,25
LAURIC ACID DIETHANOLAMINE CONDENSATE,CCCCCCCCCCCC(=O)N(CCO)CCO,0.0,0.0,,2.5e-05,,,,,,,PSDI/NIST Critical Micelle Concentrations of Aqueous Surfactant Systems; Compound No. 550; name=LAURIC ACID DIETHANOLAMINE CONDENSATE; temperature=25; additives=E 0 K I; authors=MALI CHAN; reference=66023; original CMC=2.50 X10-5 M; DOI 10.6028/NBS.NSRDS.36; https://github.com/PSDI-UK/psdi-datasets,25
LAURIC ACID DIETHANOLAMINE CONDENSATE,CCCCCCCCCCCC(=O)N(CCO)CCO,0.0,0.0,,1e-05,,,,,,,PSDI/NIST Critical Micelle Concentrations of Aqueous Surfactant Systems; Compound No. 550; name=LAURIC ACID DIETHANOLAMINE CONDENSATE; temperature=25; additives=E 0 K N03; authors=MALI CHAN; reference=66023; original CMC=1.00 X10-5 M; DOI 10.6028/NBS.NSRDS.36; https://github.com/PSDI-UK/psdi-datasets,25
PHENYL SULFOSTEARIC ACID,CCCCCCCCCCCCCCCCC(C1=CC=CC=C1S(=O)(=O)O)C(=O)O,0.0,0.0,,8.2e-05,,,,,,,PSDI/NIST Critical Micelle Concentrations of Aqueous Surfactant Systems; Compound No. 551; name=PHENYL SULFOSTEARIC ACID; temperature=25; additives=E 0 K CL; authors=MALI CHAN; reference=66023; original CMC=8.20 X10-5 M; DOI 10.6028/NBS.NSRDS.36; https://github.com/PSDI-UK/psdi-datasets,25
PHENYL SULFOSTEARIC ACID,CCCCCCCCCCCCCCCCC(C1=CC=CC=C1S(=O)(=O)O)C(=O)O,0.0,0.0,,0.000121,,,,,,,PSDI/NIST Critical Micelle Concentrations of Aqueous Surfactant Systems; Compound No. 551; name=PHENYL SULFOSTEARIC ACID; temperature=25; additives=E 0 KI; authors=MALI CHAN; reference=66023; original CMC=1.21 X10-4 M; DOI 10.6028/NBS.NSRDS.36; https://github.com/PSDI-UK/psdi-datasets,25
PHENYL SULFOSTEARIC ACID,CCCCCCCCCCCCCCCCC(C1=CC=CC=C1S(=O)(=O)O)C(=O)O,0.0,0.0,,9.8e-05,,,,,,,PSDI/NIST Critical Micelle Concentrations of Aqueous Surfactant Systems; Compound No. 551; name=PHENYL SULFOSTEARIC ACID; temperature=25; additives=E 0 K NO3; authors=MALI CHAN; reference=66023; original CMC=9.80 X10-5 M; DOI 10.6028/NBS.NSRDS.36; https://github.com/PSDI-UK/psdi-datasets,25
TOLYL SULFOSTEARIC ACID,CC(CCC(=O)O)C1CCC2C1(CCC3C2CCC4C3(CCC(C4)OS(=O)(=O)C)C)C,0.0,0.0,,0.0004898,,,,,,,PSDI/NIST Critical Micelle Concentrations of Aqueous Surfactant Systems; Compound No. 552; name=TOLYL SULFOSTEARIC ACID; temperature=25; additives=E 0 K CL; authors=MALI CHAN; reference=66023; original CMC=4.898X10-4 M; DOI 10.6028/NBS.NSRDS.36; https://github.com/PSDI-UK/psdi-datasets,25
TOLYL SULFOSTEARIC ACID,CC(CCC(=O)O)C1CCC2C1(CCC3C2CCC4C3(CCC(C4)OS(=O)(=O)C)C)C,0.0,0.0,,7.94e-05,,,,,,,PSDI/NIST Critical Micelle Concentrations of Aqueous Surfactant Systems; Compound No. 552; name=TOLYL SULFOSTEARIC ACID; temperature=25; additives=E 0 K I; authors=MALI CHAN; reference=66023; original CMC=7.94 X10-5 M; DOI 10.6028/NBS.NSRDS.36; https://github.com/PSDI-UK/psdi-datasets,25
XYLYL SULFOSTEARIC ACID,CCCCCCCCCCCCCCCCC(C1=CC=CC(=C1C)C)(C(=O)O)S(=O)(=O)O,0.0,0.0,,0.0003631,,,,,,,PSDI/NIST Critical Micelle Concentrations of Aqueous Surfactant Systems; Compound No. 553; name=XYLYL SULFOSTEARIC ACID; temperature=25; additives=E 0 K CL; authors=MALI CHAN; reference=66023; original CMC=3.631X10-4 M; DOI 10.6028/NBS.NSRDS.36; https://github.com/PSDI-UK/psdi-datasets,25
XYLYL SULFOSTEARIC ACID,CCCCCCCCCCCCCCCCC(C1=CC=CC(=C1C)C)(C(=O)O)S(=O)(=O)O,0.0,0.0,,5.37e-05,,,,,,,PSDI/NIST Critical Micelle Concentrations of Aqueous Surfactant Systems; Compound No. 553; name=XYLYL SULFOSTEARIC ACID; temperature=25; additives=E 0 K I; authors=MALI CHAN; reference=66023; original CMC=5.37 X10-5 M; DOI 10.6028/NBS.NSRDS.36; https://github.com/PSDI-UK/psdi-datasets,25
XYLYL SULFOSTEARIC ACID,CCCCCCCCCCCCCCCCC(C1=CC=CC(=C1C)C)(C(=O)O)S(=O)(=O)O,0.0,0.0,,1.29e-05,,,,,,,PSDI/NIST Critical Micelle Concentrations of Aqueous Surfactant Systems; Compound No. 553; name=XYLYL SULFOSTEARIC ACID; temperature=25; additives=E 0 K N03; authors=MALI CHAN; reference=66023; original CMC=1.29 X10-5 M; DOI 10.6028/NBS.NSRDS.36; https://github.com/PSDI-UK/psdi-datasets,25
MAGNESIUM DODECYL SULFATE,CCCCCCCCCCCCOS(=O)(=O)[O-].CCCCCCCCCCCCOS(=O)(=O)[O-].[Mg+2],0.0,0.0,,0.00088,,,,,,,PSDI/NIST Critical Micelle Concentrations of Aqueous Surfactant Systems; Compound No. 568; name=MAGNESIUM DODECYL SULFATE; temperature=25; additives=nan; authors=MIYA; reference=60029; original CMC=8.8 X10-4 M; DOI 10.6028/NBS.NSRDS.36; https://github.com/PSDI-UK/psdi-datasets,25
MANGANESE DODECYL SULFATE,CCCCCCCCCCCCOS(=O)(=O)[O-].CCCCCCCCCCCCOS(=O)(=O)[O-].[Mn+2],0.0,0.0,,0.0011,,,,,,,PSDI/NIST Critical Micelle Concentrations of Aqueous Surfactant Systems; Compound No. 571; name=MANGANESE DODECYL SULFATE; temperature=25; additives=nan; authors=MIYA; reference=60029; original CMC=1.1 X10-3 M; DOI 10.6028/NBS.NSRDS.36; https://github.com/PSDI-UK/psdi-datasets,25
CESIUM DODECANOATE,CCCCCCCCCCCC(=O)[O-].[Cs+],0.0,0.0,,0.025,,,,,,,PSDI/NIST Critical Micelle Concentrations of Aqueous Surfactant Systems; Compound No. 627; name=CESIUM DODECANOATE; temperature=25; additives=nan; authors=KLEV; reference=53010; original CMC=2.5 X10-2 M; DOI 10.6028/NBS.NSRDS.36; https://github.com/PSDI-UK/psdi-datasets,25
HEXYL TRIMETHYLAMMONIUM HEXANE SULFATE,CCCCCCCCCCCC[N+](C)(C)C.OS(=O)(=O)[O-],0.0,0.0,,0.11,,,,,,,PSDI/NIST Critical Micelle Concentrations of Aqueous Surfactant Systems; Compound No. 640; name=HEXYL TRIMETHYLAMMONIUM HEXANE SULFATE; temperature=25; additives=nan; authors=CORK GOOD; reference=66014; original CMC=1.1 X10-1 M; DOI 10.6028/NBS.NSRDS.36; https://github.com/PSDI-UK/psdi-datasets,25
HEXYL TRIMETHYLAMMONIUM OCTANE SULFATE,CCCCCCCCCCCCCC[N+](C)(C)C.OS(=O)(=O)[O-],0.0,0.0,,0.027,,,,,,,PSDI/NIST Critical Micelle Concentrations of Aqueous Surfactant Systems; Compound No. 641; name=HEXYL TRIMETHYLAMMONIUM OCTANE SULFATE; temperature=25; additives=1.00 E 2 I NA BR; authors=CORK GOOD; reference=66014; original CMC=2.7 X10-2 M; DOI 10.6028/NBS.NSRDS.36; https://github.com/PSDI-UK/psdi-datasets,25
OCTYL TRIMETHYLAMMONIUM DECANE SULFATE,CCCCCCCCCCCCCCCCC[N+](C)(C)C.COS(=O)(=O)[O-],0.0,0.0,,0.0019,,,,,,,PSDI/NIST Critical Micelle Concentrations of Aqueous Surfactant Systems; Compound No. 642; name=OCTYL TRIMETHYLAMMONIUM DECANE SULFATE; temperature=25; additives=nan; authors=CORK GOOD; reference=66014; original CMC=1.9 X10-3 M; DOI 10.6028/NBS.NSRDS.36; https://github.com/PSDI-UK/psdi-datasets,25
DODECYL TRIMETHYLAMMONIUM OCTANE SULFATE,CCCCCCCCCC[N+](C)(C)C.CCCCCCCCCCOS(=O)(=O)[O-],0.0,0.0,,0.00045,,,,,,,PSDI/NIST Critical Micelle Concentrations of Aqueous Surfactant Systems; Compound No. 643; name=DODECYL TRIMETHYLAMMONIUM OCTANE SULFATE; temperature=25; additives=1.00 E 2 I NA BR; authors=CORK GOOD; reference=66014; original CMC=4.5 X10-4 M; DOI 10.6028/NBS.NSRDS.36; https://github.com/PSDI-UK/psdi-datasets,25
HEXYL TRIMETHYLAMMONIUM HEXANE SULFONATE,CCCCCCCCCCCCNC.CCS(=O)(=O)O,0.0,0.0,,0.22,,,,,,,PSDI/NIST Critical Micelle Concentrations of Aqueous Surfactant Systems; Compound No. 644; name=HEXYL TRIMETHYLAMMONIUM HEXANE SULFONATE; temperature=25; additives=nan; authors=CORK GOOD; reference=66014; original CMC=2.2 X10-1 M; DOI 10.6028/NBS.NSRDS.36; https://github.com/PSDI-UK/psdi-datasets,25
PARA/BETA-D-GLUCOSYL/ETHYLBENZENE,C1COCCOC2=CC=CC=C2OCCOCCO1,0.0,0.0,,0.5,,,,,,,PSDI/NIST Critical Micelle Concentrations of Aqueous Surfactant Systems; Compound No. 645; name=PARA/BETA-D-GLUCOSYL/ETHYLBENZENE; temperature=25; additives=nan; authors=HUTC SHEA; reference=64037; original CMC=5.0 X10-1 M; DOI 10.6028/NBS.NSRDS.36; https://github.com/PSDI-UK/psdi-datasets,25
PARA/BETA-D-GLUCOSYL/PROPYL BENZENE,CC1CCC2C(C(=O)OC3C24C1CCC(O3)(OO4)C)C,0.0,0.0,,0.13,,,,,,,PSDI/NIST Critical Micelle Concentrations of Aqueous Surfactant Systems; Compound No. 646; name=PARA/BETA-D-GLUCOSYL/PROPYL BENZENE; temperature=25; additives=nan; authors=HUTC SHEA; reference=64037; original CMC=1.3 X10-1 M; DOI 10.6028/NBS.NSRDS.36; https://github.com/PSDI-UK/psdi-datasets,25
PARA/BETA-D-GLUCOSYL/BUTYLBENZENE,CC(=CCC1C(O1)(C)C2(C(C(=O)CCC23CO3)OC)O)C,0.0,0.0,,0.05,,,,,,,PSDI/NIST Critical Micelle Concentrations of Aqueous Surfactant Systems; Compound No. 647; name=PARA/BETA-D-GLUCOSYL/BUTYLBENZENE; temperature=25; additives=nan; authors=HUTC SHEA; reference=64037; original CMC=5. X10-2 M; DOI 10.6028/NBS.NSRDS.36; https://github.com/PSDI-UK/psdi-datasets,25
ALPHA-D-GLUCOSYL OCTANE,C=CCCCCCCCCC(=O)O.C(C(CO)O)O,0.0,0.0,,0.0079,,,,,,,PSDI/NIST Critical Micelle Concentrations of Aqueous Surfactant Systems; Compound No. 648; name=ALPHA-D-GLUCOSYL OCTANE; temperature=25; additives=nan; authors=HUTC SHEA; reference=64037; original CMC=7.9 X10-3 M; DOI 10.6028/NBS.NSRDS.36; https://github.com/PSDI-UK/psdi-datasets,25
PARA/BETA-D-XYLosYL/BuTYL BENZENE,CC1=CC2C(CC1)(C3(C(CC(C34CO4)O2)O)C)CO,0.0,0.0,,0.0006,,,,,,,PSDI/NIST Critical Micelle Concentrations of Aqueous Surfactant Systems; Compound No. 650; name=PARA/BETA-D-XYLosYL/BuTYL BENZENE; temperature=25; additives=nan; authors=HUTC SHEA; reference=64037; original CMC=6. X10-4 M; DOI 10.6028/NBS.NSRDS.36; https://github.com/PSDI-UK/psdi-datasets,25
OCTADECYL TRIMETHYLAMMONIUM NITRATE,CCCCCCCCCCCCCCCCCC[N+](C)(C)C.[N+](=O)([O-])[O-],0.0,0.0,,0.00023,,,,,,,PSDI/NIST Critical Micelle Concentrations of Aqueous Surfactant Systems; Compound No. 654; name=OCTADECYL TRIMETHYLAMMONIUM NITRATE; temperature=25; additives=nan; authors=GRIE KRAU; reference=48010; original CMC=2.3 X10-4 M; DOI 10.6028/NBS.NSRDS.36; https://github.com/PSDI-UK/psdi-datasets,25
OCTADECYL TRIMETHYLAMMONIUM NITRATE,CCCCCCCCCCCCCCCCCC[N+](C)(C)C.[N+](=O)([O-])[O-],0.0,0.0,,0.000176,,,,,,,PSDI/NIST Critical Micelle Concentrations of Aqueous Surfactant Systems; Compound No. 654; name=OCTADECYL TRIMETHYLAMMONIUM NITRATE; temperature=25; additives=5.01 E 0 H METHANOL; authors=EVER KRAU; reference=48028; original CMC=1.76 X10-4 M; DOI 10.6028/NBS.NSRDS.36; https://github.com/PSDI-UK/psdi-datasets,25
OCTADECYL TRIMETHYLAMMONIUM NITRATE,CCCCCCCCCCCCCCCCCC[N+](C)(C)C.[N+](=O)([O-])[O-],0.0,0.0,,0.000328,,,,,,,PSDI/NIST Critical Micelle Concentrations of Aqueous Surfactant Systems; Compound No. 654; name=OCTADECYL TRIMETHYLAMMONIUM NITRATE; temperature=25; additives=1.227E 1 H METHANOL; authors=EVER KRAU; reference=48028; original CMC=3.28 X10-4 M; DOI 10.6028/NBS.NSRDS.36; https://github.com/PSDI-UK/psdi-datasets,25
OCTADECYL TRIMETHYLAMMONIUM NITRATE,CCCCCCCCCCCCCCCCCC[N+](C)(C)C.[N+](=O)([O-])[O-],0.0,0.0,,0.000437,,,,,,,PSDI/NIST Critical Micelle Concentrations of Aqueous Surfactant Systems; Compound No. 654; name=OCTADECYL TRIMETHYLAMMONIUM NITRATE; temperature=25; additives=1.508E 1 H METHANOL; authors=EVER KRAU; reference=48028; original CMC=4.37 X10-4 M; DOI 10.6028/NBS.NSRDS.36; https://github.com/PSDI-UK/psdi-datasets,25
OCTADECYL TRIMETHYLAMMONIUM NITRATE,CCCCCCCCCCCCCCCCCC[N+](C)(C)C.[N+](=O)([O-])[O-],0.0,0.0,,0.000593,,,,,,,PSDI/NIST Critical Micelle Concentrations of Aqueous Surfactant Systems; Compound No. 654; name=OCTADECYL TRIMETHYLAMMONIUM NITRATE; temperature=25; additives=1.985E 1 H METHANOL; authors=EVER KRAU; reference=48028; original CMC=5.93 X10-4 M; DOI 10.6028/NBS.NSRDS.36; https://github.com/PSDI-UK/psdi-datasets,25
OCTADECYL TRIMETHYLAMMONIUM NITRATE,CCCCCCCCCCCCCCCCCC[N+](C)(C)C.[N+](=O)([O-])[O-],0.0,0.0,,0.0011,,,,,,,PSDI/NIST Critical Micelle Concentrations of Aqueous Surfactant Systems; Compound No. 654; name=OCTADECYL TRIMETHYLAMMONIUM NITRATE; temperature=25; additives=2.589E 1 H METHANOL; authors=EVER KRAU; reference=48028; original CMC=1.10 X10-3 M; DOI 10.6028/NBS.NSRDS.36; https://github.com/PSDI-UK/psdi-datasets,25
OCTADECYL TRIMETHYLAMMONIUM NITRATE,CCCCCCCCCCCCCCCCCC[N+](C)(C)C.[N+](=O)([O-])[O-],0.0,0.0,,0.00303,,,,,,,PSDI/NIST Critical Micelle Concentrations of Aqueous Surfactant Systems; Compound No. 654; name=OCTADECYL TRIMETHYLAMMONIUM NITRATE; temperature=25; additives=3.463E 1 H METHANOL; authors=EVER KRAU; reference=48028; original CMC=3.03 X10-3 M; DOI 10.6028/NBS.NSRDS.36; https://github.com/PSDI-UK/psdi-datasets,25
OCTADECYL PYRIDINIUM CHLORIDE,CCCCCCCCCCCCCC[N+](C)(C)CC1=CC=CC=C1.[Cl-],0.0,0.0,,0.00024,,,,,,,PSDI/NIST Critical Micelle Concentrations of Aqueous Surfactant Systems; Compound No. 655; name=OCTADECYL PYRIDINIUM CHLORIDE; temperature=25; additives=nan; authors=GRIE KRAU; reference=48010; original CMC=2.4 X10-4 M; DOI 10.6028/NBS.NSRDS.36; https://github.com/PSDI-UK/psdi-datasets,25
OCTADECYL PYRIDINIUM CHLORIDE,CCCCCCCCCCCCCC[N+](C)(C)CC1=CC=CC=C1.[Cl-],0.0,0.0,,0.000254,,,,,,,PSDI/NIST Critical Micelle Concentrations of Aqueous Surfactant Systems; Compound No. 655; name=OCTADECYL PYRIDINIUM CHLORIDE; temperature=25; additives=nan; authors=EVER KRAU; reference=48028; original CMC=2.54 X10-4 M; DOI 10.6028/NBS.NSRDS.36; https://github.com/PSDI-UK/psdi-datasets,25
OCTADECYL PYRIDINIUM NITRATE,CCCOCCCCOCCCCCNC(=O)NC12CC3CC(C1)CC(C3)C2,0.0,0.0,,0.000128,,,,,,,PSDI/NIST Critical Micelle Concentrations of Aqueous Surfactant Systems; Compound No. 656; name=OCTADECYL PYRIDINIUM NITRATE; temperature=25; additives=nan; authors=EVER KRAU; reference=48028; original CMC=1.28 X10-4 M; DOI 10.6028/NBS.NSRDS.36; https://github.com/PSDI-UK/psdi-datasets,25
OCTADECYL PYRIDINIUM NITRATE,CCCOCCCCOCCCCCNC(=O)NC12CC3CC(C1)CC(C3)C2,0.0,0.0,,0.000576,,,,,,,PSDI/NIST Critical Micelle Concentrations of Aqueous Surfactant Systems; Compound No. 656; name=OCTADECYL PYRIDINIUM NITRATE; temperature=25; additives=2.0 E 1 H METHANOL; authors=EVER KRAU; reference=48028; original CMC=5.76 X10-4 M; DOI 10.6028/NBS.NSRDS.36; https://github.com/PSDI-UK/psdi-datasets,25
OCTADECYL PYRIDINIUM BROMIDE,CCCCCCCCCCCCCC[N+](C)(C)CC1=CC=CC=C1.[Br-],0.0,0.0,,0.00061,,,,,,,PSDI/NIST Critical Micelle Concentrations of Aqueous Surfactant Systems; Compound No. 657; name=OCTADECYL PYRIDINIUM BROMIDE; temperature=25; additives=2.0 E 1 H METHANOL; authors=EVER KRAU; reference=48028; original CMC=6.10 X10-4 M; DOI 10.6028/NBS.NSRDS.36; https://github.com/PSDI-UK/psdi-datasets,25
OCTADECYL TRIMETHYLAMMONIUM BROMATE,CCCCCCCCCCCCCCCCCC[N+](C)(C)C.[O-]Br(=O)=O,0.0,0.0,,0.00031,,,,,,,PSDI/NIST Critical Micelle Concentrations of Aqueous Surfactant Systems; Compound No. 658; name=OCTADECYL TRIMETHYLAMMONIUM BROMATE; temperature=25; additives=nan; authors=GRIE KRAU; reference=48010; original CMC=3.1 X10-4 M; DOI 10.6028/NBS.NSRDS.36; https://github.com/PSDI-UK/psdi-datasets,25
OCTADECYL TRIMETHYLAMMONIUM BROMATE,CCCCCCCCCCCCCCCCCC[N+](C)(C)C.[O-]Br(=O)=O,0.0,0.0,,0.000331,,,,,,,PSDI/NIST Critical Micelle Concentrations of Aqueous Surfactant Systems; Compound No. 658; name=OCTADECYL TRIMETHYLAMMONIUM BROMATE; temperature=25; additives=nan; authors=GRIE KRAU; reference=48010; original CMC=3.31 X10-4 M; DOI 10.6028/NBS.NSRDS.36; https://github.com/PSDI-UK/psdi-datasets,25
OCTADECYL TRIMETHYLAMMONIUM FORMATE,CCCCCCCCCCCCCCCCCCN(CCO)CCO,0.0,0.0,,0.00044,,,,,,,PSDI/NIST Critical Micelle Concentrations of Aqueous Surfactant Systems; Compound No. 659; name=OCTADECYL TRIMETHYLAMMONIUM FORMATE; temperature=25; additives=nan; authors=GRIE KRAU; reference=48010; original CMC=4.4 X10-4 M; DOI 10.6028/NBS.NSRDS.36; https://github.com/PSDI-UK/psdi-datasets,25
HEXADECYL PYRIDINIUM IODATE,CC(=O)OC(C[N+]1(CCCCC1)C)COC2CC3CCC2(C3(C)C)C.[I-],0.0,0.0,,0.0016,,,,,,,PSDI/NIST Critical Micelle Concentrations of Aqueous Surfactant Systems; Compound No. 660; name=HEXADECYL PYRIDINIUM IODATE; temperature=25; additives=nan; authors=BROW GRIE; reference=49014; original CMC=1.6 X10-3 M; DOI 10.6028/NBS.NSRDS.36; https://github.com/PSDI-UK/psdi-datasets,25
HEXADECYL PYRIDINIUM IODATE,CC(=O)OC(C[N+]1(CCCCC1)C)COC2CC3CCC2(C3(C)C)C.[I-],0.0,0.0,,0.00099,,,,,,,PSDI/NIST Critical Micelle Concentrations of Aqueous Surfactant Systems; Compound No. 660; name=HEXADECYL PYRIDINIUM IODATE; temperature=25; additives=nan; authors=BROW GRIE; reference=49014; original CMC=9.9 X10-4 M; DOI 10.6028/NBS.NSRDS.36; https://github.com/PSDI-UK/psdi-datasets,25
HEXADECYL PYRIDINIUM IODATE,CC(=O)OC(C[N+]1(CCCCC1)C)COC2CC3CCC2(C3(C)C)C.[I-],0.0,0.0,,0.000135,,,,,,,PSDI/NIST Critical Micelle Concentrations of Aqueous Surfactant Systems; Compound No. 660; name=HEXADECYL PYRIDINIUM IODATE; temperature=25; additives=7.9 TERTIARY BUTANOL; authors=BROW GRIE; reference=49014; original CMC=1.35 X10-4 M; DOI 10.6028/NBS.NSRDS.36; https://github.com/PSDI-UK/psdi-datasets,25
HEXADECYL PYRIDINIUM IODATE,CC(=O)OC(C[N+]1(CCCCC1)C)COC2CC3CCC2(C3(C)C)C.[I-],0.0,0.0,,0.0009,,,,,,,PSDI/NIST Critical Micelle Concentrations of Aqueous Surfactant Systems; Compound No. 660; name=HEXADECYL PYRIDINIUM IODATE; temperature=25; additives=7.9 E 0 H TERTIARY BUTANOL; authors=BROW GRIE; reference=49014; original CMC=9. X10-4 M; DOI 10.6028/NBS.NSRDS.36; https://github.com/PSDI-UK/psdi-datasets,25
OCTADECYL PYRIDINIUM IODATE,CCCCCCOC1=C(C=C(C=C1OC)CCCCCC[N+](C)(C)C)OC.[I-],0.0,0.0,,0.0005,,,,,,,PSDI/NIST Critical Micelle Concentrations of Aqueous Surfactant Systems; Compound No. 661; name=OCTADECYL PYRIDINIUM IODATE; temperature=25; additives=nan; authors=BROW GRIE; reference=49014; original CMC=5. X10-4 M; DOI 10.6028/NBS.NSRDS.36; https://github.com/PSDI-UK/psdi-datasets,25
OCTADECYL PYRIDINIUM IODATE,CCCCCCOC1=C(C=C(C=C1OC)CCCCCC[N+](C)(C)C)OC.[I-],0.0,0.0,,9e-05,,,,,,,PSDI/NIST Critical Micelle Concentrations of Aqueous Surfactant Systems; Compound No. 661; name=OCTADECYL PYRIDINIUM IODATE; temperature=25; additives=nan; authors=BROW GRIE; reference=49014; original CMC=9. X10-5 M; DOI 10.6028/NBS.NSRDS.36; https://github.com/PSDI-UK/psdi-datasets,25
OCTADECYL PYRIDINIUM IODATE,CCCCCCOC1=C(C=C(C=C1OC)CCCCCC[N+](C)(C)C)OC.[I-],0.0,0.0,,0.0008,,,,,,,PSDI/NIST Critical Micelle Concentrations of Aqueous Surfactant Systems; Compound No. 661; name=OCTADECYL PYRIDINIUM IODATE; temperature=25; additives=1.62 E 1 H METHANOL; authors=BROW GRIE; reference=49014; original CMC=8. X10-4 M; DOI 10.6028/NBS.NSRDS.36; https://github.com/PSDI-UK/psdi-datasets,25
OCTADECYL PYRIDINIUM IODATE,CCCCCCOC1=C(C=C(C=C1OC)CCCCCC[N+](C)(C)C)OC.[I-],0.0,0.0,,0.00029,,,,,,,PSDI/NIST Critical Micelle Concentrations of Aqueous Surfactant Systems; Compound No. 661; name=OCTADECYL PYRIDINIUM IODATE; temperature=25; additives=1.62 E 1 H METHANOL; authors=BROW GRIE; reference=49014; original CMC=2.9 X10-4 M; DOI 10.6028/NBS.NSRDS.36; https://github.com/PSDI-UK/psdi-datasets,25
OCTADECYL TRIETHYLAMMONIUM BROMATE,CCCCCCCCCCCCCCCCCC[N+](CC)(CC)CC.[O-]Br(=O)=O,0.0,0.0,,0.00025,,,,,,,PSDI/NIST Critical Micelle Concentrations of Aqueous Surfactant Systems; Compound No. 662; name=OCTADECYL TRIETHYLAMMONIUM BROMATE; temperature=25; additives=nan; authors=MCDO KRAU; reference=51009; original CMC=2.5 X10-4 M; DOI 10.6028/NBS.NSRDS.36; https://github.com/PSDI-UK/psdi-datasets,25
OCTADECYL TRIPROPYLAMMONIUM BROMATE,CCCCCCCCCCCCCCCCOCC(COCCCC[N+](C)(C)C)OC.[Br-],0.0,0.0,,0.000125,,,,,,,PSDI/NIST Critical Micelle Concentrations of Aqueous Surfactant Systems; Compound No. 663; name=OCTADECYL TRIPROPYLAMMONIUM BROMATE; temperature=25; additives=nan; authors=MCDO KRAU; reference=51009; original CMC=1.25 X10-4 M; DOI 10.6028/NBS.NSRDS.36; https://github.com/PSDI-UK/psdi-datasets,25
HEXADECYL TRIBUTYLAMMONIUM BROMATE,CCCCCCCCCCCCCCCCOCC(COCCCC[N+](C)(C)C)OCC.[Br-],0.0,0.0,,0.00033,,,,,,,PSDI/NIST Critical Micelle Concentrations of Aqueous Surfactant Systems; Compound No. 666; name=HEXADECYL TRIBUTYLAMMONIUM BROMATE; temperature=25; additives=nan; authors=MCDO KRAU; reference=51009; original CMC=3.3 X10-4 M; DOI 10.6028/NBS.NSRDS.36; https://github.com/PSDI-UK/psdi-datasets,25
DIPOTASSIUM OCTYL MALONATE,CC(C)(C)C(C(=O)[O-])(C(=O)[O-])C(C)(C)C.[K+].[K+],0.0,0.0,,0.35,,,,,,,PSDI/NIST Critical Micelle Concentrations of Aqueous Surfactant Systems; Compound No. 668; name=DIPOTASSIUM OCTYL MALONATE; temperature=25; additives=nan; authors=SHIN; reference=55007; original CMC=3.5 X10-1 M; DOI 10.6028/NBS.NSRDS.36; https://github.com/PSDI-UK/psdi-datasets,25
DIPOTASSIUM OCTYL MALONATE,CC(C)(C)C(C(=O)[O-])(C(=O)[O-])C(C)(C)C.[K+].[K+],0.0,0.0,,0.32,,,,,,,PSDI/NIST Critical Micelle Concentrations of Aqueous Surfactant Systems; Compound No. 668; name=DIPOTASSIUM OCTYL MALONATE; temperature=25; additives=7.6 E-1 K K ION; authors=SHIN; reference=55007; original CMC=3.2 X10-1 M; DOI 10.6028/NBS.NSRDS.36; https://github.com/PSDI-UK/psdi-datasets,25
DIPOTASSIUM OCTYL MALONATE,CC(C)(C)C(C(=O)[O-])(C(=O)[O-])C(C)(C)C.[K+].[K+],0.0,0.0,,0.28,,,,,,,PSDI/NIST Critical Micelle Concentrations of Aqueous Surfactant Systems; Compound No. 668; name=DIPOTASSIUM OCTYL MALONATE; temperature=25; additives=8.2 E-1 K K ION; authors=SHIN; reference=55007; original CMC=2.8 X10-1 M; DOI 10.6028/NBS.NSRDS.36; https://github.com/PSDI-UK/psdi-datasets,25
DIPOTASSIUM OCTYL MALONATE,CC(C)(C)C(C(=O)[O-])(C(=O)[O-])C(C)(C)C.[K+].[K+],0.0,0.0,,0.26,,,,,,,PSDI/NIST Critical Micelle Concentrations of Aqueous Surfactant Systems; Compound No. 668; name=DIPOTASSIUM OCTYL MALONATE; temperature=25; additives=9.2 E-1 K K ION; authors=SHIN; reference=55007; original CMC=2.6 X10-1 M; DOI 10.6028/NBS.NSRDS.36; https://github.com/PSDI-UK/psdi-datasets,25
DIPOTASSIUM OCTYL MALONATE,CC(C)(C)C(C(=O)[O-])(C(=O)[O-])C(C)(C)C.[K+].[K+],0.0,0.0,,0.23,,,,,,,PSDI/NIST Critical Micelle Concentrations of Aqueous Surfactant Systems; Compound No. 668; name=DIPOTASSIUM OCTYL MALONATE; temperature=25; additives=1.00 E K K ION; authors=SHIN; reference=55007; original CMC=2.3 X10-1 M; DOI 10.6028/NBS.NSRDS.36; https://github.com/PSDI-UK/psdi-datasets,25
DIPOTASSIUM DODECYL MALONATE,CCCCCCCCCCCCC(C(=O)[O-])C(=O)[O-].[K+].[K+],0.0,0.0,,0.05,,,,,,,PSDI/NIST Critical Micelle Concentrations of Aqueous Surfactant Systems; Compound No. 670; name=DIPOTASSIUM DODECYL MALONATE; temperature=25; additives=nan; authors=SHIN; reference=55007; original CMC=5.0 X10-2 M; DOI 10.6028/NBS.NSRDS.36; https://github.com/PSDI-UK/psdi-datasets,25
DIPOTASSIUM DODECYL MALONATE,CCCCCCCCCCCCC(C(=O)[O-])C(=O)[O-].[K+].[K+],0.0,0.0,,0.042,,,,,,,PSDI/NIST Critical Micelle Concentrations of Aqueous Surfactant Systems; Compound No. 670; name=DIPOTASSIUM DODECYL MALONATE; temperature=25; additives=1.10 E-1 K K ION; authors=SHIN; reference=55007; original CMC=4.2 X10-2 M; DOI 10.6028/NBS.NSRDS.36; https://github.com/PSDI-UK/psdi-datasets,25
DIPOTASSIUM DODECYL MALONATE,CCCCCCCCCCCCC(C(=O)[O-])C(=O)[O-].[K+].[K+],0.0,0.0,,0.039,,,,,,,PSDI/NIST Critical Micelle Concentrations of Aqueous Surfactant Systems; Compound No. 670; name=DIPOTASSIUM DODECYL MALONATE; temperature=25; additives=1.16 E-1 K K ION; authors=SHIN; reference=55007; original CMC=3.9 X10-2 M; DOI 10.6028/NBS.NSRDS.36; https://github.com/PSDI-UK/psdi-datasets,25
DIPOTASSIUM DODECYL MALONATE,CCCCCCCCCCCCC(C(=O)[O-])C(=O)[O-].[K+].[K+],0.0,0.0,,0.034,,,,,,,PSDI/NIST Critical Micelle Concentrations of Aqueous Surfactant Systems; Compound No. 670; name=DIPOTASSIUM DODECYL MALONATE; temperature=25; additives=1.31 E-1 K K ION; authors=SHIN; reference=55007; original CMC=3.4 X10-2 M; DOI 10.6028/NBS.NSRDS.36; https://github.com/PSDI-UK/psdi-datasets,25
DIPOTASSIUM DODECYL MALONATE,CCCCCCCCCCCCC(C(=O)[O-])C(=O)[O-].[K+].[K+],0.0,0.0,,0.026,,,,,,,PSDI/NIST Critical Micelle Concentrations of Aqueous Surfactant Systems; Compound No. 670; name=DIPOTASSIUM DODECYL MALONATE; temperature=25; additives=1.58 E-1 K K ION; authors=SHIN; reference=55007; original CMC=2.6 X10-2 M; DOI 10.6028/NBS.NSRDS.36; https://github.com/PSDI-UK/psdi-datasets,25
DIPOTASSIUM DODECYL MALONATE,CCCCCCCCCCCCC(C(=O)[O-])C(=O)[O-].[K+].[K+],0.0,0.0,,0.021,,,,,,,PSDI/NIST Critical Micelle Concentrations of Aqueous Surfactant Systems; Compound No. 670; name=DIPOTASSIUM DODECYL MALONATE; temperature=25; additives=1.89 E-1 K K ION; authors=SHIN; reference=55007; original CMC=2.1 X10-2 M; DOI 10.6028/NBS.NSRDS.36; https://github.com/PSDI-UK/psdi-datasets,25
DIPOTASSIUM DODECYL MALONATE,CCCCCCCCCCCCC(C(=O)[O-])C(=O)[O-].[K+].[K+],0.0,0.0,,0.019,,,,,,,PSDI/NIST Critical Micelle Concentrations of Aqueous Surfactant Systems; Compound No. 670; name=DIPOTASSIUM DODECYL MALONATE; temperature=25; additives=2.17 E-1 K K ION; authors=SHIN; reference=55007; original CMC=1.9 X10-2 M; DOI 10.6028/NBS.NSRDS.36; https://github.com/PSDI-UK/psdi-datasets,25
DIPOTASSIUM DODECYL MALONATE,CCCCCCCCCCCCC(C(=O)[O-])C(=O)[O-].[K+].[K+],0.0,0.0,,0.016,,,,,,,PSDI/NIST Critical Micelle Concentrations of Aqueous Surfactant Systems; Compound No. 670; name=DIPOTASSIUM DODECYL MALONATE; temperature=25; additives=2.56 E-1 K K ION; authors=SHIN; reference=55007; original CMC=1.6 X10-2 M; DOI 10.6028/NBS.NSRDS.36; https://github.com/PSDI-UK/psdi-datasets,25
DIPOTASSIUM DODECYL MALONATE,CCCCCCCCCCCCC(C(=O)[O-])C(=O)[O-].[K+].[K+],0.0,0.0,,0.013,,,,,,,PSDI/NIST Critical Micelle Concentrations of Aqueous Surfactant Systems; Compound No. 670; name=DIPOTASSIUM DODECYL MALONATE; temperature=25; additives=3.08 E-1 K K ION; authors=SHIN; reference=55007; original CMC=1.3 X10-2 M; DOI 10.6028/NBS.NSRDS.36; https://github.com/PSDI-UK/psdi-datasets,25
DIPOTASSIUM DODECYL MALONATE,CCCCCCCCCCCCC(C(=O)[O-])C(=O)[O-].[K+].[K+],0.0,0.0,,0.011,,,,,,,PSDI/NIST Critical Micelle Concentrations of Aqueous Surfactant Systems; Compound No. 670; name=DIPOTASSIUM DODECYL MALONATE; temperature=25; additives=3.48 E-1 K K ION; authors=SHIN; reference=55007; original CMC=1.1 X10-2 M; DOI 10.6028/NBS.NSRDS.36; https://github.com/PSDI-UK/psdi-datasets,25
DIPOTASSIUM TETRADECYL MALONATE,CCCCCCCC(CCCCCCC)(C(=O)[O-])C(=O)[O-].[K+].[K+],0.0,0.0,,0.017,,,,,,,PSDI/NIST Critical Micelle Concentrations of Aqueous Surfactant Systems; Compound No. 671; name=DIPOTASSIUM TETRADECYL MALONATE; temperature=25; additives=nan; authors=SHIN; reference=55007; original CMC=1.7 X10-2 M; DOI 10.6028/NBS.NSRDS.36; https://github.com/PSDI-UK/psdi-datasets,25
DIPOTASSIUM TETRADECYL MALONATE,CCCCCCCC(CCCCCCC)(C(=O)[O-])C(=O)[O-].[K+].[K+],0.0,0.0,,0.018,,,,,,,PSDI/NIST Critical Micelle Concentrations of Aqueous Surfactant Systems; Compound No. 671; name=DIPOTASSIUM TETRADECYL MALONATE; temperature=25; additives=nan; authors=SHIN; reference=55007; original CMC=1.8 X10-2 M; DOI 10.6028/NBS.NSRDS.36; https://github.com/PSDI-UK/psdi-datasets,25
DIPOTASSIUM TETRADECYL MALONATE,CCCCCCCC(CCCCCCC)(C(=O)[O-])C(=O)[O-].[K+].[K+],0.0,0.0,,0.015,,,,,,,PSDI/NIST Critical Micelle Concentrations of Aqueous Surfactant Systems; Compound No. 671; name=DIPOTASSIUM TETRADECYL MALONATE; temperature=25; additives=3.7 E-2 K K ION; authors=SHIN; reference=55007; original CMC=1.5 X10-2 M; DOI 10.6028/NBS.NSRDS.36; https://github.com/PSDI-UK/psdi-datasets,25
DIPOTASSIUM TETRADECYL MALONATE,CCCCCCCC(CCCCCCC)(C(=O)[O-])C(=O)[O-].[K+].[K+],0.0,0.0,,0.014,,,,,,,PSDI/NIST Critical Micelle Concentrations of Aqueous Surfactant Systems; Compound No. 671; name=DIPOTASSIUM TETRADECYL MALONATE; temperature=25; additives=4.0 E-2 K K ION; authors=SHIN; reference=55007; original CMC=1.4 X10-2 M; DOI 10.6028/NBS.NSRDS.36; https://github.com/PSDI-UK/psdi-datasets,25
DIPOTASSIUM TETRADECYL MALONATE,CCCCCCCC(CCCCCCC)(C(=O)[O-])C(=O)[O-].[K+].[K+],0.0,0.0,,0.012,,,,,,,PSDI/NIST Critical Micelle Concentrations of Aqueous Surfactant Systems; Compound No. 671; name=DIPOTASSIUM TETRADECYL MALONATE; temperature=25; additives=4.5 E-2 K K ION; authors=SHIN; reference=55007; original CMC=1.2 X10-2 M; DOI 10.6028/NBS.NSRDS.36; https://github.com/PSDI-UK/psdi-datasets,25
DIPOTASSIUM TETRADECYL MALONATE,CCCCCCCC(CCCCCCC)(C(=O)[O-])C(=O)[O-].[K+].[K+],0.0,0.0,,0.0096,,,,,,,PSDI/NIST Critical Micelle Concentrations of Aqueous Surfactant Systems; Compound No. 671; name=DIPOTASSIUM TETRADECYL MALONATE; temperature=25; additives=5.4 E-2 K K ION; authors=SHIN; reference=55007; original CMC=9.6 X10-3 M; DOI 10.6028/NBS.NSRDS.36; https://github.com/PSDI-UK/psdi-datasets,25
DIPOTASSIUM TETRADECYL MALONATE,CCCCCCCC(CCCCCCC)(C(=O)[O-])C(=O)[O-].[K+].[K+],0.0,0.0,,0.0071,,,,,,,PSDI/NIST Critical Micelle Concentrations of Aqueous Surfactant Systems; Compound No. 671; name=DIPOTASSIUM TETRADECYL MALONATE; temperature=25; additives=7.0 E-2 K K ION; authors=SHIN; reference=55007; original CMC=7.1 X10-3 M; DOI 10.6028/NBS.NSRDS.36; https://github.com/PSDI-UK/psdi-datasets,25
DIPOTASSIUM TETRADECYL MALONATE,CCCCCCCC(CCCCCCC)(C(=O)[O-])C(=O)[O-].[K+].[K+],0.0,0.0,,0.0054,,,,,,,PSDI/NIST Critical Micelle Concentrations of Aqueous Surfactant Systems; Compound No. 671; name=DIPOTASSIUM TETRADECYL MALONATE; temperature=25; additives=9.7 E-2 K K ION; authors=SHIN; reference=55007; original CMC=5.4 X10-3 M; DOI 10.6028/NBS.NSRDS.36; https://github.com/PSDI-UK/psdi-datasets,25
DIPOTASSIUM TETRADECYL MALONATE,CCCCCCCC(CCCCCCC)(C(=O)[O-])C(=O)[O-].[K+].[K+],0.0,0.0,,0.0044,,,,,,,PSDI/NIST Critical Micelle Concentrations of Aqueous Surfactant Systems; Compound No. 671; name=DIPOTASSIUM TETRADECYL MALONATE; temperature=25; additives=1.23 E-1 K K ION; authors=SHIN; reference=55007; original CMC=4.4 X10-3 M; DOI 10.6028/NBS.NSRDS.36; https://github.com/PSDI-UK/psdi-datasets,25
DIPOTASSIUM HEXADECYL MALONATE,CCCCCCCCCCCCC(CCCC)(C(=O)[O-])C(=O)[O-].[K+].[K+],0.0,0.0,,0.0063,,,,,,,PSDI/NIST Critical Micelle Concentrations of Aqueous Surfactant Systems; Compound No. 672; name=DIPOTASSIUM HEXADECYL MALONATE; temperature=25; additives=nan; authors=SHIN; reference=55007; original CMC=6.3 X10-3 M; DOI 10.6028/NBS.NSRDS.36; https://github.com/PSDI-UK/psdi-datasets,25
DIPOTASSIUM HEXADECYL MALONATE,CCCCCCCCCCCCC(CCCC)(C(=O)[O-])C(=O)[O-].[K+].[K+],0.0,0.0,,0.0055,,,,,,,PSDI/NIST Critical Micelle Concentrations of Aqueous Surfactant Systems; Compound No. 672; name=DIPOTASSIUM HEXADECYL MALONATE; temperature=25; additives=F.48 E-2 K K ION; authors=SHIN; reference=55007; original CMC=5.5 X10-3 M; DOI 10.6028/NBS.NSRDS.36; https://github.com/PSDI-UK/psdi-datasets,25
DIPOTASSIUM HEXADECYL MALONATE,CCCCCCCCCCCCC(CCCC)(C(=O)[O-])C(=O)[O-].[K+].[K+],0.0,0.0,,0.0044,,,,,,,PSDI/NIST Critical Micelle Concentrations of Aqueous Surfactant Systems; Compound No. 672; name=DIPOTASSIUM HEXADECYL MALONATE; temperature=25; additives=1.86 E-2 K K ION; authors=SHIN; reference=55007; original CMC=4.4 X10-3 M; DOI 10.6028/NBS.NSRDS.36; https://github.com/PSDI-UK/psdi-datasets,25
DIPOTASSIUM HEXADECYL MALONATE,CCCCCCCCCCCCC(CCCC)(C(=O)[O-])C(=O)[O-].[K+].[K+],0.0,0.0,,0.0032,,,,,,,PSDI/NIST Critical Micelle Concentrations of Aqueous Surfactant Systems; Compound No. 672; name=DIPOTASSIUM HEXADECYL MALONATE; temperature=25; additives=2.23 E-2 K K ION; authors=SHIN; reference=55007; original CMC=3.2 X10-3 M; DOI 10.6028/NBS.NSRDS.36; https://github.com/PSDI-UK/psdi-datasets,25
DIPOTASSIUM HEXADECYL MALONATE,CCCCCCCCCCCCC(CCCC)(C(=O)[O-])C(=O)[O-].[K+].[K+],0.0,0.0,,0.0022,,,,,,,PSDI/NIST Critical Micelle Concentrations of Aqueous Surfactant Systems; Compound No. 672; name=DIPOTASSIUM HEXADECYL MALONATE; temperature=25; additives=2.97 E-2 K K ION; authors=SHIN; reference=55007; original CMC=2.2 X10-3 M; DOI 10.6028/NBS.NSRDS.36; https://github.com/PSDI-UK/psdi-datasets,25
DIPOTASSIUM HEXADECYL MALONATE,CCCCCCCCCCCCC(CCCC)(C(=O)[O-])C(=O)[O-].[K+].[K+],0.0,0.0,,0.0015,,,,,,,PSDI/NIST Critical Micelle Concentrations of Aqueous Surfactant Systems; Compound No. 672; name=DIPOTASSIUM HEXADECYL MALONATE; temperature=25; additives=4.75 E-2 K K ION; authors=SHIN; reference=55007; original CMC=1.5 X10-3 M; DOI 10.6028/NBS.NSRDS.36; https://github.com/PSDI-UK/psdi-datasets,25
DIPOTASSIUM OCTADECYL MALONATE,CCCCCCCCCCCCC(CCCCCC)(C(=O)[O-])C(=O)[O-].[K+].[K+],0.0,0.0,,0.0023,,,,,,,PSDI/NIST Critical Micelle Concentrations of Aqueous Surfactant Systems; Compound No. 673; name=DIPOTASSIUM OCTADECYL MALONATE; temperature=25; additives=nan; authors=SHIN; reference=55007; original CMC=2.3 X10-3 M; DOI 10.6028/NBS.NSRDS.36; https://github.com/PSDI-UK/psdi-datasets,25
DODECYLQUINOLINIUM BROMIDE,CCCCCCCCCCCC[N+]1=CC2=CC=CC=C2C=C1.[Br-],0.0,0.0,,0.0048,,,,,,,PSDI/NIST Critical Micelle Concentrations of Aqueous Surfactant Systems; Compound No. 717; name=DODECYLQUINOLINIUM BROMIDE; temperature=25; additives=nan; authors=FEW GILB; reference=58031; original CMC=4.80 X10-3 M; DOI 10.6028/NBS.NSRDS.36; https://github.com/PSDI-UK/psdi-datasets,25
TETRAMETHYL AMMONIUM DODECYL 1 SULFATE,CCCC[N+](CCCC)(CCCC)CCCC.OS(=O)(=O)[O-],0.0,0.0,,0.0055,,,,,,,PSDI/NIST Critical Micelle Concentrations of Aqueous Surfactant Systems; Compound No. 112; name=TETRAMETHYL AMMONIUM DODECYL 1 SULFATE; temperature=25; additives=nan; authors=PACK DONB; reference=63030; original CMC=5.50 X10-3 M; DOI 10.6028/NBS.NSRDS.36; https://github.com/PSDI-UK/psdi-datasets,25
TETRAMETHYL AMMONIUM DODECYL 1 SULFATE,CCCC[N+](CCCC)(CCCC)CCCC.OS(=O)(=O)[O-],0.0,0.0,,0.00541,,,,,,,PSDI/NIST Critical Micelle Concentrations of Aqueous Surfactant Systems; Compound No. 112; name=TETRAMETHYL AMMONIUM DODECYL 1 SULFATE; temperature=25; additives=nan; authors=MYSE PRIN; reference=59002; original CMC=5.41 X10-3 M; DOI 10.6028/NBS.NSRDS.36; https://github.com/PSDI-UK/psdi-datasets,25
TETRAMETHYL AMMONIUM DODECYL 1 SULFATE,CCCC[N+](CCCC)(CCCC)CCCC.OS(=O)(=O)[O-],0.0,0.0,,0.00552,,,,,,,PSDI/NIST Critical Micelle Concentrations of Aqueous Surfactant Systems; Compound No. 112; name=TETRAMETHYL AMMONIUM DODECYL 1 SULFATE; temperature=25; additives=nan; authors=MYSE PRIN; reference=59002; original CMC=5.52 X10-3 M; DOI 10.6028/NBS.NSRDS.36; https://github.com/PSDI-UK/psdi-datasets,25
TETRAMETHYL AMMONIUM DODECYL 1 SULFATE,CCCC[N+](CCCC)(CCCC)CCCC.OS(=O)(=O)[O-],0.0,0.0,,0.005,,,,,,,PSDI/NIST Critical Micelle Concentrations of Aqueous Surfactant Systems; Compound No. 112; name=TETRAMETHYL AMMONIUM DODECYL 1 SULFATE; temperature=25; additives=1. EOM UREA; authors=SCHI; reference=64020; original CMC=5.0 X10-3 M; DOI 10.6028/NBS.NSRDS.36; https://github.com/PSDI-UK/psdi-datasets,25
TETRAMETHYL AMMONIUM DODECYL 1 SULFATE,CCCC[N+](CCCC)(CCCC)CCCC.OS(=O)(=O)[O-],0.0,0.0,,0.0058,,,,,,,PSDI/NIST Critical Micelle Concentrations of Aqueous Surfactant Systems; Compound No. 112; name=TETRAMETHYL AMMONIUM DODECYL 1 SULFATE; temperature=25; additives=2. EOM UREA; authors=SCHI; reference=64020; original CMC=5.8 X10-3 M; DOI 10.6028/NBS.NSRDS.36; https://github.com/PSDI-UK/psdi-datasets,25
TETRAMETHYL AMMONIUM DODECYL 1 SULFATE,CCCC[N+](CCCC)(CCCC)CCCC.OS(=O)(=O)[O-],0.0,0.0,,0.0069,,,,,,,PSDI/NIST Critical Micelle Concentrations of Aqueous Surfactant Systems; Compound No. 112; name=TETRAMETHYL AMMONIUM DODECYL 1 SULFATE; temperature=25; additives=3. EOM UREA; authors=SCHI; reference=64020; original CMC=6.9 X10-3 M; DOI 10.6028/NBS.NSRDS.36; https://github.com/PSDI-UK/psdi-datasets,25
TETRAMETHYL AMMONIUM DODECYL 1 SULFATE,CCCC[N+](CCCC)(CCCC)CCCC.OS(=O)(=O)[O-],0.0,0.0,,0.0079,,,,,,,PSDI/NIST Critical Micelle Concentrations of Aqueous Surfactant Systems; Compound No. 112; name=TETRAMETHYL AMMONIUM DODECYL 1 SULFATE; temperature=25; additives=4.5 EOM. UREA; authors=SCHI; reference=64020; original CMC=7.9 X10-3 M; DOI 10.6028/NBS.NSRDS.36; https://github.com/PSDI-UK/psdi-datasets,25
SODIUM DODECYL TRI-0XYETHYLENE SULFATE,CCCCCCCCCCCCOCCOCCOCCOS(=O)(=O)[O-].[Na+],0.0,0.0,,0.0001,,,,,,,PSDI/NIST Critical Micelle Concentrations of Aqueous Surfactant Systems; Compound No. 113; name=SODIUM DODECYL TRI-0XYETHYLENE SULFATE; temperature=25; additives=nan; authors=SCHI; reference=64020; original CMC=1.0 X10-4 M; DOI 10.6028/NBS.NSRDS.36; https://github.com/PSDI-UK/psdi-datasets,25
SODIUM DODECYL TRI-0XYETHYLENE SULFATE,CCCCCCCCCCCCOCCOCCOCCOS(=O)(=O)[O-].[Na+],0.0,0.0,,0.00015,,,,,,,PSDI/NIST Critical Micelle Concentrations of Aqueous Surfactant Systems; Compound No. 113; name=SODIUM DODECYL TRI-0XYETHYLENE SULFATE; temperature=25; additives=3. EOM UREA; authors=SCHI; reference=64020; original CMC=1.5 X10-4 M; DOI 10.6028/NBS.NSRDS.36; https://github.com/PSDI-UK/psdi-datasets,25
SODIUM DODECYL TRI-0XYETHYLENE SULFATE,CCCCCCCCCCCCOCCOCCOCCOS(=O)(=O)[O-].[Na+],0.0,0.0,,0.00025,,,,,,,PSDI/NIST Critical Micelle Concentrations of Aqueous Surfactant Systems; Compound No. 113; name=SODIUM DODECYL TRI-0XYETHYLENE SULFATE; temperature=25; additives=6. EOM UREA; authors=SCHI; reference=64020; original CMC=2.5 X10-4 M; DOI 10.6028/NBS.NSRDS.36; https://github.com/PSDI-UK/psdi-datasets,25
DODECYL/OXYETHYLENE/4 ALCOHOL REDUCED POLYDISPERSITY OF HEAD GROUPS,CCCCCCCCCCCCOCCOCCOCCOCCO,4.0,0.0,,4e-05,,,,,,,PSDI/NIST Critical Micelle Concentrations of Aqueous Surfactant Systems; Compound No. 325; name=DODECYL/OXYETHYLENE/4 ALCOHOL REDUCED POLYDISPERSITY OF HEAD GROUPS; temperature=25; additives=nan; authors=SCHI; reference=66025; original CMC=4.0 X10-5 M; DOI 10.6028/NBS.NSRDS.36; https://github.com/PSDI-UK/psdi-datasets,25
DODECYL/OXYETHYLENE/4 ALCOHOL REDUCED POLYDISPERSITY OF HEAD GROUPS,CCCCCCCCCCCCOCCOCCOCCOCCO,4.0,0.0,,8.5e-05,,,,,,,PSDI/NIST Critical Micelle Concentrations of Aqueous Surfactant Systems; Compound No. 325; name=DODECYL/OXYETHYLENE/4 ALCOHOL REDUCED POLYDISPERSITY OF HEAD GROUPS; temperature=25; additives=2.5 E1I 0001; authors=SCHI MANN; reference=66001; original CMC=8.5 X10-5 M; DOI 10.6028/NBS.NSRDS.36; https://github.com/PSDI-UK/psdi-datasets,25
DODECYL/OXYETHYLENE/4 ALCOHOL REDUCED POLYDISPERSITY OF HEAD GROUPS,CCCCCCCCCCCCOCCOCCOCCOCCO,4.0,0.0,,0.00014,,,,,,,PSDI/NIST Critical Micelle Concentrations of Aqueous Surfactant Systems; Compound No. 325; name=DODECYL/OXYETHYLENE/4 ALCOHOL REDUCED POLYDISPERSITY OF HEAD GROUPS; temperature=25; additives=5.0 E1I 0001; authors=SCHI MANN; reference=66001; original CMC=1.4 X10-4 M; DOI 10.6028/NBS.NSRDS.36; https://github.com/PSDI-UK/psdi-datasets,25
DODECYL/OXYETHYLENE/4 ALCOHOL REDUCED POLYDISPERSITY OF HEAD GROUPS,CCCCCCCCCCCCOCCOCCOCCOCCO,4.0,0.0,,0.00028,,,,,,,PSDI/NIST Critical Micelle Concentrations of Aqueous Surfactant Systems; Compound No. 325; name=DODECYL/OXYETHYLENE/4 ALCOHOL REDUCED POLYDISPERSITY OF HEAD GROUPS; temperature=25; additives=7.5 E1I 0001; authors=SCHI MANN; reference=66001; original CMC=2.8 X10-4 M; DOI 10.6028/NBS.NSRDS.36; https://github.com/PSDI-UK/psdi-datasets,25
DODECYL/OXYETHYLENE/4 ALCOHOL REDUCED POLYDISPERSITY OF HEAD GROUPS,CCCCCCCCCCCCOCCOCCOCCOCCO,4.0,0.0,,0.0005,,,,,,,PSDI/NIST Critical Micelle Concentrations of Aqueous Surfactant Systems; Compound No. 325; name=DODECYL/OXYETHYLENE/4 ALCOHOL REDUCED POLYDISPERSITY OF HEAD GROUPS; temperature=25; additives=9.0 E1I 0001; authors=SCHI MANN; reference=66001; original CMC=5.0 X10-4 M; DOI 10.6028/NBS.NSRDS.36; https://github.com/PSDI-UK/psdi-datasets,25
